Date,Transaction Type,Payee, Amount ,Currency,Account,Initial Amount,Initial Currency,Transaction Detail, Spender , Last 4 digits , Funding Account ,Approver,Payment Authorizer, Invoice Number, FX Initial Amount , FX Initial Currency , Conversion Rate , GL Code 
2025-01-10T08:10:30,Funding,,"  125,000.00 ",CAD,Cash,,,Manual Bank Transfer,,,****7596,,,,,,,1060 TD Chequing Account
2025-01-22T08:10:18,Funding,,"  150,000.00 ",CAD,Cash,,,Manual Bank Transfer,,,****7596,,,,,,,1060 TD Chequing Account
2025-02-04T08:10:16,Funding,,"  175,000.00 ",CAD,Cash,,,Manual Bank Transfer,,,****7596,,,,,,,1060 TD Chequing Account
2025-02-12T08:10:12,Funding,,"  275,000.00 ",CAD,Cash,,,Manual Bank Transfer,,,****7596,,,,,,,1060 TD Chequing Account
2025-03-04T08:10:18,Funding,,"  150,000.00 ",CAD,Cash,,,Manual Bank Transfer,,,****7596,,,,,,,1060 TD Chequing Account
2025-03-22T08:10:01,Funding,,"  125,000.00 ",CAD,Cash,,,Manual Bank Transfer,,,****7596,,,,,,,1060 TD Chequing Account
2025-04-08T08:10:35,Funding,,"  200,000.00 ",CAD,Cash,,,Manual Bank Transfer,,,****7596,,,,,,,1060 TD Chequing Account
2025-04-26T08:10:04,Funding,,"  150,000.00 ",CAD,Cash,,,Manual Bank Transfer,,,****7596,,,,,,,1060 TD Chequing Account
2025-05-14T08:10:20,Funding,,"  250,000.00 ",CAD,Cash,,,Manual Bank Transfer,,,****7596,,,,,,,1060 TD Chequing Account
2025-05-22T08:10:15,Funding,,"  150,000.00 ",CAD,Cash,,,Manual Bank Transfer,,,****7596,,,,,,,1060 TD Chequing Account
2025-06-07T08:10:01,Funding,,"  200,000.00 ",CAD,Cash,,,Manual Bank Transfer,,,****7596,,,,,,,1060 TD Chequing Account
2025-06-24T08:10:16,Funding,,"  300,000.00 ",CAD,Cash,,,Manual Bank Transfer,,,****7596,,,,,,,1060 TD Chequing Account
2025-07-23T08:10:19,Funding,,"  225,000.00 ",CAD,Cash,,,Manual Bank Transfer,,,****7596,,,,,,,1060 TD Chequing Account
2025-08-12T08:10:29,Funding,,"  250,000.00 ",CAD,Cash,,,Manual Bank Transfer,,,****7596,,,,,,,1060 TD Chequing Account
2025-09-03T08:10:17,Funding,,"  175,000.00 ",CAD,Cash,,,Manual Bank Transfer,,,****7596,,,,,,,1060 TD Chequing Account
2025-10-02T08:10:41,Funding,,"  300,000.00 ",CAD,Cash,,,Manual Bank Transfer,,,****7596,,,,,,,1060 TD Chequing Account
2025-10-16T08:10:21,Funding,,"  200,000.00 ",CAD,Cash,,,Manual Bank Transfer,,,****7596,,,,,,,1060 TD Chequing Account
2025-10-25T08:10:02,Funding,,"  200,000.00 ",CAD,Cash,,,Manual Bank Transfer,,,****7596,,,,,,,1060 TD Chequing Account
2025-10-28T08:10:19,Funding,,"  1,000,000.00 ",CAD,Cash,,,Manual Bank Transfer,,,****7596,,,,,,,1060 TD Chequing Account
2025-10-30T08:10:02,Funding,,"  136,863.04 ",CAD,Cash,,,Manual Bank Transfer,,,****7596,,,,,,,1060 TD Chequing Account
2025-11-14T08:10:34,Funding,,"  200,000.00 ",CAD,Cash,,,Manual Bank Transfer,,,****7596,,,,,,,1060 TD Chequing Account
2025-11-25T08:10:27,Funding,,"  1,300,000.00 ",CAD,Cash,,,Manual Bank Transfer,,,****7596,,,,,,,1060 TD Chequing Account
2025-11-29T08:10:02,Funding,,"  500,000.00 ",CAD,Cash,,,Manual Bank Transfer,,,****7596,,,,,,,1060 TD Chequing Account
2025-12-18T08:10:46,Funding,,"  300,000.00 ",CAD,Cash,,,Manual Bank Transfer,,,****7596,,,,,,,1060 TD Chequing Account
2025-12-25T08:10:02,Funding,,"  750,000.00 ",CAD,Cash,,,Manual Bank Transfer,,,****7596,,,,,,,1060 TD Chequing Account
2025-12-31T08:10:17,Funding,,"  350,000.00 ",CAD,Cash,,,Manual Bank Transfer,,,****7596,,,,,,,1060 TD Chequing Account
2025-04-17T17:08:36,FX Transfer,,"  (27,751.80)",CAD,Cash,,,Cash CAD to Cash USD,,,,,,,27751.8,CAD,0.72067,1071 Float USD Account
2025-09-16T15:19:11,FX Transfer,,"  (44,794.12)",CAD,Cash,,,Cash CAD to Cash USD,,,,,,,44794.12,CAD,0.72554,1071 Float USD Account
2025-10-24T17:04:32,FX Transfer,,"  (13,361.55)",CAD,Cash,,,Cash CAD to Cash USD,,,,,,,13361.55,CAD,0.71099,1071 Float USD Account
2025-10-27T13:24:22,FX Transfer,,"  (1,403.16)",CAD,Cash,,,Cash CAD to Cash USD,,,,,,,1403.16,CAD,0.71267,1071 Float USD Account
2025-10-27T14:47:19,FX Transfer,,"  (53,310.62)",CAD,Cash,,,Cash CAD to Cash USD,,,,,,,53310.62,CAD,0.7128,1071 Float USD Account
2025-10-28T17:30:47,FX Transfer,,"  (97,858.94)",CAD,Cash,,,Cash CAD to Cash USD,,,,,,,97858.94,CAD,0.71531,1071 Float USD Account
2025-10-03T02:13:38,Purchase,APPLE.COM/BILL,  (134.39),CAD,Cash,,,,Erin Baile,**** 7197,,,,,,,,1212 Accrued Receivables
2025-10-03T02:13:39,Purchase,APPLE.COM/BILL,  (134.39),CAD,Cash,,,,Erin Baile,**** 7197,,,,,,,,1212 Accrued Receivables
2025-10-03T02:13:40,Purchase,APPLE.COM/BILL,  (134.39),CAD,Cash,,,,Erin Baile,**** 7197,,,,,,,,1212 Accrued Receivables
2025-10-03T02:13:41,Purchase,APPLE.COM/BILL,  (134.39),CAD,Cash,,,,Erin Baile,**** 7197,,,,,,,,1212 Accrued Receivables
2025-10-03T02:13:56,Purchase,APPLE.COM/BILL,  (134.39),CAD,Cash,,,,Erin Baile,**** 7197,,,,,,,,1212 Accrued Receivables
2025-10-03T02:13:57,Purchase,APPLE.COM/BILL,  (134.39),CAD,Cash,,,,Erin Baile,**** 7197,,,,,,,,1212 Accrued Receivables
2025-10-03T02:13:58,Purchase,APPLE.COM/BILL,  (134.39),CAD,Cash,,,,Erin Baile,**** 7197,,,,,,,,1212 Accrued Receivables
2025-10-03T02:13:59,Purchase,APPLE.COM/BILL,  (134.39),CAD,Cash,,,,Erin Baile,**** 7197,,,,,,,,1212 Accrued Receivables
2025-10-03T02:14:01,Purchase,APPLE.COM/BILL,  (134.39),CAD,Cash,,,,Erin Baile,**** 7197,,,,,,,,1212 Accrued Receivables
2025-10-03T02:14:02,Purchase,APPLE.COM/BILL,  (134.39),CAD,Cash,,,,Erin Baile,**** 7197,,,,,,,,1212 Accrued Receivables
2025-10-03T02:14:03,Purchase,APPLE.COM/BILL,  (134.39),CAD,Cash,,,,Erin Baile,**** 7197,,,,,,,,1212 Accrued Receivables
2025-10-03T02:14:04,Purchase,APPLE.COM/BILL,  (134.39),CAD,Cash,,,,Erin Baile,**** 7197,,,,,,,,1212 Accrued Receivables
2025-10-03T02:14:06,Purchase,APPLE.COM/BILL,  (134.39),CAD,Cash,,,,Erin Baile,**** 7197,,,,,,,,1212 Accrued Receivables
2025-10-03T02:14:08,Purchase,APPLE.COM/BILL,  (134.39),CAD,Cash,,,,Erin Baile,**** 7197,,,,,,,,1212 Accrued Receivables
2025-10-03T02:14:31,Purchase,APPLE.COM/BILL,  (134.39),CAD,Cash,,,,Erin Baile,**** 7197,,,,,,,,1212 Accrued Receivables
2025-10-03T02:14:34,Purchase,APPLE.COM/BILL,  (134.39),CAD,Cash,,,,Erin Baile,**** 7197,,,,,,,,1212 Accrued Receivables
2025-10-03T02:15:57,Purchase,APPLE.COM/BILL,  (134.39),CAD,Cash,,,,Erin Baile,**** 7197,,,,,,,,1212 Accrued Receivables
2025-10-03T02:15:58,Purchase,APPLE.COM/BILL,  (134.39),CAD,Cash,,,,Erin Baile,**** 7197,,,,,,,,1212 Accrued Receivables
2025-10-03T02:16:00,Purchase,APPLE.COM/BILL,  (134.39),CAD,Cash,,,,Erin Baile,**** 7197,,,,,,,,1212 Accrued Receivables
2025-10-03T02:16:03,Purchase,APPLE.COM/BILL,  (134.39),CAD,Cash,,,,Erin Baile,**** 7197,,,,,,,,1212 Accrued Receivables
2025-10-03T02:16:04,Purchase,APPLE.COM/BILL,  (134.39),CAD,Cash,,,,Erin Baile,**** 7197,,,,,,,,1212 Accrued Receivables
2025-10-03T02:16:05,Purchase,APPLE.COM/BILL,  (134.39),CAD,Cash,,,,Erin Baile,**** 7197,,,,,,,,1212 Accrued Receivables
2025-10-03T02:16:05,Purchase,APPLE.COM/BILL,  (134.39),CAD,Cash,,,,Erin Baile,**** 7197,,,,,,,,1212 Accrued Receivables
2025-10-03T02:16:12,Purchase,APPLE.COM/BILL,  (134.39),CAD,Cash,,,,Erin Baile,**** 7197,,,,,,,,1212 Accrued Receivables
2025-10-03T02:16:22,Purchase,APPLE.COM/BILL,  (134.39),CAD,Cash,,,,Erin Baile,**** 7197,,,,,,,,1212 Accrued Receivables
2025-10-03T02:16:22,Purchase,APPLE.COM/BILL,  (134.39),CAD,Cash,,,,Erin Baile,**** 7197,,,,,,,,1212 Accrued Receivables
2025-10-03T02:16:24,Purchase,APPLE.COM/BILL,  (134.39),CAD,Cash,,,,Erin Baile,**** 7197,,,,,,,,1212 Accrued Receivables
2025-10-03T02:16:25,Purchase,APPLE.COM/BILL,  (134.39),CAD,Cash,,,,Erin Baile,**** 7197,,,,,,,,1212 Accrued Receivables
2025-10-03T02:16:27,Purchase,APPLE.COM/BILL,  (134.39),CAD,Cash,,,,Erin Baile,**** 7197,,,,,,,,1212 Accrued Receivables
2025-10-03T02:16:27,Purchase,APPLE.COM/BILL,  (134.39),CAD,Cash,,,,Erin Baile,**** 7197,,,,,,,,1212 Accrued Receivables
2025-10-03T02:16:28,Purchase,APPLE.COM/BILL,  (134.39),CAD,Cash,,,,Erin Baile,**** 7197,,,,,,,,1212 Accrued Receivables
2025-10-03T02:16:28,Purchase,APPLE.COM/BILL,  (134.39),CAD,Cash,,,,Erin Baile,**** 7197,,,,,,,,1212 Accrued Receivables
2025-10-03T02:16:33,Purchase,APPLE.COM/BILL,  (134.39),CAD,Cash,,,,Erin Baile,**** 7197,,,,,,,,1212 Accrued Receivables
2025-10-07T02:12:12,Purchase,MIDDLEWAREHQ,  (298.65),CAD,Cash,210.57,USD,"PMO Card, initially for Middleware additional license payments",Erin Baile,**** 5277,,,,,,,1.418293,1212 Accrued Receivables
2025-11-20T17:09:45,Funding,,"  4,434.87 ",CAD,Cash,,,Float Credit,,,,,,,,,,1212 Accrued Receivables
2025-05-14T05:19:37,Purchase,ALBERTA INSURANCE COUNCIL,"  (1,500.00)",CAD,Cash,,,License Renewals,Joyce Pong,**** 2640,,,,,,,,1320 Prepaid Expenses
2025-03-04T01:16:39,Purchase,"ARTICULATE GLOBAL, LLC","  (6,536.07)",CAD,Cash,4449,USD,,Erin Baile,**** 7197,,,,,,,1.46911,1320 Prepaid Expenses
2025-09-30T02:12:35,Purchase,ASANA.COM,"  (11,163.10)",CAD,Cash,,,,Dillon Hall,**** 6151,,,,,,,,1320 Prepaid Expenses
2025-03-04T01:07:15,Purchase,AUTOPAL SOFTWARE,  (855.92),CAD,Cash,582.61,USD,,Victor Ko,**** 2003,,,,,,,1.469113,1320 Prepaid Expenses
2025-12-05T00:30:19,Purchase,BROWSERSTACK.COM,"  (4,927.02)",CAD,Cash,3472,USD,,Dillon Hall,**** 6151,,,,,,,1.419073,1320 Prepaid Expenses
2025-11-15T02:30:06,Purchase,CITY OF VANCOUVER-BL/D,  (277.00),CAD,Cash,,,License Renewals,Joyce Pong,**** 2640,,,,,,,,1320 Prepaid Expenses
2025-10-21T05:20:53,Purchase,CONSUMER PROTECTION BC,"  (6,360.00)",CAD,Cash,,,License Renewals,Joyce Pong,**** 2640,,,,,,,,1320 Prepaid Expenses
2025-02-07T05:18:04,Purchase,CONSUMER PROTECTION OFFIC,"  (5,500.00)",CAD,Cash,,,License Renewals,Joyce Pong,**** 2640,,,,,,,,1320 Prepaid Expenses
2025-06-07T02:03:38,Purchase,FIGMA,"  (3,009.90)",CAD,Cash,2166.75,USD,,Hector Alfonso Pertierra Marin,**** 9737,,,,,,,1.389131,1320 Prepaid Expenses
2025-12-09T04:44:29,Purchase,FINANCIAL AND CONSUMER AF,"  (8,500.00)",CAD,Cash,,,License Renewals,Joyce Pong,**** 2640,,,,,,,,1320 Prepaid Expenses
2025-09-10T04:45:20,Purchase,FINANCIAL AND CONSUMER SE,  (700.00),CAD,Cash,,,License Renewals,Joyce Pong,**** 2640,,,,,,,,1320 Prepaid Expenses
2025-05-16T04:19:23,Purchase,INSURANCE COUNCIL OF MANI,  (700.00),CAD,Cash,,,License Renewals,Joyce Pong,**** 2640,,,,,,,,1320 Prepaid Expenses
2025-04-02T02:22:49,Purchase,LAW SOCIETY OF ONTARIO,"  (2,303.98)",CAD,Cash,,,License Renewals,Joyce Pong,**** 2640,,,,,,,,1320 Prepaid Expenses
2025-12-10T00:39:59,Purchase,PABLO - PROVINCE OF AL,"  (1,300.00)",CAD,Cash,,,License Renewals,Joyce Pong,**** 2640,,,,,,,,1320 Prepaid Expenses
2025-11-14T03:35:54,Purchase,THE SERVICE BUREAU,  (563.07),CAD,Cash,395,USD,,Erin Baile,**** 0806,,,,,,,1.425494,1320 Prepaid Expenses
2025-09-26T02:07:26,Purchase,AA PROPERTY MGMT,  (333.25),CAD,Cash,,,Card to charge SMG Appraisals from SMG-AR Channel,Tim Morrison,**** 3042,,,,,,,,1351 Due from Spring Mortgage Group
2025-07-17T02:22:59,Purchase,AB MORTGAGE BROKERS,  (240.45),CAD,Cash,,,Card to charge SMG Appraisals from SMG-AR Channel,Tim Morrison,**** 3042,,,,,,,,1351 Due from Spring Mortgage Group
2025-07-23T02:23:56,Purchase,AB MORTGAGE BROKERS,  (240.45),CAD,Cash,,,Card to charge SMG Appraisals from SMG-AR Channel,Tim Morrison,**** 3042,,,,,,,,1351 Due from Spring Mortgage Group
2025-04-30T02:19:09,Purchase,BCFSA EDUCATION,  (275.00),CAD,Cash,,,Card to charge SMG Appraisals from SMG-AR Channel,Tim Morrison,**** 3042,,,,,,,,1351 Due from Spring Mortgage Group
2025-07-12T02:12:31,Purchase,BCFSA EDUCATION,  (275.00),CAD,Cash,,,Card to charge SMG Appraisals from SMG-AR Channel,Tim Morrison,**** 3042,,,,,,,,1351 Due from Spring Mortgage Group
2025-08-09T03:56:28,Purchase,MORTGAGE PROF CAN,  (399.00),CAD,Cash,,,Card to charge SMG Appraisals from SMG-AR Channel,Tim Morrison,**** 3042,,,,,,,,1351 Due from Spring Mortgage Group
2025-08-09T03:56:29,Purchase,MORTGAGE PROF CAN,  (329.00),CAD,Cash,,,Card to charge SMG Appraisals from SMG-AR Channel,Tim Morrison,**** 3042,,,,,,,,1351 Due from Spring Mortgage Group
2025-08-26T04:48:28,Purchase,MORTGAGE PROF CAN,  (75.00),CAD,Cash,,,Card to charge SMG Appraisals from SMG-AR Channel,Tim Morrison,**** 3042,,,,,,,,1351 Due from Spring Mortgage Group
2025-03-19T02:12:43,Purchase,RPS REAL PROPERTY SOLUTIO,  (39.55),CAD,Cash,,,Card to charge SMG Appraisals from SMG-AR Channel,Tim Morrison,**** 3042,,,,,,,,1351 Due from Spring Mortgage Group
2025-05-09T02:10:04,Purchase,RPS REAL PROPERTY SOLUTIO,  (135.60),CAD,Cash,,,Card to charge SMG Appraisals from SMG-AR Channel,Tim Morrison,**** 3042,,,,,,,,1351 Due from Spring Mortgage Group
2025-02-22T04:04:35,Purchase,Solidifi Appraisals,  (824.90),CAD,Cash,,,Card to charge SMG Appraisals from SMG-AR Channel,Tim Morrison,**** 3042,,,,,,,,1351 Due from Spring Mortgage Group
2025-04-08T02:15:25,Purchase,Solidifi Appraisals,  (169.50),CAD,Cash,,,Card to charge SMG Appraisals from SMG-AR Channel,Tim Morrison,**** 3042,,,,,,,,1351 Due from Spring Mortgage Group
2025-10-07T05:11:09,Purchase,TERANET INC,  (18.88),CAD,Cash,,,Card to charge SMG Appraisals from SMG-AR Channel,Tim Morrison,**** 3042,,,,,,,,1351 Due from Spring Mortgage Group
2025-01-08T02:24:17,Purchase,VALUECONNECT APPRAISAL,  (403.23),CAD,Cash,,,Card to charge SMG Appraisals from SMG-AR Channel,Tim Morrison,**** 3042,,,,,,,,1351 Due from Spring Mortgage Group
2025-01-21T03:13:50,Purchase,VALUECONNECT APPRAISAL,  (179.75),CAD,Cash,,,Card to charge SMG Appraisals from SMG-AR Channel,Tim Morrison,**** 3042,,,,,,,,1351 Due from Spring Mortgage Group
2025-02-12T01:30:58,Purchase,VALUECONNECT APPRAISAL,  (431.51),CAD,Cash,,,Card to charge SMG Appraisals from SMG-AR Channel,Tim Morrison,**** 3042,,,,,,,,1351 Due from Spring Mortgage Group
2025-02-19T01:24:17,Purchase,VALUECONNECT APPRAISAL,  (399.86),CAD,Cash,,,Card to charge SMG Appraisals from SMG-AR Channel,Tim Morrison,**** 3042,,,,,,,,1351 Due from Spring Mortgage Group
2025-02-19T01:27:37,Purchase,VALUECONNECT APPRAISAL,  (508.50),CAD,Cash,,,Card to charge SMG Appraisals from SMG-AR Channel,Tim Morrison,**** 3042,,,,,,,,1351 Due from Spring Mortgage Group
2025-04-05T04:06:37,Purchase,VALUECONNECT APPRAISAL,  (386.98),CAD,Cash,,,Card to charge SMG Appraisals from SMG-AR Channel,Tim Morrison,**** 3042,,,,,,,,1351 Due from Spring Mortgage Group
2025-04-12T04:07:19,Purchase,VALUECONNECT APPRAISAL,  (751.45),CAD,Cash,,,Card to charge SMG Appraisals from SMG-AR Channel,Tim Morrison,**** 3042,,,,,,,,1351 Due from Spring Mortgage Group
2025-05-01T02:18:24,Purchase,VALUECONNECT APPRAISAL,  (625.40),CAD,Cash,,,Card to charge SMG Appraisals from SMG-AR Channel,Tim Morrison,**** 3042,,,,,,,,1351 Due from Spring Mortgage Group
2025-05-02T02:08:19,Purchase,VALUECONNECT APPRAISAL,  (635.95),CAD,Cash,,,Card to charge SMG Appraisals from SMG-AR Channel,Tim Morrison,**** 3042,,,,,,,,1351 Due from Spring Mortgage Group
2025-05-03T02:18:01,Purchase,VALUECONNECT APPRAISAL,  (713.31),CAD,Cash,,,Card to charge SMG Appraisals from SMG-AR Channel,Tim Morrison,**** 3042,,,,,,,,1351 Due from Spring Mortgage Group
2025-05-12T06:24:14,Purchase,VALUECONNECT APPRAISAL,  (611.63),CAD,Cash,,,Card to charge SMG Appraisals from SMG-AR Channel,Tim Morrison,**** 3042,,,,,,,,1351 Due from Spring Mortgage Group
2025-05-14T02:18:14,Purchase,VALUECONNECT APPRAISAL,  (492.77),CAD,Cash,,,Card to charge SMG Appraisals from SMG-AR Channel,Tim Morrison,**** 3042,,,,,,,,1351 Due from Spring Mortgage Group
2025-05-28T02:20:10,Purchase,VALUECONNECT APPRAISAL,  (400.00),CAD,Cash,,,Card to charge SMG Appraisals from SMG-AR Channel,Tim Morrison,**** 3042,,,,,,,,1351 Due from Spring Mortgage Group
2025-06-17T02:19:38,Purchase,VALUECONNECT APPRAISAL,  (405.26),CAD,Cash,,,Card to charge SMG Appraisals from SMG-AR Channel,Tim Morrison,**** 3042,,,,,,,,1351 Due from Spring Mortgage Group
2025-07-17T02:23:32,Purchase,VALUECONNECT APPRAISAL,  (113.00),CAD,Cash,,,Card to charge SMG Appraisals from SMG-AR Channel,Tim Morrison,**** 3042,,,,,,,,1351 Due from Spring Mortgage Group
2025-07-19T04:04:39,Purchase,VALUECONNECT APPRAISAL,  (236.51),CAD,Cash,,,Card to charge SMG Appraisals from SMG-AR Channel,Tim Morrison,**** 3042,,,,,,,,1351 Due from Spring Mortgage Group
2025-08-02T03:10:50,Purchase,VALUECONNECT APPRAISAL,  (392.70),CAD,Cash,,,Card to charge SMG Appraisals from SMG-AR Channel,Tim Morrison,**** 3042,,,,,,,,1351 Due from Spring Mortgage Group
2025-08-21T03:59:38,Purchase,VALUECONNECT APPRAISAL,  (486.15),CAD,Cash,,,Card to charge SMG Appraisals from SMG-AR Channel,Tim Morrison,**** 3042,,,,,,,,1351 Due from Spring Mortgage Group
2025-09-05T02:14:08,Purchase,VALUECONNECT APPRAISAL,  (260.48),CAD,Cash,,,Card to charge SMG Appraisals from SMG-AR Channel,Tim Morrison,**** 3042,,,,,,,,1351 Due from Spring Mortgage Group
2025-10-04T02:14:29,Purchase,VALUECONNECT APPRAISAL,  (761.51),CAD,Cash,,,Card to charge SMG Appraisals from SMG-AR Channel,Tim Morrison,**** 3042,,,,,,,,1351 Due from Spring Mortgage Group
2025-12-05T03:38:02,Purchase,VALUECONNECT APPRAISAL,  (595.27),CAD,Cash,,,Card to charge SMG Appraisals from SMG-AR Channel,Tim Morrison,**** 3042,,,,,,,,1351 Due from Spring Mortgage Group
2025-12-19T00:44:36,Purchase,VALUECONNECT APPRAISAL,  (392.70),CAD,Cash,,,Card to charge SMG Appraisals from SMG-AR Channel,Tim Morrison,**** 3042,,,,,,,,1351 Due from Spring Mortgage Group
2025-10-07T06:23:51,Purchase,Upwork -853413076REF,  (146.26),CAD,Cash,,,,Erin Baile,**** 8249,,,,,,,,1358 Due from Bloom App Inc.
2025-10-14T06:24:08,Purchase,Upwork -855595657REF,  (324.99),CAD,Cash,,,,Erin Baile,**** 8249,,,,,,,,1358 Due from Bloom App Inc.
2025-10-21T06:22:23,Purchase,Upwork -857766927REF,  (178.08),CAD,Cash,,,,Erin Baile,**** 8249,,,,,,,,1358 Due from Bloom App Inc.
2025-10-28T06:22:32,Purchase,Upwork -859901556REF,  (69.55),CAD,Cash,,,,Erin Baile,**** 8249,,,,,,,,1358 Due from Bloom App Inc.
2025-11-21T12:15:01,Bill Payment,National Bank of Canada,  (100.00),CAD,Cash,,,To National Bank of Canada,,,,Emilio Lagman,Emilio Lagman,Test001,,,,1359 Due from 1478897
2025-02-08T04:29:05,Purchase,APPLE.COM/CA,  (480.90),CAD,Cash,,,Miscellaneous IT purchases - Hardware / Hardgoods,Dillon Hall,**** 4799,,,,,,,,1820 Office Furniture & Equipment
2025-02-08T04:29:05,Purchase,APPLE.COM/CA,"  (3,246.77)",CAD,Cash,,,Miscellaneous IT purchases - Hardware / Hardgoods,Dillon Hall,**** 4799,,,,,,,,1820 Office Furniture & Equipment
2025-02-16T04:33:58,Purchase,APPLE.COM/CA,  (961.80),CAD,Cash,,,Miscellaneous IT purchases - Hardware / Hardgoods,Dillon Hall,**** 4799,,,,,,,,1820 Office Furniture & Equipment
2025-02-16T04:33:58,Purchase,APPLE.COM/CA,  (122.08),CAD,Cash,,,Miscellaneous IT purchases - Hardware / Hardgoods,Dillon Hall,**** 4799,,,,,,,,1820 Office Furniture & Equipment
2025-02-26T04:14:00,Purchase,APPLE.COM/CA,"  (1,442.70)",CAD,Cash,,,Miscellaneous IT purchases - Hardware / Hardgoods,Dillon Hall,**** 4799,,,,,,,,1820 Office Furniture & Equipment
2025-02-26T04:14:00,Purchase,APPLE.COM/CA,"  (9,740.30)",CAD,Cash,,,Miscellaneous IT purchases - Hardware / Hardgoods,Dillon Hall,**** 4799,,,,,,,,1820 Office Furniture & Equipment
2025-03-29T04:27:05,Purchase,APPLE.COM/CA,"  (8,062.77)",CAD,Cash,,,2x Designer Macbook - Hardware refreshment.  Charge 1 of 2 for the order,Dillon Hall,**** 4799,,,,,,,,1820 Office Furniture & Equipment
2025-03-29T04:27:05,Purchase,APPLE.COM/CA,  (945.00),CAD,Cash,,,2x Designer Macbook - Hardware refreshment.  Charge 2 of 2 for the order,Dillon Hall,**** 4799,,,,,,,,1820 Office Furniture & Equipment
2025-05-30T04:25:13,Purchase,APPLE.COM/CA,"  (2,239.38)",CAD,Cash,,,Miscellaneous IT purchases - Hardware / Hardgoods,Dillon Hall,**** 4799,,,,,,,,1820 Office Furniture & Equipment
2025-10-07T02:12:42,Purchase,FAIRDEAL ELECTRONICS,"  (2,508.10)",CAD,Cash,156787,INR,Invoice for 2 TV for an office,Harjot Kaur,**** 9999,,,,,,,0.015997,1820 Office Furniture & Equipment
2025-03-26T02:17:27,Purchase,LUV COM,"  (1,399.08)",CAD,Cash,82000,INR,Bought three Iphones for QA testing ,Harjot Kaur,**** 9999,,,,,,,0.017062,1820 Office Furniture & Equipment
2025-03-12T02:20:57,Purchase,SOURCE OFFICE FURNISHI,"  (2,066.40)",CAD,Cash,,,"This is actually furniture (5 desks).  Might make more sense as ""office expenses""?",Dillon Hall,**** 4799,,,,,,,,1820 Office Furniture & Equipment
2025-09-27T03:29:54,Purchase,SOURCE OFFICE FURNISHI,"  (1,609.44)",CAD,Cash,,,,Karina Plazola,**** 9909,,,,,,,,1820 Office Furniture & Equipment
2025-12-09T00:51:49,Purchase,SOURCE OFFICE FURNISHI,  (498.40),CAD,Cash,,,Miscellaneous IT purchases - Hardware / Hardgoods,Dillon Hall,**** 4799,,,,,,,,1820 Office Furniture & Equipment
2025-01-25T01:08:23,Refund,SP WAZOFURNITURE,"  1,381.08 ",CAD,Cash,,,,Erin Baile,**** 9084,,,,,,,,1820 Office Furniture & Equipment
2025-11-26T22:59:11,Purchase,TEMU.COM,  (213.02),CAD,Cash,,,Under desk desktop mounts for the YVR office,Vishnu Gattu,**** 2875,,,,,,,,1820 Office Furniture & Equipment
2025-04-05T04:32:29,Purchase,ULINE,  (729.96),CAD,Cash,,,Whiteboards for Cory's office,Dillon Hall,**** 4799,,,,,,,,1820 Office Furniture & Equipment
2025-01-01T06:01:26,Interest,,  523.80 ,CAD,Cash,,,Float Interest,,,,,,,,,,4245 Interest Revenue - Spring
2025-01-01T06:01:27,Cashback,,"  2,677.40 ",CAD,Cash,,,Auto-redeemed monthly cashback,,,,,,,,,,4245 Interest Revenue - Spring
2025-02-01T06:01:26,Cashback,,"  2,746.55 ",CAD,Cash,,,Auto-redeemed monthly cashback,,,,,,,,,,4245 Interest Revenue - Spring
2025-02-01T06:01:26,Interest,,  592.36 ,CAD,Cash,,,Float Interest,,,,,,,,,,4245 Interest Revenue - Spring
2025-03-01T06:01:25,Cashback,,"  3,115.10 ",CAD,Cash,,,Auto-redeemed monthly cashback,,,,,,,,,,4245 Interest Revenue - Spring
2025-03-01T06:01:25,Interest,,  938.96 ,CAD,Cash,,,Float Interest,,,,,,,,,,4245 Interest Revenue - Spring
2025-04-01T06:01:25,Interest,,  855.03 ,CAD,Cash,,,Float Interest,,,,,,,,,,4245 Interest Revenue - Spring
2025-04-01T06:01:26,Cashback,,"  3,198.36 ",CAD,Cash,,,Auto-redeemed monthly cashback,,,,,,,,,,4245 Interest Revenue - Spring
2025-05-01T06:01:25,Interest,,  630.01 ,CAD,Cash,,,Float Interest,,,,,,,,,,4245 Interest Revenue - Spring
2025-05-01T06:01:26,Cashback,,"  3,033.17 ",CAD,Cash,,,Auto-redeemed monthly cashback,,,,,,,,,,4245 Interest Revenue - Spring
2025-06-01T06:01:25,Interest,,  613.31 ,CAD,Cash,,,Float Interest,,,,,,,,,,4245 Interest Revenue - Spring
2025-06-01T06:01:26,Cashback,,"  3,511.55 ",CAD,Cash,,,Auto-redeemed monthly cashback,,,,,,,,,,4245 Interest Revenue - Spring
2025-06-19T15:48:25,Funding,,  10.00 ,CAD,Cash,,,Float Credit,,,,,,,,,,4245 Interest Revenue - Spring
2025-07-01T06:01:25,Interest,,  837.10 ,CAD,Cash,,,Float Interest,,,,,,,,,,4245 Interest Revenue - Spring
2025-07-01T06:01:26,Cashback,,"  3,208.54 ",CAD,Cash,,,Auto-redeemed monthly cashback,,,,,,,,,,4245 Interest Revenue - Spring
2025-08-01T06:01:26,Interest,,  910.33 ,CAD,Cash,,,Float Interest,,,,,,,,,,4245 Interest Revenue - Spring
2025-08-01T06:01:26,Cashback,,"  3,005.14 ",CAD,Cash,,,Auto-redeemed monthly cashback,,,,,,,,,,4245 Interest Revenue - Spring
2025-09-01T06:01:25,Interest,,"  1,054.14 ",CAD,Cash,,,Float Interest,,,,,,,,,,4245 Interest Revenue - Spring
2025-09-01T06:01:25,Cashback,,"  2,532.58 ",CAD,Cash,,,Auto-redeemed monthly cashback,,,,,,,,,,4245 Interest Revenue - Spring
2025-10-01T06:01:26,Cashback,,"  2,618.83 ",CAD,Cash,,,Auto-redeemed monthly cashback,,,,,,,,,,4245 Interest Revenue - Spring
2025-10-01T06:01:26,Interest,,  794.87 ,CAD,Cash,,,Float Interest,,,,,,,,,,4245 Interest Revenue - Spring
2025-11-01T04:01:26,Interest,,"  1,182.97 ",CAD,Cash,,,Float Interest,,,,,,,,,,4245 Interest Revenue - Spring
2025-11-01T04:01:27,Cashback,,"  2,867.77 ",CAD,Cash,,,Auto-redeemed monthly cashback,,,,,,,,,,4245 Interest Revenue - Spring
2025-12-01T04:01:26,Cashback,,"  2,514.00 ",CAD,Cash,,,Auto-redeemed monthly cashback,,,,,,,,,,4245 Interest Revenue - Spring
2025-12-01T04:01:26,Interest,,"  1,066.79 ",CAD,Cash,,,Float Interest,,,,,,,,,,4245 Interest Revenue - Spring
2025-09-23T06:25:32,Purchase,Upwork -848956724REF,  (229.71),CAD,Cash,,,,Erin Baile,**** 8249,,,,,,,,5410 Wages & Salaries
2025-09-30T06:23:23,Purchase,Upwork -851181315REF,  (537.56),CAD,Cash,,,,Erin Baile,**** 8249,,,,,,,,5410 Wages & Salaries
2025-11-04T06:26:05,Purchase,Upwork -862101105REF,  (325.80),CAD,Cash,,,,Erin Baile,**** 8249,,,,,,,,5410 Wages & Salaries
2025-11-13T01:27:51,Purchase,Upwork -864290487REF,  (232.00),CAD,Cash,,,,Erin Baile,**** 8249,,,,,,,,5410 Wages & Salaries
2025-11-25T06:27:23,Purchase,Upwork -868616228REF,  (256.75),CAD,Cash,,,,Erin Baile,**** 8249,,,,,,,,5410 Wages & Salaries
2025-12-02T06:49:52,Purchase,Upwork -870740282REF,  (300.34),CAD,Cash,,,,Erin Baile,**** 8249,,,,,,,,5410 Wages & Salaries
2025-12-09T06:24:48,Purchase,Upwork -872879021REF,  (915.15),CAD,Cash,,,,Erin Baile,**** 8249,,,,,,,,5410 Wages & Salaries
2025-01-17T01:15:26,Purchase,WORKSAFEBC,"  (4,503.13)",CAD,Cash,,,For one-time credit card only payments and legal invoices.,Emilio Lagman,**** 8807,,,,,,,,5410 Wages & Salaries
2025-04-11T02:17:19,Purchase,WORKSAFEBC,"  (4,382.91)",CAD,Cash,,,For one-time credit card only payments and legal invoices.,Emilio Lagman,**** 8807,,,,,,,,5410 Wages & Salaries
2025-07-15T02:18:38,Purchase,WORKSAFEBC,"  (4,886.24)",CAD,Cash,,,For one-time credit card only payments and legal invoices.,Emilio Lagman,**** 8807,,,,,,,,5410 Wages & Salaries
2025-10-16T02:15:24,Purchase,WORKSAFEBC,"  (4,980.44)",CAD,Cash,,,For one-time credit card only payments and legal invoices.,Emilio Lagman,**** 8807,,,,,,,,5410 Wages & Salaries
2025-06-11T05:33:39,Purchase,IMMIGRATION CANADA ONLINE,  (230.00),CAD,Cash,,,"General HR/ Recruiting - Indeed, BambooHR, CertN & LinkedIN",Erin Baile,**** 3741,,,,,,,,5450 HR & Recruiting
2025-06-12T05:03:46,Purchase,IMMIGRATION CANADA ONLINE,  (230.00),CAD,Cash,,,"General HR/ Recruiting - Indeed, BambooHR, CertN & LinkedIN",Erin Baile,**** 3741,,,,,,,,5450 HR & Recruiting
2025-06-18T05:29:49,Refund,IMMIGRATION CANADA ONLINE,  230.00 ,CAD,Cash,,,"General HR/ Recruiting - Indeed, BambooHR, CertN & LinkedIN",Erin Baile,**** 3741,,,,,,,,5450 HR & Recruiting
2025-03-12T02:06:39,Purchase,Indeed CAI25-00051994,  (525.05),CAD,Cash,,,"General HR/ Recruiting - Indeed, BambooHR, CertN & LinkedIN",Erin Baile,**** 3741,,,,,,,,5450 HR & Recruiting
2025-03-11T05:31:29,Purchase,TRUSTII,  (31.36),CAD,Cash,,,"General HR/ Recruiting - Indeed, BambooHR, CertN & LinkedIN",Erin Baile,**** 3741,,,,,,,,5450 HR & Recruiting
2025-12-10T04:51:19,Purchase,TRUSTII,  (31.36),CAD,Cash,,,"General HR/ Recruiting - Indeed, BambooHR, CertN & LinkedIN",Erin Baile,**** 3741,,,,,,,,5450 HR & Recruiting
2025-08-22T02:16:16,Purchase,TRUSTII,  (31.36),CAD,Cash,,,"General HR/ Recruiting - Indeed, BambooHR, CertN & LinkedIN",Erin Baile,**** 3741,,,,,,,,5450 HR & Recruiting
2025-01-10T01:33:23,Purchase,BambooHR HRIS,"  (3,209.78)",CAD,Cash,2194.24,USD,"General HR/ Recruiting - Indeed, BambooHR, CertN & LinkedIN",Erin Baile,**** 3741,,,,,,,1.462821,5450 HR & Recruiting
2025-02-10T04:28:21,Purchase,BambooHR HRIS,"  (3,232.75)",CAD,Cash,2219.8,USD,"General HR/ Recruiting - Indeed, BambooHR, CertN & LinkedIN",Erin Baile,**** 3741,,,,,,,1.456325,5450 HR & Recruiting
2025-03-10T03:49:52,Purchase,BambooHR HRIS,"  (3,336.09)",CAD,Cash,2277.9,USD,"General HR/ Recruiting - Indeed, BambooHR, CertN & LinkedIN",Erin Baile,**** 3741,,,,,,,1.464546,5450 HR & Recruiting
2025-04-10T04:31:50,Purchase,BambooHR HRIS,"  (3,415.13)",CAD,Cash,2357.03,USD,"General HR/ Recruiting - Indeed, BambooHR, CertN & LinkedIN",Erin Baile,**** 3741,,,,,,,1.448912,5450 HR & Recruiting
2025-05-09T16:24:07,Purchase,BambooHRLLC,"  (3,846.14)",CAD,Cash,2719.27,USD,"General HR/ Recruiting - Indeed, BambooHR, CertN & LinkedIN",Erin Baile,**** 3741,,,,,,,1.414402,5450 HR & Recruiting
2025-06-09T17:56:28,Purchase,BambooHRLLC,"  (3,764.49)",CAD,Cash,2705.61,USD,"General HR/ Recruiting - Indeed, BambooHR, CertN & LinkedIN",Erin Baile,**** 3741,,,,,,,1.391365,5450 HR & Recruiting
2025-07-09T16:24:25,Purchase,BambooHRLLC,"  (3,729.77)",CAD,Cash,2682.82,USD,"General HR/ Recruiting - Indeed, BambooHR, CertN & LinkedIN",Erin Baile,**** 3741,,,,,,,1.390242,5450 HR & Recruiting
2025-08-09T18:38:52,Purchase,BambooHRLLC,"  (3,869.57)",CAD,Cash,2769.22,USD,"General HR/ Recruiting - Indeed, BambooHR, CertN & LinkedIN",Erin Baile,**** 3741,,,,,,,1.39735,5450 HR & Recruiting
2025-09-09T16:50:08,Purchase,BambooHRLLC,"  (4,246.11)",CAD,Cash,3020.91,USD,"General HR/ Recruiting - Indeed, BambooHR, CertN & LinkedIN",Erin Baile,**** 3741,,,,,,,1.405573,5450 HR & Recruiting
2025-10-09T16:28:05,Purchase,BambooHRLLC,"  (4,227.78)",CAD,Cash,2980.75,USD,"General HR/ Recruiting - Indeed, BambooHR, CertN & LinkedIN",Erin Baile,**** 3741,,,,,,,1.418361,5450 HR & Recruiting
2025-11-09T12:52:52,Purchase,BambooHRLLC,"  (6,873.15)",CAD,Cash,4792.68,USD,"General HR/ Recruiting - Indeed, BambooHR, CertN & LinkedIN",Erin Baile,**** 3741,,,,,,,1.434093,5450 HR & Recruiting
2025-12-09T17:44:35,Purchase,BambooHRLLC,"  (7,827.55)",CAD,Cash,5562.92,USD,"General HR/ Recruiting - Indeed, BambooHR, CertN & LinkedIN",Erin Baile,**** 3741,,,,,,,1.407094,5450 HR & Recruiting
2025-06-28T08:13:55,Purchase,BB-DGNET LT,  (132.93),CAD,Cash,389011,COP,"General HR/ Recruiting - Indeed, BambooHR, CertN & LinkedIN",Erin Baile,**** 3741,,,,,,,0.000342,5450 HR & Recruiting
2025-01-06T01:07:30,Purchase,"CHECKR, INC CHECKR.COM",  (51.39),CAD,Cash,35,USD,"General HR/ Recruiting - Indeed, BambooHR, CertN & LinkedIN",Erin Baile,**** 3741,,,,,,,1.468286,5450 HR & Recruiting
2025-02-06T01:41:18,Purchase,"CHECKR, INC CHECKR.COM",  (669.88),CAD,Cash,455,USD,"General HR/ Recruiting - Indeed, BambooHR, CertN & LinkedIN",Erin Baile,**** 3741,,,,,,,1.472264,5450 HR & Recruiting
2025-03-06T01:12:24,Purchase,"CHECKR, INC CHECKR.COM",  (361.68),CAD,Cash,245,USD,"General HR/ Recruiting - Indeed, BambooHR, CertN & LinkedIN",Erin Baile,**** 3741,,,,,,,1.476245,5450 HR & Recruiting
2025-04-06T02:04:17,Purchase,"CHECKR, INC CHECKR.COM","  (1,013.32)",CAD,Cash,700,USD,"General HR/ Recruiting - Indeed, BambooHR, CertN & LinkedIN",Erin Baile,**** 3741,,,,,,,1.4476,5450 HR & Recruiting
2025-05-06T02:12:57,Purchase,"CHECKR, INC CHECKR.COM",  (886.60),CAD,Cash,630,USD,"General HR/ Recruiting - Indeed, BambooHR, CertN & LinkedIN",Erin Baile,**** 3741,,,,,,,1.407302,5450 HR & Recruiting
2025-06-06T04:43:56,Purchase,"CHECKR, INC CHECKR.COM",  (777.92),CAD,Cash,560,USD,"General HR/ Recruiting - Indeed, BambooHR, CertN & LinkedIN",Erin Baile,**** 3741,,,,,,,1.389143,5450 HR & Recruiting
2025-07-06T03:47:20,Purchase,"CHECKR, INC CHECKR.COM",  (483.96),CAD,Cash,350,USD,"General HR/ Recruiting - Indeed, BambooHR, CertN & LinkedIN",Erin Baile,**** 3741,,,,,,,1.382743,5450 HR & Recruiting
2025-08-06T02:07:29,Purchase,"CHECKR, INC CHECKR.COM","  (1,029.59)",CAD,Cash,735,USD,"General HR/ Recruiting - Indeed, BambooHR, CertN & LinkedIN",Erin Baile,**** 3741,,,,,,,1.400803,5450 HR & Recruiting
2025-09-06T02:15:40,Purchase,"CHECKR, INC CHECKR.COM","  (1,054.26)",CAD,Cash,750,USD,"General HR/ Recruiting - Indeed, BambooHR, CertN & LinkedIN",Erin Baile,**** 3741,,,,,,,1.40568,5450 HR & Recruiting
2025-10-06T02:12:17,Purchase,"CHECKR, INC CHECKR.COM",  (645.31),CAD,Cash,455,USD,"General HR/ Recruiting - Indeed, BambooHR, CertN & LinkedIN",Erin Baile,**** 3741,,,,,,,1.418264,5450 HR & Recruiting
2025-11-06T04:38:26,Purchase,"CHECKR, INC CHECKR.COM",  (651.74),CAD,Cash,455,USD,"General HR/ Recruiting - Indeed, BambooHR, CertN & LinkedIN",Erin Baile,**** 3741,,,,,,,1.432396,5450 HR & Recruiting
2025-12-06T02:39:43,Purchase,"CHECKR, INC CHECKR.COM",  (681.16),CAD,Cash,480,USD,"General HR/ Recruiting - Indeed, BambooHR, CertN & LinkedIN",Erin Baile,**** 3741,,,,,,,1.419083,5450 HR & Recruiting
2025-01-02T03:33:11,Purchase,Indeed 101820678,  (140.00),CAD,Cash,,,"General HR/ Recruiting - Indeed, BambooHR, CertN & LinkedIN",Erin Baile,**** 3741,,,,,,,,5450 HR & Recruiting
2025-02-02T01:30:04,Purchase,Indeed 102937674,  (140.00),CAD,Cash,,,"General HR/ Recruiting - Indeed, BambooHR, CertN & LinkedIN",Erin Baile,**** 3741,,,,,,,,5450 HR & Recruiting
2025-03-02T06:19:58,Purchase,Indeed 103541867,  (264.19),CAD,Cash,,,"General HR/ Recruiting - Indeed, BambooHR, CertN & LinkedIN",Erin Baile,**** 3741,,,,,,,,5450 HR & Recruiting
2025-03-02T05:36:19,Purchase,Indeed 103932304,  (140.00),CAD,Cash,,,"General HR/ Recruiting - Indeed, BambooHR, CertN & LinkedIN",Erin Baile,**** 3741,,,,,,,,5450 HR & Recruiting
2025-04-02T06:35:50,Purchase,Indeed 104855817,  (161.06),CAD,Cash,,,"General HR/ Recruiting - Indeed, BambooHR, CertN & LinkedIN",Erin Baile,**** 3741,,,,,,,,5450 HR & Recruiting
2025-04-03T02:09:06,Purchase,Indeed 105299516,  (140.00),CAD,Cash,,,"General HR/ Recruiting - Indeed, BambooHR, CertN & LinkedIN",Erin Baile,**** 3741,,,,,,,,5450 HR & Recruiting
2025-05-03T02:05:46,Purchase,Indeed 106512261,  (140.00),CAD,Cash,,,"General HR/ Recruiting - Indeed, BambooHR, CertN & LinkedIN",Erin Baile,**** 3741,,,,,,,,5450 HR & Recruiting
2025-06-02T02:08:55,Purchase,Indeed 107427779,  (140.00),CAD,Cash,,,"General HR/ Recruiting - Indeed, BambooHR, CertN & LinkedIN",Erin Baile,**** 3741,,,,,,,,5450 HR & Recruiting
2025-07-02T02:12:11,Purchase,Indeed 108572442,  (140.00),CAD,Cash,,,"General HR/ Recruiting - Indeed, BambooHR, CertN & LinkedIN",Erin Baile,**** 3741,,,,,,,,5450 HR & Recruiting
2025-08-02T02:10:33,Purchase,Indeed 109784715,  (140.00),CAD,Cash,,,"General HR/ Recruiting - Indeed, BambooHR, CertN & LinkedIN",Erin Baile,**** 3741,,,,,,,,5450 HR & Recruiting
2025-01-03T01:08:10,Purchase,Indeed CAI25-00004483,  (391.50),CAD,Cash,,,"General HR/ Recruiting - Indeed, BambooHR, CertN & LinkedIN",Erin Baile,**** 3741,,,,,,,,5450 HR & Recruiting
2025-01-15T01:38:50,Purchase,Indeed CAI25-00012139,  (525.38),CAD,Cash,,,"General HR/ Recruiting - Indeed, BambooHR, CertN & LinkedIN",Erin Baile,**** 3741,,,,,,,,5450 HR & Recruiting
2025-02-03T01:05:22,Purchase,Indeed CAI25-00021440,  (314.70),CAD,Cash,,,"General HR/ Recruiting - Indeed, BambooHR, CertN & LinkedIN",Erin Baile,**** 3741,,,,,,,,5450 HR & Recruiting
2025-02-13T01:26:18,Purchase,Indeed CAI25-00032048,  (529.29),CAD,Cash,,,"General HR/ Recruiting - Indeed, BambooHR, CertN & LinkedIN",Erin Baile,**** 3741,,,,,,,,5450 HR & Recruiting
2025-02-26T01:14:08,Purchase,Indeed CAI25-00036866,  (525.30),CAD,Cash,,,"General HR/ Recruiting - Indeed, BambooHR, CertN & LinkedIN",Erin Baile,**** 3741,,,,,,,,5450 HR & Recruiting
2025-03-03T01:07:18,Purchase,Indeed CAI25-00049095,  (61.53),CAD,Cash,,,"General HR/ Recruiting - Indeed, BambooHR, CertN & LinkedIN",Erin Baile,**** 3741,,,,,,,,5450 HR & Recruiting
2025-03-22T16:25:27,Purchase,Indeed CAI25-00056395,  (525.33),CAD,Cash,,,"General HR/ Recruiting - Indeed, BambooHR, CertN & LinkedIN",Erin Baile,**** 3741,,,,,,,,5450 HR & Recruiting
2025-03-29T02:11:26,Purchase,Indeed CAI25-00058978,  (525.32),CAD,Cash,,,"General HR/ Recruiting - Indeed, BambooHR, CertN & LinkedIN",Erin Baile,**** 3741,,,,,,,,5450 HR & Recruiting
2025-04-03T02:09:05,Purchase,Indeed CAI25-00061327,  (173.86),CAD,Cash,,,"General HR/ Recruiting - Indeed, BambooHR, CertN & LinkedIN",Erin Baile,**** 3741,,,,,,,,5450 HR & Recruiting
2025-04-14T02:03:47,Purchase,Indeed CAI25-00075385,  (525.09),CAD,Cash,,,"General HR/ Recruiting - Indeed, BambooHR, CertN & LinkedIN",Erin Baile,**** 3741,,,,,,,,5450 HR & Recruiting
2025-04-21T02:01:56,Purchase,Indeed CAI25-00078535,  (525.56),CAD,Cash,,,"General HR/ Recruiting - Indeed, BambooHR, CertN & LinkedIN",Erin Baile,**** 3741,,,,,,,,5450 HR & Recruiting
2025-04-29T02:09:05,Purchase,Indeed CAI25-00081178,  (525.36),CAD,Cash,,,"General HR/ Recruiting - Indeed, BambooHR, CertN & LinkedIN",Erin Baile,**** 3741,,,,,,,,5450 HR & Recruiting
2025-05-03T02:05:52,Purchase,Indeed CAI25-00089042,  (313.99),CAD,Cash,,,"General HR/ Recruiting - Indeed, BambooHR, CertN & LinkedIN",Erin Baile,**** 3741,,,,,,,,5450 HR & Recruiting
2025-05-09T02:15:39,Purchase,Indeed CAI25-00095825,  (525.90),CAD,Cash,,,"General HR/ Recruiting - Indeed, BambooHR, CertN & LinkedIN",Erin Baile,**** 3741,,,,,,,,5450 HR & Recruiting
2025-05-15T02:17:46,Purchase,Indeed CAI25-00098455,  (526.06),CAD,Cash,,,"General HR/ Recruiting - Indeed, BambooHR, CertN & LinkedIN",Erin Baile,**** 3741,,,,,,,,5450 HR & Recruiting
2025-06-03T02:12:01,Purchase,Indeed CAI25-00105709,  (410.93),CAD,Cash,,,"General HR/ Recruiting - Indeed, BambooHR, CertN & LinkedIN",Erin Baile,**** 3741,,,,,,,,5450 HR & Recruiting
2025-06-15T02:04:20,Purchase,Indeed CAI25-00119884,  (525.02),CAD,Cash,,,"General HR/ Recruiting - Indeed, BambooHR, CertN & LinkedIN",Erin Baile,**** 3741,,,,,,,,5450 HR & Recruiting
2025-07-03T02:02:21,Purchase,Indeed CAI25-00127363,  (419.98),CAD,Cash,,,"General HR/ Recruiting - Indeed, BambooHR, CertN & LinkedIN",Erin Baile,**** 3741,,,,,,,,5450 HR & Recruiting
2025-07-08T02:11:11,Purchase,Indeed CAI25-00138493,  (526.29),CAD,Cash,,,"General HR/ Recruiting - Indeed, BambooHR, CertN & LinkedIN",Erin Baile,**** 3741,,,,,,,,5450 HR & Recruiting
2025-07-14T02:12:32,Purchase,Indeed CAI25-00140515,  (527.54),CAD,Cash,,,"General HR/ Recruiting - Indeed, BambooHR, CertN & LinkedIN",Erin Baile,**** 3741,,,,,,,,5450 HR & Recruiting
2025-07-22T02:13:15,Purchase,Indeed CAI25-00143720,  (527.35),CAD,Cash,,,"General HR/ Recruiting - Indeed, BambooHR, CertN & LinkedIN",Erin Baile,**** 3741,,,,,,,,5450 HR & Recruiting
2025-07-26T02:18:25,Purchase,Indeed CAI25-00145612,  (525.32),CAD,Cash,,,"General HR/ Recruiting - Indeed, BambooHR, CertN & LinkedIN",Erin Baile,**** 3741,,,,,,,,5450 HR & Recruiting
2025-08-02T18:28:10,Purchase,Indeed CAI25-00156423,  (361.00),CAD,Cash,,,"General HR/ Recruiting - Indeed, BambooHR, CertN & LinkedIN",Erin Baile,**** 3741,,,,,,,,5450 HR & Recruiting
2025-08-12T02:12:33,Purchase,Indeed CAI25-00161290,  (527.05),CAD,Cash,,,"General HR/ Recruiting - Indeed, BambooHR, CertN & LinkedIN",Erin Baile,**** 3741,,,,,,,,5450 HR & Recruiting
2025-08-19T02:14:08,Purchase,Indeed CAI25-00164070,  (527.65),CAD,Cash,,,"General HR/ Recruiting - Indeed, BambooHR, CertN & LinkedIN",Erin Baile,**** 3741,,,,,,,,5450 HR & Recruiting
2025-08-24T02:12:35,Purchase,Indeed CAI25-00166459,  (525.27),CAD,Cash,,,"General HR/ Recruiting - Indeed, BambooHR, CertN & LinkedIN",Erin Baile,**** 3741,,,,,,,,5450 HR & Recruiting
2025-09-03T02:12:16,Purchase,Indeed CAI25-00168843,  (526.72),CAD,Cash,,,"General HR/ Recruiting - Indeed, BambooHR, CertN & LinkedIN",Erin Baile,**** 3741,,,,,,,,5450 HR & Recruiting
2025-09-03T02:12:35,Purchase,Indeed CAI25-00180766,  (30.28),CAD,Cash,,,"General HR/ Recruiting - Indeed, BambooHR, CertN & LinkedIN",Erin Baile,**** 3741,,,,,,,,5450 HR & Recruiting
2025-09-10T02:06:52,Purchase,Indeed CAI25-00182743,  (525.96),CAD,Cash,,,"General HR/ Recruiting - Indeed, BambooHR, CertN & LinkedIN",Erin Baile,**** 3741,,,,,,,,5450 HR & Recruiting
2025-09-16T02:08:25,Purchase,Indeed CAI25-00185385,  (552.48),CAD,Cash,,,"General HR/ Recruiting - Indeed, BambooHR, CertN & LinkedIN",Erin Baile,**** 3741,,,,,,,,5450 HR & Recruiting
2025-09-21T02:08:30,Purchase,Indeed CAI25-00188059,  (525.26),CAD,Cash,,,"General HR/ Recruiting - Indeed, BambooHR, CertN & LinkedIN",Erin Baile,**** 3741,,,,,,,,5450 HR & Recruiting
2025-09-27T02:10:29,Purchase,Indeed CAI25-00190481,  (526.14),CAD,Cash,,,"General HR/ Recruiting - Indeed, BambooHR, CertN & LinkedIN",Erin Baile,**** 3741,,,,,,,,5450 HR & Recruiting
2025-10-03T02:04:33,Purchase,Indeed CAI25-00195814,  (276.19),CAD,Cash,,,"General HR/ Recruiting - Indeed, BambooHR, CertN & LinkedIN",Erin Baile,**** 3741,,,,,,,,5450 HR & Recruiting
2025-10-16T02:13:12,Purchase,Indeed CAI25-00208058,  (527.61),CAD,Cash,,,"General HR/ Recruiting - Indeed, BambooHR, CertN & LinkedIN",Erin Baile,**** 3741,,,,,,,,5450 HR & Recruiting
2025-10-21T02:09:33,Purchase,Indeed CAI25-00210816,  (535.93),CAD,Cash,,,"General HR/ Recruiting - Indeed, BambooHR, CertN & LinkedIN",Erin Baile,**** 3741,,,,,,,,5450 HR & Recruiting
2025-10-24T22:39:43,Purchase,Indeed CAI25-00213223,  (525.18),CAD,Cash,,,"General HR/ Recruiting - Indeed, BambooHR, CertN & LinkedIN",Erin Baile,**** 3741,,,,,,,,5450 HR & Recruiting
2025-11-02T20:50:29,Purchase,Indeed CAI25-00218256,  (511.28),CAD,Cash,,,"General HR/ Recruiting - Indeed, BambooHR, CertN & LinkedIN",Erin Baile,**** 3741,,,,,,,,5450 HR & Recruiting
2025-12-06T23:50:47,Purchase,Indeed CAI25-00255362,  (525.40),CAD,Cash,,,"General HR/ Recruiting - Indeed, BambooHR, CertN & LinkedIN",Erin Baile,**** 3741,,,,,,,,5450 HR & Recruiting
2025-12-09T00:34:23,Purchase,Indeed CAI25-00256697,  (525.15),CAD,Cash,,,"General HR/ Recruiting - Indeed, BambooHR, CertN & LinkedIN",Erin Baile,**** 3741,,,,,,,,5450 HR & Recruiting
2025-12-11T23:33:52,Purchase,Indeed CAI25-00258162,  (538.46),CAD,Cash,,,"General HR/ Recruiting - Indeed, BambooHR, CertN & LinkedIN",Erin Baile,**** 3741,,,,,,,,5450 HR & Recruiting
2025-12-14T21:21:50,Purchase,Indeed CAI25-00260360,  (540.32),CAD,Cash,,,"General HR/ Recruiting - Indeed, BambooHR, CertN & LinkedIN",Erin Baile,**** 3741,,,,,,,,5450 HR & Recruiting
2025-04-22T06:40:11,Purchase,Indeed IEI25-00181570,  (525.32),CAD,Cash,,,"General HR/ Recruiting - Indeed, BambooHR, CertN & LinkedIN",Erin Baile,**** 3741,,,,,,,,5450 HR & Recruiting
2025-05-03T06:40:18,Purchase,Indeed IEI25-00233106,  (283.66),CAD,Cash,,,"General HR/ Recruiting - Indeed, BambooHR, CertN & LinkedIN",Erin Baile,**** 3741,,,,,,,,5450 HR & Recruiting
2025-05-24T06:49:47,Purchase,Indeed IEI25-00429878,  (525.32),CAD,Cash,,,"General HR/ Recruiting - Indeed, BambooHR, CertN & LinkedIN",Erin Baile,**** 3741,,,,,,,,5450 HR & Recruiting
2025-06-03T06:24:47,Purchase,Indeed IEI25-00600896,  (235.38),CAD,Cash,,,"General HR/ Recruiting - Indeed, BambooHR, CertN & LinkedIN",Erin Baile,**** 3741,,,,,,,,5450 HR & Recruiting
2025-09-21T06:25:23,Purchase,Indeed IEI25-01412728,  (525.84),CAD,Cash,,,"General HR/ Recruiting - Indeed, BambooHR, CertN & LinkedIN",Erin Baile,**** 3741,,,,,,,,5450 HR & Recruiting
2025-10-03T06:28:33,Purchase,Indeed IEI25-01626640,  (119.91),CAD,Cash,,,"General HR/ Recruiting - Indeed, BambooHR, CertN & LinkedIN",Erin Baile,**** 3741,,,,,,,,5450 HR & Recruiting
2025-01-02T06:16:23,Purchase,LinkedIn JOB 10116055356,"  (1,032.64)",CAD,Cash,,,"General HR/ Recruiting - Indeed, BambooHR, CertN & LinkedIN",Erin Baile,**** 3741,,,,,,,,5450 HR & Recruiting
2025-01-04T06:21:50,Purchase,LinkedIn JOB 10119062716,"  (1,032.64)",CAD,Cash,,,"General HR/ Recruiting - Indeed, BambooHR, CertN & LinkedIN",Erin Baile,**** 3741,,,,,,,,5450 HR & Recruiting
2025-01-06T06:16:15,Purchase,LinkedIn JOB 10121749136,"  (1,032.64)",CAD,Cash,,,"General HR/ Recruiting - Indeed, BambooHR, CertN & LinkedIN",Erin Baile,**** 3741,,,,,,,,5450 HR & Recruiting
2025-01-08T06:21:17,Purchase,LinkedIn JOB 10125176566,"  (1,032.64)",CAD,Cash,,,"General HR/ Recruiting - Indeed, BambooHR, CertN & LinkedIN",Erin Baile,**** 3741,,,,,,,,5450 HR & Recruiting
2025-01-10T06:21:17,Purchase,LinkedIn JOB 10129485526,"  (1,032.64)",CAD,Cash,,,"General HR/ Recruiting - Indeed, BambooHR, CertN & LinkedIN",Erin Baile,**** 3741,,,,,,,,5450 HR & Recruiting
2025-01-18T06:21:00,Purchase,LinkedIn JOB 10144219946,"  (1,348.47)",CAD,Cash,,,"General HR/ Recruiting - Indeed, BambooHR, CertN & LinkedIN",Erin Baile,**** 3741,,,,,,,,5450 HR & Recruiting
2025-02-03T06:18:47,Purchase,LinkedIn JOB 10170845826,  (827.47),CAD,Cash,,,"General HR/ Recruiting - Indeed, BambooHR, CertN & LinkedIN",Erin Baile,**** 3741,,,,,,,,5450 HR & Recruiting
2025-02-14T06:38:51,Purchase,LinkedIn JOB 10192571446,  (858.46),CAD,Cash,,,"General HR/ Recruiting - Indeed, BambooHR, CertN & LinkedIN",Erin Baile,**** 3741,,,,,,,,5450 HR & Recruiting
2025-02-24T06:23:34,Purchase,LinkedIn JOB 10209704926,  (984.09),CAD,Cash,,,"General HR/ Recruiting - Indeed, BambooHR, CertN & LinkedIN",Erin Baile,**** 3741,,,,,,,,5450 HR & Recruiting
2025-02-26T06:18:39,Purchase,LinkedIn JOB 10212635576,  (954.24),CAD,Cash,,,"General HR/ Recruiting - Indeed, BambooHR, CertN & LinkedIN",Erin Baile,**** 3741,,,,,,,,5450 HR & Recruiting
2025-02-28T06:25:45,Purchase,LinkedIn JOB 10216861366,  (904.21),CAD,Cash,,,"General HR/ Recruiting - Indeed, BambooHR, CertN & LinkedIN",Erin Baile,**** 3741,,,,,,,,5450 HR & Recruiting
2025-03-06T06:25:08,Purchase,LinkedIn JOB 10228661856,  (917.10),CAD,Cash,,,"General HR/ Recruiting - Indeed, BambooHR, CertN & LinkedIN",Erin Baile,**** 3741,,,,,,,,5450 HR & Recruiting
2025-03-16T06:21:35,Purchase,LinkedIn JOB 10245656466,  (859.28),CAD,Cash,,,"General HR/ Recruiting - Indeed, BambooHR, CertN & LinkedIN",Erin Baile,**** 3741,,,,,,,,5450 HR & Recruiting
2025-03-21T06:20:10,Purchase,LinkedIn JOB 10254416486,  (823.03),CAD,Cash,,,"General HR/ Recruiting - Indeed, BambooHR, CertN & LinkedIN",Erin Baile,**** 3741,,,,,,,,5450 HR & Recruiting
2025-03-26T06:30:09,Purchase,LinkedIn JOB 10261846466,  (817.60),CAD,Cash,,,"General HR/ Recruiting - Indeed, BambooHR, CertN & LinkedIN",Erin Baile,**** 3741,,,,,,,,5450 HR & Recruiting
2025-03-30T06:20:18,Purchase,LinkedIn JOB 10269792746,  (623.84),CAD,Cash,,,"General HR/ Recruiting - Indeed, BambooHR, CertN & LinkedIN",Erin Baile,**** 3741,,,,,,,,5450 HR & Recruiting
2025-04-03T06:26:44,Purchase,LinkedIn JOB 10274495846,  (931.30),CAD,Cash,,,"General HR/ Recruiting - Indeed, BambooHR, CertN & LinkedIN",Erin Baile,**** 3741,,,,,,,,5450 HR & Recruiting
2025-04-07T06:26:40,Purchase,LinkedIn JOB 10281166246,"  (1,144.83)",CAD,Cash,,,"General HR/ Recruiting - Indeed, BambooHR, CertN & LinkedIN",Erin Baile,**** 3741,,,,,,,,5450 HR & Recruiting
2025-04-10T06:21:39,Purchase,LinkedIn JOB 10286273286,"  (1,259.18)",CAD,Cash,,,"General HR/ Recruiting - Indeed, BambooHR, CertN & LinkedIN",Erin Baile,**** 3741,,,,,,,,5450 HR & Recruiting
2025-04-13T06:21:39,Purchase,LinkedIn JOB 10291047176,  (936.25),CAD,Cash,,,"General HR/ Recruiting - Indeed, BambooHR, CertN & LinkedIN",Erin Baile,**** 3741,,,,,,,,5450 HR & Recruiting
2025-04-23T06:20:59,Purchase,LinkedIn JOB 10305916406,  (983.25),CAD,Cash,,,"General HR/ Recruiting - Indeed, BambooHR, CertN & LinkedIN",Erin Baile,**** 3741,,,,,,,,5450 HR & Recruiting
2025-05-28T06:38:26,Purchase,LinkedIn JOB 10356923006,  (822.75),CAD,Cash,,,"General HR/ Recruiting - Indeed, BambooHR, CertN & LinkedIN",Erin Baile,**** 3741,,,,,,,,5450 HR & Recruiting
2025-04-25T06:25:40,Purchase,LinkedIn JOB 11006756894,  (635.96),CAD,Cash,,,"General HR/ Recruiting - Indeed, BambooHR, CertN & LinkedIN",Erin Baile,**** 3741,,,,,,,,5450 HR & Recruiting
2025-06-19T02:09:12,Purchase,LinkedIn JOB P455113226,  (665.43),CAD,Cash,,,"General HR/ Recruiting - Indeed, BambooHR, CertN & LinkedIN",Erin Baile,**** 3741,,,,,,,,5450 HR & Recruiting
2025-07-12T16:54:53,Purchase,LinkedIn JOB P489607186,  (473.85),CAD,Cash,,,"General HR/ Recruiting - Indeed, BambooHR, CertN & LinkedIN",Erin Baile,**** 3741,,,,,,,,5450 HR & Recruiting
2025-07-23T02:14:13,Purchase,LinkedIn JOB P503054886,  (403.17),CAD,Cash,,,"General HR/ Recruiting - Indeed, BambooHR, CertN & LinkedIN",Erin Baile,**** 3741,,,,,,,,5450 HR & Recruiting
2025-08-07T04:25:03,Purchase,LinkedIn JOB P525374386,  (834.76),CAD,Cash,,,"General HR/ Recruiting - Indeed, BambooHR, CertN & LinkedIN",Erin Baile,**** 3741,,,,,,,,5450 HR & Recruiting
2025-08-18T05:53:48,Purchase,LinkedIn JOB P540611406,  (853.35),CAD,Cash,,,"General HR/ Recruiting - Indeed, BambooHR, CertN & LinkedIN",Erin Baile,**** 3741,,,,,,,,5450 HR & Recruiting
2025-08-20T02:09:49,Purchase,LinkedIn JOB P542240836,  (151.03),CAD,Cash,,,"General HR/ Recruiting - Indeed, BambooHR, CertN & LinkedIN",Erin Baile,**** 3741,,,,,,,,5450 HR & Recruiting
2025-09-05T03:41:22,Purchase,LinkedIn JOB P567016206,  (791.54),CAD,Cash,,,"General HR/ Recruiting - Indeed, BambooHR, CertN & LinkedIN",Erin Baile,**** 3741,,,,,,,,5450 HR & Recruiting
2025-09-15T05:42:39,Purchase,LinkedIn JOB P580774056,  (782.96),CAD,Cash,,,"General HR/ Recruiting - Indeed, BambooHR, CertN & LinkedIN",Erin Baile,**** 3741,,,,,,,,5450 HR & Recruiting
2025-09-20T02:08:18,Purchase,LinkedIn JOB P587145326,  (164.20),CAD,Cash,,,"General HR/ Recruiting - Indeed, BambooHR, CertN & LinkedIN",Erin Baile,**** 3741,,,,,,,,5450 HR & Recruiting
2025-10-02T02:08:04,Purchase,LinkedIn JOB P604549646,  (560.00),CAD,Cash,,,"General HR/ Recruiting - Indeed, BambooHR, CertN & LinkedIN",Erin Baile,**** 3741,,,,,,,,5450 HR & Recruiting
2025-12-08T06:16:03,Purchase,LinkedIn JOB P699614946,  (924.57),CAD,Cash,,,"General HR/ Recruiting - Indeed, BambooHR, CertN & LinkedIN",Erin Baile,**** 3741,,,,,,,,5450 HR & Recruiting
2025-12-10T04:57:41,Purchase,LinkedIn JOB P702647036,  (814.24),CAD,Cash,,,"General HR/ Recruiting - Indeed, BambooHR, CertN & LinkedIN",Erin Baile,**** 3741,,,,,,,,5450 HR & Recruiting
2025-09-02T06:31:41,Purchase,LinkedIn P561971236,  (140.00),CAD,Cash,,,,Hector Alfonso Pertierra Marin,**** 8662,,,,,,,,5450 HR & Recruiting
2025-09-21T06:25:18,Purchase,LinkedIn P589002856,  (159.99),CAD,Cash,,,,Hector Alfonso Pertierra Marin,**** 8662,,,,,,,,5450 HR & Recruiting
2025-10-02T06:18:47,Purchase,LinkedIn P605937726,  (148.02),CAD,Cash,,,,Hector Alfonso Pertierra Marin,**** 8662,,,,,,,,5450 HR & Recruiting
2025-01-27T01:13:01,Purchase,LinkedIn Recruiter P26827,  (521.57),CAD,Cash,,,"General HR/ Recruiting - Indeed, BambooHR, CertN & LinkedIN",Erin Baile,**** 3741,,,,,,,,5450 HR & Recruiting
2025-02-06T01:34:33,Purchase,LinkedIn Recruiter P27928,  (220.92),CAD,Cash,,,"General HR/ Recruiting - Indeed, BambooHR, CertN & LinkedIN",Erin Baile,**** 3741,,,,,,,,5450 HR & Recruiting
2025-02-27T01:18:27,Purchase,LinkedIn Recruiter P30654,  (841.56),CAD,Cash,,,"General HR/ Recruiting - Indeed, BambooHR, CertN & LinkedIN",Erin Baile,**** 3741,,,,,,,,5450 HR & Recruiting
2025-03-27T02:18:57,Purchase,LinkedIn Recruiter P34606,  (841.56),CAD,Cash,,,"General HR/ Recruiting - Indeed, BambooHR, CertN & LinkedIN",Erin Baile,**** 3741,,,,,,,,5450 HR & Recruiting
2025-04-28T02:12:44,Purchase,LinkedIn Recruiter P38417,  (841.56),CAD,Cash,,,"General HR/ Recruiting - Indeed, BambooHR, CertN & LinkedIN",Erin Baile,**** 3741,,,,,,,,5450 HR & Recruiting
2025-05-27T02:13:48,Purchase,LinkedIn Recruiter P42424,  (841.56),CAD,Cash,,,"General HR/ Recruiting - Indeed, BambooHR, CertN & LinkedIN",Erin Baile,**** 3741,,,,,,,,5450 HR & Recruiting
2025-06-27T04:02:51,Purchase,LinkedIn Recruiter P46766,  (841.56),CAD,Cash,,,"General HR/ Recruiting - Indeed, BambooHR, CertN & LinkedIN",Erin Baile,**** 3741,,,,,,,,5450 HR & Recruiting
2025-07-04T02:17:33,Purchase,LinkedIn Recruiter P47721,  (483.92),CAD,Cash,,,"General HR/ Recruiting - Indeed, BambooHR, CertN & LinkedIN",Erin Baile,**** 3741,,,,,,,,5450 HR & Recruiting
2025-07-27T02:20:16,Purchase,LinkedIn Recruiter P50940,"  (1,481.52)",CAD,Cash,,,"General HR/ Recruiting - Indeed, BambooHR, CertN & LinkedIN",Erin Baile,**** 3741,,,,,,,,5450 HR & Recruiting
2025-08-27T02:17:44,Purchase,LinkedIn Recruiter P55352,"  (1,481.52)",CAD,Cash,,,"General HR/ Recruiting - Indeed, BambooHR, CertN & LinkedIN",Erin Baile,**** 3741,,,,,,,,5450 HR & Recruiting
2025-09-27T03:09:49,Purchase,LinkedIn Recruiter P59886,"  (1,481.52)",CAD,Cash,,,"General HR/ Recruiting - Indeed, BambooHR, CertN & LinkedIN",Erin Baile,**** 3741,,,,,,,,5450 HR & Recruiting
2025-10-27T01:01:40,Purchase,LinkedIn Recruiter P64127,"  (1,481.52)",CAD,Cash,,,"General HR/ Recruiting - Indeed, BambooHR, CertN & LinkedIN",Erin Baile,**** 3741,,,,,,,,5450 HR & Recruiting
2025-11-26T23:05:06,Purchase,LinkedIn Recruiter P68392,"  (1,481.52)",CAD,Cash,,,"General HR/ Recruiting - Indeed, BambooHR, CertN & LinkedIN",Erin Baile,**** 3741,,,,,,,,5450 HR & Recruiting
2025-02-23T01:13:35,Purchase,LinkedInPre *02025356,  (53.32),CAD,Cash,,,"General HR/ Recruiting - Indeed, BambooHR, CertN & LinkedIN",Erin Baile,**** 3741,,,,,,,,5450 HR & Recruiting
2025-03-23T02:13:38,Purchase,LinkedInPre *41108306,  (53.32),CAD,Cash,,,"General HR/ Recruiting - Indeed, BambooHR, CertN & LinkedIN",Erin Baile,**** 3741,,,,,,,,5450 HR & Recruiting
2025-03-29T02:15:16,Purchase,LinkedInPre *49510736,  (40.00),CAD,Cash,,,"General HR/ Recruiting - Indeed, BambooHR, CertN & LinkedIN",Erin Baile,**** 3741,,,,,,,,5450 HR & Recruiting
2025-03-01T01:18:46,Purchase,LinkedInPre *53735574,  (40.00),CAD,Cash,,,"General HR/ Recruiting - Indeed, BambooHR, CertN & LinkedIN",Erin Baile,**** 3741,,,,,,,,5450 HR & Recruiting
2025-01-23T02:15:34,Purchase,LinkedInPre *63912016,  (53.32),CAD,Cash,,,"General HR/ Recruiting - Indeed, BambooHR, CertN & LinkedIN",Erin Baile,**** 3741,,,,,,,,5450 HR & Recruiting
2025-04-23T02:15:10,Purchase,LinkedInPre *80566526,  (53.32),CAD,Cash,,,"General HR/ Recruiting - Indeed, BambooHR, CertN & LinkedIN",Erin Baile,**** 3741,,,,,,,,5450 HR & Recruiting
2025-04-29T02:10:22,Purchase,LinkedInPre *86197486,  (40.00),CAD,Cash,,,"General HR/ Recruiting - Indeed, BambooHR, CertN & LinkedIN",Erin Baile,**** 3741,,,,,,,,5450 HR & Recruiting
2025-01-31T01:11:23,Purchase,LinkedInPre *95956594,  (40.00),CAD,Cash,,,"General HR/ Recruiting - Indeed, BambooHR, CertN & LinkedIN",Erin Baile,**** 3741,,,,,,,,5450 HR & Recruiting
2025-09-29T02:11:54,Purchase,LinkedInPreA *01125096,  (40.00),CAD,Cash,,,"General HR/ Recruiting - Indeed, BambooHR, CertN & LinkedIN",Erin Baile,**** 3741,,,,,,,,5450 HR & Recruiting
2025-07-23T02:22:10,Purchase,LinkedInPreA *03997776,  (53.32),CAD,Cash,,,"General HR/ Recruiting - Indeed, BambooHR, CertN & LinkedIN",Erin Baile,**** 3741,,,,,,,,5450 HR & Recruiting
2025-07-29T02:15:42,Purchase,LinkedInPreA *12043896,  (40.00),CAD,Cash,,,"General HR/ Recruiting - Indeed, BambooHR, CertN & LinkedIN",Erin Baile,**** 3741,,,,,,,,5450 HR & Recruiting
2025-05-23T02:20:21,Purchase,LinkedInPreA *19315636,  (53.32),CAD,Cash,,,"General HR/ Recruiting - Indeed, BambooHR, CertN & LinkedIN",Erin Baile,**** 3741,,,,,,,,5450 HR & Recruiting
2025-12-23T00:23:47,Purchase,LinkedInPreA *23673196,  (53.32),CAD,Cash,,,"General HR/ Recruiting - Indeed, BambooHR, CertN & LinkedIN",Erin Baile,**** 3741,,,,,,,,5450 HR & Recruiting
2025-08-29T02:12:11,Purchase,LinkedInPreA *26183333,  (40.00),CAD,Cash,,,"General HR/ Recruiting - Indeed, BambooHR, CertN & LinkedIN",Erin Baile,**** 3741,,,,,,,,5450 HR & Recruiting
2025-05-29T02:13:11,Purchase,LinkedInPreA *27715326,  (40.00),CAD,Cash,,,"General HR/ Recruiting - Indeed, BambooHR, CertN & LinkedIN",Erin Baile,**** 3741,,,,,,,,5450 HR & Recruiting
2025-12-28T22:06:07,Purchase,LinkedInPreA *32228236,  (40.00),CAD,Cash,,,"General HR/ Recruiting - Indeed, BambooHR, CertN & LinkedIN",Erin Baile,**** 3741,,,,,,,,5450 HR & Recruiting
2025-10-23T02:21:23,Purchase,LinkedInPreA *36144026,  (53.32),CAD,Cash,,,"General HR/ Recruiting - Indeed, BambooHR, CertN & LinkedIN",Erin Baile,**** 3741,,,,,,,,5450 HR & Recruiting
2025-10-28T23:54:28,Purchase,LinkedInPreA *44374036,  (40.00),CAD,Cash,,,"General HR/ Recruiting - Indeed, BambooHR, CertN & LinkedIN",Erin Baile,**** 3741,,,,,,,,5450 HR & Recruiting
2025-08-23T02:12:19,Purchase,LinkedInPreA *48139926,  (53.32),CAD,Cash,,,"General HR/ Recruiting - Indeed, BambooHR, CertN & LinkedIN",Erin Baile,**** 3741,,,,,,,,5450 HR & Recruiting
2025-06-23T02:13:50,Purchase,LinkedInPreA *62237066,  (53.32),CAD,Cash,,,"General HR/ Recruiting - Indeed, BambooHR, CertN & LinkedIN",Erin Baile,**** 3741,,,,,,,,5450 HR & Recruiting
2025-06-29T02:05:48,Purchase,LinkedInPreA *70518716,  (40.00),CAD,Cash,,,"General HR/ Recruiting - Indeed, BambooHR, CertN & LinkedIN",Erin Baile,**** 3741,,,,,,,,5450 HR & Recruiting
2025-11-22T23:51:25,Purchase,LinkedInPreA *78430216,  (53.32),CAD,Cash,,,"General HR/ Recruiting - Indeed, BambooHR, CertN & LinkedIN",Erin Baile,**** 3741,,,,,,,,5450 HR & Recruiting
2025-11-28T23:09:50,Purchase,LinkedInPreA *86714206,  (40.00),CAD,Cash,,,"General HR/ Recruiting - Indeed, BambooHR, CertN & LinkedIN",Erin Baile,**** 3741,,,,,,,,5450 HR & Recruiting
2025-09-23T02:11:50,Purchase,LinkedInPreA *92117256,  (53.32),CAD,Cash,,,"General HR/ Recruiting - Indeed, BambooHR, CertN & LinkedIN",Erin Baile,**** 3741,,,,,,,,5450 HR & Recruiting
2025-09-10T02:12:06,Purchase,LinkedInPreC *03387534,  (40.00),CAD,Cash,,,,Erin Baile,**** 7197,,,,,,,,5450 HR & Recruiting
2025-10-07T02:12:48,Purchase,POLLY,"  (1,514.04)",CAD,Cash,,,"General HR/ Recruiting - Indeed, BambooHR, CertN & LinkedIN",Erin Baile,**** 3741,,,,,,,,5450 HR & Recruiting
2025-09-04T02:19:19,Purchase,TECH + PEOPLE NETWORK,"  (3,039.75)",CAD,Cash,,,,Erin Baile,**** 7197,,,,,,,,5450 HR & Recruiting
2025-04-17T04:34:53,Purchase,TECH TALENT NORTH - WE,"  (1,609.29)",CAD,Cash,,,"3X tickets - Kevin, Juan & Erin",Erin Baile,**** 7197,,,,,,,,5450 HR & Recruiting
2025-01-09T05:51:52,Purchase,TRUSTII,  (31.36),CAD,Cash,,,"General HR/ Recruiting - Indeed, BambooHR, CertN & LinkedIN",Erin Baile,**** 3741,,,,,,,,5450 HR & Recruiting
2025-01-10T05:44:01,Purchase,TRUSTII,  (31.36),CAD,Cash,,,"General HR/ Recruiting - Indeed, BambooHR, CertN & LinkedIN",Erin Baile,**** 3741,,,,,,,,5450 HR & Recruiting
2025-01-10T05:44:53,Purchase,TRUSTII,  (31.36),CAD,Cash,,,"General HR/ Recruiting - Indeed, BambooHR, CertN & LinkedIN",Erin Baile,**** 3741,,,,,,,,5450 HR & Recruiting
2025-01-11T01:31:12,Purchase,TRUSTII,  (31.36),CAD,Cash,,,"General HR/ Recruiting - Indeed, BambooHR, CertN & LinkedIN",Erin Baile,**** 3741,,,,,,,,5450 HR & Recruiting
2025-01-11T01:33:09,Purchase,TRUSTII,  (31.36),CAD,Cash,,,"General HR/ Recruiting - Indeed, BambooHR, CertN & LinkedIN",Erin Baile,**** 3741,,,,,,,,5450 HR & Recruiting
2025-01-11T01:33:27,Purchase,TRUSTII,  (31.36),CAD,Cash,,,"General HR/ Recruiting - Indeed, BambooHR, CertN & LinkedIN",Erin Baile,**** 3741,,,,,,,,5450 HR & Recruiting
2025-01-12T04:09:29,Purchase,TRUSTII,  (31.36),CAD,Cash,,,"General HR/ Recruiting - Indeed, BambooHR, CertN & LinkedIN",Erin Baile,**** 3741,,,,,,,,5450 HR & Recruiting
2025-01-14T03:09:18,Purchase,TRUSTII,  (31.36),CAD,Cash,,,"General HR/ Recruiting - Indeed, BambooHR, CertN & LinkedIN",Erin Baile,**** 3741,,,,,,,,5450 HR & Recruiting
2025-01-14T03:09:19,Purchase,TRUSTII,  (31.36),CAD,Cash,,,"General HR/ Recruiting - Indeed, BambooHR, CertN & LinkedIN",Erin Baile,**** 3741,,,,,,,,5450 HR & Recruiting
2025-01-15T01:44:33,Purchase,TRUSTII,  (31.36),CAD,Cash,,,"General HR/ Recruiting - Indeed, BambooHR, CertN & LinkedIN",Erin Baile,**** 3741,,,,,,,,5450 HR & Recruiting
2025-01-15T05:48:13,Purchase,TRUSTII,  (31.36),CAD,Cash,,,"General HR/ Recruiting - Indeed, BambooHR, CertN & LinkedIN",Erin Baile,**** 3741,,,,,,,,5450 HR & Recruiting
2025-01-16T01:39:20,Purchase,TRUSTII,  (31.36),CAD,Cash,,,"General HR/ Recruiting - Indeed, BambooHR, CertN & LinkedIN",Erin Baile,**** 3741,,,,,,,,5450 HR & Recruiting
2025-01-16T01:40:27,Purchase,TRUSTII,  (31.36),CAD,Cash,,,"General HR/ Recruiting - Indeed, BambooHR, CertN & LinkedIN",Erin Baile,**** 3741,,,,,,,,5450 HR & Recruiting
2025-01-17T01:16:08,Purchase,TRUSTII,  (31.36),CAD,Cash,,,"General HR/ Recruiting - Indeed, BambooHR, CertN & LinkedIN",Erin Baile,**** 3741,,,,,,,,5450 HR & Recruiting
2025-01-17T05:30:41,Purchase,TRUSTII,  (31.36),CAD,Cash,,,"General HR/ Recruiting - Indeed, BambooHR, CertN & LinkedIN",Erin Baile,**** 3741,,,,,,,,5450 HR & Recruiting
2025-01-18T01:01:26,Purchase,TRUSTII,  (31.36),CAD,Cash,,,"General HR/ Recruiting - Indeed, BambooHR, CertN & LinkedIN",Erin Baile,**** 3741,,,,,,,,5450 HR & Recruiting
2025-01-20T04:47:07,Purchase,TRUSTII,  (31.36),CAD,Cash,,,"General HR/ Recruiting - Indeed, BambooHR, CertN & LinkedIN",Erin Baile,**** 3741,,,,,,,,5450 HR & Recruiting
2025-01-24T01:12:01,Purchase,TRUSTII,  (16.80),CAD,Cash,,,"General HR/ Recruiting - Indeed, BambooHR, CertN & LinkedIN",Erin Baile,**** 3741,,,,,,,,5450 HR & Recruiting
2025-01-24T01:14:58,Purchase,TRUSTII,  (16.80),CAD,Cash,,,"General HR/ Recruiting - Indeed, BambooHR, CertN & LinkedIN",Erin Baile,**** 3741,,,,,,,,5450 HR & Recruiting
2025-01-24T05:41:57,Purchase,TRUSTII,  (31.36),CAD,Cash,,,"General HR/ Recruiting - Indeed, BambooHR, CertN & LinkedIN",Erin Baile,**** 3741,,,,,,,,5450 HR & Recruiting
2025-01-24T05:44:02,Purchase,TRUSTII,  (31.36),CAD,Cash,,,"General HR/ Recruiting - Indeed, BambooHR, CertN & LinkedIN",Erin Baile,**** 3741,,,,,,,,5450 HR & Recruiting
2025-01-25T01:10:09,Purchase,TRUSTII,  (31.36),CAD,Cash,,,"General HR/ Recruiting - Indeed, BambooHR, CertN & LinkedIN",Erin Baile,**** 3741,,,,,,,,5450 HR & Recruiting
2025-01-25T01:15:03,Purchase,TRUSTII,  (16.80),CAD,Cash,,,"General HR/ Recruiting - Indeed, BambooHR, CertN & LinkedIN",Erin Baile,**** 3741,,,,,,,,5450 HR & Recruiting
2025-01-25T01:18:53,Purchase,TRUSTII,  (31.36),CAD,Cash,,,"General HR/ Recruiting - Indeed, BambooHR, CertN & LinkedIN",Erin Baile,**** 3741,,,,,,,,5450 HR & Recruiting
2025-01-25T05:19:27,Purchase,TRUSTII,  (31.36),CAD,Cash,,,"General HR/ Recruiting - Indeed, BambooHR, CertN & LinkedIN",Erin Baile,**** 3741,,,,,,,,5450 HR & Recruiting
2025-01-29T05:44:57,Purchase,TRUSTII,  (31.36),CAD,Cash,,,"General HR/ Recruiting - Indeed, BambooHR, CertN & LinkedIN",Erin Baile,**** 3741,,,,,,,,5450 HR & Recruiting
2025-02-01T04:08:31,Purchase,TRUSTII,  (31.36),CAD,Cash,,,"General HR/ Recruiting - Indeed, BambooHR, CertN & LinkedIN",Erin Baile,**** 3741,,,,,,,,5450 HR & Recruiting
2025-02-04T01:58:35,Purchase,TRUSTII,  (31.36),CAD,Cash,,,"General HR/ Recruiting - Indeed, BambooHR, CertN & LinkedIN",Erin Baile,**** 3741,,,,,,,,5450 HR & Recruiting
2025-02-04T02:01:12,Purchase,TRUSTII,  (31.36),CAD,Cash,,,"General HR/ Recruiting - Indeed, BambooHR, CertN & LinkedIN",Erin Baile,**** 3741,,,,,,,,5450 HR & Recruiting
2025-02-06T01:43:47,Purchase,TRUSTII,  (31.36),CAD,Cash,,,"General HR/ Recruiting - Indeed, BambooHR, CertN & LinkedIN",Erin Baile,**** 3741,,,,,,,,5450 HR & Recruiting
2025-02-06T01:46:22,Purchase,TRUSTII,  (31.36),CAD,Cash,,,"General HR/ Recruiting - Indeed, BambooHR, CertN & LinkedIN",Erin Baile,**** 3741,,,,,,,,5450 HR & Recruiting
2025-02-06T05:43:19,Purchase,TRUSTII,  (31.36),CAD,Cash,,,"General HR/ Recruiting - Indeed, BambooHR, CertN & LinkedIN",Erin Baile,**** 3741,,,,,,,,5450 HR & Recruiting
2025-02-06T05:43:51,Purchase,TRUSTII,  (31.36),CAD,Cash,,,"General HR/ Recruiting - Indeed, BambooHR, CertN & LinkedIN",Erin Baile,**** 3741,,,,,,,,5450 HR & Recruiting
2025-02-08T04:12:37,Purchase,TRUSTII,  (31.36),CAD,Cash,,,"General HR/ Recruiting - Indeed, BambooHR, CertN & LinkedIN",Erin Baile,**** 3741,,,,,,,,5450 HR & Recruiting
2025-02-11T01:09:54,Purchase,TRUSTII,  (31.36),CAD,Cash,,,"General HR/ Recruiting - Indeed, BambooHR, CertN & LinkedIN",Erin Baile,**** 3741,,,,,,,,5450 HR & Recruiting
2025-02-12T01:30:44,Purchase,TRUSTII,  (31.36),CAD,Cash,,,"General HR/ Recruiting - Indeed, BambooHR, CertN & LinkedIN",Erin Baile,**** 3741,,,,,,,,5450 HR & Recruiting
2025-02-12T01:31:05,Purchase,TRUSTII,  (31.36),CAD,Cash,,,"General HR/ Recruiting - Indeed, BambooHR, CertN & LinkedIN",Erin Baile,**** 3741,,,,,,,,5450 HR & Recruiting
2025-02-12T05:38:36,Purchase,TRUSTII,  (31.36),CAD,Cash,,,"General HR/ Recruiting - Indeed, BambooHR, CertN & LinkedIN",Erin Baile,**** 3741,,,,,,,,5450 HR & Recruiting
2025-02-13T05:48:42,Purchase,TRUSTII,  (31.36),CAD,Cash,,,"General HR/ Recruiting - Indeed, BambooHR, CertN & LinkedIN",Erin Baile,**** 3741,,,,,,,,5450 HR & Recruiting
2025-02-14T01:15:30,Purchase,TRUSTII,  (31.36),CAD,Cash,,,"General HR/ Recruiting - Indeed, BambooHR, CertN & LinkedIN",Erin Baile,**** 3741,,,,,,,,5450 HR & Recruiting
2025-02-15T04:53:48,Purchase,TRUSTII,  (31.36),CAD,Cash,,,"General HR/ Recruiting - Indeed, BambooHR, CertN & LinkedIN",Erin Baile,**** 3741,,,,,,,,5450 HR & Recruiting
2025-02-15T16:49:30,Purchase,TRUSTII,  (31.36),CAD,Cash,,,"General HR/ Recruiting - Indeed, BambooHR, CertN & LinkedIN",Erin Baile,**** 3741,,,,,,,,5450 HR & Recruiting
2025-02-15T16:49:39,Purchase,TRUSTII,  (31.36),CAD,Cash,,,"General HR/ Recruiting - Indeed, BambooHR, CertN & LinkedIN",Erin Baile,**** 3741,,,,,,,,5450 HR & Recruiting
2025-02-19T01:26:27,Purchase,TRUSTII,  (31.36),CAD,Cash,,,"General HR/ Recruiting - Indeed, BambooHR, CertN & LinkedIN",Erin Baile,**** 3741,,,,,,,,5450 HR & Recruiting
2025-02-19T05:54:02,Purchase,TRUSTII,  (31.36),CAD,Cash,,,"General HR/ Recruiting - Indeed, BambooHR, CertN & LinkedIN",Erin Baile,**** 3741,,,,,,,,5450 HR & Recruiting
2025-02-20T01:37:18,Purchase,TRUSTII,  (31.36),CAD,Cash,,,"General HR/ Recruiting - Indeed, BambooHR, CertN & LinkedIN",Erin Baile,**** 3741,,,,,,,,5450 HR & Recruiting
2025-02-25T05:28:29,Purchase,TRUSTII,  (31.36),CAD,Cash,,,"General HR/ Recruiting - Indeed, BambooHR, CertN & LinkedIN",Erin Baile,**** 3741,,,,,,,,5450 HR & Recruiting
2025-02-26T03:59:56,Purchase,TRUSTII,  (31.36),CAD,Cash,,,"General HR/ Recruiting - Indeed, BambooHR, CertN & LinkedIN",Erin Baile,**** 3741,,,,,,,,5450 HR & Recruiting
2025-02-26T03:59:57,Purchase,TRUSTII,  (31.36),CAD,Cash,,,"General HR/ Recruiting - Indeed, BambooHR, CertN & LinkedIN",Erin Baile,**** 3741,,,,,,,,5450 HR & Recruiting
2025-02-27T03:51:29,Purchase,TRUSTII,  (31.36),CAD,Cash,,,"General HR/ Recruiting - Indeed, BambooHR, CertN & LinkedIN",Erin Baile,**** 3741,,,,,,,,5450 HR & Recruiting
2025-02-27T03:51:33,Purchase,TRUSTII,  (31.36),CAD,Cash,,,"General HR/ Recruiting - Indeed, BambooHR, CertN & LinkedIN",Erin Baile,**** 3741,,,,,,,,5450 HR & Recruiting
2025-02-28T03:29:13,Purchase,TRUSTII,  (31.36),CAD,Cash,,,"General HR/ Recruiting - Indeed, BambooHR, CertN & LinkedIN",Erin Baile,**** 3741,,,,,,,,5450 HR & Recruiting
2025-03-01T01:18:55,Purchase,TRUSTII,  (31.36),CAD,Cash,,,"General HR/ Recruiting - Indeed, BambooHR, CertN & LinkedIN",Erin Baile,**** 3741,,,,,,,,5450 HR & Recruiting
2025-03-04T01:16:39,Purchase,TRUSTII,  (31.36),CAD,Cash,,,"General HR/ Recruiting - Indeed, BambooHR, CertN & LinkedIN",Erin Baile,**** 3741,,,,,,,,5450 HR & Recruiting
2025-03-04T04:30:27,Purchase,TRUSTII,  (31.36),CAD,Cash,,,"General HR/ Recruiting - Indeed, BambooHR, CertN & LinkedIN",Erin Baile,**** 3741,,,,,,,,5450 HR & Recruiting
2025-03-05T04:20:42,Purchase,TRUSTII,  (31.36),CAD,Cash,,,"General HR/ Recruiting - Indeed, BambooHR, CertN & LinkedIN",Erin Baile,**** 3741,,,,,,,,5450 HR & Recruiting
2025-03-06T04:15:41,Purchase,TRUSTII,  (31.36),CAD,Cash,,,"General HR/ Recruiting - Indeed, BambooHR, CertN & LinkedIN",Erin Baile,**** 3741,,,,,,,,5450 HR & Recruiting
2025-03-06T04:16:00,Purchase,TRUSTII,  (31.36),CAD,Cash,,,"General HR/ Recruiting - Indeed, BambooHR, CertN & LinkedIN",Erin Baile,**** 3741,,,,,,,,5450 HR & Recruiting
2025-03-06T06:20:00,Purchase,TRUSTII,  (31.36),CAD,Cash,,,"General HR/ Recruiting - Indeed, BambooHR, CertN & LinkedIN",Erin Baile,**** 3741,,,,,,,,5450 HR & Recruiting
2025-03-07T01:07:58,Purchase,TRUSTII,  (31.36),CAD,Cash,,,"General HR/ Recruiting - Indeed, BambooHR, CertN & LinkedIN",Erin Baile,**** 3741,,,,,,,,5450 HR & Recruiting
2025-03-07T06:14:54,Purchase,TRUSTII,  (31.36),CAD,Cash,,,"General HR/ Recruiting - Indeed, BambooHR, CertN & LinkedIN",Erin Baile,**** 3741,,,,,,,,5450 HR & Recruiting
2025-03-08T04:00:08,Purchase,TRUSTII,  (31.36),CAD,Cash,,,"General HR/ Recruiting - Indeed, BambooHR, CertN & LinkedIN",Erin Baile,**** 3741,,,,,,,,5450 HR & Recruiting
2025-03-08T04:00:53,Purchase,TRUSTII,  (31.36),CAD,Cash,,,"General HR/ Recruiting - Indeed, BambooHR, CertN & LinkedIN",Erin Baile,**** 3741,,,,,,,,5450 HR & Recruiting
2025-03-08T04:00:54,Purchase,TRUSTII,  (31.36),CAD,Cash,,,"General HR/ Recruiting - Indeed, BambooHR, CertN & LinkedIN",Erin Baile,**** 3741,,,,,,,,5450 HR & Recruiting
2025-03-13T02:11:17,Purchase,TRUSTII,  (31.36),CAD,Cash,,,"General HR/ Recruiting - Indeed, BambooHR, CertN & LinkedIN",Erin Baile,**** 3741,,,,,,,,5450 HR & Recruiting
2025-03-13T04:11:43,Purchase,TRUSTII,  (31.36),CAD,Cash,,,"General HR/ Recruiting - Indeed, BambooHR, CertN & LinkedIN",Erin Baile,**** 3741,,,,,,,,5450 HR & Recruiting
2025-03-14T04:02:31,Purchase,TRUSTII,  (31.36),CAD,Cash,,,"General HR/ Recruiting - Indeed, BambooHR, CertN & LinkedIN",Erin Baile,**** 3741,,,,,,,,5450 HR & Recruiting
2025-03-18T05:28:04,Purchase,TRUSTII,  (31.36),CAD,Cash,,,"General HR/ Recruiting - Indeed, BambooHR, CertN & LinkedIN",Erin Baile,**** 3741,,,,,,,,5450 HR & Recruiting
2025-03-19T05:05:46,Purchase,TRUSTII,  (31.36),CAD,Cash,,,"General HR/ Recruiting - Indeed, BambooHR, CertN & LinkedIN",Erin Baile,**** 3741,,,,,,,,5450 HR & Recruiting
2025-03-19T05:05:46,Purchase,TRUSTII,  (31.36),CAD,Cash,,,"General HR/ Recruiting - Indeed, BambooHR, CertN & LinkedIN",Erin Baile,**** 3741,,,,,,,,5450 HR & Recruiting
2025-03-20T04:32:04,Purchase,TRUSTII,  (31.36),CAD,Cash,,,"General HR/ Recruiting - Indeed, BambooHR, CertN & LinkedIN",Erin Baile,**** 3741,,,,,,,,5450 HR & Recruiting
2025-03-20T04:32:30,Purchase,TRUSTII,  (31.36),CAD,Cash,,,"General HR/ Recruiting - Indeed, BambooHR, CertN & LinkedIN",Erin Baile,**** 3741,,,,,,,,5450 HR & Recruiting
2025-03-21T04:09:19,Purchase,TRUSTII,  (31.36),CAD,Cash,,,"General HR/ Recruiting - Indeed, BambooHR, CertN & LinkedIN",Erin Baile,**** 3741,,,,,,,,5450 HR & Recruiting
2025-03-22T02:19:13,Purchase,TRUSTII,  (31.36),CAD,Cash,,,"General HR/ Recruiting - Indeed, BambooHR, CertN & LinkedIN",Erin Baile,**** 3741,,,,,,,,5450 HR & Recruiting
2025-03-22T02:19:23,Purchase,TRUSTII,  (31.36),CAD,Cash,,,"General HR/ Recruiting - Indeed, BambooHR, CertN & LinkedIN",Erin Baile,**** 3741,,,,,,,,5450 HR & Recruiting
2025-03-22T04:00:07,Purchase,TRUSTII,  (31.36),CAD,Cash,,,"General HR/ Recruiting - Indeed, BambooHR, CertN & LinkedIN",Erin Baile,**** 3741,,,,,,,,5450 HR & Recruiting
2025-03-22T04:00:38,Purchase,TRUSTII,  (31.36),CAD,Cash,,,"General HR/ Recruiting - Indeed, BambooHR, CertN & LinkedIN",Erin Baile,**** 3741,,,,,,,,5450 HR & Recruiting
2025-03-22T04:08:03,Purchase,TRUSTII,  (31.36),CAD,Cash,,,"General HR/ Recruiting - Indeed, BambooHR, CertN & LinkedIN",Erin Baile,**** 3741,,,,,,,,5450 HR & Recruiting
2025-03-22T06:15:03,Purchase,TRUSTII,  (31.36),CAD,Cash,,,"General HR/ Recruiting - Indeed, BambooHR, CertN & LinkedIN",Erin Baile,**** 3741,,,,,,,,5450 HR & Recruiting
2025-03-26T02:06:15,Purchase,TRUSTII,  (31.36),CAD,Cash,,,"General HR/ Recruiting - Indeed, BambooHR, CertN & LinkedIN",Erin Baile,**** 3741,,,,,,,,5450 HR & Recruiting
2025-03-26T02:17:40,Purchase,TRUSTII,  (31.36),CAD,Cash,,,"General HR/ Recruiting - Indeed, BambooHR, CertN & LinkedIN",Erin Baile,**** 3741,,,,,,,,5450 HR & Recruiting
2025-03-26T05:28:10,Purchase,TRUSTII,  (31.36),CAD,Cash,,,"General HR/ Recruiting - Indeed, BambooHR, CertN & LinkedIN",Erin Baile,**** 3741,,,,,,,,5450 HR & Recruiting
2025-03-27T02:14:11,Purchase,TRUSTII,  (31.36),CAD,Cash,,,"General HR/ Recruiting - Indeed, BambooHR, CertN & LinkedIN",Erin Baile,**** 3741,,,,,,,,5450 HR & Recruiting
2025-03-27T02:17:58,Purchase,TRUSTII,  (31.36),CAD,Cash,,,"General HR/ Recruiting - Indeed, BambooHR, CertN & LinkedIN",Erin Baile,**** 3741,,,,,,,,5450 HR & Recruiting
2025-03-27T04:26:36,Purchase,TRUSTII,  (31.36),CAD,Cash,,,"General HR/ Recruiting - Indeed, BambooHR, CertN & LinkedIN",Erin Baile,**** 3741,,,,,,,,5450 HR & Recruiting
2025-03-27T04:32:51,Purchase,TRUSTII,  (31.36),CAD,Cash,,,"General HR/ Recruiting - Indeed, BambooHR, CertN & LinkedIN",Erin Baile,**** 3741,,,,,,,,5450 HR & Recruiting
2025-03-27T04:33:02,Purchase,TRUSTII,  (31.36),CAD,Cash,,,"General HR/ Recruiting - Indeed, BambooHR, CertN & LinkedIN",Erin Baile,**** 3741,,,,,,,,5450 HR & Recruiting
2025-03-27T04:34:08,Purchase,TRUSTII,  (31.36),CAD,Cash,,,"General HR/ Recruiting - Indeed, BambooHR, CertN & LinkedIN",Erin Baile,**** 3741,,,,,,,,5450 HR & Recruiting
2025-03-28T02:06:18,Purchase,TRUSTII,  (31.36),CAD,Cash,,,"General HR/ Recruiting - Indeed, BambooHR, CertN & LinkedIN",Erin Baile,**** 3741,,,,,,,,5450 HR & Recruiting
2025-03-28T04:27:00,Purchase,TRUSTII,  (31.36),CAD,Cash,,,"General HR/ Recruiting - Indeed, BambooHR, CertN & LinkedIN",Erin Baile,**** 3741,,,,,,,,5450 HR & Recruiting
2025-03-29T04:12:13,Purchase,TRUSTII,  (31.36),CAD,Cash,,,"General HR/ Recruiting - Indeed, BambooHR, CertN & LinkedIN",Erin Baile,**** 3741,,,,,,,,5450 HR & Recruiting
2025-03-30T02:16:05,Purchase,TRUSTII,  (31.36),CAD,Cash,,,"General HR/ Recruiting - Indeed, BambooHR, CertN & LinkedIN",Erin Baile,**** 3741,,,,,,,,5450 HR & Recruiting
2025-03-30T06:16:54,Purchase,TRUSTII,  (31.36),CAD,Cash,,,"General HR/ Recruiting - Indeed, BambooHR, CertN & LinkedIN",Erin Baile,**** 3741,,,,,,,,5450 HR & Recruiting
2025-04-01T02:13:51,Purchase,TRUSTII,  (31.36),CAD,Cash,,,"General HR/ Recruiting - Indeed, BambooHR, CertN & LinkedIN",Erin Baile,**** 3741,,,,,,,,5450 HR & Recruiting
2025-04-01T05:33:40,Purchase,TRUSTII,  (31.36),CAD,Cash,,,"General HR/ Recruiting - Indeed, BambooHR, CertN & LinkedIN",Erin Baile,**** 3741,,,,,,,,5450 HR & Recruiting
2025-04-03T04:11:38,Purchase,TRUSTII,  (31.36),CAD,Cash,,,"General HR/ Recruiting - Indeed, BambooHR, CertN & LinkedIN",Erin Baile,**** 3741,,,,,,,,5450 HR & Recruiting
2025-04-03T04:14:18,Purchase,TRUSTII,  (31.36),CAD,Cash,,,"General HR/ Recruiting - Indeed, BambooHR, CertN & LinkedIN",Erin Baile,**** 3741,,,,,,,,5450 HR & Recruiting
2025-04-04T02:19:29,Purchase,TRUSTII,  (31.36),CAD,Cash,,,"General HR/ Recruiting - Indeed, BambooHR, CertN & LinkedIN",Erin Baile,**** 3741,,,,,,,,5450 HR & Recruiting
2025-04-04T04:03:12,Purchase,TRUSTII,  (31.36),CAD,Cash,,,"General HR/ Recruiting - Indeed, BambooHR, CertN & LinkedIN",Erin Baile,**** 3741,,,,,,,,5450 HR & Recruiting
2025-04-04T04:08:37,Purchase,TRUSTII,  (31.36),CAD,Cash,,,"General HR/ Recruiting - Indeed, BambooHR, CertN & LinkedIN",Erin Baile,**** 3741,,,,,,,,5450 HR & Recruiting
2025-04-05T04:06:55,Purchase,TRUSTII,  (31.36),CAD,Cash,,,"General HR/ Recruiting - Indeed, BambooHR, CertN & LinkedIN",Erin Baile,**** 3741,,,,,,,,5450 HR & Recruiting
2025-04-05T04:13:41,Purchase,TRUSTII,  (31.36),CAD,Cash,,,"General HR/ Recruiting - Indeed, BambooHR, CertN & LinkedIN",Erin Baile,**** 3741,,,,,,,,5450 HR & Recruiting
2025-04-08T02:14:34,Purchase,TRUSTII,  (31.36),CAD,Cash,,,"General HR/ Recruiting - Indeed, BambooHR, CertN & LinkedIN",Erin Baile,**** 3741,,,,,,,,5450 HR & Recruiting
2025-04-09T02:14:53,Purchase,TRUSTII,  (31.36),CAD,Cash,,,"General HR/ Recruiting - Indeed, BambooHR, CertN & LinkedIN",Erin Baile,**** 3741,,,,,,,,5450 HR & Recruiting
2025-04-09T05:25:24,Purchase,TRUSTII,  (31.36),CAD,Cash,,,"General HR/ Recruiting - Indeed, BambooHR, CertN & LinkedIN",Erin Baile,**** 3741,,,,,,,,5450 HR & Recruiting
2025-04-09T05:25:56,Purchase,TRUSTII,  (31.36),CAD,Cash,,,"General HR/ Recruiting - Indeed, BambooHR, CertN & LinkedIN",Erin Baile,**** 3741,,,,,,,,5450 HR & Recruiting
2025-04-10T05:00:12,Purchase,TRUSTII,  (31.36),CAD,Cash,,,"General HR/ Recruiting - Indeed, BambooHR, CertN & LinkedIN",Erin Baile,**** 3741,,,,,,,,5450 HR & Recruiting
2025-04-12T04:07:07,Purchase,TRUSTII,  (31.36),CAD,Cash,,,"General HR/ Recruiting - Indeed, BambooHR, CertN & LinkedIN",Erin Baile,**** 3741,,,,,,,,5450 HR & Recruiting
2025-04-17T04:26:44,Purchase,TRUSTII,  (31.36),CAD,Cash,,,"General HR/ Recruiting - Indeed, BambooHR, CertN & LinkedIN",Erin Baile,**** 3741,,,,,,,,5450 HR & Recruiting
2025-04-17T04:35:16,Purchase,TRUSTII,  (31.36),CAD,Cash,,,"General HR/ Recruiting - Indeed, BambooHR, CertN & LinkedIN",Erin Baile,**** 3741,,,,,,,,5450 HR & Recruiting
2025-04-18T02:02:01,Purchase,TRUSTII,  (31.36),CAD,Cash,,,"General HR/ Recruiting - Indeed, BambooHR, CertN & LinkedIN",Erin Baile,**** 3741,,,,,,,,5450 HR & Recruiting
2025-04-18T03:56:57,Purchase,TRUSTII,  (31.36),CAD,Cash,,,"General HR/ Recruiting - Indeed, BambooHR, CertN & LinkedIN",Erin Baile,**** 3741,,,,,,,,5450 HR & Recruiting
2025-04-19T03:57:10,Purchase,TRUSTII,  (31.36),CAD,Cash,,,"General HR/ Recruiting - Indeed, BambooHR, CertN & LinkedIN",Erin Baile,**** 3741,,,,,,,,5450 HR & Recruiting
2025-04-25T02:18:47,Purchase,TRUSTII,  (31.36),CAD,Cash,,,"General HR/ Recruiting - Indeed, BambooHR, CertN & LinkedIN",Erin Baile,**** 3741,,,,,,,,5450 HR & Recruiting
2025-04-25T03:54:13,Purchase,TRUSTII,  (31.36),CAD,Cash,,,"General HR/ Recruiting - Indeed, BambooHR, CertN & LinkedIN",Erin Baile,**** 3741,,,,,,,,5450 HR & Recruiting
2025-04-25T04:02:40,Purchase,TRUSTII,  (31.36),CAD,Cash,,,"General HR/ Recruiting - Indeed, BambooHR, CertN & LinkedIN",Erin Baile,**** 3741,,,,,,,,5450 HR & Recruiting
2025-04-26T04:01:38,Purchase,TRUSTII,  (31.36),CAD,Cash,,,"General HR/ Recruiting - Indeed, BambooHR, CertN & LinkedIN",Erin Baile,**** 3741,,,,,,,,5450 HR & Recruiting
2025-04-30T05:15:04,Purchase,TRUSTII,  (31.36),CAD,Cash,,,"General HR/ Recruiting - Indeed, BambooHR, CertN & LinkedIN",Erin Baile,**** 3741,,,,,,,,5450 HR & Recruiting
2025-05-03T02:07:21,Purchase,TRUSTII,  (31.36),CAD,Cash,,,"General HR/ Recruiting - Indeed, BambooHR, CertN & LinkedIN",Erin Baile,**** 3741,,,,,,,,5450 HR & Recruiting
2025-05-03T02:18:07,Purchase,TRUSTII,  (31.36),CAD,Cash,,,"General HR/ Recruiting - Indeed, BambooHR, CertN & LinkedIN",Erin Baile,**** 3741,,,,,,,,5450 HR & Recruiting
2025-05-06T02:18:02,Purchase,TRUSTII,  (31.36),CAD,Cash,,,"General HR/ Recruiting - Indeed, BambooHR, CertN & LinkedIN",Erin Baile,**** 3741,,,,,,,,5450 HR & Recruiting
2025-05-07T02:19:46,Purchase,TRUSTII,  (31.36),CAD,Cash,,,"General HR/ Recruiting - Indeed, BambooHR, CertN & LinkedIN",Erin Baile,**** 3741,,,,,,,,5450 HR & Recruiting
2025-05-08T04:36:12,Purchase,TRUSTII,  (31.36),CAD,Cash,,,"General HR/ Recruiting - Indeed, BambooHR, CertN & LinkedIN",Erin Baile,**** 3741,,,,,,,,5450 HR & Recruiting
2025-05-10T07:29:01,Purchase,TRUSTII,  (31.36),CAD,Cash,,,"General HR/ Recruiting - Indeed, BambooHR, CertN & LinkedIN",Erin Baile,**** 3741,,,,,,,,5450 HR & Recruiting
2025-05-13T05:35:34,Purchase,TRUSTII,  (16.80),CAD,Cash,,,"General HR/ Recruiting - Indeed, BambooHR, CertN & LinkedIN",Erin Baile,**** 3741,,,,,,,,5450 HR & Recruiting
2025-05-14T02:17:55,Purchase,TRUSTII,  (16.80),CAD,Cash,,,"General HR/ Recruiting - Indeed, BambooHR, CertN & LinkedIN",Erin Baile,**** 3741,,,,,,,,5450 HR & Recruiting
2025-05-16T02:19:45,Purchase,TRUSTII,  (31.36),CAD,Cash,,,"General HR/ Recruiting - Indeed, BambooHR, CertN & LinkedIN",Erin Baile,**** 3741,,,,,,,,5450 HR & Recruiting
2025-05-16T04:15:00,Purchase,TRUSTII,  (31.36),CAD,Cash,,,"General HR/ Recruiting - Indeed, BambooHR, CertN & LinkedIN",Erin Baile,**** 3741,,,,,,,,5450 HR & Recruiting
2025-05-16T04:15:25,Purchase,TRUSTII,  (31.36),CAD,Cash,,,"General HR/ Recruiting - Indeed, BambooHR, CertN & LinkedIN",Erin Baile,**** 3741,,,,,,,,5450 HR & Recruiting
2025-05-21T02:13:12,Purchase,TRUSTII,  (31.36),CAD,Cash,,,"General HR/ Recruiting - Indeed, BambooHR, CertN & LinkedIN",Erin Baile,**** 3741,,,,,,,,5450 HR & Recruiting
2025-05-21T05:19:11,Purchase,TRUSTII,  (31.36),CAD,Cash,,,"General HR/ Recruiting - Indeed, BambooHR, CertN & LinkedIN",Erin Baile,**** 3741,,,,,,,,5450 HR & Recruiting
2025-05-21T05:37:03,Purchase,TRUSTII,  (31.36),CAD,Cash,,,"General HR/ Recruiting - Indeed, BambooHR, CertN & LinkedIN",Erin Baile,**** 3741,,,,,,,,5450 HR & Recruiting
2025-05-23T04:19:00,Purchase,TRUSTII,  (31.36),CAD,Cash,,,"General HR/ Recruiting - Indeed, BambooHR, CertN & LinkedIN",Erin Baile,**** 3741,,,,,,,,5450 HR & Recruiting
2025-05-24T04:13:59,Purchase,TRUSTII,  (31.36),CAD,Cash,,,"General HR/ Recruiting - Indeed, BambooHR, CertN & LinkedIN",Erin Baile,**** 3741,,,,,,,,5450 HR & Recruiting
2025-05-26T02:10:36,Purchase,TRUSTII,  (31.36),CAD,Cash,,,"General HR/ Recruiting - Indeed, BambooHR, CertN & LinkedIN",Erin Baile,**** 3741,,,,,,,,5450 HR & Recruiting
2025-05-30T04:16:22,Purchase,TRUSTII,  (31.36),CAD,Cash,,,"General HR/ Recruiting - Indeed, BambooHR, CertN & LinkedIN",Erin Baile,**** 3741,,,,,,,,5450 HR & Recruiting
2025-05-31T04:12:15,Purchase,TRUSTII,  (31.36),CAD,Cash,,,"General HR/ Recruiting - Indeed, BambooHR, CertN & LinkedIN",Erin Baile,**** 3741,,,,,,,,5450 HR & Recruiting
2025-06-03T02:13:50,Purchase,TRUSTII,  (31.36),CAD,Cash,,,"General HR/ Recruiting - Indeed, BambooHR, CertN & LinkedIN",Erin Baile,**** 3741,,,,,,,,5450 HR & Recruiting
2025-06-05T02:18:56,Purchase,TRUSTII,  (31.36),CAD,Cash,,,"General HR/ Recruiting - Indeed, BambooHR, CertN & LinkedIN",Erin Baile,**** 3741,,,,,,,,5450 HR & Recruiting
2025-06-07T02:12:57,Purchase,TRUSTII,  (31.36),CAD,Cash,,,"General HR/ Recruiting - Indeed, BambooHR, CertN & LinkedIN",Erin Baile,**** 3741,,,,,,,,5450 HR & Recruiting
2025-06-10T05:22:43,Purchase,TRUSTII,  (31.36),CAD,Cash,,,"General HR/ Recruiting - Indeed, BambooHR, CertN & LinkedIN",Erin Baile,**** 3741,,,,,,,,5450 HR & Recruiting
2025-06-10T07:01:59,Purchase,TRUSTII,  (31.36),CAD,Cash,,,"General HR/ Recruiting - Indeed, BambooHR, CertN & LinkedIN",Erin Baile,**** 3741,,,,,,,,5450 HR & Recruiting
2025-06-11T02:16:56,Purchase,TRUSTII,  (31.36),CAD,Cash,,,"General HR/ Recruiting - Indeed, BambooHR, CertN & LinkedIN",Erin Baile,**** 3741,,,,,,,,5450 HR & Recruiting
2025-06-11T02:19:12,Purchase,TRUSTII,  (31.36),CAD,Cash,,,"General HR/ Recruiting - Indeed, BambooHR, CertN & LinkedIN",Erin Baile,**** 3741,,,,,,,,5450 HR & Recruiting
2025-06-11T05:37:08,Purchase,TRUSTII,  (31.36),CAD,Cash,,,"General HR/ Recruiting - Indeed, BambooHR, CertN & LinkedIN",Erin Baile,**** 3741,,,,,,,,5450 HR & Recruiting
2025-06-11T05:38:15,Purchase,TRUSTII,  (31.36),CAD,Cash,,,"General HR/ Recruiting - Indeed, BambooHR, CertN & LinkedIN",Erin Baile,**** 3741,,,,,,,,5450 HR & Recruiting
2025-06-12T02:03:12,Purchase,TRUSTII,  (31.36),CAD,Cash,,,"General HR/ Recruiting - Indeed, BambooHR, CertN & LinkedIN",Erin Baile,**** 3741,,,,,,,,5450 HR & Recruiting
2025-06-14T04:23:11,Purchase,TRUSTII,  (31.36),CAD,Cash,,,"General HR/ Recruiting - Indeed, BambooHR, CertN & LinkedIN",Erin Baile,**** 3741,,,,,,,,5450 HR & Recruiting
2025-06-19T02:22:27,Purchase,TRUSTII,  (31.36),CAD,Cash,,,"General HR/ Recruiting - Indeed, BambooHR, CertN & LinkedIN",Erin Baile,**** 3741,,,,,,,,5450 HR & Recruiting
2025-06-19T06:29:35,Purchase,TRUSTII,  (31.36),CAD,Cash,,,"General HR/ Recruiting - Indeed, BambooHR, CertN & LinkedIN",Erin Baile,**** 3741,,,,,,,,5450 HR & Recruiting
2025-06-20T02:23:00,Purchase,TRUSTII,  (31.36),CAD,Cash,,,"General HR/ Recruiting - Indeed, BambooHR, CertN & LinkedIN",Erin Baile,**** 3741,,,,,,,,5450 HR & Recruiting
2025-06-20T04:30:59,Purchase,TRUSTII,  (31.36),CAD,Cash,,,"General HR/ Recruiting - Indeed, BambooHR, CertN & LinkedIN",Erin Baile,**** 3741,,,,,,,,5450 HR & Recruiting
2025-06-24T05:44:35,Purchase,TRUSTII,  (31.36),CAD,Cash,,,"General HR/ Recruiting - Indeed, BambooHR, CertN & LinkedIN",Erin Baile,**** 3741,,,,,,,,5450 HR & Recruiting
2025-06-27T04:03:50,Purchase,TRUSTII,  (31.36),CAD,Cash,,,"General HR/ Recruiting - Indeed, BambooHR, CertN & LinkedIN",Erin Baile,**** 3741,,,,,,,,5450 HR & Recruiting
2025-07-05T04:42:09,Purchase,TRUSTII,  (31.36),CAD,Cash,,,"General HR/ Recruiting - Indeed, BambooHR, CertN & LinkedIN",Erin Baile,**** 3741,,,,,,,,5450 HR & Recruiting
2025-07-06T02:06:42,Purchase,TRUSTII,  (31.36),CAD,Cash,,,"General HR/ Recruiting - Indeed, BambooHR, CertN & LinkedIN",Erin Baile,**** 3741,,,,,,,,5450 HR & Recruiting
2025-07-08T02:33:50,Purchase,TRUSTII,  (31.36),CAD,Cash,,,"General HR/ Recruiting - Indeed, BambooHR, CertN & LinkedIN",Erin Baile,**** 3741,,,,,,,,5450 HR & Recruiting
2025-07-12T03:59:52,Purchase,TRUSTII,  (31.36),CAD,Cash,,,"General HR/ Recruiting - Indeed, BambooHR, CertN & LinkedIN",Erin Baile,**** 3741,,,,,,,,5450 HR & Recruiting
2025-07-12T04:48:20,Purchase,TRUSTII,  (31.36),CAD,Cash,,,"General HR/ Recruiting - Indeed, BambooHR, CertN & LinkedIN",Erin Baile,**** 3741,,,,,,,,5450 HR & Recruiting
2025-07-15T05:35:21,Purchase,TRUSTII,  (31.36),CAD,Cash,,,"General HR/ Recruiting - Indeed, BambooHR, CertN & LinkedIN",Erin Baile,**** 3741,,,,,,,,5450 HR & Recruiting
2025-07-15T05:36:27,Purchase,TRUSTII,  (31.36),CAD,Cash,,,"General HR/ Recruiting - Indeed, BambooHR, CertN & LinkedIN",Erin Baile,**** 3741,,,,,,,,5450 HR & Recruiting
2025-07-15T05:37:03,Purchase,TRUSTII,  (31.36),CAD,Cash,,,"General HR/ Recruiting - Indeed, BambooHR, CertN & LinkedIN",Erin Baile,**** 3741,,,,,,,,5450 HR & Recruiting
2025-07-17T02:23:02,Purchase,TRUSTII,  (31.36),CAD,Cash,,,"General HR/ Recruiting - Indeed, BambooHR, CertN & LinkedIN",Erin Baile,**** 3741,,,,,,,,5450 HR & Recruiting
2025-07-18T04:09:51,Purchase,TRUSTII,  (31.36),CAD,Cash,,,"General HR/ Recruiting - Indeed, BambooHR, CertN & LinkedIN",Erin Baile,**** 3741,,,,,,,,5450 HR & Recruiting
2025-07-20T02:17:59,Purchase,TRUSTII,  (31.36),CAD,Cash,,,"General HR/ Recruiting - Indeed, BambooHR, CertN & LinkedIN",Erin Baile,**** 3741,,,,,,,,5450 HR & Recruiting
2025-07-22T05:33:22,Purchase,TRUSTII,  (31.36),CAD,Cash,,,"General HR/ Recruiting - Indeed, BambooHR, CertN & LinkedIN",Erin Baile,**** 3741,,,,,,,,5450 HR & Recruiting
2025-07-24T04:55:40,Purchase,TRUSTII,  (31.36),CAD,Cash,,,"General HR/ Recruiting - Indeed, BambooHR, CertN & LinkedIN",Erin Baile,**** 3741,,,,,,,,5450 HR & Recruiting
2025-07-24T04:55:57,Purchase,TRUSTII,  (31.36),CAD,Cash,,,"General HR/ Recruiting - Indeed, BambooHR, CertN & LinkedIN",Erin Baile,**** 3741,,,,,,,,5450 HR & Recruiting
2025-07-25T02:23:52,Purchase,TRUSTII,  (31.36),CAD,Cash,,,"General HR/ Recruiting - Indeed, BambooHR, CertN & LinkedIN",Erin Baile,**** 3741,,,,,,,,5450 HR & Recruiting
2025-07-25T04:13:41,Purchase,TRUSTII,  (31.36),CAD,Cash,,,"General HR/ Recruiting - Indeed, BambooHR, CertN & LinkedIN",Erin Baile,**** 3741,,,,,,,,5450 HR & Recruiting
2025-07-25T04:21:26,Purchase,TRUSTII,  (31.36),CAD,Cash,,,"General HR/ Recruiting - Indeed, BambooHR, CertN & LinkedIN",Erin Baile,**** 3741,,,,,,,,5450 HR & Recruiting
2025-07-26T04:32:15,Purchase,TRUSTII,  (31.36),CAD,Cash,,,"General HR/ Recruiting - Indeed, BambooHR, CertN & LinkedIN",Erin Baile,**** 3741,,,,,,,,5450 HR & Recruiting
2025-07-26T04:33:02,Purchase,TRUSTII,  (31.36),CAD,Cash,,,"General HR/ Recruiting - Indeed, BambooHR, CertN & LinkedIN",Erin Baile,**** 3741,,,,,,,,5450 HR & Recruiting
2025-07-29T02:14:17,Purchase,TRUSTII,  (31.36),CAD,Cash,,,"General HR/ Recruiting - Indeed, BambooHR, CertN & LinkedIN",Erin Baile,**** 3741,,,,,,,,5450 HR & Recruiting
2025-07-31T02:19:53,Purchase,TRUSTII,  (31.36),CAD,Cash,,,"General HR/ Recruiting - Indeed, BambooHR, CertN & LinkedIN",Erin Baile,**** 3741,,,,,,,,5450 HR & Recruiting
2025-07-31T04:21:11,Purchase,TRUSTII,  (31.36),CAD,Cash,,,"General HR/ Recruiting - Indeed, BambooHR, CertN & LinkedIN",Erin Baile,**** 3741,,,,,,,,5450 HR & Recruiting
2025-07-31T04:22:38,Purchase,TRUSTII,  (31.36),CAD,Cash,,,"General HR/ Recruiting - Indeed, BambooHR, CertN & LinkedIN",Erin Baile,**** 3741,,,,,,,,5450 HR & Recruiting
2025-07-31T04:23:17,Purchase,TRUSTII,  (31.36),CAD,Cash,,,"General HR/ Recruiting - Indeed, BambooHR, CertN & LinkedIN",Erin Baile,**** 3741,,,,,,,,5450 HR & Recruiting
2025-08-01T02:18:35,Purchase,TRUSTII,  (31.36),CAD,Cash,,,"General HR/ Recruiting - Indeed, BambooHR, CertN & LinkedIN",Erin Baile,**** 3741,,,,,,,,5450 HR & Recruiting
2025-08-01T04:35:43,Purchase,TRUSTII,  (31.36),CAD,Cash,,,"General HR/ Recruiting - Indeed, BambooHR, CertN & LinkedIN",Erin Baile,**** 3741,,,,,,,,5450 HR & Recruiting
2025-08-01T04:35:44,Purchase,TRUSTII,  (31.36),CAD,Cash,,,"General HR/ Recruiting - Indeed, BambooHR, CertN & LinkedIN",Erin Baile,**** 3741,,,,,,,,5450 HR & Recruiting
2025-08-01T04:35:46,Purchase,TRUSTII,  (31.36),CAD,Cash,,,"General HR/ Recruiting - Indeed, BambooHR, CertN & LinkedIN",Erin Baile,**** 3741,,,,,,,,5450 HR & Recruiting
2025-08-02T03:11:12,Purchase,TRUSTII,  (31.36),CAD,Cash,,,"General HR/ Recruiting - Indeed, BambooHR, CertN & LinkedIN",Erin Baile,**** 3741,,,,,,,,5450 HR & Recruiting
2025-08-02T03:11:14,Purchase,TRUSTII,  (31.36),CAD,Cash,,,"General HR/ Recruiting - Indeed, BambooHR, CertN & LinkedIN",Erin Baile,**** 3741,,,,,,,,5450 HR & Recruiting
2025-08-02T03:11:19,Purchase,TRUSTII,  (31.36),CAD,Cash,,,"General HR/ Recruiting - Indeed, BambooHR, CertN & LinkedIN",Erin Baile,**** 3741,,,,,,,,5450 HR & Recruiting
2025-08-06T05:05:31,Purchase,TRUSTII,  (31.36),CAD,Cash,,,"General HR/ Recruiting - Indeed, BambooHR, CertN & LinkedIN",Erin Baile,**** 3741,,,,,,,,5450 HR & Recruiting
2025-08-07T02:20:32,Purchase,TRUSTII,  (31.36),CAD,Cash,,,"General HR/ Recruiting - Indeed, BambooHR, CertN & LinkedIN",Erin Baile,**** 3741,,,,,,,,5450 HR & Recruiting
2025-08-07T04:23:55,Purchase,TRUSTII,  (31.36),CAD,Cash,,,"General HR/ Recruiting - Indeed, BambooHR, CertN & LinkedIN",Erin Baile,**** 3741,,,,,,,,5450 HR & Recruiting
2025-08-07T04:23:56,Purchase,TRUSTII,  (31.36),CAD,Cash,,,"General HR/ Recruiting - Indeed, BambooHR, CertN & LinkedIN",Erin Baile,**** 3741,,,,,,,,5450 HR & Recruiting
2025-08-07T04:23:56,Purchase,TRUSTII,  (31.36),CAD,Cash,,,"General HR/ Recruiting - Indeed, BambooHR, CertN & LinkedIN",Erin Baile,**** 3741,,,,,,,,5450 HR & Recruiting
2025-08-07T04:23:56,Purchase,TRUSTII,  (31.36),CAD,Cash,,,"General HR/ Recruiting - Indeed, BambooHR, CertN & LinkedIN",Erin Baile,**** 3741,,,,,,,,5450 HR & Recruiting
2025-08-07T04:24:59,Purchase,TRUSTII,  (31.36),CAD,Cash,,,"General HR/ Recruiting - Indeed, BambooHR, CertN & LinkedIN",Erin Baile,**** 3741,,,,,,,,5450 HR & Recruiting
2025-08-07T04:24:59,Purchase,TRUSTII,  (31.36),CAD,Cash,,,"General HR/ Recruiting - Indeed, BambooHR, CertN & LinkedIN",Erin Baile,**** 3741,,,,,,,,5450 HR & Recruiting
2025-08-07T07:13:32,Purchase,TRUSTII,  (31.36),CAD,Cash,,,"General HR/ Recruiting - Indeed, BambooHR, CertN & LinkedIN",Erin Baile,**** 3741,,,,,,,,5450 HR & Recruiting
2025-08-08T02:19:31,Purchase,TRUSTII,  (31.36),CAD,Cash,,,"General HR/ Recruiting - Indeed, BambooHR, CertN & LinkedIN",Erin Baile,**** 3741,,,,,,,,5450 HR & Recruiting
2025-08-08T02:20:26,Purchase,TRUSTII,  (31.36),CAD,Cash,,,"General HR/ Recruiting - Indeed, BambooHR, CertN & LinkedIN",Erin Baile,**** 3741,,,,,,,,5450 HR & Recruiting
2025-08-08T04:28:44,Purchase,TRUSTII,  (31.36),CAD,Cash,,,"General HR/ Recruiting - Indeed, BambooHR, CertN & LinkedIN",Erin Baile,**** 3741,,,,,,,,5450 HR & Recruiting
2025-08-08T06:12:49,Purchase,TRUSTII,  (31.36),CAD,Cash,,,"General HR/ Recruiting - Indeed, BambooHR, CertN & LinkedIN",Erin Baile,**** 3741,,,,,,,,5450 HR & Recruiting
2025-08-09T03:52:20,Purchase,TRUSTII,  (31.36),CAD,Cash,,,"General HR/ Recruiting - Indeed, BambooHR, CertN & LinkedIN",Erin Baile,**** 3741,,,,,,,,5450 HR & Recruiting
2025-08-09T03:59:28,Purchase,TRUSTII,  (31.36),CAD,Cash,,,"General HR/ Recruiting - Indeed, BambooHR, CertN & LinkedIN",Erin Baile,**** 3741,,,,,,,,5450 HR & Recruiting
2025-08-12T05:33:25,Purchase,TRUSTII,  (31.36),CAD,Cash,,,"General HR/ Recruiting - Indeed, BambooHR, CertN & LinkedIN",Erin Baile,**** 3741,,,,,,,,5450 HR & Recruiting
2025-08-13T02:12:28,Purchase,TRUSTII,  (31.36),CAD,Cash,,,"General HR/ Recruiting - Indeed, BambooHR, CertN & LinkedIN",Erin Baile,**** 3741,,,,,,,,5450 HR & Recruiting
2025-08-13T02:17:52,Purchase,TRUSTII,  (31.36),CAD,Cash,,,"General HR/ Recruiting - Indeed, BambooHR, CertN & LinkedIN",Erin Baile,**** 3741,,,,,,,,5450 HR & Recruiting
2025-08-13T05:11:37,Purchase,TRUSTII,  (31.36),CAD,Cash,,,"General HR/ Recruiting - Indeed, BambooHR, CertN & LinkedIN",Erin Baile,**** 3741,,,,,,,,5450 HR & Recruiting
2025-08-13T05:11:42,Purchase,TRUSTII,  (31.36),CAD,Cash,,,"General HR/ Recruiting - Indeed, BambooHR, CertN & LinkedIN",Erin Baile,**** 3741,,,,,,,,5450 HR & Recruiting
2025-08-14T02:19:30,Purchase,TRUSTII,  (31.36),CAD,Cash,,,"General HR/ Recruiting - Indeed, BambooHR, CertN & LinkedIN",Erin Baile,**** 3741,,,,,,,,5450 HR & Recruiting
2025-08-14T02:20:36,Purchase,TRUSTII,  (31.36),CAD,Cash,,,"General HR/ Recruiting - Indeed, BambooHR, CertN & LinkedIN",Erin Baile,**** 3741,,,,,,,,5450 HR & Recruiting
2025-08-14T02:21:07,Purchase,TRUSTII,  (31.36),CAD,Cash,,,"General HR/ Recruiting - Indeed, BambooHR, CertN & LinkedIN",Erin Baile,**** 3741,,,,,,,,5450 HR & Recruiting
2025-08-14T04:28:02,Purchase,TRUSTII,  (31.36),CAD,Cash,,,"General HR/ Recruiting - Indeed, BambooHR, CertN & LinkedIN",Erin Baile,**** 3741,,,,,,,,5450 HR & Recruiting
2025-08-14T04:31:43,Purchase,TRUSTII,  (31.36),CAD,Cash,,,"General HR/ Recruiting - Indeed, BambooHR, CertN & LinkedIN",Erin Baile,**** 3741,,,,,,,,5450 HR & Recruiting
2025-08-14T04:31:59,Purchase,TRUSTII,  (31.36),CAD,Cash,,,"General HR/ Recruiting - Indeed, BambooHR, CertN & LinkedIN",Erin Baile,**** 3741,,,,,,,,5450 HR & Recruiting
2025-08-15T02:13:33,Purchase,TRUSTII,  (31.36),CAD,Cash,,,"General HR/ Recruiting - Indeed, BambooHR, CertN & LinkedIN",Erin Baile,**** 3741,,,,,,,,5450 HR & Recruiting
2025-08-15T04:02:55,Purchase,TRUSTII,  (31.36),CAD,Cash,,,"General HR/ Recruiting - Indeed, BambooHR, CertN & LinkedIN",Erin Baile,**** 3741,,,,,,,,5450 HR & Recruiting
2025-08-15T04:04:15,Purchase,TRUSTII,  (31.36),CAD,Cash,,,"General HR/ Recruiting - Indeed, BambooHR, CertN & LinkedIN",Erin Baile,**** 3741,,,,,,,,5450 HR & Recruiting
2025-08-15T04:04:39,Purchase,TRUSTII,  (31.36),CAD,Cash,,,"General HR/ Recruiting - Indeed, BambooHR, CertN & LinkedIN",Erin Baile,**** 3741,,,,,,,,5450 HR & Recruiting
2025-08-16T02:05:04,Purchase,TRUSTII,  (31.36),CAD,Cash,,,"General HR/ Recruiting - Indeed, BambooHR, CertN & LinkedIN",Erin Baile,**** 3741,,,,,,,,5450 HR & Recruiting
2025-08-16T03:04:07,Purchase,TRUSTII,  (31.36),CAD,Cash,,,"General HR/ Recruiting - Indeed, BambooHR, CertN & LinkedIN",Erin Baile,**** 3741,,,,,,,,5450 HR & Recruiting
2025-08-16T03:04:23,Purchase,TRUSTII,  (31.36),CAD,Cash,,,"General HR/ Recruiting - Indeed, BambooHR, CertN & LinkedIN",Erin Baile,**** 3741,,,,,,,,5450 HR & Recruiting
2025-08-16T03:04:26,Purchase,TRUSTII,  (31.36),CAD,Cash,,,"General HR/ Recruiting - Indeed, BambooHR, CertN & LinkedIN",Erin Baile,**** 3741,,,,,,,,5450 HR & Recruiting
2025-08-16T03:04:44,Purchase,TRUSTII,  (31.36),CAD,Cash,,,"General HR/ Recruiting - Indeed, BambooHR, CertN & LinkedIN",Erin Baile,**** 3741,,,,,,,,5450 HR & Recruiting
2025-08-16T03:04:46,Purchase,TRUSTII,  (31.36),CAD,Cash,,,"General HR/ Recruiting - Indeed, BambooHR, CertN & LinkedIN",Erin Baile,**** 3741,,,,,,,,5450 HR & Recruiting
2025-08-16T03:04:50,Purchase,TRUSTII,  (31.36),CAD,Cash,,,"General HR/ Recruiting - Indeed, BambooHR, CertN & LinkedIN",Erin Baile,**** 3741,,,,,,,,5450 HR & Recruiting
2025-08-16T03:09:55,Purchase,TRUSTII,  (31.36),CAD,Cash,,,"General HR/ Recruiting - Indeed, BambooHR, CertN & LinkedIN",Erin Baile,**** 3741,,,,,,,,5450 HR & Recruiting
2025-08-19T02:13:20,Purchase,TRUSTII,  (31.36),CAD,Cash,,,"General HR/ Recruiting - Indeed, BambooHR, CertN & LinkedIN",Erin Baile,**** 3741,,,,,,,,5450 HR & Recruiting
2025-08-19T05:34:32,Purchase,TRUSTII,  (31.36),CAD,Cash,,,"General HR/ Recruiting - Indeed, BambooHR, CertN & LinkedIN",Erin Baile,**** 3741,,,,,,,,5450 HR & Recruiting
2025-08-19T05:35:14,Purchase,TRUSTII,  (31.36),CAD,Cash,,,"General HR/ Recruiting - Indeed, BambooHR, CertN & LinkedIN",Erin Baile,**** 3741,,,,,,,,5450 HR & Recruiting
2025-08-19T05:35:27,Purchase,TRUSTII,  (31.36),CAD,Cash,,,"General HR/ Recruiting - Indeed, BambooHR, CertN & LinkedIN",Erin Baile,**** 3741,,,,,,,,5450 HR & Recruiting
2025-08-19T05:35:31,Purchase,TRUSTII,  (31.36),CAD,Cash,,,"General HR/ Recruiting - Indeed, BambooHR, CertN & LinkedIN",Erin Baile,**** 3741,,,,,,,,5450 HR & Recruiting
2025-08-20T02:11:32,Purchase,TRUSTII,  (31.36),CAD,Cash,,,"General HR/ Recruiting - Indeed, BambooHR, CertN & LinkedIN",Erin Baile,**** 3741,,,,,,,,5450 HR & Recruiting
2025-08-20T02:15:59,Purchase,TRUSTII,  (31.36),CAD,Cash,,,"General HR/ Recruiting - Indeed, BambooHR, CertN & LinkedIN",Erin Baile,**** 3741,,,,,,,,5450 HR & Recruiting
2025-08-20T02:16:02,Purchase,TRUSTII,  (31.36),CAD,Cash,,,"General HR/ Recruiting - Indeed, BambooHR, CertN & LinkedIN",Erin Baile,**** 3741,,,,,,,,5450 HR & Recruiting
2025-08-20T02:16:14,Purchase,TRUSTII,  (31.36),CAD,Cash,,,"General HR/ Recruiting - Indeed, BambooHR, CertN & LinkedIN",Erin Baile,**** 3741,,,,,,,,5450 HR & Recruiting
2025-08-20T02:17:00,Purchase,TRUSTII,  (31.36),CAD,Cash,,,"General HR/ Recruiting - Indeed, BambooHR, CertN & LinkedIN",Erin Baile,**** 3741,,,,,,,,5450 HR & Recruiting
2025-08-20T06:14:25,Purchase,TRUSTII,  (31.36),CAD,Cash,,,"General HR/ Recruiting - Indeed, BambooHR, CertN & LinkedIN",Erin Baile,**** 3741,,,,,,,,5450 HR & Recruiting
2025-08-20T06:19:27,Purchase,TRUSTII,  (31.36),CAD,Cash,,,"General HR/ Recruiting - Indeed, BambooHR, CertN & LinkedIN",Erin Baile,**** 3741,,,,,,,,5450 HR & Recruiting
2025-08-20T06:19:27,Purchase,TRUSTII,  (31.36),CAD,Cash,,,"General HR/ Recruiting - Indeed, BambooHR, CertN & LinkedIN",Erin Baile,**** 3741,,,,,,,,5450 HR & Recruiting
2025-08-20T06:19:32,Purchase,TRUSTII,  (31.36),CAD,Cash,,,"General HR/ Recruiting - Indeed, BambooHR, CertN & LinkedIN",Erin Baile,**** 3741,,,,,,,,5450 HR & Recruiting
2025-08-21T02:14:40,Purchase,TRUSTII,  (31.36),CAD,Cash,,,"General HR/ Recruiting - Indeed, BambooHR, CertN & LinkedIN",Erin Baile,**** 3741,,,,,,,,5450 HR & Recruiting
2025-08-21T02:18:32,Purchase,TRUSTII,  (31.36),CAD,Cash,,,"General HR/ Recruiting - Indeed, BambooHR, CertN & LinkedIN",Erin Baile,**** 3741,,,,,,,,5450 HR & Recruiting
2025-08-22T04:40:05,Purchase,TRUSTII,  (31.36),CAD,Cash,,,"General HR/ Recruiting - Indeed, BambooHR, CertN & LinkedIN",Erin Baile,**** 3741,,,,,,,,5450 HR & Recruiting
2025-08-22T04:40:05,Purchase,TRUSTII,  (31.36),CAD,Cash,,,"General HR/ Recruiting - Indeed, BambooHR, CertN & LinkedIN",Erin Baile,**** 3741,,,,,,,,5450 HR & Recruiting
2025-08-22T04:40:28,Purchase,TRUSTII,  (31.36),CAD,Cash,,,"General HR/ Recruiting - Indeed, BambooHR, CertN & LinkedIN",Erin Baile,**** 3741,,,,,,,,5450 HR & Recruiting
2025-08-22T04:41:42,Purchase,TRUSTII,  (31.36),CAD,Cash,,,"General HR/ Recruiting - Indeed, BambooHR, CertN & LinkedIN",Erin Baile,**** 3741,,,,,,,,5450 HR & Recruiting
2025-08-23T02:12:16,Purchase,TRUSTII,  (31.36),CAD,Cash,,,"General HR/ Recruiting - Indeed, BambooHR, CertN & LinkedIN",Erin Baile,**** 3741,,,,,,,,5450 HR & Recruiting
2025-08-23T04:05:31,Purchase,TRUSTII,  (31.36),CAD,Cash,,,"General HR/ Recruiting - Indeed, BambooHR, CertN & LinkedIN",Erin Baile,**** 3741,,,,,,,,5450 HR & Recruiting
2025-08-23T04:05:32,Purchase,TRUSTII,  (31.36),CAD,Cash,,,"General HR/ Recruiting - Indeed, BambooHR, CertN & LinkedIN",Erin Baile,**** 3741,,,,,,,,5450 HR & Recruiting
2025-08-24T02:13:42,Purchase,TRUSTII,  (31.36),CAD,Cash,,,"General HR/ Recruiting - Indeed, BambooHR, CertN & LinkedIN",Erin Baile,**** 3741,,,,,,,,5450 HR & Recruiting
2025-08-26T02:12:16,Purchase,TRUSTII,  (31.36),CAD,Cash,,,"General HR/ Recruiting - Indeed, BambooHR, CertN & LinkedIN",Erin Baile,**** 3741,,,,,,,,5450 HR & Recruiting
2025-08-26T02:15:16,Purchase,TRUSTII,  (31.36),CAD,Cash,,,"General HR/ Recruiting - Indeed, BambooHR, CertN & LinkedIN",Erin Baile,**** 3741,,,,,,,,5450 HR & Recruiting
2025-08-26T04:50:00,Purchase,TRUSTII,  (31.36),CAD,Cash,,,"General HR/ Recruiting - Indeed, BambooHR, CertN & LinkedIN",Erin Baile,**** 3741,,,,,,,,5450 HR & Recruiting
2025-08-26T04:50:45,Purchase,TRUSTII,  (31.36),CAD,Cash,,,"General HR/ Recruiting - Indeed, BambooHR, CertN & LinkedIN",Erin Baile,**** 3741,,,,,,,,5450 HR & Recruiting
2025-08-27T02:13:03,Purchase,TRUSTII,  (31.36),CAD,Cash,,,"General HR/ Recruiting - Indeed, BambooHR, CertN & LinkedIN",Erin Baile,**** 3741,,,,,,,,5450 HR & Recruiting
2025-08-27T04:53:58,Purchase,TRUSTII,  (31.36),CAD,Cash,,,"General HR/ Recruiting - Indeed, BambooHR, CertN & LinkedIN",Erin Baile,**** 3741,,,,,,,,5450 HR & Recruiting
2025-08-28T02:16:22,Purchase,TRUSTII,  (31.36),CAD,Cash,,,"General HR/ Recruiting - Indeed, BambooHR, CertN & LinkedIN",Erin Baile,**** 3741,,,,,,,,5450 HR & Recruiting
2025-08-29T03:44:16,Purchase,TRUSTII,  (31.36),CAD,Cash,,,"General HR/ Recruiting - Indeed, BambooHR, CertN & LinkedIN",Erin Baile,**** 3741,,,,,,,,5450 HR & Recruiting
2025-08-29T03:44:21,Purchase,TRUSTII,  (31.36),CAD,Cash,,,"General HR/ Recruiting - Indeed, BambooHR, CertN & LinkedIN",Erin Baile,**** 3741,,,,,,,,5450 HR & Recruiting
2025-08-30T05:54:19,Purchase,TRUSTII,  (31.36),CAD,Cash,,,"General HR/ Recruiting - Indeed, BambooHR, CertN & LinkedIN",Erin Baile,**** 3741,,,,,,,,5450 HR & Recruiting
2025-09-03T05:41:58,Purchase,TRUSTII,  (31.36),CAD,Cash,,,"General HR/ Recruiting - Indeed, BambooHR, CertN & LinkedIN",Erin Baile,**** 3741,,,,,,,,5450 HR & Recruiting
2025-09-04T02:19:21,Purchase,TRUSTII,  (31.36),CAD,Cash,,,"General HR/ Recruiting - Indeed, BambooHR, CertN & LinkedIN",Erin Baile,**** 3741,,,,,,,,5450 HR & Recruiting
2025-09-04T03:49:59,Purchase,TRUSTII,  (31.36),CAD,Cash,,,"General HR/ Recruiting - Indeed, BambooHR, CertN & LinkedIN",Erin Baile,**** 3741,,,,,,,,5450 HR & Recruiting
2025-09-05T02:07:25,Purchase,TRUSTII,  (31.36),CAD,Cash,,,"General HR/ Recruiting - Indeed, BambooHR, CertN & LinkedIN",Erin Baile,**** 3741,,,,,,,,5450 HR & Recruiting
2025-09-05T02:12:13,Purchase,TRUSTII,  (31.36),CAD,Cash,,,"General HR/ Recruiting - Indeed, BambooHR, CertN & LinkedIN",Erin Baile,**** 3741,,,,,,,,5450 HR & Recruiting
2025-09-05T02:14:19,Purchase,TRUSTII,  (31.36),CAD,Cash,,,"General HR/ Recruiting - Indeed, BambooHR, CertN & LinkedIN",Erin Baile,**** 3741,,,,,,,,5450 HR & Recruiting
2025-09-06T02:16:07,Purchase,TRUSTII,  (31.36),CAD,Cash,,,"General HR/ Recruiting - Indeed, BambooHR, CertN & LinkedIN",Erin Baile,**** 3741,,,,,,,,5450 HR & Recruiting
2025-09-06T02:37:38,Purchase,TRUSTII,  (31.36),CAD,Cash,,,"General HR/ Recruiting - Indeed, BambooHR, CertN & LinkedIN",Erin Baile,**** 3741,,,,,,,,5450 HR & Recruiting
2025-09-09T02:12:29,Purchase,TRUSTII,  (16.80),CAD,Cash,,,"General HR/ Recruiting - Indeed, BambooHR, CertN & LinkedIN",Erin Baile,**** 3741,,,,,,,,5450 HR & Recruiting
2025-09-10T02:12:22,Purchase,TRUSTII,  (16.80),CAD,Cash,,,"General HR/ Recruiting - Indeed, BambooHR, CertN & LinkedIN",Erin Baile,**** 3741,,,,,,,,5450 HR & Recruiting
2025-09-10T02:14:53,Purchase,TRUSTII,  (31.36),CAD,Cash,,,"General HR/ Recruiting - Indeed, BambooHR, CertN & LinkedIN",Erin Baile,**** 3741,,,,,,,,5450 HR & Recruiting
2025-09-11T04:00:10,Purchase,TRUSTII,  (31.36),CAD,Cash,,,"General HR/ Recruiting - Indeed, BambooHR, CertN & LinkedIN",Erin Baile,**** 3741,,,,,,,,5450 HR & Recruiting
2025-09-12T03:38:46,Purchase,TRUSTII,  (31.36),CAD,Cash,,,"General HR/ Recruiting - Indeed, BambooHR, CertN & LinkedIN",Erin Baile,**** 3741,,,,,,,,5450 HR & Recruiting
2025-09-16T05:22:13,Purchase,TRUSTII,  (41.43),CAD,Cash,,,"General HR/ Recruiting - Indeed, BambooHR, CertN & LinkedIN",Erin Baile,**** 3741,,,,,,,,5450 HR & Recruiting
2025-09-17T02:09:12,Purchase,TRUSTII,  (31.36),CAD,Cash,,,"General HR/ Recruiting - Indeed, BambooHR, CertN & LinkedIN",Erin Baile,**** 3741,,,,,,,,5450 HR & Recruiting
2025-09-17T02:10:48,Purchase,TRUSTII,  (31.36),CAD,Cash,,,"General HR/ Recruiting - Indeed, BambooHR, CertN & LinkedIN",Erin Baile,**** 3741,,,,,,,,5450 HR & Recruiting
2025-09-18T03:53:14,Purchase,TRUSTII,  (31.36),CAD,Cash,,,"General HR/ Recruiting - Indeed, BambooHR, CertN & LinkedIN",Erin Baile,**** 3741,,,,,,,,5450 HR & Recruiting
2025-09-18T03:54:39,Purchase,TRUSTII,  (31.36),CAD,Cash,,,"General HR/ Recruiting - Indeed, BambooHR, CertN & LinkedIN",Erin Baile,**** 3741,,,,,,,,5450 HR & Recruiting
2025-09-20T03:11:30,Purchase,TRUSTII,  (31.36),CAD,Cash,,,"General HR/ Recruiting - Indeed, BambooHR, CertN & LinkedIN",Erin Baile,**** 3741,,,,,,,,5450 HR & Recruiting
2025-09-20T06:06:15,Purchase,TRUSTII,  (31.36),CAD,Cash,,,"General HR/ Recruiting - Indeed, BambooHR, CertN & LinkedIN",Erin Baile,**** 3741,,,,,,,,5450 HR & Recruiting
2025-09-21T02:11:04,Purchase,TRUSTII,  (31.36),CAD,Cash,,,"General HR/ Recruiting - Indeed, BambooHR, CertN & LinkedIN",Erin Baile,**** 3741,,,,,,,,5450 HR & Recruiting
2025-09-21T05:47:06,Purchase,TRUSTII,  (31.36),CAD,Cash,,,"General HR/ Recruiting - Indeed, BambooHR, CertN & LinkedIN",Erin Baile,**** 3741,,,,,,,,5450 HR & Recruiting
2025-09-22T02:06:48,Purchase,TRUSTII,  (31.36),CAD,Cash,,,"General HR/ Recruiting - Indeed, BambooHR, CertN & LinkedIN",Erin Baile,**** 3741,,,,,,,,5450 HR & Recruiting
2025-09-23T02:09:07,Purchase,TRUSTII,  (31.36),CAD,Cash,,,"General HR/ Recruiting - Indeed, BambooHR, CertN & LinkedIN",Erin Baile,**** 3741,,,,,,,,5450 HR & Recruiting
2025-09-23T02:11:05,Purchase,TRUSTII,  (31.36),CAD,Cash,,,"General HR/ Recruiting - Indeed, BambooHR, CertN & LinkedIN",Erin Baile,**** 3741,,,,,,,,5450 HR & Recruiting
2025-09-24T04:29:14,Purchase,TRUSTII,  (31.36),CAD,Cash,,,"General HR/ Recruiting - Indeed, BambooHR, CertN & LinkedIN",Erin Baile,**** 3741,,,,,,,,5450 HR & Recruiting
2025-09-25T02:13:57,Purchase,TRUSTII,  (31.36),CAD,Cash,,,"General HR/ Recruiting - Indeed, BambooHR, CertN & LinkedIN",Erin Baile,**** 3741,,,,,,,,5450 HR & Recruiting
2025-09-25T02:14:39,Purchase,TRUSTII,  (31.36),CAD,Cash,,,"General HR/ Recruiting - Indeed, BambooHR, CertN & LinkedIN",Erin Baile,**** 3741,,,,,,,,5450 HR & Recruiting
2025-09-26T03:41:39,Purchase,TRUSTII,  (31.36),CAD,Cash,,,"General HR/ Recruiting - Indeed, BambooHR, CertN & LinkedIN",Erin Baile,**** 3741,,,,,,,,5450 HR & Recruiting
2025-10-01T03:58:39,Purchase,TRUSTII,  (31.36),CAD,Cash,,,"General HR/ Recruiting - Indeed, BambooHR, CertN & LinkedIN",Erin Baile,**** 3741,,,,,,,,5450 HR & Recruiting
2025-10-01T03:58:42,Purchase,TRUSTII,  (31.36),CAD,Cash,,,"General HR/ Recruiting - Indeed, BambooHR, CertN & LinkedIN",Erin Baile,**** 3741,,,,,,,,5450 HR & Recruiting
2025-10-01T03:59:12,Purchase,TRUSTII,  (31.36),CAD,Cash,,,"General HR/ Recruiting - Indeed, BambooHR, CertN & LinkedIN",Erin Baile,**** 3741,,,,,,,,5450 HR & Recruiting
2025-10-01T04:02:35,Purchase,TRUSTII,  (31.36),CAD,Cash,,,"General HR/ Recruiting - Indeed, BambooHR, CertN & LinkedIN",Erin Baile,**** 3741,,,,,,,,5450 HR & Recruiting
2025-10-02T03:35:04,Purchase,TRUSTII,  (31.36),CAD,Cash,,,"General HR/ Recruiting - Indeed, BambooHR, CertN & LinkedIN",Erin Baile,**** 3741,,,,,,,,5450 HR & Recruiting
2025-10-03T03:38:25,Purchase,TRUSTII,  (31.36),CAD,Cash,,,"General HR/ Recruiting - Indeed, BambooHR, CertN & LinkedIN",Erin Baile,**** 3741,,,,,,,,5450 HR & Recruiting
2025-10-03T03:39:08,Purchase,TRUSTII,  (31.36),CAD,Cash,,,"General HR/ Recruiting - Indeed, BambooHR, CertN & LinkedIN",Erin Baile,**** 3741,,,,,,,,5450 HR & Recruiting
2025-10-04T02:42:16,Purchase,TRUSTII,  (31.36),CAD,Cash,,,"General HR/ Recruiting - Indeed, BambooHR, CertN & LinkedIN",Erin Baile,**** 3741,,,,,,,,5450 HR & Recruiting
2025-10-08T02:11:49,Purchase,TRUSTII,  (31.36),CAD,Cash,,,"General HR/ Recruiting - Indeed, BambooHR, CertN & LinkedIN",Erin Baile,**** 3741,,,,,,,,5450 HR & Recruiting
2025-10-08T02:12:00,Purchase,TRUSTII,  (31.36),CAD,Cash,,,"General HR/ Recruiting - Indeed, BambooHR, CertN & LinkedIN",Erin Baile,**** 3741,,,,,,,,5450 HR & Recruiting
2025-10-08T02:12:29,Purchase,TRUSTII,  (31.36),CAD,Cash,,,"General HR/ Recruiting - Indeed, BambooHR, CertN & LinkedIN",Erin Baile,**** 3741,,,,,,,,5450 HR & Recruiting
2025-10-10T03:58:55,Purchase,TRUSTII,  (31.36),CAD,Cash,,,"General HR/ Recruiting - Indeed, BambooHR, CertN & LinkedIN",Erin Baile,**** 3741,,,,,,,,5450 HR & Recruiting
2025-10-14T05:10:36,Purchase,TRUSTII,  (31.36),CAD,Cash,,,"General HR/ Recruiting - Indeed, BambooHR, CertN & LinkedIN",Erin Baile,**** 3741,,,,,,,,5450 HR & Recruiting
2025-10-15T02:11:33,Purchase,TRUSTII,  (31.36),CAD,Cash,,,"General HR/ Recruiting - Indeed, BambooHR, CertN & LinkedIN",Erin Baile,**** 3741,,,,,,,,5450 HR & Recruiting
2025-10-15T02:11:48,Purchase,TRUSTII,  (31.36),CAD,Cash,,,"General HR/ Recruiting - Indeed, BambooHR, CertN & LinkedIN",Erin Baile,**** 3741,,,,,,,,5450 HR & Recruiting
2025-10-17T02:17:18,Purchase,TRUSTII,  (31.36),CAD,Cash,,,"General HR/ Recruiting - Indeed, BambooHR, CertN & LinkedIN",Erin Baile,**** 3741,,,,,,,,5450 HR & Recruiting
2025-10-17T02:17:24,Purchase,TRUSTII,  (31.36),CAD,Cash,,,"General HR/ Recruiting - Indeed, BambooHR, CertN & LinkedIN",Erin Baile,**** 3741,,,,,,,,5450 HR & Recruiting
2025-10-18T03:22:42,Purchase,TRUSTII,  (16.80),CAD,Cash,,,"General HR/ Recruiting - Indeed, BambooHR, CertN & LinkedIN",Erin Baile,**** 3741,,,,,,,,5450 HR & Recruiting
2025-10-21T05:20:38,Purchase,TRUSTII,  (31.36),CAD,Cash,,,"General HR/ Recruiting - Indeed, BambooHR, CertN & LinkedIN",Erin Baile,**** 3741,,,,,,,,5450 HR & Recruiting
2025-10-21T05:20:56,Purchase,TRUSTII,  (31.36),CAD,Cash,,,"General HR/ Recruiting - Indeed, BambooHR, CertN & LinkedIN",Erin Baile,**** 3741,,,,,,,,5450 HR & Recruiting
2025-10-22T04:28:36,Purchase,TRUSTII,  (31.36),CAD,Cash,,,"General HR/ Recruiting - Indeed, BambooHR, CertN & LinkedIN",Erin Baile,**** 3741,,,,,,,,5450 HR & Recruiting
2025-10-22T04:30:02,Purchase,TRUSTII,  (31.36),CAD,Cash,,,"General HR/ Recruiting - Indeed, BambooHR, CertN & LinkedIN",Erin Baile,**** 3741,,,,,,,,5450 HR & Recruiting
2025-10-23T06:15:10,Purchase,TRUSTII,  (31.36),CAD,Cash,,,"General HR/ Recruiting - Indeed, BambooHR, CertN & LinkedIN",Erin Baile,**** 3741,,,,,,,,5450 HR & Recruiting
2025-10-24T02:17:10,Purchase,TRUSTII,  (31.36),CAD,Cash,,,"General HR/ Recruiting - Indeed, BambooHR, CertN & LinkedIN",Erin Baile,**** 3741,,,,,,,,5450 HR & Recruiting
2025-10-25T02:41:17,Purchase,TRUSTII,  (31.36),CAD,Cash,,,"General HR/ Recruiting - Indeed, BambooHR, CertN & LinkedIN",Erin Baile,**** 3741,,,,,,,,5450 HR & Recruiting
2025-10-25T17:22:21,Purchase,TRUSTII,  (31.36),CAD,Cash,,,"General HR/ Recruiting - Indeed, BambooHR, CertN & LinkedIN",Erin Baile,**** 3741,,,,,,,,5450 HR & Recruiting
2025-10-28T00:15:42,Purchase,TRUSTII,  (31.36),CAD,Cash,,,"General HR/ Recruiting - Indeed, BambooHR, CertN & LinkedIN",Erin Baile,**** 3741,,,,,,,,5450 HR & Recruiting
2025-10-28T04:32:28,Purchase,TRUSTII,  (31.36),CAD,Cash,,,"General HR/ Recruiting - Indeed, BambooHR, CertN & LinkedIN",Erin Baile,**** 3741,,,,,,,,5450 HR & Recruiting
2025-10-29T04:12:30,Purchase,TRUSTII,  (31.36),CAD,Cash,,,"General HR/ Recruiting - Indeed, BambooHR, CertN & LinkedIN",Erin Baile,**** 3741,,,,,,,,5450 HR & Recruiting
2025-10-29T04:13:26,Purchase,TRUSTII,  (31.36),CAD,Cash,,,"General HR/ Recruiting - Indeed, BambooHR, CertN & LinkedIN",Erin Baile,**** 3741,,,,,,,,5450 HR & Recruiting
2025-10-30T04:16:41,Purchase,TRUSTII,  (31.36),CAD,Cash,,,"General HR/ Recruiting - Indeed, BambooHR, CertN & LinkedIN",Erin Baile,**** 3741,,,,,,,,5450 HR & Recruiting
2025-11-06T05:57:47,Purchase,TRUSTII,  (31.36),CAD,Cash,,,"General HR/ Recruiting - Indeed, BambooHR, CertN & LinkedIN",Erin Baile,**** 3741,,,,,,,,5450 HR & Recruiting
2025-11-07T03:09:00,Purchase,TRUSTII,  (31.36),CAD,Cash,,,"General HR/ Recruiting - Indeed, BambooHR, CertN & LinkedIN",Erin Baile,**** 3741,,,,,,,,5450 HR & Recruiting
2025-11-08T02:29:18,Purchase,TRUSTII,  (31.36),CAD,Cash,,,"General HR/ Recruiting - Indeed, BambooHR, CertN & LinkedIN",Erin Baile,**** 3741,,,,,,,,5450 HR & Recruiting
2025-11-15T02:33:07,Purchase,TRUSTII,  (31.36),CAD,Cash,,,"General HR/ Recruiting - Indeed, BambooHR, CertN & LinkedIN",Erin Baile,**** 3741,,,,,,,,5450 HR & Recruiting
2025-11-18T23:07:19,Purchase,TRUSTII,  (31.36),CAD,Cash,,,"General HR/ Recruiting - Indeed, BambooHR, CertN & LinkedIN",Erin Baile,**** 3741,,,,,,,,5450 HR & Recruiting
2025-11-18T23:07:28,Purchase,TRUSTII,  (31.36),CAD,Cash,,,"General HR/ Recruiting - Indeed, BambooHR, CertN & LinkedIN",Erin Baile,**** 3741,,,,,,,,5450 HR & Recruiting
2025-11-18T23:07:28,Purchase,TRUSTII,  (31.36),CAD,Cash,,,"General HR/ Recruiting - Indeed, BambooHR, CertN & LinkedIN",Erin Baile,**** 3741,,,,,,,,5450 HR & Recruiting
2025-11-19T04:33:31,Purchase,TRUSTII,  (31.36),CAD,Cash,,,"General HR/ Recruiting - Indeed, BambooHR, CertN & LinkedIN",Erin Baile,**** 3741,,,,,,,,5450 HR & Recruiting
2025-11-19T04:33:52,Purchase,TRUSTII,  (31.36),CAD,Cash,,,"General HR/ Recruiting - Indeed, BambooHR, CertN & LinkedIN",Erin Baile,**** 3741,,,,,,,,5450 HR & Recruiting
2025-11-19T23:36:09,Purchase,TRUSTII,  (31.36),CAD,Cash,,,"General HR/ Recruiting - Indeed, BambooHR, CertN & LinkedIN",Erin Baile,**** 3741,,,,,,,,5450 HR & Recruiting
2025-11-19T23:43:16,Purchase,TRUSTII,  (31.36),CAD,Cash,,,"General HR/ Recruiting - Indeed, BambooHR, CertN & LinkedIN",Erin Baile,**** 3741,,,,,,,,5450 HR & Recruiting
2025-11-20T23:15:12,Purchase,TRUSTII,  (31.36),CAD,Cash,,,"General HR/ Recruiting - Indeed, BambooHR, CertN & LinkedIN",Erin Baile,**** 3741,,,,,,,,5450 HR & Recruiting
2025-11-20T23:15:23,Purchase,TRUSTII,  (31.36),CAD,Cash,,,"General HR/ Recruiting - Indeed, BambooHR, CertN & LinkedIN",Erin Baile,**** 3741,,,,,,,,5450 HR & Recruiting
2025-11-21T22:44:35,Purchase,TRUSTII,  (31.36),CAD,Cash,,,"General HR/ Recruiting - Indeed, BambooHR, CertN & LinkedIN",Erin Baile,**** 3741,,,,,,,,5450 HR & Recruiting
2025-11-22T02:32:46,Purchase,TRUSTII,  (31.36),CAD,Cash,,,"General HR/ Recruiting - Indeed, BambooHR, CertN & LinkedIN",Erin Baile,**** 3741,,,,,,,,5450 HR & Recruiting
2025-11-22T02:38:02,Purchase,TRUSTII,  (31.36),CAD,Cash,,,"General HR/ Recruiting - Indeed, BambooHR, CertN & LinkedIN",Erin Baile,**** 3741,,,,,,,,5450 HR & Recruiting
2025-11-22T02:38:04,Purchase,TRUSTII,  (31.36),CAD,Cash,,,"General HR/ Recruiting - Indeed, BambooHR, CertN & LinkedIN",Erin Baile,**** 3741,,,,,,,,5450 HR & Recruiting
2025-11-22T02:38:11,Purchase,TRUSTII,  (31.36),CAD,Cash,,,"General HR/ Recruiting - Indeed, BambooHR, CertN & LinkedIN",Erin Baile,**** 3741,,,,,,,,5450 HR & Recruiting
2025-11-25T04:42:02,Purchase,TRUSTII,  (31.36),CAD,Cash,,,"General HR/ Recruiting - Indeed, BambooHR, CertN & LinkedIN",Erin Baile,**** 3741,,,,,,,,5450 HR & Recruiting
2025-11-26T22:58:09,Purchase,TRUSTII,  (31.36),CAD,Cash,,,"General HR/ Recruiting - Indeed, BambooHR, CertN & LinkedIN",Erin Baile,**** 3741,,,,,,,,5450 HR & Recruiting
2025-11-28T05:51:51,Purchase,TRUSTII,  (31.36),CAD,Cash,,,"General HR/ Recruiting - Indeed, BambooHR, CertN & LinkedIN",Erin Baile,**** 3741,,,,,,,,5450 HR & Recruiting
2025-11-29T03:20:31,Purchase,TRUSTII,  (31.36),CAD,Cash,,,"General HR/ Recruiting - Indeed, BambooHR, CertN & LinkedIN",Erin Baile,**** 3741,,,,,,,,5450 HR & Recruiting
2025-11-29T03:22:24,Purchase,TRUSTII,  (31.36),CAD,Cash,,,"General HR/ Recruiting - Indeed, BambooHR, CertN & LinkedIN",Erin Baile,**** 3741,,,,,,,,5450 HR & Recruiting
2025-12-03T04:45:18,Purchase,TRUSTII,  (31.36),CAD,Cash,,,"General HR/ Recruiting - Indeed, BambooHR, CertN & LinkedIN",Erin Baile,**** 3741,,,,,,,,5450 HR & Recruiting
2025-12-05T03:34:52,Purchase,TRUSTII,  (31.36),CAD,Cash,,,"General HR/ Recruiting - Indeed, BambooHR, CertN & LinkedIN",Erin Baile,**** 3741,,,,,,,,5450 HR & Recruiting
2025-12-09T00:37:21,Purchase,TRUSTII,  (31.36),CAD,Cash,,,"General HR/ Recruiting - Indeed, BambooHR, CertN & LinkedIN",Erin Baile,**** 3741,,,,,,,,5450 HR & Recruiting
2025-12-09T00:37:27,Purchase,TRUSTII,  (31.36),CAD,Cash,,,"General HR/ Recruiting - Indeed, BambooHR, CertN & LinkedIN",Erin Baile,**** 3741,,,,,,,,5450 HR & Recruiting
2025-12-09T04:40:46,Purchase,TRUSTII,  (31.36),CAD,Cash,,,"General HR/ Recruiting - Indeed, BambooHR, CertN & LinkedIN",Erin Baile,**** 3741,,,,,,,,5450 HR & Recruiting
2025-12-09T04:45:49,Purchase,TRUSTII,  (31.36),CAD,Cash,,,"General HR/ Recruiting - Indeed, BambooHR, CertN & LinkedIN",Erin Baile,**** 3741,,,,,,,,5450 HR & Recruiting
2025-12-11T00:05:13,Purchase,TRUSTII,  (31.36),CAD,Cash,,,"General HR/ Recruiting - Indeed, BambooHR, CertN & LinkedIN",Erin Baile,**** 3741,,,,,,,,5450 HR & Recruiting
2025-12-13T03:18:14,Purchase,TRUSTII,  (31.36),CAD,Cash,,,"General HR/ Recruiting - Indeed, BambooHR, CertN & LinkedIN",Erin Baile,**** 3741,,,,,,,,5450 HR & Recruiting
2025-12-13T03:18:27,Purchase,TRUSTII,  (31.36),CAD,Cash,,,"General HR/ Recruiting - Indeed, BambooHR, CertN & LinkedIN",Erin Baile,**** 3741,,,,,,,,5450 HR & Recruiting
2025-12-16T06:20:52,Purchase,TRUSTII,  (31.36),CAD,Cash,,,"General HR/ Recruiting - Indeed, BambooHR, CertN & LinkedIN",Erin Baile,**** 3741,,,,,,,,5450 HR & Recruiting
2025-12-17T01:33:35,Purchase,TRUSTII,  (31.36),CAD,Cash,,,"General HR/ Recruiting - Indeed, BambooHR, CertN & LinkedIN",Erin Baile,**** 3741,,,,,,,,5450 HR & Recruiting
2025-12-17T01:33:47,Purchase,TRUSTII,  (31.36),CAD,Cash,,,"General HR/ Recruiting - Indeed, BambooHR, CertN & LinkedIN",Erin Baile,**** 3741,,,,,,,,5450 HR & Recruiting
2025-12-18T00:41:18,Purchase,TRUSTII,  (31.36),CAD,Cash,,,"General HR/ Recruiting - Indeed, BambooHR, CertN & LinkedIN",Erin Baile,**** 3741,,,,,,,,5450 HR & Recruiting
2025-12-19T00:41:23,Purchase,TRUSTII,  (31.36),CAD,Cash,,,"General HR/ Recruiting - Indeed, BambooHR, CertN & LinkedIN",Erin Baile,**** 3741,,,,,,,,5450 HR & Recruiting
2025-12-20T03:06:05,Purchase,TRUSTII,  (31.36),CAD,Cash,,,"General HR/ Recruiting - Indeed, BambooHR, CertN & LinkedIN",Erin Baile,**** 3741,,,,,,,,5450 HR & Recruiting
2025-12-20T03:06:36,Purchase,TRUSTII,  (31.36),CAD,Cash,,,"General HR/ Recruiting - Indeed, BambooHR, CertN & LinkedIN",Erin Baile,**** 3741,,,,,,,,5450 HR & Recruiting
2025-12-20T03:15:04,Purchase,TRUSTII,  (31.36),CAD,Cash,,,"General HR/ Recruiting - Indeed, BambooHR, CertN & LinkedIN",Erin Baile,**** 3741,,,,,,,,5450 HR & Recruiting
2025-12-20T03:15:04,Purchase,TRUSTII,  (31.36),CAD,Cash,,,"General HR/ Recruiting - Indeed, BambooHR, CertN & LinkedIN",Erin Baile,**** 3741,,,,,,,,5450 HR & Recruiting
2025-12-26T05:31:47,Purchase,TRUSTII,  (31.36),CAD,Cash,,,"General HR/ Recruiting - Indeed, BambooHR, CertN & LinkedIN",Erin Baile,**** 3741,,,,,,,,5450 HR & Recruiting
2025-12-31T04:31:30,Purchase,TRUSTII,  (31.36),CAD,Cash,,,"General HR/ Recruiting - Indeed, BambooHR, CertN & LinkedIN",Erin Baile,**** 3741,,,,,,,,5450 HR & Recruiting
2025-01-26T02:30:31,Purchase,WRANGLE.IO,  (219.06),CAD,Cash,150,USD,"General HR/ Recruiting - Indeed, BambooHR, CertN & LinkedIN",Erin Baile,**** 3741,,,,,,,1.4604,5450 HR & Recruiting
2025-02-26T01:19:53,Purchase,WRANGLE.IO,  (217.27),CAD,Cash,150,USD,"General HR/ Recruiting - Indeed, BambooHR, CertN & LinkedIN",Erin Baile,**** 3741,,,,,,,1.448467,5450 HR & Recruiting
2025-03-26T02:17:41,Purchase,WRANGLE.IO,  (218.70),CAD,Cash,150,USD,"General HR/ Recruiting - Indeed, BambooHR, CertN & LinkedIN",Erin Baile,**** 3741,,,,,,,1.458,5450 HR & Recruiting
2025-04-10T02:16:36,Purchase,WRANGLE.IO,  (36.23),CAD,Cash,25,USD,"General HR/ Recruiting - Indeed, BambooHR, CertN & LinkedIN",Erin Baile,**** 3741,,,,,,,1.4492,5450 HR & Recruiting
2025-04-26T04:02:34,Purchase,WRANGLE.IO,  (246.93),CAD,Cash,175,USD,"General HR/ Recruiting - Indeed, BambooHR, CertN & LinkedIN",Erin Baile,**** 3741,,,,,,,1.411029,5450 HR & Recruiting
2025-05-26T04:01:24,Purchase,WRANGLE.IO,  (246.32),CAD,Cash,175,USD,"General HR/ Recruiting - Indeed, BambooHR, CertN & LinkedIN",Erin Baile,**** 3741,,,,,,,1.407543,5450 HR & Recruiting
2025-06-26T02:21:08,Purchase,WRANGLE.IO,  (244.08),CAD,Cash,175,USD,"General HR/ Recruiting - Indeed, BambooHR, CertN & LinkedIN",Erin Baile,**** 3741,,,,,,,1.394743,5450 HR & Recruiting
2025-07-26T04:33:32,Purchase,WRANGLE.IO,  (242.60),CAD,Cash,175,USD,"General HR/ Recruiting - Indeed, BambooHR, CertN & LinkedIN",Erin Baile,**** 3741,,,,,,,1.386286,5450 HR & Recruiting
2025-08-26T02:16:02,Purchase,WRANGLE.IO,  (247.40),CAD,Cash,175,USD,"General HR/ Recruiting - Indeed, BambooHR, CertN & LinkedIN",Erin Baile,**** 3741,,,,,,,1.413714,5450 HR & Recruiting
2025-09-16T05:17:15,Purchase,WRANGLE.IO,  (70.37),CAD,Cash,50,USD,"General HR/ Recruiting - Indeed, BambooHR, CertN & LinkedIN",Erin Baile,**** 3741,,,,,,,1.4074,5450 HR & Recruiting
2025-09-26T03:33:42,Purchase,WRANGLE.IO,  (317.67),CAD,Cash,225,USD,"General HR/ Recruiting - Indeed, BambooHR, CertN & LinkedIN",Erin Baile,**** 3741,,,,,,,1.411867,5450 HR & Recruiting
2025-10-26T06:03:35,Purchase,WRANGLE.IO,  (320.66),CAD,Cash,225,USD,"General HR/ Recruiting - Indeed, BambooHR, CertN & LinkedIN",Erin Baile,**** 3741,,,,,,,1.425156,5450 HR & Recruiting
2025-11-25T23:39:46,Purchase,WRANGLE.IO,  (322.49),CAD,Cash,225,USD,"General HR/ Recruiting - Indeed, BambooHR, CertN & LinkedIN",Erin Baile,**** 3741,,,,,,,1.433289,5450 HR & Recruiting
2025-12-26T00:22:20,Purchase,WRANGLE.IO,  (312.77),CAD,Cash,225,USD,"General HR/ Recruiting - Indeed, BambooHR, CertN & LinkedIN",Erin Baile,**** 3741,,,,,,,1.390089,5450 HR & Recruiting
2025-02-01T01:09:17,Purchase,MAG-SCC ONLINE FEES,  (77.00),CAD,Cash,,,License Renewals,Joyce Pong,**** 2640,,,,,,,,5610 Accounting & Legal
2025-11-05T06:16:17,Purchase,ACTION PROCESS SERVING LT,  (200.00),CAD,Cash,,,"Engaging with a company that will serve legal documents for us. As this is our first transaction, they require payment in full in advance. I was quoted $200 as the fee, but there may be additional charges (affidavit fee, taxes, etc.)",Angelika Jamal,**** 7250,,,,,,,,5610 Accounting & Legal
2025-07-23T02:22:38,Purchase,CFA Institute,  (554.79),CAD,Cash,399,USD,"CPA and CFA Dues (approved by Tyler Thielmann).
June 22, 2022  - increasing limit to $1,550 to allow for CFA annual dues (USD$355.00 annually)",Victor Ko,**** 6209,,,,,,,1.390451,5610 Accounting & Legal
2025-07-24T02:20:57,Purchase,CFA Institute,  (554.79),CAD,Cash,399,USD,,Victor Ko,**** 4540,,,,,,,1.390451,5610 Accounting & Legal
2025-03-19T04:31:24,Purchase,CHARTERED PROFESSIONAL,"  (1,107.75)",CAD,Cash,,,CPA Dues (approved by Victor Ko),Emilio Lagman,**** 9631,,,,,,,,5610 Accounting & Legal
2025-03-22T06:55:38,Purchase,CHARTERED PROFESSIONAL,"  (1,107.75)",CAD,Cash,,,"CPA and CFA Dues (approved by Tyler Thielmann).
June 22, 2022  - increasing limit to $1,550 to allow for CFA annual dues (USD$355.00 annually)",Victor Ko,**** 6209,,,,,,,,5610 Accounting & Legal
2025-10-18T02:10:42,Purchase,COURT KINGS BENCH EDM,  (105.00),CAD,Cash,,,License Renewals,Joyce Pong,**** 2640,,,,,,,,5610 Accounting & Legal
2025-10-30T22:57:31,Purchase,COURT KINGS BENCH EDM,  (109.00),CAD,Cash,,,License Renewals,Joyce Pong,**** 2640,,,,,,,,5610 Accounting & Legal
2025-05-16T04:19:33,Purchase,ELDOR-WAL REGISTRATIONS,  (139.25),CAD,Cash,,,License Renewals,Joyce Pong,**** 2640,,,,,,,,5610 Accounting & Legal
2025-12-16T06:38:17,Purchase,FINANCIAL AND CONSUMER SE,  (100.00),CAD,Cash,,,License Renewals,Joyce Pong,**** 2640,,,,,,,,5610 Accounting & Legal
2025-10-25T02:45:53,Purchase,INSURANCE COUNCIL OF MANI,  (70.00),CAD,Cash,,,License Renewals,Joyce Pong,**** 2640,,,,,,,,5610 Accounting & Legal
2025-12-19T05:53:24,Purchase,LEARNFORMULA(CPD),"  (2,205.19)",CAD,Cash,,,,Victor Ko,**** 4529,,,,,,,,5610 Accounting & Legal
2025-08-21T02:16:09,Purchase,MAG-SCC ONLINE FEES,  (77.00),CAD,Cash,,,License Renewals,Joyce Pong,**** 2640,,,,,,,,5610 Accounting & Legal
2025-12-10T00:45:36,Purchase,MAG-SCC ONLINE FEES,  (127.00),CAD,Cash,,,"Engaging with a company that will serve legal documents for us. As this is our first transaction, they require payment in full in advance. I was quoted $200 as the fee, but there may be additional charges (affidavit fee, taxes, etc.)",Angelika Jamal,**** 7250,,,,,,,,5610 Accounting & Legal
2025-12-19T22:45:08,Purchase,Prov of BC- BC Registr,  (26.50),CAD,Cash,,,License Renewals,Joyce Pong,**** 2640,,,,,,,,5610 Accounting & Legal
2025-12-19T21:35:53,Purchase,SQ *NOTARY2U.CA & DOCSERV,  (214.72),CAD,Cash,,,"Engaging with a company that will serve legal documents for us. As this is our first transaction, they require payment in full in advance. I was quoted $200 as the fee, but there may be additional charges (affidavit fee, taxes, etc.)",Angelika Jamal,**** 7250,,,,,,,,5610 Accounting & Legal
2025-11-17T00:26:13,Purchase,XAI LLC,  (42.79),CAD,Cash,30,USD,License Renewals,Joyce Pong,**** 2640,,,,,,,1.426333,5610 Accounting & Legal
2025-12-17T01:34:37,Purchase,XAI LLC,  (42.01),CAD,Cash,30,USD,License Renewals,Joyce Pong,**** 2640,,,,,,,1.400333,5610 Accounting & Legal
2025-07-19T04:03:56,Purchase,FACEBK *24L24V47Z2,"  (2,919.00)",CAD,Cash,,,"Facebook/Instagram advertising spend under new ad account 862444328461160, created november 2022.

updated limit to $62K per month (increase spend to $2K per day)",Hector Alfonso Pertierra Marin,**** 9922,,,,,,,,5615 Facebook Advertising
2025-01-13T01:08:41,Purchase,FACEBK *257Y4KU5K2,  (444.00),CAD,Cash,,,,Hector Alfonso Pertierra Marin,**** 1869,,,,,,,,5615 Facebook Advertising
2025-03-04T01:08:23,Purchase,FACEBK *28CJQKY5K2,  (123.51),CAD,Cash,,,,Hector Alfonso Pertierra Marin,**** 1869,,,,,,,,5615 Facebook Advertising
2025-02-14T01:15:59,Purchase,FACEBK *28M6VKC6K2,"  (1,158.00)",CAD,Cash,,,,Hector Alfonso Pertierra Marin,**** 1869,,,,,,,,5615 Facebook Advertising
2025-02-04T01:06:45,Purchase,FACEBK *2AGGNLU6K2,  (488.09),CAD,Cash,,,,Hector Alfonso Pertierra Marin,**** 1869,,,,,,,,5615 Facebook Advertising
2025-06-23T02:07:19,Purchase,FACEBK *2AQJMYL6Z2,"  (2,919.00)",CAD,Cash,,,"Facebook/Instagram advertising spend under new ad account 862444328461160, created november 2022.

updated limit to $62K per month (increase spend to $2K per day)",Hector Alfonso Pertierra Marin,**** 9922,,,,,,,,5615 Facebook Advertising
2025-07-16T02:18:35,Purchase,FACEBK *2F5GCV89K2,  (499.00),CAD,Cash,,,,Hector Alfonso Pertierra Marin,**** 5903,,,,,,,,5615 Facebook Advertising
2025-02-08T01:17:40,Purchase,FACEBK *2FSM3KQYQ2,"  (1,213.00)",CAD,Cash,,,Facebook Foundation account,Hector Alfonso Pertierra Marin,**** 4398,,,,,,,,5615 Facebook Advertising
2025-08-18T03:24:06,Purchase,FACEBK *2GMVFXG7Z2,"  (2,919.00)",CAD,Cash,,,"Facebook/Instagram advertising spend under new ad account 862444328461160, created november 2022.

updated limit to $62K per month (increase spend to $2K per day)",Hector Alfonso Pertierra Marin,**** 9922,,,,,,,,5615 Facebook Advertising
2025-05-27T02:13:52,Purchase,FACEBK *2MJ95R87Z2,"  (2,919.00)",CAD,Cash,,,"Facebook/Instagram advertising spend under new ad account 862444328461160, created november 2022.

updated limit to $62K per month (increase spend to $2K per day)",Hector Alfonso Pertierra Marin,**** 9922,,,,,,,,5615 Facebook Advertising
2025-09-08T03:52:03,Purchase,FACEBK *2RQKRZC8K2,"  (1,174.00)",CAD,Cash,,,,Hector Alfonso Pertierra Marin,**** 5903,,,,,,,,5615 Facebook Advertising
2025-03-18T02:02:30,Purchase,FACEBK *2RT7HNU5K2,"  (1,158.00)",CAD,Cash,,,,Hector Alfonso Pertierra Marin,**** 1869,,,,,,,,5615 Facebook Advertising
2025-04-21T18:41:11,Purchase,FACEBK *2TTTKNY5K2,"  (1,158.00)",CAD,Cash,,,,Hector Alfonso Pertierra Marin,**** 1869,,,,,,,,5615 Facebook Advertising
2025-04-19T17:57:42,Purchase,FACEBK *2VTTUNQ6K2,"  (1,158.00)",CAD,Cash,,,,Hector Alfonso Pertierra Marin,**** 1869,,,,,,,,5615 Facebook Advertising
2025-01-07T03:13:15,Purchase,FACEBK *2WEHHJ46K2,  (14.00),CAD,Cash,,,,Hector Alfonso Pertierra Marin,**** 1869,,,,,,,,5615 Facebook Advertising
2025-03-28T06:20:18,Purchase,FACEBK *36Z85MY5K2,"  (1,158.00)",CAD,Cash,,,,Hector Alfonso Pertierra Marin,**** 1869,,,,,,,,5615 Facebook Advertising
2025-09-06T02:08:56,Purchase,FACEBK *3969CZ89K2,"  (1,132.00)",CAD,Cash,,,,Hector Alfonso Pertierra Marin,**** 5903,,,,,,,,5615 Facebook Advertising
2025-10-19T02:08:39,Purchase,FACEBK *3BZEF3D7Z2,"  (2,919.00)",CAD,Cash,,,"Facebook/Instagram advertising spend under new ad account 862444328461160, created november 2022.

updated limit to $62K per month (increase spend to $2K per day)",Hector Alfonso Pertierra Marin,**** 9922,,,,,,,,5615 Facebook Advertising
2025-06-14T02:04:34,Purchase,FACEBK *3LM7AU49K2,  (3.00),CAD,Cash,,,,Hector Alfonso Pertierra Marin,**** 5903,,,,,,,,5615 Facebook Advertising
2025-04-26T02:06:39,Purchase,FACEBK *3NP6ZPC6K2,"  (1,158.00)",CAD,Cash,,,,Hector Alfonso Pertierra Marin,**** 1869,,,,,,,,5615 Facebook Advertising
2025-04-09T02:18:52,Purchase,FACEBK *3RCJHP46K2,"  (1,158.00)",CAD,Cash,,,,Hector Alfonso Pertierra Marin,**** 1869,,,,,,,,5615 Facebook Advertising
2025-07-11T02:20:29,Purchase,FACEBK *3RDRCVG8K2,  (436.00),CAD,Cash,,,,Hector Alfonso Pertierra Marin,**** 5903,,,,,,,,5615 Facebook Advertising
2025-06-04T02:19:10,Purchase,FACEBK *3RVFTQC7Z2,"  (2,919.00)",CAD,Cash,,,"Facebook/Instagram advertising spend under new ad account 862444328461160, created november 2022.

updated limit to $62K per month (increase spend to $2K per day)",Hector Alfonso Pertierra Marin,**** 9922,,,,,,,,5615 Facebook Advertising
2025-07-14T02:07:34,Purchase,FACEBK *3VFZNU47Z2,"  (2,919.00)",CAD,Cash,,,"Facebook/Instagram advertising spend under new ad account 862444328461160, created november 2022.

updated limit to $62K per month (increase spend to $2K per day)",Hector Alfonso Pertierra Marin,**** 9922,,,,,,,,5615 Facebook Advertising
2025-03-22T02:08:36,Purchase,FACEBK *3VWE5LU6Z2,"  (2,919.00)",CAD,Cash,,,"Facebook/Instagram advertising spend under new ad account 862444328461160, created november 2022.

updated limit to $62K per month (increase spend to $2K per day)",Hector Alfonso Pertierra Marin,**** 9922,,,,,,,,5615 Facebook Advertising
2025-06-23T03:51:40,Purchase,FACEBK *3XXK2UQ8K2,  (154.00),CAD,Cash,,,,Hector Alfonso Pertierra Marin,**** 5903,,,,,,,,5615 Facebook Advertising
2025-10-06T02:09:00,Purchase,FACEBK *3YDXC2V6Z2,"  (2,919.00)",CAD,Cash,,,"Facebook/Instagram advertising spend under new ad account 862444328461160, created november 2022.

updated limit to $62K per month (increase spend to $2K per day)",Hector Alfonso Pertierra Marin,**** 9922,,,,,,,,5615 Facebook Advertising
2025-10-26T21:16:30,Purchase,FACEBK *43KV2597Z2,"  (2,919.00)",CAD,Cash,,,"Facebook/Instagram advertising spend under new ad account 862444328461160, created november 2022.

updated limit to $62K per month (increase spend to $2K per day)",Hector Alfonso Pertierra Marin,**** 9922,,,,,,,,5615 Facebook Advertising
2025-02-02T01:27:59,Purchase,FACEBK *43Y52JL6K2,"  (1,158.00)",CAD,Cash,,,,Hector Alfonso Pertierra Marin,**** 1869,,,,,,,,5615 Facebook Advertising
2025-06-25T02:07:23,Purchase,FACEBK *46U2CT47Z2,"  (1,349.70)",CAD,Cash,,,"Facebook/Instagram advertising spend under new ad account 862444328461160, created november 2022.

updated limit to $62K per month (increase spend to $2K per day)",Hector Alfonso Pertierra Marin,**** 9922,,,,,,,,5615 Facebook Advertising
2025-01-29T01:46:36,Purchase,FACEBK *47S2AJG7Z2,"  (2,907.00)",CAD,Cash,,,"Facebook/Instagram advertising spend under new ad account 862444328461160, created november 2022.

updated limit to $62K per month (increase spend to $2K per day)",Hector Alfonso Pertierra Marin,**** 9922,,,,,,,,5615 Facebook Advertising
2025-08-04T05:55:38,Purchase,FACEBK *4827UWQYQ2,"  (1,213.00)",CAD,Cash,,,Facebook Foundation account,Hector Alfonso Pertierra Marin,**** 4398,,,,,,,,5615 Facebook Advertising
2025-05-24T17:00:14,Purchase,FACEBK *49M9DRQ6K2,"  (1,158.00)",CAD,Cash,,,,Hector Alfonso Pertierra Marin,**** 1869,,,,,,,,5615 Facebook Advertising
2025-05-16T02:16:27,Purchase,FACEBK *4AYKNQG7Z2,"  (2,919.00)",CAD,Cash,,,"Facebook/Instagram advertising spend under new ad account 862444328461160, created november 2022.

updated limit to $62K per month (increase spend to $2K per day)",Hector Alfonso Pertierra Marin,**** 9922,,,,,,,,5615 Facebook Advertising
2025-09-10T02:15:33,Purchase,FACEBK *4DS3V259K2,  (69.04),CAD,Cash,,,,Hector Alfonso Pertierra Marin,**** 5903,,,,,,,,5615 Facebook Advertising
2025-06-24T02:12:45,Purchase,FACEBK *4DYDNSL7Z2,"  (2,919.00)",CAD,Cash,,,"Facebook/Instagram advertising spend under new ad account 862444328461160, created november 2022.

updated limit to $62K per month (increase spend to $2K per day)",Hector Alfonso Pertierra Marin,**** 9922,,,,,,,,5615 Facebook Advertising
2025-04-22T05:45:54,Purchase,FACEBK *4KRE5RU6K2,"  (1,158.00)",CAD,Cash,,,,Hector Alfonso Pertierra Marin,**** 1869,,,,,,,,5615 Facebook Advertising
2025-01-09T01:49:15,Purchase,FACEBK *4MHVWJU5K2,  (138.00),CAD,Cash,,,,Hector Alfonso Pertierra Marin,**** 1869,,,,,,,,5615 Facebook Advertising
2025-02-23T01:14:02,Purchase,FACEBK *4N3G2PY6Z2,"  (2,919.00)",CAD,Cash,,,"Facebook/Instagram advertising spend under new ad account 862444328461160, created november 2022.

updated limit to $62K per month (increase spend to $2K per day)",Hector Alfonso Pertierra Marin,**** 9922,,,,,,,,5615 Facebook Advertising
2025-11-25T23:36:46,Purchase,FACEBK *4QQLT7R6Z2,"  (2,919.00)",CAD,Cash,,,"Facebook/Instagram advertising spend under new ad account 862444328461160, created november 2022.

updated limit to $62K per month (increase spend to $2K per day)",Hector Alfonso Pertierra Marin,**** 9922,,,,,,,,5615 Facebook Advertising
2025-07-20T06:04:18,Purchase,FACEBK *4RFRM2M6Z2,"  (2,919.00)",CAD,Cash,,,"Facebook/Instagram advertising spend under new ad account 862444328461160, created november 2022.

updated limit to $62K per month (increase spend to $2K per day)",Hector Alfonso Pertierra Marin,**** 9922,,,,,,,,5615 Facebook Advertising
2025-08-04T02:08:58,Purchase,FACEBK *4RJU5VC7Z2,"  (2,919.00)",CAD,Cash,,,"Facebook/Instagram advertising spend under new ad account 862444328461160, created november 2022.

updated limit to $62K per month (increase spend to $2K per day)",Hector Alfonso Pertierra Marin,**** 9922,,,,,,,,5615 Facebook Advertising
2025-08-11T02:04:09,Purchase,FACEBK *4SR6NXYYQ2,"  (1,213.00)",CAD,Cash,,,Facebook Foundation account,Hector Alfonso Pertierra Marin,**** 4398,,,,,,,,5615 Facebook Advertising
2025-02-26T01:17:47,Purchase,FACEBK *4YJJBLG6K2,"  (1,158.00)",CAD,Cash,,,,Hector Alfonso Pertierra Marin,**** 1869,,,,,,,,5615 Facebook Advertising
2025-08-09T02:12:02,Purchase,FACEBK *4ZQZPWG7Z2,"  (2,919.00)",CAD,Cash,,,"Facebook/Instagram advertising spend under new ad account 862444328461160, created november 2022.

updated limit to $62K per month (increase spend to $2K per day)",Hector Alfonso Pertierra Marin,**** 9922,,,,,,,,5615 Facebook Advertising
2025-06-21T16:55:12,Purchase,FACEBK *52ADMTC9K2,  (115.00),CAD,Cash,,,,Hector Alfonso Pertierra Marin,**** 5903,,,,,,,,5615 Facebook Advertising
2025-07-12T04:49:56,Purchase,FACEBK *53MUDU87Z2,"  (2,919.00)",CAD,Cash,,,"Facebook/Instagram advertising spend under new ad account 862444328461160, created november 2022.

updated limit to $62K per month (increase spend to $2K per day)",Hector Alfonso Pertierra Marin,**** 9922,,,,,,,,5615 Facebook Advertising
2025-01-27T01:13:15,Purchase,FACEBK *54NBQJG6K2,"  (1,158.00)",CAD,Cash,,,,Hector Alfonso Pertierra Marin,**** 1869,,,,,,,,5615 Facebook Advertising
2025-07-17T02:23:19,Purchase,FACEBK *55TZDVL8K2,  (522.00),CAD,Cash,,,,Hector Alfonso Pertierra Marin,**** 5903,,,,,,,,5615 Facebook Advertising
2025-03-20T02:08:34,Purchase,FACEBK *59H5BN46K2,"  (1,158.00)",CAD,Cash,,,,Hector Alfonso Pertierra Marin,**** 1869,,,,,,,,5615 Facebook Advertising
2025-07-29T02:14:13,Purchase,FACEBK *5CJC3YUYQ2,"  (1,213.00)",CAD,Cash,,,Facebook Foundation account,Hector Alfonso Pertierra Marin,**** 4398,,,,,,,,5615 Facebook Advertising
2025-01-30T01:36:57,Purchase,FACEBK *5D8SXHY5K2,"  (1,158.00)",CAD,Cash,,,,Hector Alfonso Pertierra Marin,**** 1869,,,,,,,,5615 Facebook Advertising
2025-02-25T01:04:50,Purchase,FACEBK *5DJM4PY6Z2,  (570.47),CAD,Cash,,,"Facebook/Instagram advertising spend under new ad account 862444328461160, created november 2022.

updated limit to $62K per month (increase spend to $2K per day)",Hector Alfonso Pertierra Marin,**** 9922,,,,,,,,5615 Facebook Advertising
2025-06-16T03:38:16,Purchase,FACEBK *5DKVHS87Z2,"  (2,919.00)",CAD,Cash,,,"Facebook/Instagram advertising spend under new ad account 862444328461160, created november 2022.

updated limit to $62K per month (increase spend to $2K per day)",Hector Alfonso Pertierra Marin,**** 9922,,,,,,,,5615 Facebook Advertising
2025-08-09T18:41:44,Purchase,FACEBK *5DUZRWU8K2,  (307.99),CAD,Cash,,,,Hector Alfonso Pertierra Marin,**** 5903,,,,,,,,5615 Facebook Advertising
2025-03-16T02:10:11,Purchase,FACEBK *5EX3CMG6K2,"  (1,158.00)",CAD,Cash,,,,Hector Alfonso Pertierra Marin,**** 1869,,,,,,,,5615 Facebook Advertising
2025-05-28T06:05:14,Purchase,FACEBK *5G275RL6K2,"  (1,158.00)",CAD,Cash,,,,Hector Alfonso Pertierra Marin,**** 1869,,,,,,,,5615 Facebook Advertising
2025-07-23T02:24:08,Purchase,FACEBK *5HP78WYYQ2,"  (1,213.00)",CAD,Cash,,,Facebook Foundation account,Hector Alfonso Pertierra Marin,**** 4398,,,,,,,,5615 Facebook Advertising
2025-07-26T02:11:51,Purchase,FACEBK *5Q863W89K2,  (649.00),CAD,Cash,,,,Hector Alfonso Pertierra Marin,**** 5903,,,,,,,,5615 Facebook Advertising
2025-12-24T22:51:51,Purchase,FACEBK *5QN5LDZ6Z2,  (6.11),CAD,Cash,,,"Facebook/Instagram advertising spend under new ad account 862444328461160, created november 2022.

updated limit to $62K per month (increase spend to $2K per day)",Hector Alfonso Pertierra Marin,**** 9922,,,,,,,,5615 Facebook Advertising
2025-06-07T04:06:55,Purchase,FACEBK *5SWX3T4YQ2,"  (1,213.00)",CAD,Cash,,,Facebook Foundation account,Hector Alfonso Pertierra Marin,**** 4398,,,,,,,,5615 Facebook Advertising
2025-03-06T04:17:00,Purchase,FACEBK *5VP4ALLYQ2,"  (1,213.00)",CAD,Cash,,,Facebook Foundation account,Hector Alfonso Pertierra Marin,**** 4398,,,,,,,,5615 Facebook Advertising
2025-03-10T06:00:16,Purchase,FACEBK *5W654MYYQ2,"  (1,213.00)",CAD,Cash,,,Facebook Foundation account,Hector Alfonso Pertierra Marin,**** 4398,,,,,,,,5615 Facebook Advertising
2025-06-13T02:22:38,Purchase,FACEBK *5XGWAS87Z2,"  (2,919.00)",CAD,Cash,,,"Facebook/Instagram advertising spend under new ad account 862444328461160, created november 2022.

updated limit to $62K per month (increase spend to $2K per day)",Hector Alfonso Pertierra Marin,**** 9922,,,,,,,,5615 Facebook Advertising
2025-10-03T02:12:38,Purchase,FACEBK *5XSXH8M6Z2,"  (2,919.00)",CAD,Cash,,,"Facebook/Instagram advertising spend under new ad account 862444328461160, created november 2022.

updated limit to $62K per month (increase spend to $2K per day)",Hector Alfonso Pertierra Marin,**** 9922,,,,,,,,5615 Facebook Advertising
2025-07-06T02:06:52,Purchase,FACEBK *5YPSTUC8K2,  (381.00),CAD,Cash,,,,Hector Alfonso Pertierra Marin,**** 5903,,,,,,,,5615 Facebook Advertising
2025-07-04T04:04:42,Purchase,FACEBK *62EEVUG8K2,  (365.00),CAD,Cash,,,,Hector Alfonso Pertierra Marin,**** 5903,,,,,,,,5615 Facebook Advertising
2025-06-07T17:42:45,Purchase,FACEBK *66M89SG7Z2,"  (2,919.00)",CAD,Cash,,,"Facebook/Instagram advertising spend under new ad account 862444328461160, created november 2022.

updated limit to $62K per month (increase spend to $2K per day)",Hector Alfonso Pertierra Marin,**** 9922,,,,,,,,5615 Facebook Advertising
2025-06-16T06:28:42,Purchase,FACEBK *678D8TC9K2,  (46.00),CAD,Cash,,,,Hector Alfonso Pertierra Marin,**** 5903,,,,,,,,5615 Facebook Advertising
2025-03-26T05:30:12,Purchase,FACEBK *67S6SQY6Z2,"  (2,919.00)",CAD,Cash,,,"Facebook/Instagram advertising spend under new ad account 862444328461160, created november 2022.

updated limit to $62K per month (increase spend to $2K per day)",Hector Alfonso Pertierra Marin,**** 9922,,,,,,,,5615 Facebook Advertising
2025-06-02T02:09:22,Purchase,FACEBK *67X3QS4YQ2,"  (1,213.00)",CAD,Cash,,,Facebook Foundation account,Hector Alfonso Pertierra Marin,**** 4398,,,,,,,,5615 Facebook Advertising
2025-06-21T04:43:08,Purchase,FACEBK *683QVS87Z2,"  (2,919.00)",CAD,Cash,,,"Facebook/Instagram advertising spend under new ad account 862444328461160, created november 2022.

updated limit to $62K per month (increase spend to $2K per day)",Hector Alfonso Pertierra Marin,**** 9922,,,,,,,,5615 Facebook Advertising
2025-12-20T23:59:48,Purchase,FACEBK *6D87M8D7Z2,"  (2,919.00)",CAD,Cash,,,"Facebook/Instagram advertising spend under new ad account 862444328461160, created november 2022.

updated limit to $62K per month (increase spend to $2K per day)",Hector Alfonso Pertierra Marin,**** 9922,,,,,,,,5615 Facebook Advertising
2025-05-17T18:54:53,Purchase,FACEBK *6DK7NRC6K2,"  (1,158.00)",CAD,Cash,,,,Hector Alfonso Pertierra Marin,**** 1869,,,,,,,,5615 Facebook Advertising
2025-06-19T04:40:48,Purchase,FACEBK *6G45RTY8K2,  (77.00),CAD,Cash,,,,Hector Alfonso Pertierra Marin,**** 5903,,,,,,,,5615 Facebook Advertising
2025-01-31T01:11:56,Purchase,FACEBK *6H6WCJQ6K2,"  (1,158.00)",CAD,Cash,,,,Hector Alfonso Pertierra Marin,**** 1869,,,,,,,,5615 Facebook Advertising
2025-01-10T01:16:03,Purchase,FACEBK *6NRZUHG6K2,  (185.00),CAD,Cash,,,,Hector Alfonso Pertierra Marin,**** 1869,,,,,,,,5615 Facebook Advertising
2025-01-25T17:10:43,Purchase,FACEBK *6RSMDPL6Z2,"  (2,907.00)",CAD,Cash,,,"Facebook/Instagram advertising spend under new ad account 862444328461160, created november 2022.

updated limit to $62K per month (increase spend to $2K per day)",Hector Alfonso Pertierra Marin,**** 9922,,,,,,,,5615 Facebook Advertising
2025-06-01T02:15:05,Purchase,FACEBK *6TSF9VY6Z2,"  (2,919.00)",CAD,Cash,,,"Facebook/Instagram advertising spend under new ad account 862444328461160, created november 2022.

updated limit to $62K per month (increase spend to $2K per day)",Hector Alfonso Pertierra Marin,**** 9922,,,,,,,,5615 Facebook Advertising
2025-03-10T02:15:19,Purchase,FACEBK *6TXAZLG6K2,"  (1,158.00)",CAD,Cash,,,,Hector Alfonso Pertierra Marin,**** 1869,,,,,,,,5615 Facebook Advertising
2025-03-11T02:10:18,Purchase,FACEBK *6WU4WPY6Z2,"  (2,919.00)",CAD,Cash,,,"Facebook/Instagram advertising spend under new ad account 862444328461160, created november 2022.

updated limit to $62K per month (increase spend to $2K per day)",Hector Alfonso Pertierra Marin,**** 9922,,,,,,,,5615 Facebook Advertising
2025-12-31T23:47:20,Purchase,FACEBK *6XEFZ9M7Z2,"  (2,919.00)",CAD,Cash,,,"Facebook/Instagram advertising spend under new ad account 862444328461160, created november 2022.

updated limit to $62K per month (increase spend to $2K per day)",Hector Alfonso Pertierra Marin,**** 9922,,,,,,,,5615 Facebook Advertising
2025-08-26T04:50:47,Purchase,FACEBK *6YM4GXL7Z2,"  (2,919.00)",CAD,Cash,,,"Facebook/Instagram advertising spend under new ad account 862444328461160, created november 2022.

updated limit to $62K per month (increase spend to $2K per day)",Hector Alfonso Pertierra Marin,**** 9922,,,,,,,,5615 Facebook Advertising
2025-01-18T01:11:19,Purchase,FACEBK *6YNGFH47Z2,"  (2,900.00)",CAD,Cash,,,"Facebook/Instagram advertising spend under new ad account 862444328461160, created november 2022.

updated limit to $62K per month (increase spend to $2K per day)",Hector Alfonso Pertierra Marin,**** 9922,,,,,,,,5615 Facebook Advertising
2025-01-28T01:09:26,Purchase,FACEBK *72RC8JLYQ2,"  (1,213.00)",CAD,Cash,,,Facebook Foundation account,Hector Alfonso Pertierra Marin,**** 4398,,,,,,,,5615 Facebook Advertising
2025-06-14T02:04:15,Purchase,FACEBK *73M92TL8K2,  (3.00),CAD,Cash,,,,Hector Alfonso Pertierra Marin,**** 5903,,,,,,,,5615 Facebook Advertising
2025-02-27T03:58:11,Purchase,FACEBK *742RYMU6K2,"  (1,158.00)",CAD,Cash,,,,Hector Alfonso Pertierra Marin,**** 1869,,,,,,,,5615 Facebook Advertising
2025-01-10T05:45:23,Purchase,FACEBK *75UPYJU5K2,  (204.00),CAD,Cash,,,,Hector Alfonso Pertierra Marin,**** 1869,,,,,,,,5615 Facebook Advertising
2025-02-04T06:23:21,Purchase,FACEBK *799ZCK86K2,"  (1,158.00)",CAD,Cash,,,,Hector Alfonso Pertierra Marin,**** 1869,,,,,,,,5615 Facebook Advertising
2025-06-03T02:13:42,Purchase,FACEBK *7D7ACVY6Z2,"  (2,919.00)",CAD,Cash,,,"Facebook/Instagram advertising spend under new ad account 862444328461160, created november 2022.

updated limit to $62K per month (increase spend to $2K per day)",Hector Alfonso Pertierra Marin,**** 9922,,,,,,,,5615 Facebook Advertising
2025-06-19T02:10:08,Purchase,FACEBK *7GBGPTQ8K2,  (70.00),CAD,Cash,,,,Hector Alfonso Pertierra Marin,**** 5903,,,,,,,,5615 Facebook Advertising
2025-04-19T02:17:58,Purchase,FACEBK *7GRT4Q46K2,"  (1,158.00)",CAD,Cash,,,,Hector Alfonso Pertierra Marin,**** 1869,,,,,,,,5615 Facebook Advertising
2025-11-05T04:49:03,Purchase,FACEBK *7M5FY4D7Z2,"  (2,919.00)",CAD,Cash,,,"Facebook/Instagram advertising spend under new ad account 862444328461160, created november 2022.

updated limit to $62K per month (increase spend to $2K per day)",Hector Alfonso Pertierra Marin,**** 9922,,,,,,,,5615 Facebook Advertising
2025-05-10T17:05:06,Purchase,FACEBK *7NZ4CQQ6K2,"  (1,158.00)",CAD,Cash,,,,Hector Alfonso Pertierra Marin,**** 1869,,,,,,,,5615 Facebook Advertising
2025-01-11T01:23:08,Purchase,FACEBK *7P43XGL6K2,  (225.00),CAD,Cash,,,,Hector Alfonso Pertierra Marin,**** 1869,,,,,,,,5615 Facebook Advertising
2025-08-30T16:16:19,Purchase,FACEBK *7QLW6Y87Z2,"  (2,919.00)",CAD,Cash,,,"Facebook/Instagram advertising spend under new ad account 862444328461160, created november 2022.

updated limit to $62K per month (increase spend to $2K per day)",Hector Alfonso Pertierra Marin,**** 9922,,,,,,,,5615 Facebook Advertising
2025-03-15T17:02:01,Purchase,FACEBK *7XVBWMGYQ2,"  (1,213.00)",CAD,Cash,,,Facebook Foundation account,Hector Alfonso Pertierra Marin,**** 4398,,,,,,,,5615 Facebook Advertising
2025-12-08T00:34:42,Purchase,FACEBK *89W978M7Z2,"  (2,919.00)",CAD,Cash,,,"Facebook/Instagram advertising spend under new ad account 862444328461160, created november 2022.

updated limit to $62K per month (increase spend to $2K per day)",Hector Alfonso Pertierra Marin,**** 9922,,,,,,,,5615 Facebook Advertising
2025-03-06T04:09:48,Purchase,FACEBK *89WZ2M86K2,"  (1,158.00)",CAD,Cash,,,,Hector Alfonso Pertierra Marin,**** 1869,,,,,,,,5615 Facebook Advertising
2025-01-07T03:13:14,Purchase,FACEBK *8BA7UJU5K2,  (21.00),CAD,Cash,,,,Hector Alfonso Pertierra Marin,**** 1869,,,,,,,,5615 Facebook Advertising
2025-09-08T02:57:09,Purchase,FACEBK *8D9PZYQ6Z2,"  (2,919.00)",CAD,Cash,,,"Facebook/Instagram advertising spend under new ad account 862444328461160, created november 2022.

updated limit to $62K per month (increase spend to $2K per day)",Hector Alfonso Pertierra Marin,**** 9922,,,,,,,,5615 Facebook Advertising
2025-09-27T02:14:11,Purchase,FACEBK *8DAMWZL7Z2,"  (2,919.00)",CAD,Cash,,,"Facebook/Instagram advertising spend under new ad account 862444328461160, created november 2022.

updated limit to $62K per month (increase spend to $2K per day)",Hector Alfonso Pertierra Marin,**** 9922,,,,,,,,5615 Facebook Advertising
2025-04-16T02:06:15,Purchase,FACEBK *8EM46NL6K2,"  (1,158.00)",CAD,Cash,,,,Hector Alfonso Pertierra Marin,**** 1869,,,,,,,,5615 Facebook Advertising
2025-04-12T17:47:27,Purchase,FACEBK *8GNCQP46K2,"  (1,158.00)",CAD,Cash,,,,Hector Alfonso Pertierra Marin,**** 1869,,,,,,,,5615 Facebook Advertising
2025-03-15T02:02:32,Purchase,FACEBK *8JMCJM86K2,"  (1,158.00)",CAD,Cash,,,,Hector Alfonso Pertierra Marin,**** 1869,,,,,,,,5615 Facebook Advertising
2025-12-16T06:39:54,Purchase,FACEBK *8U8798D7Z2,"  (2,919.00)",CAD,Cash,,,"Facebook/Instagram advertising spend under new ad account 862444328461160, created november 2022.

updated limit to $62K per month (increase spend to $2K per day)",Hector Alfonso Pertierra Marin,**** 9922,,,,,,,,5615 Facebook Advertising
2025-03-31T02:07:12,Purchase,FACEBK *8XRC8M87Z2,"  (2,919.00)",CAD,Cash,,,"Facebook/Instagram advertising spend under new ad account 862444328461160, created november 2022.

updated limit to $62K per month (increase spend to $2K per day)",Hector Alfonso Pertierra Marin,**** 9922,,,,,,,,5615 Facebook Advertising
2025-04-17T02:07:59,Purchase,FACEBK *8Z667NL6K2,"  (1,158.00)",CAD,Cash,,,,Hector Alfonso Pertierra Marin,**** 1869,,,,,,,,5615 Facebook Advertising
2025-07-10T02:11:36,Purchase,FACEBK *95NYVU89K2,  (301.56),CAD,Cash,,,,Hector Alfonso Pertierra Marin,**** 5903,,,,,,,,5615 Facebook Advertising
2025-03-19T02:16:44,Purchase,FACEBK *984GRM86K2,"  (1,158.00)",CAD,Cash,,,,Hector Alfonso Pertierra Marin,**** 1869,,,,,,,,5615 Facebook Advertising
2025-05-28T02:33:26,Purchase,FACEBK *98X9US46K2,"  (1,158.00)",CAD,Cash,,,,Hector Alfonso Pertierra Marin,**** 1869,,,,,,,,5615 Facebook Advertising
2025-04-11T02:05:36,Purchase,FACEBK *9EL53PC6K2,"  (1,158.00)",CAD,Cash,,,,Hector Alfonso Pertierra Marin,**** 1869,,,,,,,,5615 Facebook Advertising
2025-01-08T02:25:31,Purchase,FACEBK *9FPZ2GC7Z2,"  (2,900.00)",CAD,Cash,,,"Facebook/Instagram advertising spend under new ad account 862444328461160, created november 2022.

updated limit to $62K per month (increase spend to $2K per day)",Hector Alfonso Pertierra Marin,**** 9922,,,,,,,,5615 Facebook Advertising
2025-03-05T01:15:13,Purchase,FACEBK *9PEC8KU6Z2,"  (2,919.00)",CAD,Cash,,,"Facebook/Instagram advertising spend under new ad account 862444328461160, created november 2022.

updated limit to $62K per month (increase spend to $2K per day)",Hector Alfonso Pertierra Marin,**** 9922,,,,,,,,5615 Facebook Advertising
2025-09-02T02:15:13,Purchase,FACEBK *9QKQEXC7Z2,"  (2,919.00)",CAD,Cash,,,"Facebook/Instagram advertising spend under new ad account 862444328461160, created november 2022.

updated limit to $62K per month (increase spend to $2K per day)",Hector Alfonso Pertierra Marin,**** 9922,,,,,,,,5615 Facebook Advertising
2025-01-24T01:03:11,Purchase,FACEBK *9QMPQKCYQ2,"  (1,214.26)",CAD,Cash,,,Facebook Foundation account,Hector Alfonso Pertierra Marin,**** 4398,,,,,,,,5615 Facebook Advertising
2025-01-21T01:08:22,Purchase,FACEBK *9R3JQHQ6Z2,"  (2,907.00)",CAD,Cash,,,"Facebook/Instagram advertising spend under new ad account 862444328461160, created november 2022.

updated limit to $62K per month (increase spend to $2K per day)",Hector Alfonso Pertierra Marin,**** 9922,,,,,,,,5615 Facebook Advertising
2025-06-22T02:15:18,Purchase,FACEBK *9R65YTQ8K2,  (127.00),CAD,Cash,,,,Hector Alfonso Pertierra Marin,**** 5903,,,,,,,,5615 Facebook Advertising
2025-06-28T16:43:04,Purchase,FACEBK *9U4XAUC8K2,  (275.00),CAD,Cash,,,,Hector Alfonso Pertierra Marin,**** 5903,,,,,,,,5615 Facebook Advertising
2025-05-12T02:11:58,Purchase,FACEBK *9UVU4SCYQ2,  (256.11),CAD,Cash,,,Facebook Foundation account,Hector Alfonso Pertierra Marin,**** 4398,,,,,,,,5615 Facebook Advertising
2025-01-17T01:05:24,Purchase,FACEBK *9YYE7HL6K2,  (790.00),CAD,Cash,,,,Hector Alfonso Pertierra Marin,**** 1869,,,,,,,,5615 Facebook Advertising
2025-07-24T02:17:09,Purchase,FACEBK *9YYSWV89K2,  (622.00),CAD,Cash,,,,Hector Alfonso Pertierra Marin,**** 5903,,,,,,,,5615 Facebook Advertising
2025-05-03T17:29:17,Purchase,FACEBK *9ZTBXRU6K2,  (956.26),CAD,Cash,,,,Hector Alfonso Pertierra Marin,**** 1869,,,,,,,,5615 Facebook Advertising
2025-01-15T01:33:19,Purchase,FACEBK *A3SL4HL6K2,  (592.00),CAD,Cash,,,,Hector Alfonso Pertierra Marin,**** 1869,,,,,,,,5615 Facebook Advertising
2025-07-08T02:16:06,Purchase,FACEBK *A3ZN8V8YQ2,"  (1,213.00)",CAD,Cash,,,Facebook Foundation account,Hector Alfonso Pertierra Marin,**** 4398,,,,,,,,5615 Facebook Advertising
2025-02-22T01:07:44,Purchase,FACEBK *A77V6K87Z2,"  (2,919.00)",CAD,Cash,,,"Facebook/Instagram advertising spend under new ad account 862444328461160, created november 2022.

updated limit to $62K per month (increase spend to $2K per day)",Hector Alfonso Pertierra Marin,**** 9922,,,,,,,,5615 Facebook Advertising
2025-11-12T00:01:15,Purchase,FACEBK *A7A3R6H7Z2,"  (2,919.00)",CAD,Cash,,,"Facebook/Instagram advertising spend under new ad account 862444328461160, created november 2022.

updated limit to $62K per month (increase spend to $2K per day)",Hector Alfonso Pertierra Marin,**** 9922,,,,,,,,5615 Facebook Advertising
2025-05-06T02:12:37,Purchase,FACEBK *ADVKKQYYQ2,"  (1,213.00)",CAD,Cash,,,Facebook Foundation account,Hector Alfonso Pertierra Marin,**** 4398,,,,,,,,5615 Facebook Advertising
2025-07-16T02:13:50,Purchase,FACEBK *AEAL6WGYQ2,"  (1,213.00)",CAD,Cash,,,Facebook Foundation account,Hector Alfonso Pertierra Marin,**** 4398,,,,,,,,5615 Facebook Advertising
2025-07-01T02:10:23,Purchase,FACEBK *AFUTPU8YQ2,"  (1,213.00)",CAD,Cash,,,Facebook Foundation account,Hector Alfonso Pertierra Marin,**** 4398,,,,,,,,5615 Facebook Advertising
2025-04-24T02:10:30,Purchase,FACEBK *ANK34RUYQ2,"  (1,213.00)",CAD,Cash,,,Facebook Foundation account,Hector Alfonso Pertierra Marin,**** 4398,,,,,,,,5615 Facebook Advertising
2025-08-13T02:17:33,Purchase,FACEBK *ARDPK2Z6Z2,"  (2,919.00)",CAD,Cash,,,"Facebook/Instagram advertising spend under new ad account 862444328461160, created november 2022.

updated limit to $62K per month (increase spend to $2K per day)",Hector Alfonso Pertierra Marin,**** 9922,,,,,,,,5615 Facebook Advertising
2025-02-15T01:14:55,Purchase,FACEBK *AU5D2KQ6Z2,"  (2,919.00)",CAD,Cash,,,"Facebook/Instagram advertising spend under new ad account 862444328461160, created november 2022.

updated limit to $62K per month (increase spend to $2K per day)",Hector Alfonso Pertierra Marin,**** 9922,,,,,,,,5615 Facebook Advertising
2025-06-09T02:04:32,Purchase,FACEBK *AXTQDRU6Z2,"  (2,919.00)",CAD,Cash,,,"Facebook/Instagram advertising spend under new ad account 862444328461160, created november 2022.

updated limit to $62K per month (increase spend to $2K per day)",Hector Alfonso Pertierra Marin,**** 9922,,,,,,,,5615 Facebook Advertising
2025-01-11T17:41:38,Purchase,FACEBK *B8VDJJGYQ2,  (708.19),CAD,Cash,,,Facebook Foundation account,Hector Alfonso Pertierra Marin,**** 4398,,,,,,,,5615 Facebook Advertising
2025-01-12T04:11:17,Purchase,FACEBK *BD4U3KU5K2,  (366.00),CAD,Cash,,,,Hector Alfonso Pertierra Marin,**** 1869,,,,,,,,5615 Facebook Advertising
2025-03-18T02:09:54,Purchase,FACEBK *BPKLVLG7Z2,"  (2,919.00)",CAD,Cash,,,"Facebook/Instagram advertising spend under new ad account 862444328461160, created november 2022.

updated limit to $62K per month (increase spend to $2K per day)",Hector Alfonso Pertierra Marin,**** 9922,,,,,,,,5615 Facebook Advertising
2025-07-04T02:07:34,Purchase,FACEBK *BPSJRTY5K2,  (773.44),CAD,Cash,,,,Hector Alfonso Pertierra Marin,**** 1869,,,,,,,,5615 Facebook Advertising
2025-03-31T02:07:13,Purchase,FACEBK *BRD69MY5K2,"  (1,158.00)",CAD,Cash,,,,Hector Alfonso Pertierra Marin,**** 1869,,,,,,,,5615 Facebook Advertising
2025-02-08T01:16:58,Purchase,FACEBK *BSUR3L46K2,"  (1,158.00)",CAD,Cash,,,,Hector Alfonso Pertierra Marin,**** 1869,,,,,,,,5615 Facebook Advertising
2025-07-22T02:12:12,Purchase,FACEBK *BTF8CVG7Z2,"  (2,919.00)",CAD,Cash,,,"Facebook/Instagram advertising spend under new ad account 862444328461160, created november 2022.

updated limit to $62K per month (increase spend to $2K per day)",Hector Alfonso Pertierra Marin,**** 9922,,,,,,,,5615 Facebook Advertising
2025-01-06T06:46:14,Purchase,FACEBK *BTVM8GU6Z2,"  (2,900.00)",CAD,Cash,,,"Facebook/Instagram advertising spend under new ad account 862444328461160, created november 2022.

updated limit to $62K per month (increase spend to $2K per day)",Hector Alfonso Pertierra Marin,**** 9922,,,,,,,,5615 Facebook Advertising
2025-08-22T04:41:24,Purchase,FACEBK *BU6DJX87Z2,"  (2,919.00)",CAD,Cash,,,"Facebook/Instagram advertising spend under new ad account 862444328461160, created november 2022.

updated limit to $62K per month (increase spend to $2K per day)",Hector Alfonso Pertierra Marin,**** 9922,,,,,,,,5615 Facebook Advertising
2025-09-25T02:06:32,Purchase,FACEBK *BWAM92R6Z2,  (198.44),CAD,Cash,,,"Facebook/Instagram advertising spend under new ad account 862444328461160, created november 2022.

updated limit to $62K per month (increase spend to $2K per day)",Hector Alfonso Pertierra Marin,**** 9922,,,,,,,,5615 Facebook Advertising
2025-01-08T02:22:16,Purchase,FACEBK *BX3KXJCYQ2,"  (1,213.00)",CAD,Cash,,,Facebook Foundation account,Hector Alfonso Pertierra Marin,**** 4398,,,,,,,,5615 Facebook Advertising
2025-02-06T05:44:18,Purchase,FACEBK *C3MBBJY5K2,"  (1,158.00)",CAD,Cash,,,,Hector Alfonso Pertierra Marin,**** 1869,,,,,,,,5615 Facebook Advertising
2025-06-14T02:05:10,Purchase,FACEBK *C3Y8LSU8K2,  (3.00),CAD,Cash,,,,Hector Alfonso Pertierra Marin,**** 5903,,,,,,,,5615 Facebook Advertising
2025-05-14T02:17:20,Purchase,FACEBK *C47JVR46K2,"  (1,158.00)",CAD,Cash,,,,Hector Alfonso Pertierra Marin,**** 1869,,,,,,,,5615 Facebook Advertising
2025-08-20T02:14:16,Purchase,FACEBK *C62KUYGYQ2,"  (1,243.00)",CAD,Cash,,,Facebook Foundation account,Hector Alfonso Pertierra Marin,**** 4398,,,,,,,,5615 Facebook Advertising
2025-03-12T05:19:54,Purchase,FACEBK *C6G87L87Z2,"  (2,919.00)",CAD,Cash,,,"Facebook/Instagram advertising spend under new ad account 862444328461160, created november 2022.

updated limit to $62K per month (increase spend to $2K per day)",Hector Alfonso Pertierra Marin,**** 9922,,,,,,,,5615 Facebook Advertising
2025-02-12T01:18:53,Purchase,FACEBK *C7HGWLUYQ2,  (15.50),CAD,Cash,,,Facebook Foundation account,Hector Alfonso Pertierra Marin,**** 4398,,,,,,,,5615 Facebook Advertising
2025-01-03T01:09:25,Purchase,FACEBK *C8ABTFC7Z2,"  (2,900.00)",CAD,Cash,,,"Facebook/Instagram advertising spend under new ad account 862444328461160, created november 2022.

updated limit to $62K per month (increase spend to $2K per day)",Hector Alfonso Pertierra Marin,**** 9922,,,,,,,,5615 Facebook Advertising
2025-12-26T22:30:51,Purchase,FACEBK *CEN4Z997Z2,"  (2,919.00)",CAD,Cash,,,"Facebook/Instagram advertising spend under new ad account 862444328461160, created november 2022.

updated limit to $62K per month (increase spend to $2K per day)",Hector Alfonso Pertierra Marin,**** 9922,,,,,,,,5615 Facebook Advertising
2025-03-01T01:09:33,Purchase,FACEBK *CJX7GKL6K2,"  (1,158.00)",CAD,Cash,,,,Hector Alfonso Pertierra Marin,**** 1869,,,,,,,,5615 Facebook Advertising
2025-02-12T01:18:34,Purchase,FACEBK *CK8UXJQ6K2,"  (1,158.00)",CAD,Cash,,,,Hector Alfonso Pertierra Marin,**** 1869,,,,,,,,5615 Facebook Advertising
2025-08-29T02:10:51,Purchase,FACEBK *CKPQFYLYQ2,"  (1,350.00)",CAD,Cash,,,Facebook Foundation account,Hector Alfonso Pertierra Marin,**** 4398,,,,,,,,5615 Facebook Advertising
2025-02-03T04:05:10,Purchase,FACEBK *CLDU9J47Z2,"  (2,919.00)",CAD,Cash,,,"Facebook/Instagram advertising spend under new ad account 862444328461160, created november 2022.

updated limit to $62K per month (increase spend to $2K per day)",Hector Alfonso Pertierra Marin,**** 9922,,,,,,,,5615 Facebook Advertising
2025-01-08T01:09:00,Purchase,FACEBK *CLR7JJ46K2,  (68.00),CAD,Cash,,,,Hector Alfonso Pertierra Marin,**** 1869,,,,,,,,5615 Facebook Advertising
2025-03-20T02:11:04,Purchase,FACEBK *CPGX6LL7Z2,"  (2,919.00)",CAD,Cash,,,"Facebook/Instagram advertising spend under new ad account 862444328461160, created november 2022.

updated limit to $62K per month (increase spend to $2K per day)",Hector Alfonso Pertierra Marin,**** 9922,,,,,,,,5615 Facebook Advertising
2025-05-17T18:54:29,Purchase,FACEBK *CQ8H9UY6Z2,"  (2,919.00)",CAD,Cash,,,"Facebook/Instagram advertising spend under new ad account 862444328461160, created november 2022.

updated limit to $62K per month (increase spend to $2K per day)",Hector Alfonso Pertierra Marin,**** 9922,,,,,,,,5615 Facebook Advertising
2025-02-13T01:32:05,Purchase,FACEBK *CRXFTKC6K2,"  (1,158.00)",CAD,Cash,,,,Hector Alfonso Pertierra Marin,**** 1869,,,,,,,,5615 Facebook Advertising
2025-02-01T04:08:57,Purchase,FACEBK *CUGX7KC6K2,"  (1,158.00)",CAD,Cash,,,,Hector Alfonso Pertierra Marin,**** 1869,,,,,,,,5615 Facebook Advertising
2025-07-16T02:11:17,Purchase,FACEBK *CV5FB2M6Z2,"  (2,919.00)",CAD,Cash,,,"Facebook/Instagram advertising spend under new ad account 862444328461160, created november 2022.

updated limit to $62K per month (increase spend to $2K per day)",Hector Alfonso Pertierra Marin,**** 9922,,,,,,,,5615 Facebook Advertising
2025-01-09T01:41:10,Purchase,FACEBK *CWX4WGY5K2,  (113.00),CAD,Cash,,,,Hector Alfonso Pertierra Marin,**** 1869,,,,,,,,5615 Facebook Advertising
2025-06-16T02:04:50,Purchase,FACEBK *CZ4GQSU8K2,  (41.00),CAD,Cash,,,,Hector Alfonso Pertierra Marin,**** 5903,,,,,,,,5615 Facebook Advertising
2025-02-12T01:26:00,Purchase,FACEBK *D4AALJ87Z2,"  (2,919.00)",CAD,Cash,,,"Facebook/Instagram advertising spend under new ad account 862444328461160, created november 2022.

updated limit to $62K per month (increase spend to $2K per day)",Hector Alfonso Pertierra Marin,**** 9922,,,,,,,,5615 Facebook Advertising
2025-05-02T06:14:23,Purchase,FACEBK *D66A8PL6K2,"  (1,158.00)",CAD,Cash,,,,Hector Alfonso Pertierra Marin,**** 1869,,,,,,,,5615 Facebook Advertising
2025-01-17T01:15:32,Purchase,FACEBK *D7D8SKU6K2,  (869.00),CAD,Cash,,,,Hector Alfonso Pertierra Marin,**** 1869,,,,,,,,5615 Facebook Advertising
2025-11-18T23:00:58,Purchase,FACEBK *D7KAQ6M7Z2,"  (2,919.00)",CAD,Cash,,,"Facebook/Instagram advertising spend under new ad account 862444328461160, created november 2022.

updated limit to $62K per month (increase spend to $2K per day)",Hector Alfonso Pertierra Marin,**** 9922,,,,,,,,5615 Facebook Advertising
2025-01-19T06:11:32,Purchase,FACEBK *D8EBCHL6K2,"  (1,158.00)",CAD,Cash,,,,Hector Alfonso Pertierra Marin,**** 1869,,,,,,,,5615 Facebook Advertising
2025-08-03T02:10:23,Purchase,FACEBK *D9FDNWC9K2,  (767.00),CAD,Cash,,,,Hector Alfonso Pertierra Marin,**** 5903,,,,,,,,5615 Facebook Advertising
2025-05-26T02:10:24,Purchase,FACEBK *DETHAS86K2,"  (1,158.00)",CAD,Cash,,,,Hector Alfonso Pertierra Marin,**** 1869,,,,,,,,5615 Facebook Advertising
2025-07-01T02:07:01,Purchase,FACEBK *DJFS8ZL6Z2,"  (2,919.00)",CAD,Cash,,,"Facebook/Instagram advertising spend under new ad account 862444328461160, created november 2022.

updated limit to $62K per month (increase spend to $2K per day)",Hector Alfonso Pertierra Marin,**** 9922,,,,,,,,5615 Facebook Advertising
2025-06-23T02:13:41,Purchase,FACEBK *DL4BZTY8K2,  (140.00),CAD,Cash,,,,Hector Alfonso Pertierra Marin,**** 5903,,,,,,,,5615 Facebook Advertising
2025-04-12T02:12:33,Purchase,FACEBK *DLNMWNG6K2,"  (1,158.00)",CAD,Cash,,,,Hector Alfonso Pertierra Marin,**** 1869,,,,,,,,5615 Facebook Advertising
2025-02-10T01:05:32,Purchase,FACEBK *DNXQEJL6K2,"  (1,158.00)",CAD,Cash,,,,Hector Alfonso Pertierra Marin,**** 1869,,,,,,,,5615 Facebook Advertising
2025-02-15T04:53:42,Purchase,FACEBK *DQYDGL46K2,"  (1,158.00)",CAD,Cash,,,,Hector Alfonso Pertierra Marin,**** 1869,,,,,,,,5615 Facebook Advertising
2025-05-19T05:59:33,Purchase,FACEBK *DTEGRR8YQ2,"  (1,213.00)",CAD,Cash,,,Facebook Foundation account,Hector Alfonso Pertierra Marin,**** 4398,,,,,,,,5615 Facebook Advertising
2025-01-20T01:12:10,Purchase,FACEBK *DUCKDHL6K2,"  (1,158.00)",CAD,Cash,,,,Hector Alfonso Pertierra Marin,**** 1869,,,,,,,,5615 Facebook Advertising
2025-02-07T01:06:53,Purchase,FACEBK *DUGDYPL6Z2,"  (2,919.00)",CAD,Cash,,,"Facebook/Instagram advertising spend under new ad account 862444328461160, created november 2022.

updated limit to $62K per month (increase spend to $2K per day)",Hector Alfonso Pertierra Marin,**** 9922,,,,,,,,5615 Facebook Advertising
2025-05-23T02:13:39,Purchase,FACEBK *DUM7JS46K2,"  (1,158.00)",CAD,Cash,,,,Hector Alfonso Pertierra Marin,**** 1869,,,,,,,,5615 Facebook Advertising
2025-01-27T01:05:01,Purchase,FACEBK *DURN9LU6K2,"  (1,158.00)",CAD,Cash,,,,Hector Alfonso Pertierra Marin,**** 1869,,,,,,,,5615 Facebook Advertising
2025-01-08T02:22:18,Purchase,FACEBK *DVLUSGL6K2,  (92.00),CAD,Cash,,,,Hector Alfonso Pertierra Marin,**** 1869,,,,,,,,5615 Facebook Advertising
2025-06-11T02:19:18,Purchase,FACEBK *DVRQPTGYQ2,"  (1,213.00)",CAD,Cash,,,Facebook Foundation account,Hector Alfonso Pertierra Marin,**** 4398,,,,,,,,5615 Facebook Advertising
2025-01-20T01:07:22,Purchase,FACEBK *DW9REJYYQ2,"  (1,213.00)",CAD,Cash,,,Facebook Foundation account,Hector Alfonso Pertierra Marin,**** 4398,,,,,,,,5615 Facebook Advertising
2025-12-06T02:39:29,Purchase,FACEBK *DYJX3EM6Z2,"  (2,919.00)",CAD,Cash,,,"Facebook/Instagram advertising spend under new ad account 862444328461160, created november 2022.

updated limit to $62K per month (increase spend to $2K per day)",Hector Alfonso Pertierra Marin,**** 9922,,,,,,,,5615 Facebook Advertising
2025-08-11T02:10:44,Purchase,FACEBK *DYW4E2Z6Z2,"  (2,919.00)",CAD,Cash,,,"Facebook/Instagram advertising spend under new ad account 862444328461160, created november 2022.

updated limit to $62K per month (increase spend to $2K per day)",Hector Alfonso Pertierra Marin,**** 9922,,,,,,,,5615 Facebook Advertising
2025-07-18T02:22:27,Purchase,FACEBK *DZFPLYY6Z2,"  (2,919.00)",CAD,Cash,,,"Facebook/Instagram advertising spend under new ad account 862444328461160, created november 2022.

updated limit to $62K per month (increase spend to $2K per day)",Hector Alfonso Pertierra Marin,**** 9922,,,,,,,,5615 Facebook Advertising
2025-02-22T01:17:33,Purchase,FACEBK *E2XS4LG6K2,"  (1,158.00)",CAD,Cash,,,,Hector Alfonso Pertierra Marin,**** 1869,,,,,,,,5615 Facebook Advertising
2025-05-21T02:13:59,Purchase,FACEBK *ED7U5QU6Z2,"  (2,919.00)",CAD,Cash,,,"Facebook/Instagram advertising spend under new ad account 862444328461160, created november 2022.

updated limit to $62K per month (increase spend to $2K per day)",Hector Alfonso Pertierra Marin,**** 9922,,,,,,,,5615 Facebook Advertising
2025-01-22T01:08:22,Purchase,FACEBK *EH5MQGC7Z2,"  (2,907.00)",CAD,Cash,,,"Facebook/Instagram advertising spend under new ad account 862444328461160, created november 2022.

updated limit to $62K per month (increase spend to $2K per day)",Hector Alfonso Pertierra Marin,**** 9922,,,,,,,,5615 Facebook Advertising
2025-08-05T02:13:39,Purchase,FACEBK *EHZ3UW89K2,  (799.00),CAD,Cash,,,,Hector Alfonso Pertierra Marin,**** 5903,,,,,,,,5615 Facebook Advertising
2025-07-25T02:12:23,Purchase,FACEBK *EJBZKVG7Z2,"  (2,025.03)",CAD,Cash,,,"Facebook/Instagram advertising spend under new ad account 862444328461160, created november 2022.

updated limit to $62K per month (increase spend to $2K per day)",Hector Alfonso Pertierra Marin,**** 9922,,,,,,,,5615 Facebook Advertising
2025-07-22T02:14:28,Purchase,FACEBK *ELPVZW49K2,  (596.00),CAD,Cash,,,,Hector Alfonso Pertierra Marin,**** 5903,,,,,,,,5615 Facebook Advertising
2025-09-23T02:13:05,Purchase,FACEBK *EN3P2ZC7Z2,"  (2,919.00)",CAD,Cash,,,"Facebook/Instagram advertising spend under new ad account 862444328461160, created november 2022.

updated limit to $62K per month (increase spend to $2K per day)",Hector Alfonso Pertierra Marin,**** 9922,,,,,,,,5615 Facebook Advertising
2025-12-14T05:51:10,Purchase,FACEBK *EQL32997Z2,"  (2,919.00)",CAD,Cash,,,"Facebook/Instagram advertising spend under new ad account 862444328461160, created november 2022.

updated limit to $62K per month (increase spend to $2K per day)",Hector Alfonso Pertierra Marin,**** 9922,,,,,,,,5615 Facebook Advertising
2025-05-10T02:08:21,Purchase,FACEBK *ERENDRGYQ2,"  (1,213.00)",CAD,Cash,,,Facebook Foundation account,Hector Alfonso Pertierra Marin,**** 4398,,,,,,,,5615 Facebook Advertising
2025-04-14T04:01:34,Purchase,FACEBK *EXEX9N47Z2,"  (2,919.00)",CAD,Cash,,,"Facebook/Instagram advertising spend under new ad account 862444328461160, created november 2022.

updated limit to $62K per month (increase spend to $2K per day)",Hector Alfonso Pertierra Marin,**** 9922,,,,,,,,5615 Facebook Advertising
2025-11-25T00:02:44,Purchase,FACEBK *F23EQ7R6Z2,  (2.26),CAD,Cash,,,"Facebook/Instagram advertising spend under new ad account 862444328461160, created november 2022.

updated limit to $62K per month (increase spend to $2K per day)",Hector Alfonso Pertierra Marin,**** 9922,,,,,,,,5615 Facebook Advertising
2025-02-14T01:15:06,Purchase,FACEBK *F8BAHNY6Z2,"  (2,919.00)",CAD,Cash,,,"Facebook/Instagram advertising spend under new ad account 862444328461160, created november 2022.

updated limit to $62K per month (increase spend to $2K per day)",Hector Alfonso Pertierra Marin,**** 9922,,,,,,,,5615 Facebook Advertising
2025-06-10T02:12:19,Purchase,FACEBK *F8KUBSQ6Z2,"  (2,919.00)",CAD,Cash,,,"Facebook/Instagram advertising spend under new ad account 862444328461160, created november 2022.

updated limit to $62K per month (increase spend to $2K per day)",Hector Alfonso Pertierra Marin,**** 9922,,,,,,,,5615 Facebook Advertising
2025-05-15T02:22:06,Purchase,FACEBK *FDZPHR86K2,"  (1,158.00)",CAD,Cash,,,,Hector Alfonso Pertierra Marin,**** 1869,,,,,,,,5615 Facebook Advertising
2025-02-08T01:15:27,Purchase,FACEBK *FF8NHJ47Z2,"  (2,919.00)",CAD,Cash,,,"Facebook/Instagram advertising spend under new ad account 862444328461160, created november 2022.

updated limit to $62K per month (increase spend to $2K per day)",Hector Alfonso Pertierra Marin,**** 9922,,,,,,,,5615 Facebook Advertising
2025-02-25T01:08:38,Purchase,FACEBK *FHE35PY6Z2,"  (2,042.55)",CAD,Cash,,,"Facebook/Instagram advertising spend under new ad account 862444328461160, created november 2022.

updated limit to $62K per month (increase spend to $2K per day)",Hector Alfonso Pertierra Marin,**** 9922,,,,,,,,5615 Facebook Advertising
2025-04-04T02:07:17,Purchase,FACEBK *FHUPMM47Z2,"  (2,919.00)",CAD,Cash,,,"Facebook/Instagram advertising spend under new ad account 862444328461160, created november 2022.

updated limit to $62K per month (increase spend to $2K per day)",Hector Alfonso Pertierra Marin,**** 9922,,,,,,,,5615 Facebook Advertising
2025-02-20T01:37:36,Purchase,FACEBK *FHWQQQL6Z2,"  (2,919.00)",CAD,Cash,,,"Facebook/Instagram advertising spend under new ad account 862444328461160, created november 2022.

updated limit to $62K per month (increase spend to $2K per day)",Hector Alfonso Pertierra Marin,**** 9922,,,,,,,,5615 Facebook Advertising
2025-08-09T18:40:52,Purchase,FACEBK *FMPW5XL8K2,  (314.82),CAD,Cash,,,,Hector Alfonso Pertierra Marin,**** 5903,,,,,,,,5615 Facebook Advertising
2025-04-06T06:18:34,Purchase,FACEBK *FRCHKNG6K2,"  (1,158.00)",CAD,Cash,,,,Hector Alfonso Pertierra Marin,**** 1869,,,,,,,,5615 Facebook Advertising
2025-01-13T01:01:54,Purchase,FACEBK *FTXHQNL6Z2,"  (2,900.00)",CAD,Cash,,,"Facebook/Instagram advertising spend under new ad account 862444328461160, created november 2022.

updated limit to $62K per month (increase spend to $2K per day)",Hector Alfonso Pertierra Marin,**** 9922,,,,,,,,5615 Facebook Advertising
2025-04-02T02:18:22,Purchase,FACEBK *FU5GANG6K2,"  (1,158.00)",CAD,Cash,,,,Hector Alfonso Pertierra Marin,**** 1869,,,,,,,,5615 Facebook Advertising
2025-02-15T01:05:20,Purchase,FACEBK *FUWBULCYQ2,"  (1,213.00)",CAD,Cash,,,Facebook Foundation account,Hector Alfonso Pertierra Marin,**** 4398,,,,,,,,5615 Facebook Advertising
2025-09-18T02:05:34,Purchase,FACEBK *FW98SZU8K2,"  (1,251.00)",CAD,Cash,,,,Hector Alfonso Pertierra Marin,**** 5903,,,,,,,,5615 Facebook Advertising
2025-01-23T02:07:15,Purchase,FACEBK *FXSKUHQ6Z2,"  (2,907.00)",CAD,Cash,,,"Facebook/Instagram advertising spend under new ad account 862444328461160, created november 2022.

updated limit to $62K per month (increase spend to $2K per day)",Hector Alfonso Pertierra Marin,**** 9922,,,,,,,,5615 Facebook Advertising
2025-02-25T01:11:14,Purchase,FACEBK *FZNH2M46K2,"  (1,158.00)",CAD,Cash,,,,Hector Alfonso Pertierra Marin,**** 1869,,,,,,,,5615 Facebook Advertising
2025-04-09T02:11:18,Purchase,FACEBK *G4BMHN4ZQ2,"  (1,213.00)",CAD,Cash,,,Facebook Foundation account,Hector Alfonso Pertierra Marin,**** 4398,,,,,,,,5615 Facebook Advertising
2025-09-30T02:12:11,Purchase,FACEBK *G9YTQ257Z2,"  (2,919.00)",CAD,Cash,,,"Facebook/Instagram advertising spend under new ad account 862444328461160, created november 2022.

updated limit to $62K per month (increase spend to $2K per day)",Hector Alfonso Pertierra Marin,**** 9922,,,,,,,,5615 Facebook Advertising
2025-04-14T02:09:00,Purchase,FACEBK *GCXD2NL6K2,"  (1,158.00)",CAD,Cash,,,,Hector Alfonso Pertierra Marin,**** 1869,,,,,,,,5615 Facebook Advertising
2025-12-02T01:19:30,Purchase,FACEBK *GCYYB7V6Z2,"  (2,919.00)",CAD,Cash,,,"Facebook/Instagram advertising spend under new ad account 862444328461160, created november 2022.

updated limit to $62K per month (increase spend to $2K per day)",Hector Alfonso Pertierra Marin,**** 9922,,,,,,,,5615 Facebook Advertising
2025-05-01T02:16:06,Purchase,FACEBK *GEYNCNC7Z2,"  (2,919.00)",CAD,Cash,,,"Facebook/Instagram advertising spend under new ad account 862444328461160, created november 2022.

updated limit to $62K per month (increase spend to $2K per day)",Hector Alfonso Pertierra Marin,**** 9922,,,,,,,,5615 Facebook Advertising
2025-06-16T02:04:52,Purchase,FACEBK *GF2RWSLYQ2,"  (1,213.00)",CAD,Cash,,,Facebook Foundation account,Hector Alfonso Pertierra Marin,**** 4398,,,,,,,,5615 Facebook Advertising
2025-08-06T02:14:28,Purchase,FACEBK *GFD3ZZY6Z2,"  (2,919.00)",CAD,Cash,,,"Facebook/Instagram advertising spend under new ad account 862444328461160, created november 2022.

updated limit to $62K per month (increase spend to $2K per day)",Hector Alfonso Pertierra Marin,**** 9922,,,,,,,,5615 Facebook Advertising
2025-01-10T01:09:13,Purchase,FACEBK *GFDU7HQ6Z2,"  (2,900.00)",CAD,Cash,,,"Facebook/Instagram advertising spend under new ad account 862444328461160, created november 2022.

updated limit to $62K per month (increase spend to $2K per day)",Hector Alfonso Pertierra Marin,**** 9922,,,,,,,,5615 Facebook Advertising
2025-10-24T22:38:07,Purchase,FACEBK *GJ9PU497Z2,"  (1,020.55)",CAD,Cash,,,"Facebook/Instagram advertising spend under new ad account 862444328461160, created november 2022.

updated limit to $62K per month (increase spend to $2K per day)",Hector Alfonso Pertierra Marin,**** 9922,,,,,,,,5615 Facebook Advertising
2025-07-12T02:11:19,Purchase,FACEBK *GKCC4V4ZQ2,  (292.17),CAD,Cash,,,Facebook Foundation account,Hector Alfonso Pertierra Marin,**** 4398,,,,,,,,5615 Facebook Advertising
2025-03-28T02:08:24,Purchase,FACEBK *GLAD3PU5K2,"  (1,158.00)",CAD,Cash,,,,Hector Alfonso Pertierra Marin,**** 1869,,,,,,,,5615 Facebook Advertising
2025-07-20T02:17:55,Purchase,FACEBK *GR4JNV89K2,  (571.00),CAD,Cash,,,,Hector Alfonso Pertierra Marin,**** 5903,,,,,,,,5615 Facebook Advertising
2025-07-10T02:16:49,Purchase,FACEBK *GTHFKTU6Z2,"  (2,919.00)",CAD,Cash,,,"Facebook/Instagram advertising spend under new ad account 862444328461160, created november 2022.

updated limit to $62K per month (increase spend to $2K per day)",Hector Alfonso Pertierra Marin,**** 9922,,,,,,,,5615 Facebook Advertising
2025-04-19T17:57:38,Purchase,FACEBK *GZ8DLP8YQ2,"  (1,213.00)",CAD,Cash,,,Facebook Foundation account,Hector Alfonso Pertierra Marin,**** 4398,,,,,,,,5615 Facebook Advertising
2025-02-12T01:19:37,Purchase,FACEBK *H2XFPK8YQ2,  (526.82),CAD,Cash,,,Facebook Foundation account,Hector Alfonso Pertierra Marin,**** 4398,,,,,,,,5615 Facebook Advertising
2025-01-08T01:12:24,Purchase,FACEBK *H3NXBKU6K2,  (75.00),CAD,Cash,,,,Hector Alfonso Pertierra Marin,**** 1869,,,,,,,,5615 Facebook Advertising
2025-04-08T02:05:10,Purchase,FACEBK *H7LA4NG7Z2,"  (2,919.00)",CAD,Cash,,,"Facebook/Instagram advertising spend under new ad account 862444328461160, created november 2022.

updated limit to $62K per month (increase spend to $2K per day)",Hector Alfonso Pertierra Marin,**** 9922,,,,,,,,5615 Facebook Advertising
2025-04-16T02:12:17,Purchase,FACEBK *HA25VTL6Z2,"  (2,919.00)",CAD,Cash,,,"Facebook/Instagram advertising spend under new ad account 862444328461160, created november 2022.

updated limit to $62K per month (increase spend to $2K per day)",Hector Alfonso Pertierra Marin,**** 9922,,,,,,,,5615 Facebook Advertising
2025-02-19T01:21:34,Purchase,FACEBK *HA44NQL6Z2,"  (2,919.00)",CAD,Cash,,,"Facebook/Instagram advertising spend under new ad account 862444328461160, created november 2022.

updated limit to $62K per month (increase spend to $2K per day)",Hector Alfonso Pertierra Marin,**** 9922,,,,,,,,5615 Facebook Advertising
2025-06-21T04:34:26,Purchase,FACEBK *HARBVTY8K2,  (104.00),CAD,Cash,,,,Hector Alfonso Pertierra Marin,**** 5903,,,,,,,,5615 Facebook Advertising
2025-07-30T02:18:55,Purchase,FACEBK *HCCQB3M6Z2,"  (2,919.00)",CAD,Cash,,,"Facebook/Instagram advertising spend under new ad account 862444328461160, created november 2022.

updated limit to $62K per month (increase spend to $2K per day)",Hector Alfonso Pertierra Marin,**** 9922,,,,,,,,5615 Facebook Advertising
2025-01-07T03:11:54,Purchase,FACEBK *HCVQ7HQ6K2,  (6.00),CAD,Cash,,,,Hector Alfonso Pertierra Marin,**** 1869,,,,,,,,5615 Facebook Advertising
2025-01-25T17:10:15,Purchase,FACEBK *HG58NJG6K2,"  (1,158.00)",CAD,Cash,,,,Hector Alfonso Pertierra Marin,**** 1869,,,,,,,,5615 Facebook Advertising
2025-07-26T02:19:10,Purchase,FACEBK *HJ8ZPUU6Z2,"  (2,919.00)",CAD,Cash,,,"Facebook/Instagram advertising spend under new ad account 862444328461160, created november 2022.

updated limit to $62K per month (increase spend to $2K per day)",Hector Alfonso Pertierra Marin,**** 9922,,,,,,,,5615 Facebook Advertising
2025-04-15T05:22:41,Purchase,FACEBK *HLJXAQCYQ2,"  (1,213.00)",CAD,Cash,,,Facebook Foundation account,Hector Alfonso Pertierra Marin,**** 4398,,,,,,,,5615 Facebook Advertising
2025-02-01T01:12:31,Purchase,FACEBK *HN6A6J47Z2,"  (2,907.00)",CAD,Cash,,,"Facebook/Instagram advertising spend under new ad account 862444328461160, created november 2022.

updated limit to $62K per month (increase spend to $2K per day)",Hector Alfonso Pertierra Marin,**** 9922,,,,,,,,5615 Facebook Advertising
2025-09-14T02:02:45,Purchase,FACEBK *HN8ZWZ89K2,"  (1,217.00)",CAD,Cash,,,,Hector Alfonso Pertierra Marin,**** 5903,,,,,,,,5615 Facebook Advertising
2025-02-03T01:10:10,Purchase,FACEBK *HNCNAKC6K2,"  (1,158.00)",CAD,Cash,,,,Hector Alfonso Pertierra Marin,**** 1869,,,,,,,,5615 Facebook Advertising
2025-07-28T02:09:12,Purchase,FACEBK *HPJLHWY8K2,  (677.00),CAD,Cash,,,,Hector Alfonso Pertierra Marin,**** 5903,,,,,,,,5615 Facebook Advertising
2025-06-23T02:13:51,Purchase,FACEBK *HT8M2UYYQ2,"  (1,213.00)",CAD,Cash,,,Facebook Foundation account,Hector Alfonso Pertierra Marin,**** 4398,,,,,,,,5615 Facebook Advertising
2025-06-15T02:06:44,Purchase,FACEBK *HTCPCU49K2,  (27.00),CAD,Cash,,,,Hector Alfonso Pertierra Marin,**** 5903,,,,,,,,5615 Facebook Advertising
2025-04-25T02:19:11,Purchase,FACEBK *HZSRJSY6Z2,  (233.51),CAD,Cash,,,"Facebook/Instagram advertising spend under new ad account 862444328461160, created november 2022.

updated limit to $62K per month (increase spend to $2K per day)",Hector Alfonso Pertierra Marin,**** 9922,,,,,,,,5615 Facebook Advertising
2025-05-02T02:08:51,Purchase,FACEBK *J3VGNRUYQ2,"  (1,213.00)",CAD,Cash,,,Facebook Foundation account,Hector Alfonso Pertierra Marin,**** 4398,,,,,,,,5615 Facebook Advertising
2025-01-08T02:25:33,Purchase,FACEBK *J5K4KJ46K2,  (102.00),CAD,Cash,,,,Hector Alfonso Pertierra Marin,**** 1869,,,,,,,,5615 Facebook Advertising
2025-01-17T01:05:25,Purchase,FACEBK *J6XTHHQ6Z2,"  (2,900.00)",CAD,Cash,,,"Facebook/Instagram advertising spend under new ad account 862444328461160, created november 2022.

updated limit to $62K per month (increase spend to $2K per day)",Hector Alfonso Pertierra Marin,**** 9922,,,,,,,,5615 Facebook Advertising
2025-08-20T06:20:42,Purchase,FACEBK *J6ZBAZ49K2,  (937.00),CAD,Cash,,,,Hector Alfonso Pertierra Marin,**** 5903,,,,,,,,5615 Facebook Advertising
2025-07-01T02:11:24,Purchase,FACEBK *J73ZMUG8K2,  (334.00),CAD,Cash,,,,Hector Alfonso Pertierra Marin,**** 5903,,,,,,,,5615 Facebook Advertising
2025-06-19T02:20:03,Purchase,FACEBK *J8NMCYL6Z2,"  (2,919.00)",CAD,Cash,,,"Facebook/Instagram advertising spend under new ad account 862444328461160, created november 2022.

updated limit to $62K per month (increase spend to $2K per day)",Hector Alfonso Pertierra Marin,**** 9922,,,,,,,,5615 Facebook Advertising
2025-07-03T02:12:53,Purchase,FACEBK *JAQ6CTL7Z2,"  (2,919.00)",CAD,Cash,,,"Facebook/Instagram advertising spend under new ad account 862444328461160, created november 2022.

updated limit to $62K per month (increase spend to $2K per day)",Hector Alfonso Pertierra Marin,**** 9922,,,,,,,,5615 Facebook Advertising
2025-04-04T02:05:59,Purchase,FACEBK *JAT5MNC6K2,  (9.37),CAD,Cash,,,,Hector Alfonso Pertierra Marin,**** 1869,,,,,,,,5615 Facebook Advertising
2025-09-14T02:07:55,Purchase,FACEBK *JB83X6M6Z2,"  (2,919.00)",CAD,Cash,,,"Facebook/Instagram advertising spend under new ad account 862444328461160, created november 2022.

updated limit to $62K per month (increase spend to $2K per day)",Hector Alfonso Pertierra Marin,**** 9922,,,,,,,,5615 Facebook Advertising
2025-06-27T02:17:11,Purchase,FACEBK *JDEYBUYYQ2,"  (1,213.00)",CAD,Cash,,,Facebook Foundation account,Hector Alfonso Pertierra Marin,**** 4398,,,,,,,,5615 Facebook Advertising
2025-06-06T02:16:52,Purchase,FACEBK *JDN4DUU6K2,"  (1,158.00)",CAD,Cash,,,,Hector Alfonso Pertierra Marin,**** 1869,,,,,,,,5615 Facebook Advertising
2025-03-03T05:51:04,Purchase,FACEBK *JG9PLLG6K2,"  (1,158.00)",CAD,Cash,,,,Hector Alfonso Pertierra Marin,**** 1869,,,,,,,,5615 Facebook Advertising
2025-05-27T06:00:32,Purchase,FACEBK *JK35VR4ZQ2,"  (1,213.00)",CAD,Cash,,,Facebook Foundation account,Hector Alfonso Pertierra Marin,**** 4398,,,,,,,,5615 Facebook Advertising
2025-07-10T02:10:38,Purchase,FACEBK *JR7P4W49K2,  (74.03),CAD,Cash,,,,Hector Alfonso Pertierra Marin,**** 5903,,,,,,,,5615 Facebook Advertising
2025-09-10T02:16:07,Purchase,FACEBK *JRG9VZC8K2,  (348.22),CAD,Cash,,,,Hector Alfonso Pertierra Marin,**** 5903,,,,,,,,5615 Facebook Advertising
2025-06-06T04:32:49,Purchase,FACEBK *K2HC6SG7Z2,"  (2,919.00)",CAD,Cash,,,"Facebook/Instagram advertising spend under new ad account 862444328461160, created november 2022.

updated limit to $62K per month (increase spend to $2K per day)",Hector Alfonso Pertierra Marin,**** 9922,,,,,,,,5615 Facebook Advertising
2025-05-24T16:59:47,Purchase,FACEBK *K2NNLWL6Z2,  (525.22),CAD,Cash,,,"Facebook/Instagram advertising spend under new ad account 862444328461160, created november 2022.

updated limit to $62K per month (increase spend to $2K per day)",Hector Alfonso Pertierra Marin,**** 9922,,,,,,,,5615 Facebook Advertising
2025-02-02T01:27:03,Purchase,FACEBK *K36X9HC7Z2,"  (2,908.00)",CAD,Cash,,,"Facebook/Instagram advertising spend under new ad account 862444328461160, created november 2022.

updated limit to $62K per month (increase spend to $2K per day)",Hector Alfonso Pertierra Marin,**** 9922,,,,,,,,5615 Facebook Advertising
2025-01-07T03:12:30,Purchase,FACEBK *K56RYH86K2,  (4.00),CAD,Cash,,,,Hector Alfonso Pertierra Marin,**** 1869,,,,,,,,5615 Facebook Advertising
2025-07-03T02:13:05,Purchase,FACEBK *K6CWEU89K2,  (349.00),CAD,Cash,,,,Hector Alfonso Pertierra Marin,**** 5903,,,,,,,,5615 Facebook Advertising
2025-04-29T02:16:15,Purchase,FACEBK *K6D4AQ86K2,"  (1,158.00)",CAD,Cash,,,,Hector Alfonso Pertierra Marin,**** 1869,,,,,,,,5615 Facebook Advertising
2025-05-20T02:11:45,Purchase,FACEBK *K6T33RQ6K2,"  (1,158.00)",CAD,Cash,,,,Hector Alfonso Pertierra Marin,**** 1869,,,,,,,,5615 Facebook Advertising
2025-07-06T02:06:47,Purchase,FACEBK *K7FFWT87Z2,"  (2,919.00)",CAD,Cash,,,"Facebook/Instagram advertising spend under new ad account 862444328461160, created november 2022.

updated limit to $62K per month (increase spend to $2K per day)",Hector Alfonso Pertierra Marin,**** 9922,,,,,,,,5615 Facebook Advertising
2025-03-09T01:12:17,Purchase,FACEBK *K7ZX6MC6K2,"  (1,158.00)",CAD,Cash,,,,Hector Alfonso Pertierra Marin,**** 1869,,,,,,,,5615 Facebook Advertising
2025-09-11T02:10:22,Purchase,FACEBK *K9W5NYL7Z2,"  (2,919.00)",CAD,Cash,,,"Facebook/Instagram advertising spend under new ad account 862444328461160, created november 2022.

updated limit to $62K per month (increase spend to $2K per day)",Hector Alfonso Pertierra Marin,**** 9922,,,,,,,,5615 Facebook Advertising
2025-05-05T03:24:36,Purchase,FACEBK *KDSQ7R46K2,"  (1,158.00)",CAD,Cash,,,,Hector Alfonso Pertierra Marin,**** 1869,,,,,,,,5615 Facebook Advertising
2025-01-21T01:12:19,Purchase,FACEBK *KF3KHHY5K2,"  (1,158.00)",CAD,Cash,,,,Hector Alfonso Pertierra Marin,**** 1869,,,,,,,,5615 Facebook Advertising
2025-06-25T02:17:24,Purchase,FACEBK *KGQD6UQ8K2,  (187.00),CAD,Cash,,,,Hector Alfonso Pertierra Marin,**** 5903,,,,,,,,5615 Facebook Advertising
2025-01-23T02:06:36,Purchase,FACEBK *KGZSHHL6K2,"  (1,158.00)",CAD,Cash,,,,Hector Alfonso Pertierra Marin,**** 1869,,,,,,,,5615 Facebook Advertising
2025-06-20T04:41:29,Purchase,FACEBK *KJ5JHT89K2,  (85.00),CAD,Cash,,,,Hector Alfonso Pertierra Marin,**** 5903,,,,,,,,5615 Facebook Advertising
2025-06-14T18:35:08,Purchase,FACEBK *KJZRKRC7Z2,"  (2,919.00)",CAD,Cash,,,"Facebook/Instagram advertising spend under new ad account 862444328461160, created november 2022.

updated limit to $62K per month (increase spend to $2K per day)",Hector Alfonso Pertierra Marin,**** 9922,,,,,,,,5615 Facebook Advertising
2025-11-04T00:11:40,Purchase,FACEBK *KMVVU4D7Z2,"  (2,919.00)",CAD,Cash,,,"Facebook/Instagram advertising spend under new ad account 862444328461160, created november 2022.

updated limit to $62K per month (increase spend to $2K per day)",Hector Alfonso Pertierra Marin,**** 9922,,,,,,,,5615 Facebook Advertising
2025-01-18T01:06:01,Purchase,FACEBK *KU7NCHY5K2,  (956.00),CAD,Cash,,,,Hector Alfonso Pertierra Marin,**** 1869,,,,,,,,5615 Facebook Advertising
2025-01-09T01:47:18,Purchase,FACEBK *KU9JWJU5K2,  (125.00),CAD,Cash,,,,Hector Alfonso Pertierra Marin,**** 1869,,,,,,,,5615 Facebook Advertising
2025-04-02T02:16:10,Purchase,FACEBK *KVJTYSL6Z2,"  (2,919.00)",CAD,Cash,,,"Facebook/Instagram advertising spend under new ad account 862444328461160, created november 2022.

updated limit to $62K per month (increase spend to $2K per day)",Hector Alfonso Pertierra Marin,**** 9922,,,,,,,,5615 Facebook Advertising
2025-06-05T02:17:37,Purchase,FACEBK *KWG7JVY6Z2,"  (2,919.00)",CAD,Cash,,,"Facebook/Instagram advertising spend under new ad account 862444328461160, created november 2022.

updated limit to $62K per month (increase spend to $2K per day)",Hector Alfonso Pertierra Marin,**** 9922,,,,,,,,5615 Facebook Advertising
2025-04-26T16:29:46,Purchase,FACEBK *KZ473NC7Z2,"  (2,919.00)",CAD,Cash,,,"Facebook/Instagram advertising spend under new ad account 862444328461160, created november 2022.

updated limit to $62K per month (increase spend to $2K per day)",Hector Alfonso Pertierra Marin,**** 9922,,,,,,,,5615 Facebook Advertising
2025-08-12T02:12:38,Purchase,FACEBK *L6XP6ZUYQ2,  (144.55),CAD,Cash,,,Facebook Foundation account,Hector Alfonso Pertierra Marin,**** 4398,,,,,,,,5615 Facebook Advertising
2025-11-09T20:53:26,Purchase,FACEBK *L7W6J657Z2,"  (2,919.00)",CAD,Cash,,,"Facebook/Instagram advertising spend under new ad account 862444328461160, created november 2022.

updated limit to $62K per month (increase spend to $2K per day)",Hector Alfonso Pertierra Marin,**** 9922,,,,,,,,5615 Facebook Advertising
2025-03-24T02:06:18,Purchase,FACEBK *LA6UCNGYQ2,"  (1,213.00)",CAD,Cash,,,Facebook Foundation account,Hector Alfonso Pertierra Marin,**** 4398,,,,,,,,5615 Facebook Advertising
2025-08-01T04:25:57,Purchase,FACEBK *LC9P6VU6Z2,"  (2,919.00)",CAD,Cash,,,"Facebook/Instagram advertising spend under new ad account 862444328461160, created november 2022.

updated limit to $62K per month (increase spend to $2K per day)",Hector Alfonso Pertierra Marin,**** 9922,,,,,,,,5615 Facebook Advertising
2025-07-27T02:18:44,Purchase,FACEBK *LE97NV47Z2,"  (2,919.00)",CAD,Cash,,,"Facebook/Instagram advertising spend under new ad account 862444328461160, created november 2022.

updated limit to $62K per month (increase spend to $2K per day)",Hector Alfonso Pertierra Marin,**** 9922,,,,,,,,5615 Facebook Advertising
2025-06-19T04:40:45,Purchase,FACEBK *LFUD7VUYQ2,"  (1,213.00)",CAD,Cash,,,Facebook Foundation account,Hector Alfonso Pertierra Marin,**** 4398,,,,,,,,5615 Facebook Advertising
2025-01-07T03:12:36,Purchase,FACEBK *LH2HYHC6K2,  (3.00),CAD,Cash,,,,Hector Alfonso Pertierra Marin,**** 1869,,,,,,,,5615 Facebook Advertising
2025-08-26T02:08:43,Purchase,FACEBK *LHLWSYQ8K2,"  (1,012.00)",CAD,Cash,,,,Hector Alfonso Pertierra Marin,**** 5903,,,,,,,,5615 Facebook Advertising
2025-01-11T05:57:16,Purchase,FACEBK *LJFZFGU6Z2,"  (2,900.00)",CAD,Cash,,,"Facebook/Instagram advertising spend under new ad account 862444328461160, created november 2022.

updated limit to $62K per month (increase spend to $2K per day)",Hector Alfonso Pertierra Marin,**** 9922,,,,,,,,5615 Facebook Advertising
2025-04-15T02:02:16,Purchase,FACEBK *LKJF3NL6K2,"  (1,158.00)",CAD,Cash,,,,Hector Alfonso Pertierra Marin,**** 1869,,,,,,,,5615 Facebook Advertising
2025-06-12T02:04:44,Purchase,FACEBK *LM4LSRL7Z2,"  (2,919.00)",CAD,Cash,,,"Facebook/Instagram advertising spend under new ad account 862444328461160, created november 2022.

updated limit to $62K per month (increase spend to $2K per day)",Hector Alfonso Pertierra Marin,**** 9922,,,,,,,,5615 Facebook Advertising
2025-07-02T02:13:59,Purchase,FACEBK *LNPLKV49K2,  (349.00),CAD,Cash,,,,Hector Alfonso Pertierra Marin,**** 5903,,,,,,,,5615 Facebook Advertising
2025-07-04T04:04:40,Purchase,FACEBK *LTAATT87Z2,"  (2,919.00)",CAD,Cash,,,"Facebook/Instagram advertising spend under new ad account 862444328461160, created november 2022.

updated limit to $62K per month (increase spend to $2K per day)",Hector Alfonso Pertierra Marin,**** 9922,,,,,,,,5615 Facebook Advertising
2025-05-12T03:39:07,Purchase,FACEBK *LTKCNVL6Z2,"  (2,919.00)",CAD,Cash,,,"Facebook/Instagram advertising spend under new ad account 862444328461160, created november 2022.

updated limit to $62K per month (increase spend to $2K per day)",Hector Alfonso Pertierra Marin,**** 9922,,,,,,,,5615 Facebook Advertising
2025-03-12T02:11:57,Purchase,FACEBK *LWWAJNUYQ2,  (305.43),CAD,Cash,,,Facebook Foundation account,Hector Alfonso Pertierra Marin,**** 4398,,,,,,,,5615 Facebook Advertising
2025-05-14T02:13:42,Purchase,FACEBK *LXMDKPU6Z2,"  (2,919.00)",CAD,Cash,,,"Facebook/Instagram advertising spend under new ad account 862444328461160, created november 2022.

updated limit to $62K per month (increase spend to $2K per day)",Hector Alfonso Pertierra Marin,**** 9922,,,,,,,,5615 Facebook Advertising
2025-02-11T01:09:50,Purchase,FACEBK *LYRJFKG6K2,"  (1,158.00)",CAD,Cash,,,,Hector Alfonso Pertierra Marin,**** 1869,,,,,,,,5615 Facebook Advertising
2025-04-25T02:07:54,Purchase,FACEBK *M4GLQN87Z2,  (3.24),CAD,Cash,,,"Facebook/Instagram advertising spend under new ad account 862444328461160, created november 2022.

updated limit to $62K per month (increase spend to $2K per day)",Hector Alfonso Pertierra Marin,**** 9922,,,,,,,,5615 Facebook Advertising
2025-06-26T02:08:33,Purchase,FACEBK *M5RU7UY8K2,  (206.00),CAD,Cash,,,,Hector Alfonso Pertierra Marin,**** 5903,,,,,,,,5615 Facebook Advertising
2025-06-20T02:22:13,Purchase,FACEBK *M7QKFYL6Z2,"  (2,919.00)",CAD,Cash,,,"Facebook/Instagram advertising spend under new ad account 862444328461160, created november 2022.

updated limit to $62K per month (increase spend to $2K per day)",Hector Alfonso Pertierra Marin,**** 9922,,,,,,,,5615 Facebook Advertising
2025-11-21T22:45:42,Purchase,FACEBK *MCUH4BZ6Z2,"  (2,919.00)",CAD,Cash,,,"Facebook/Instagram advertising spend under new ad account 862444328461160, created november 2022.

updated limit to $62K per month (increase spend to $2K per day)",Hector Alfonso Pertierra Marin,**** 9922,,,,,,,,5615 Facebook Advertising
2025-10-16T02:14:36,Purchase,FACEBK *MF2H2497Z2,"  (2,919.00)",CAD,Cash,,,"Facebook/Instagram advertising spend under new ad account 862444328461160, created november 2022.

updated limit to $62K per month (increase spend to $2K per day)",Hector Alfonso Pertierra Marin,**** 9922,,,,,,,,5615 Facebook Advertising
2025-09-17T02:02:47,Purchase,FACEBK *MH355ZL7Z2,"  (2,919.00)",CAD,Cash,,,"Facebook/Instagram advertising spend under new ad account 862444328461160, created november 2022.

updated limit to $62K per month (increase spend to $2K per day)",Hector Alfonso Pertierra Marin,**** 9922,,,,,,,,5615 Facebook Advertising
2025-08-12T02:16:57,Purchase,FACEBK *MNLZPXY8K2,  (866.00),CAD,Cash,,,,Hector Alfonso Pertierra Marin,**** 5903,,,,,,,,5615 Facebook Advertising
2025-03-29T16:56:02,Purchase,FACEBK *MP2K4NG6K2,"  (1,158.00)",CAD,Cash,,,,Hector Alfonso Pertierra Marin,**** 1869,,,,,,,,5615 Facebook Advertising
2025-01-14T03:04:05,Purchase,FACEBK *MPED6KU5K2,  (538.00),CAD,Cash,,,,Hector Alfonso Pertierra Marin,**** 1869,,,,,,,,5615 Facebook Advertising
2025-03-05T01:15:03,Purchase,FACEBK *MPHLXLC6K2,"  (1,158.00)",CAD,Cash,,,,Hector Alfonso Pertierra Marin,**** 1869,,,,,,,,5615 Facebook Advertising
2025-02-09T01:12:02,Purchase,FACEBK *MQ7JCKG6K2,"  (1,158.00)",CAD,Cash,,,,Hector Alfonso Pertierra Marin,**** 1869,,,,,,,,5615 Facebook Advertising
2025-05-12T02:04:31,Purchase,FACEBK *MS74FQLYQ2,  (278.18),CAD,Cash,,,Facebook Foundation account,Hector Alfonso Pertierra Marin,**** 4398,,,,,,,,5615 Facebook Advertising
2025-07-24T02:15:35,Purchase,FACEBK *MUB8UUL7Z2,"  (2,919.00)",CAD,Cash,,,"Facebook/Instagram advertising spend under new ad account 862444328461160, created november 2022.

updated limit to $62K per month (increase spend to $2K per day)",Hector Alfonso Pertierra Marin,**** 9922,,,,,,,,5615 Facebook Advertising
2025-03-02T01:06:27,Purchase,FACEBK *MWHB5NU6K2,"  (1,158.00)",CAD,Cash,,,,Hector Alfonso Pertierra Marin,**** 1869,,,,,,,,5615 Facebook Advertising
2025-07-07T02:13:20,Purchase,FACEBK *MWT52VQ8K2,  (399.00),CAD,Cash,,,,Hector Alfonso Pertierra Marin,**** 5903,,,,,,,,5615 Facebook Advertising
2025-04-18T02:11:29,Purchase,FACEBK *MYVWCNY5K2,"  (1,158.00)",CAD,Cash,,,,Hector Alfonso Pertierra Marin,**** 1869,,,,,,,,5615 Facebook Advertising
2025-04-22T02:09:28,Purchase,FACEBK *N2MWRMC7Z2,"  (2,919.00)",CAD,Cash,,,"Facebook/Instagram advertising spend under new ad account 862444328461160, created november 2022.

updated limit to $62K per month (increase spend to $2K per day)",Hector Alfonso Pertierra Marin,**** 9922,,,,,,,,5615 Facebook Advertising
2025-01-11T17:42:28,Purchase,FACEBK *N4MJ7JC6K2,  (301.00),CAD,Cash,,,,Hector Alfonso Pertierra Marin,**** 1869,,,,,,,,5615 Facebook Advertising
2025-04-04T02:07:26,Purchase,FACEBK *N5HP6P46K2,  (644.11),CAD,Cash,,,,Hector Alfonso Pertierra Marin,**** 1869,,,,,,,,5615 Facebook Advertising
2025-06-02T03:48:17,Purchase,FACEBK *N5WBGSG6K2,"  (1,158.00)",CAD,Cash,,,,Hector Alfonso Pertierra Marin,**** 1869,,,,,,,,5615 Facebook Advertising
2025-01-24T01:15:13,Purchase,FACEBK *N7L3SH47Z2,"  (2,907.00)",CAD,Cash,,,"Facebook/Instagram advertising spend under new ad account 862444328461160, created november 2022.

updated limit to $62K per month (increase spend to $2K per day)",Hector Alfonso Pertierra Marin,**** 9922,,,,,,,,5615 Facebook Advertising
2025-05-24T02:06:36,Purchase,FACEBK *N89UESGYQ2,"  (1,213.00)",CAD,Cash,,,Facebook Foundation account,Hector Alfonso Pertierra Marin,**** 4398,,,,,,,,5615 Facebook Advertising
2025-05-30T02:05:46,Purchase,FACEBK *N8NW7RL6K2,"  (1,158.00)",CAD,Cash,,,,Hector Alfonso Pertierra Marin,**** 1869,,,,,,,,5615 Facebook Advertising
2025-04-15T02:13:18,Purchase,FACEBK *NCPE7NY5K2,"  (1,158.00)",CAD,Cash,,,,Hector Alfonso Pertierra Marin,**** 1869,,,,,,,,5615 Facebook Advertising
2025-04-13T02:07:01,Purchase,FACEBK *NCSN3NY5K2,"  (1,158.00)",CAD,Cash,,,,Hector Alfonso Pertierra Marin,**** 1869,,,,,,,,5615 Facebook Advertising
2025-02-06T01:33:56,Purchase,FACEBK *NDECDJ47Z2,"  (2,919.00)",CAD,Cash,,,"Facebook/Instagram advertising spend under new ad account 862444328461160, created november 2022.

updated limit to $62K per month (increase spend to $2K per day)",Hector Alfonso Pertierra Marin,**** 9922,,,,,,,,5615 Facebook Advertising
2025-07-08T06:45:33,Purchase,FACEBK *NDMDRUL8K2,  (417.00),CAD,Cash,,,,Hector Alfonso Pertierra Marin,**** 5903,,,,,,,,5615 Facebook Advertising
2025-01-15T05:49:49,Purchase,FACEBK *NEFHBH47Z2,"  (2,900.00)",CAD,Cash,,,"Facebook/Instagram advertising spend under new ad account 862444328461160, created november 2022.

updated limit to $62K per month (increase spend to $2K per day)",Hector Alfonso Pertierra Marin,**** 9922,,,,,,,,5615 Facebook Advertising
2025-09-06T06:52:38,Purchase,FACEBK *NFDDF4Z6Z2,"  (2,919.00)",CAD,Cash,,,"Facebook/Instagram advertising spend under new ad account 862444328461160, created november 2022.

updated limit to $62K per month (increase spend to $2K per day)",Hector Alfonso Pertierra Marin,**** 9922,,,,,,,,5615 Facebook Advertising
2025-11-20T04:36:46,Purchase,FACEBK *NFDK96D7Z2,"  (2,919.00)",CAD,Cash,,,"Facebook/Instagram advertising spend under new ad account 862444328461160, created november 2022.

updated limit to $62K per month (increase spend to $2K per day)",Hector Alfonso Pertierra Marin,**** 9922,,,,,,,,5615 Facebook Advertising
2025-07-23T02:14:32,Purchase,FACEBK *NHZ7GUU6Z2,"  (2,919.00)",CAD,Cash,,,"Facebook/Instagram advertising spend under new ad account 862444328461160, created november 2022.

updated limit to $62K per month (increase spend to $2K per day)",Hector Alfonso Pertierra Marin,**** 9922,,,,,,,,5615 Facebook Advertising
2025-01-28T01:07:21,Purchase,FACEBK *NLQ7ZJC6K2,"  (1,158.00)",CAD,Cash,,,,Hector Alfonso Pertierra Marin,**** 1869,,,,,,,,5615 Facebook Advertising
2025-06-18T02:16:47,Purchase,FACEBK *NMRLMTY8K2,  (63.00),CAD,Cash,,,,Hector Alfonso Pertierra Marin,**** 5903,,,,,,,,5615 Facebook Advertising
2025-07-25T02:11:51,Purchase,FACEBK *NNGFKVG7Z2,  (2.44),CAD,Cash,,,"Facebook/Instagram advertising spend under new ad account 862444328461160, created november 2022.

updated limit to $62K per month (increase spend to $2K per day)",Hector Alfonso Pertierra Marin,**** 9922,,,,,,,,5615 Facebook Advertising
2025-06-30T02:04:44,Purchase,FACEBK *NNH7PT47Z2,"  (2,919.00)",CAD,Cash,,,"Facebook/Instagram advertising spend under new ad account 862444328461160, created november 2022.

updated limit to $62K per month (increase spend to $2K per day)",Hector Alfonso Pertierra Marin,**** 9922,,,,,,,,5615 Facebook Advertising
2025-10-10T02:15:49,Purchase,FACEBK *NNWDF4R8K2,  (650.79),CAD,Cash,,,,Hector Alfonso Pertierra Marin,**** 5903,,,,,,,,5615 Facebook Advertising
2025-05-16T02:08:35,Purchase,FACEBK *NNXKBRYYQ2,"  (1,213.00)",CAD,Cash,,,Facebook Foundation account,Hector Alfonso Pertierra Marin,**** 4398,,,,,,,,5615 Facebook Advertising
2025-05-21T05:37:44,Purchase,FACEBK *NPGTNQL6K2,"  (1,158.00)",CAD,Cash,,,,Hector Alfonso Pertierra Marin,**** 1869,,,,,,,,5615 Facebook Advertising
2025-05-10T02:18:55,Purchase,FACEBK *NPZ5WPY5K2,"  (1,158.00)",CAD,Cash,,,,Hector Alfonso Pertierra Marin,**** 1869,,,,,,,,5615 Facebook Advertising
2025-08-16T02:09:19,Purchase,FACEBK *NSQ5NWL7Z2,"  (2,919.00)",CAD,Cash,,,"Facebook/Instagram advertising spend under new ad account 862444328461160, created november 2022.

updated limit to $62K per month (increase spend to $2K per day)",Hector Alfonso Pertierra Marin,**** 9922,,,,,,,,5615 Facebook Advertising
2025-05-07T02:06:17,Purchase,FACEBK *NV5FZPQ6K2,"  (1,158.00)",CAD,Cash,,,,Hector Alfonso Pertierra Marin,**** 1869,,,,,,,,5615 Facebook Advertising
2025-02-07T01:15:47,Purchase,FACEBK *NYHQHK86K2,"  (1,158.00)",CAD,Cash,,,,Hector Alfonso Pertierra Marin,**** 1869,,,,,,,,5615 Facebook Advertising
2025-01-07T05:58:38,Purchase,FACEBK *P3KXQHG6K2,  (30.00),CAD,Cash,,,,Hector Alfonso Pertierra Marin,**** 1869,,,,,,,,5615 Facebook Advertising
2025-07-11T02:25:35,Purchase,FACEBK *P3R4FTC7Z2,"  (2,919.00)",CAD,Cash,,,"Facebook/Instagram advertising spend under new ad account 862444328461160, created november 2022.

updated limit to $62K per month (increase spend to $2K per day)",Hector Alfonso Pertierra Marin,**** 9922,,,,,,,,5615 Facebook Advertising
2025-01-25T01:14:09,Purchase,FACEBK *P3YC9HL7Z2,  (604.95),CAD,Cash,,,"Facebook/Instagram advertising spend under new ad account 862444328461160, created november 2022.

updated limit to $62K per month (increase spend to $2K per day)",Hector Alfonso Pertierra Marin,**** 9922,,,,,,,,5615 Facebook Advertising
2025-03-12T02:06:39,Purchase,FACEBK *P4WHUL4ZQ2,  (6.43),CAD,Cash,,,Facebook Foundation account,Hector Alfonso Pertierra Marin,**** 4398,,,,,,,,5615 Facebook Advertising
2025-09-02T02:07:45,Purchase,FACEBK *P772CZQ8K2,"  (1,091.00)",CAD,Cash,,,,Hector Alfonso Pertierra Marin,**** 5903,,,,,,,,5615 Facebook Advertising
2025-03-14T02:10:03,Purchase,FACEBK *P8QSSNU6K2,"  (1,158.00)",CAD,Cash,,,,Hector Alfonso Pertierra Marin,**** 1869,,,,,,,,5615 Facebook Advertising
2025-08-15T04:04:18,Purchase,FACEBK *PCKGYXQ8K2,  (901.00),CAD,Cash,,,,Hector Alfonso Pertierra Marin,**** 5903,,,,,,,,5615 Facebook Advertising
2025-02-04T01:06:28,Purchase,FACEBK *PDPZ3JL6K2,  (3.37),CAD,Cash,,,,Hector Alfonso Pertierra Marin,**** 1869,,,,,,,,5615 Facebook Advertising
2025-01-22T01:13:37,Purchase,FACEBK *PEKQWHQ6K2,"  (1,158.00)",CAD,Cash,,,,Hector Alfonso Pertierra Marin,**** 1869,,,,,,,,5615 Facebook Advertising
2025-05-31T02:05:08,Purchase,FACEBK *PF8ZVTU6K2,"  (1,158.00)",CAD,Cash,,,,Hector Alfonso Pertierra Marin,**** 1869,,,,,,,,5615 Facebook Advertising
2025-07-07T02:06:43,Purchase,FACEBK *PHDECTU6Z2,"  (2,919.00)",CAD,Cash,,,"Facebook/Instagram advertising spend under new ad account 862444328461160, created november 2022.

updated limit to $62K per month (increase spend to $2K per day)",Hector Alfonso Pertierra Marin,**** 9922,,,,,,,,5615 Facebook Advertising
2025-01-24T05:45:53,Purchase,FACEBK *PHF76LU6K2,"  (1,158.00)",CAD,Cash,,,,Hector Alfonso Pertierra Marin,**** 1869,,,,,,,,5615 Facebook Advertising
2025-05-29T02:06:43,Purchase,FACEBK *PK8DER47Z2,"  (2,919.00)",CAD,Cash,,,"Facebook/Instagram advertising spend under new ad account 862444328461160, created november 2022.

updated limit to $62K per month (increase spend to $2K per day)",Hector Alfonso Pertierra Marin,**** 9922,,,,,,,,5615 Facebook Advertising
2025-07-09T02:18:42,Purchase,FACEBK *PKN3ATC7Z2,"  (2,919.00)",CAD,Cash,,,"Facebook/Instagram advertising spend under new ad account 862444328461160, created november 2022.

updated limit to $62K per month (increase spend to $2K per day)",Hector Alfonso Pertierra Marin,**** 9922,,,,,,,,5615 Facebook Advertising
2025-02-16T05:54:17,Purchase,FACEBK *PPTC2L86K2,"  (1,158.00)",CAD,Cash,,,,Hector Alfonso Pertierra Marin,**** 1869,,,,,,,,5615 Facebook Advertising
2025-04-05T02:13:29,Purchase,FACEBK *PRYPXPUYQ2,"  (1,213.00)",CAD,Cash,,,Facebook Foundation account,Hector Alfonso Pertierra Marin,**** 4398,,,,,,,,5615 Facebook Advertising
2025-01-10T01:12:09,Purchase,FACEBK *PUVSXGY5K2,  (168.00),CAD,Cash,,,,Hector Alfonso Pertierra Marin,**** 1869,,,,,,,,5615 Facebook Advertising
2025-03-22T02:08:58,Purchase,FACEBK *PXWDEN46K2,"  (1,158.00)",CAD,Cash,,,,Hector Alfonso Pertierra Marin,**** 1869,,,,,,,,5615 Facebook Advertising
2025-09-12T02:03:26,Purchase,FACEBK *PY8RK3VYQ2,  (656.08),CAD,Cash,,,Facebook Foundation account,Hector Alfonso Pertierra Marin,**** 4398,,,,,,,,5615 Facebook Advertising
2025-03-08T16:46:22,Purchase,FACEBK *PZGHFKU6Z2,"  (2,919.00)",CAD,Cash,,,"Facebook/Instagram advertising spend under new ad account 862444328461160, created november 2022.

updated limit to $62K per month (increase spend to $2K per day)",Hector Alfonso Pertierra Marin,**** 9922,,,,,,,,5615 Facebook Advertising
2025-05-07T05:09:09,Purchase,FACEBK *Q3F4BVL6Z2,"  (2,919.00)",CAD,Cash,,,"Facebook/Instagram advertising spend under new ad account 862444328461160, created november 2022.

updated limit to $62K per month (increase spend to $2K per day)",Hector Alfonso Pertierra Marin,**** 9922,,,,,,,,5615 Facebook Advertising
2025-07-19T16:30:37,Purchase,FACEBK *QATFCVLYQ2,"  (1,213.00)",CAD,Cash,,,Facebook Foundation account,Hector Alfonso Pertierra Marin,**** 4398,,,,,,,,5615 Facebook Advertising
2025-06-27T04:02:51,Purchase,FACEBK *QB9LWSL7Z2,"  (2,919.00)",CAD,Cash,,,"Facebook/Instagram advertising spend under new ad account 862444328461160, created november 2022.

updated limit to $62K per month (increase spend to $2K per day)",Hector Alfonso Pertierra Marin,**** 9922,,,,,,,,5615 Facebook Advertising
2025-05-31T02:15:56,Purchase,FACEBK *QDSUKR47Z2,"  (2,919.00)",CAD,Cash,,,"Facebook/Instagram advertising spend under new ad account 862444328461160, created november 2022.

updated limit to $62K per month (increase spend to $2K per day)",Hector Alfonso Pertierra Marin,**** 9922,,,,,,,,5615 Facebook Advertising
2025-01-25T01:16:34,Purchase,FACEBK *QJV9QKU5K2,"  (1,158.00)",CAD,Cash,,,,Hector Alfonso Pertierra Marin,**** 1869,,,,,,,,5615 Facebook Advertising
2025-06-30T02:04:43,Purchase,FACEBK *QLVRQTU8K2,  (303.00),CAD,Cash,,,,Hector Alfonso Pertierra Marin,**** 5903,,,,,,,,5615 Facebook Advertising
2025-07-04T04:04:43,Purchase,FACEBK *QQ5TAWUYQ2,"  (1,213.00)",CAD,Cash,,,Facebook Foundation account,Hector Alfonso Pertierra Marin,**** 4398,,,,,,,,5615 Facebook Advertising
2025-11-08T02:27:47,Purchase,FACEBK *QT5PC6R6Z2,"  (2,919.00)",CAD,Cash,,,"Facebook/Instagram advertising spend under new ad account 862444328461160, created november 2022.

updated limit to $62K per month (increase spend to $2K per day)",Hector Alfonso Pertierra Marin,**** 9922,,,,,,,,5615 Facebook Advertising
2025-03-26T05:30:12,Purchase,FACEBK *QTDUWMG6K2,"  (1,158.00)",CAD,Cash,,,,Hector Alfonso Pertierra Marin,**** 1869,,,,,,,,5615 Facebook Advertising
2025-02-26T01:19:50,Purchase,FACEBK *QVPH4L4ZQ2,"  (1,213.00)",CAD,Cash,,,Facebook Foundation account,Hector Alfonso Pertierra Marin,**** 4398,,,,,,,,5615 Facebook Advertising
2025-04-29T02:05:40,Purchase,FACEBK *QVUV7P47Z2,"  (2,919.00)",CAD,Cash,,,"Facebook/Instagram advertising spend under new ad account 862444328461160, created november 2022.

updated limit to $62K per month (increase spend to $2K per day)",Hector Alfonso Pertierra Marin,**** 9922,,,,,,,,5615 Facebook Advertising
2025-11-23T20:59:40,Purchase,FACEBK *QWWCQ757Z2,"  (2,919.00)",CAD,Cash,,,"Facebook/Instagram advertising spend under new ad account 862444328461160, created november 2022.

updated limit to $62K per month (increase spend to $2K per day)",Hector Alfonso Pertierra Marin,**** 9922,,,,,,,,5615 Facebook Advertising
2025-12-04T00:40:43,Purchase,FACEBK *QXU9E8R6Z2,"  (2,919.00)",CAD,Cash,,,"Facebook/Instagram advertising spend under new ad account 862444328461160, created november 2022.

updated limit to $62K per month (increase spend to $2K per day)",Hector Alfonso Pertierra Marin,**** 9922,,,,,,,,5615 Facebook Advertising
2025-08-29T02:04:22,Purchase,FACEBK *QY8HQYC9K2,"  (1,051.00)",CAD,Cash,,,,Hector Alfonso Pertierra Marin,**** 5903,,,,,,,,5615 Facebook Advertising
2025-01-23T02:18:30,Purchase,FACEBK *QYAF4LU6K2,"  (1,158.00)",CAD,Cash,,,,Hector Alfonso Pertierra Marin,**** 1869,,,,,,,,5615 Facebook Advertising
2025-04-03T02:17:38,Purchase,FACEBK *QYAZMN86K2,"  (1,158.00)",CAD,Cash,,,,Hector Alfonso Pertierra Marin,**** 1869,,,,,,,,5615 Facebook Advertising
2025-06-14T02:17:05,Purchase,FACEBK *QZP9DTQ8K2,  (5.00),CAD,Cash,,,,Hector Alfonso Pertierra Marin,**** 5903,,,,,,,,5615 Facebook Advertising
2025-04-11T02:18:35,Purchase,FACEBK *R52XXPU5K2,"  (1,158.00)",CAD,Cash,,,,Hector Alfonso Pertierra Marin,**** 1869,,,,,,,,5615 Facebook Advertising
2025-04-18T02:15:11,Purchase,FACEBK *R5VW5SY6Z2,"  (2,919.00)",CAD,Cash,,,"Facebook/Instagram advertising spend under new ad account 862444328461160, created november 2022.

updated limit to $62K per month (increase spend to $2K per day)",Hector Alfonso Pertierra Marin,**** 9922,,,,,,,,5615 Facebook Advertising
2025-02-18T01:43:55,Purchase,FACEBK *RD9YLL46K2,"  (1,158.00)",CAD,Cash,,,,Hector Alfonso Pertierra Marin,**** 1869,,,,,,,,5615 Facebook Advertising
2025-01-16T01:33:08,Purchase,FACEBK *RDXSDJC6K2,  (718.00),CAD,Cash,,,,Hector Alfonso Pertierra Marin,**** 1869,,,,,,,,5615 Facebook Advertising
2025-04-09T02:04:00,Purchase,FACEBK *RESYFP46K2,"  (1,158.00)",CAD,Cash,,,,Hector Alfonso Pertierra Marin,**** 1869,,,,,,,,5615 Facebook Advertising
2025-07-19T02:16:17,Purchase,FACEBK *RF8N4VU8K2,  (546.00),CAD,Cash,,,,Hector Alfonso Pertierra Marin,**** 5903,,,,,,,,5615 Facebook Advertising
2025-12-19T00:37:09,Purchase,FACEBK *RJMQE8D7Z2,"  (2,919.00)",CAD,Cash,,,"Facebook/Instagram advertising spend under new ad account 862444328461160, created november 2022.

updated limit to $62K per month (increase spend to $2K per day)",Hector Alfonso Pertierra Marin,**** 9922,,,,,,,,5615 Facebook Advertising
2025-04-28T02:07:02,Purchase,FACEBK *RPXPVPG6K2,"  (1,158.00)",CAD,Cash,,,,Hector Alfonso Pertierra Marin,**** 1869,,,,,,,,5615 Facebook Advertising
2025-10-14T02:06:32,Purchase,FACEBK *RTKYZ357Z2,"  (2,919.00)",CAD,Cash,,,"Facebook/Instagram advertising spend under new ad account 862444328461160, created november 2022.

updated limit to $62K per month (increase spend to $2K per day)",Hector Alfonso Pertierra Marin,**** 9922,,,,,,,,5615 Facebook Advertising
2025-02-17T01:04:13,Purchase,FACEBK *RUN93JC7Z2,"  (2,919.00)",CAD,Cash,,,"Facebook/Instagram advertising spend under new ad account 862444328461160, created november 2022.

updated limit to $62K per month (increase spend to $2K per day)",Hector Alfonso Pertierra Marin,**** 9922,,,,,,,,5615 Facebook Advertising
2025-05-03T02:16:50,Purchase,FACEBK *S4DXHNC7Z2,"  (2,919.00)",CAD,Cash,,,"Facebook/Instagram advertising spend under new ad account 862444328461160, created november 2022.

updated limit to $62K per month (increase spend to $2K per day)",Hector Alfonso Pertierra Marin,**** 9922,,,,,,,,5615 Facebook Advertising
2025-03-11T05:31:24,Purchase,FACEBK *S5BVAMC6K2,"  (1,158.00)",CAD,Cash,,,,Hector Alfonso Pertierra Marin,**** 1869,,,,,,,,5615 Facebook Advertising
2025-05-30T02:15:55,Purchase,FACEBK *S9V63S4ZQ2,"  (1,213.00)",CAD,Cash,,,Facebook Foundation account,Hector Alfonso Pertierra Marin,**** 4398,,,,,,,,5615 Facebook Advertising
2025-04-28T02:07:52,Purchase,FACEBK *SB9D6Q4YQ2,"  (1,213.00)",CAD,Cash,,,Facebook Foundation account,Hector Alfonso Pertierra Marin,**** 4398,,,,,,,,5615 Facebook Advertising
2025-01-14T01:07:46,Purchase,FACEBK *SDP63HL6K2,  (489.00),CAD,Cash,,,,Hector Alfonso Pertierra Marin,**** 1869,,,,,,,,5615 Facebook Advertising
2025-01-25T01:08:50,Purchase,FACEBK *SES9BPL6Z2,  (2.12),CAD,Cash,,,"Facebook/Instagram advertising spend under new ad account 862444328461160, created november 2022.

updated limit to $62K per month (increase spend to $2K per day)",Hector Alfonso Pertierra Marin,**** 9922,,,,,,,,5615 Facebook Advertising
2025-05-16T04:24:13,Purchase,FACEBK *SGCD3S46K2,"  (1,158.00)",CAD,Cash,,,,Hector Alfonso Pertierra Marin,**** 1869,,,,,,,,5615 Facebook Advertising
2025-11-14T02:48:28,Purchase,FACEBK *SHPPR5D7Z2,"  (2,919.00)",CAD,Cash,,,"Facebook/Instagram advertising spend under new ad account 862444328461160, created november 2022.

updated limit to $62K per month (increase spend to $2K per day)",Hector Alfonso Pertierra Marin,**** 9922,,,,,,,,5615 Facebook Advertising
2025-05-01T02:10:16,Purchase,FACEBK *SLDF7PY5K2,"  (1,158.00)",CAD,Cash,,,,Hector Alfonso Pertierra Marin,**** 1869,,,,,,,,5615 Facebook Advertising
2025-02-01T01:05:50,Purchase,FACEBK *SND7QJ4ZQ2,"  (1,213.00)",CAD,Cash,,,Facebook Foundation account,Hector Alfonso Pertierra Marin,**** 4398,,,,,,,,5615 Facebook Advertising
2025-05-19T05:59:31,Purchase,FACEBK *SR5AZPU6Z2,"  (2,919.00)",CAD,Cash,,,"Facebook/Instagram advertising spend under new ad account 862444328461160, created november 2022.

updated limit to $62K per month (increase spend to $2K per day)",Hector Alfonso Pertierra Marin,**** 9922,,,,,,,,5615 Facebook Advertising
2025-07-30T02:15:48,Purchase,FACEBK *SSN3NWY8K2,  (706.00),CAD,Cash,,,,Hector Alfonso Pertierra Marin,**** 5903,,,,,,,,5615 Facebook Advertising
2025-03-28T02:09:15,Purchase,FACEBK *SY44LNGYQ2,"  (1,213.00)",CAD,Cash,,,Facebook Foundation account,Hector Alfonso Pertierra Marin,**** 4398,,,,,,,,5615 Facebook Advertising
2025-03-20T02:11:11,Purchase,FACEBK *T3RJLMYYQ2,"  (1,213.00)",CAD,Cash,,,Facebook Foundation account,Hector Alfonso Pertierra Marin,**** 4398,,,,,,,,5615 Facebook Advertising
2025-12-23T23:57:41,Purchase,FACEBK *T8D5Z957Z2,"  (2,919.00)",CAD,Cash,,,"Facebook/Instagram advertising spend under new ad account 862444328461160, created november 2022.

updated limit to $62K per month (increase spend to $2K per day)",Hector Alfonso Pertierra Marin,**** 9922,,,,,,,,5615 Facebook Advertising
2025-01-07T03:13:14,Purchase,FACEBK *T9HXAKU6K2,  (9.00),CAD,Cash,,,,Hector Alfonso Pertierra Marin,**** 1869,,,,,,,,5615 Facebook Advertising
2025-06-21T02:14:23,Purchase,FACEBK *T9KYQTC8K2,  (94.00),CAD,Cash,,,,Hector Alfonso Pertierra Marin,**** 5903,,,,,,,,5615 Facebook Advertising
2025-05-03T17:30:07,Purchase,FACEBK *TAQYLQ86K2,  (124.95),CAD,Cash,,,,Hector Alfonso Pertierra Marin,**** 1869,,,,,,,,5615 Facebook Advertising
2025-01-11T01:32:54,Purchase,FACEBK *TBT42HY5K2,  (248.00),CAD,Cash,,,,Hector Alfonso Pertierra Marin,**** 1869,,,,,,,,5615 Facebook Advertising
2025-03-06T01:18:49,Purchase,FACEBK *TCHK2KC7Z2,"  (2,919.00)",CAD,Cash,,,"Facebook/Instagram advertising spend under new ad account 862444328461160, created november 2022.

updated limit to $62K per month (increase spend to $2K per day)",Hector Alfonso Pertierra Marin,**** 9922,,,,,,,,5615 Facebook Advertising
2025-06-26T02:09:09,Purchase,FACEBK *THNJTSL7Z2,"  (2,919.00)",CAD,Cash,,,"Facebook/Instagram advertising spend under new ad account 862444328461160, created november 2022.

updated limit to $62K per month (increase spend to $2K per day)",Hector Alfonso Pertierra Marin,**** 9922,,,,,,,,5615 Facebook Advertising
2025-04-19T02:19:09,Purchase,FACEBK *TJFRDNY5K2,"  (1,158.00)",CAD,Cash,,,,Hector Alfonso Pertierra Marin,**** 1869,,,,,,,,5615 Facebook Advertising
2025-03-13T02:03:47,Purchase,FACEBK *TMDLQNU6K2,"  (1,158.00)",CAD,Cash,,,,Hector Alfonso Pertierra Marin,**** 1869,,,,,,,,5615 Facebook Advertising
2025-01-07T01:08:24,Purchase,FACEBK *TMDUTJU5K2,  (3.00),CAD,Cash,,,,Hector Alfonso Pertierra Marin,**** 1869,,,,,,,,5615 Facebook Advertising
2025-05-05T03:24:01,Purchase,FACEBK *TQPQ3PL7Z2,"  (2,919.00)",CAD,Cash,,,"Facebook/Instagram advertising spend under new ad account 862444328461160, created november 2022.

updated limit to $62K per month (increase spend to $2K per day)",Hector Alfonso Pertierra Marin,**** 9922,,,,,,,,5615 Facebook Advertising
2025-06-03T05:15:25,Purchase,FACEBK *TRS2ZRQ6K2,"  (1,158.00)",CAD,Cash,,,,Hector Alfonso Pertierra Marin,**** 1869,,,,,,,,5615 Facebook Advertising
2025-07-13T06:14:16,Purchase,FACEBK *TS9EGVQ8K2,  (477.00),CAD,Cash,,,,Hector Alfonso Pertierra Marin,**** 5903,,,,,,,,5615 Facebook Advertising
2025-05-24T02:11:11,Purchase,FACEBK *TSEZFTU6K2,"  (1,158.00)",CAD,Cash,,,,Hector Alfonso Pertierra Marin,**** 1869,,,,,,,,5615 Facebook Advertising
2025-04-05T17:38:14,Purchase,FACEBK *TU24ERY6Z2,"  (2,919.00)",CAD,Cash,,,"Facebook/Instagram advertising spend under new ad account 862444328461160, created november 2022.

updated limit to $62K per month (increase spend to $2K per day)",Hector Alfonso Pertierra Marin,**** 9922,,,,,,,,5615 Facebook Advertising
2025-04-20T06:07:50,Purchase,FACEBK *TWCREPG6K2,"  (1,158.00)",CAD,Cash,,,,Hector Alfonso Pertierra Marin,**** 1869,,,,,,,,5615 Facebook Advertising
2025-06-18T02:09:08,Purchase,FACEBK *TXS88SL7Z2,"  (2,919.00)",CAD,Cash,,,"Facebook/Instagram advertising spend under new ad account 862444328461160, created november 2022.

updated limit to $62K per month (increase spend to $2K per day)",Hector Alfonso Pertierra Marin,**** 9922,,,,,,,,5615 Facebook Advertising
2025-10-11T02:09:46,Purchase,FACEBK *TXVKR3R6Z2,"  (2,919.00)",CAD,Cash,,,"Facebook/Instagram advertising spend under new ad account 862444328461160, created november 2022.

updated limit to $62K per month (increase spend to $2K per day)",Hector Alfonso Pertierra Marin,**** 9922,,,,,,,,5615 Facebook Advertising
2025-03-24T02:06:19,Purchase,FACEBK *U45GELL7Z2,"  (2,919.00)",CAD,Cash,,,"Facebook/Instagram advertising spend under new ad account 862444328461160, created november 2022.

updated limit to $62K per month (increase spend to $2K per day)",Hector Alfonso Pertierra Marin,**** 9922,,,,,,,,5615 Facebook Advertising
2025-02-13T01:26:37,Purchase,FACEBK *U4JWZJG7Z2,"  (2,919.00)",CAD,Cash,,,"Facebook/Instagram advertising spend under new ad account 862444328461160, created november 2022.

updated limit to $62K per month (increase spend to $2K per day)",Hector Alfonso Pertierra Marin,**** 9922,,,,,,,,5615 Facebook Advertising
2025-04-17T02:17:12,Purchase,FACEBK *U7NM8NL6K2,"  (1,158.00)",CAD,Cash,,,,Hector Alfonso Pertierra Marin,**** 1869,,,,,,,,5615 Facebook Advertising
2025-08-08T02:11:30,Purchase,FACEBK *UAXWYWL8K2,  (832.00),CAD,Cash,,,,Hector Alfonso Pertierra Marin,**** 5903,,,,,,,,5615 Facebook Advertising
2025-01-15T01:43:29,Purchase,FACEBK *UEBG5HL6K2,  (652.00),CAD,Cash,,,,Hector Alfonso Pertierra Marin,**** 1869,,,,,,,,5615 Facebook Advertising
2025-10-22T04:32:20,Purchase,FACEBK *UFKWM497Z2,"  (2,919.00)",CAD,Cash,,,"Facebook/Instagram advertising spend under new ad account 862444328461160, created november 2022.

updated limit to $62K per month (increase spend to $2K per day)",Hector Alfonso Pertierra Marin,**** 9922,,,,,,,,5615 Facebook Advertising
2025-05-31T04:04:31,Purchase,FACEBK *UGTRMS86K2,"  (1,158.00)",CAD,Cash,,,,Hector Alfonso Pertierra Marin,**** 1869,,,,,,,,5615 Facebook Advertising
2025-06-12T02:04:33,Purchase,FACEBK *UGXAFT86K2,"  (1,158.00)",CAD,Cash,,,,Hector Alfonso Pertierra Marin,**** 1869,,,,,,,,5615 Facebook Advertising
2025-06-24T02:14:39,Purchase,FACEBK *UKBB4UQ8K2,  (170.00),CAD,Cash,,,,Hector Alfonso Pertierra Marin,**** 5903,,,,,,,,5615 Facebook Advertising
2025-02-05T01:22:17,Purchase,FACEBK *UN29WJQYQ2,"  (1,213.00)",CAD,Cash,,,Facebook Foundation account,Hector Alfonso Pertierra Marin,**** 4398,,,,,,,,5615 Facebook Advertising
2025-04-24T04:24:11,Purchase,FACEBK *UNEVANL7Z2,"  (2,919.00)",CAD,Cash,,,"Facebook/Instagram advertising spend under new ad account 862444328461160, created november 2022.

updated limit to $62K per month (increase spend to $2K per day)",Hector Alfonso Pertierra Marin,**** 9922,,,,,,,,5615 Facebook Advertising
2025-02-26T01:14:07,Purchase,FACEBK *UR8MKJC7Z2,"  (2,919.00)",CAD,Cash,,,"Facebook/Instagram advertising spend under new ad account 862444328461160, created november 2022.

updated limit to $62K per month (increase spend to $2K per day)",Hector Alfonso Pertierra Marin,**** 9922,,,,,,,,5615 Facebook Advertising
2025-07-17T02:18:46,Purchase,FACEBK *USREUTC7Z2,"  (2,919.00)",CAD,Cash,,,"Facebook/Instagram advertising spend under new ad account 862444328461160, created november 2022.

updated limit to $62K per month (increase spend to $2K per day)",Hector Alfonso Pertierra Marin,**** 9922,,,,,,,,5615 Facebook Advertising
2025-05-23T02:20:58,Purchase,FACEBK *UTFE2QC7Z2,"  (2,919.00)",CAD,Cash,,,"Facebook/Instagram advertising spend under new ad account 862444328461160, created november 2022.

updated limit to $62K per month (increase spend to $2K per day)",Hector Alfonso Pertierra Marin,**** 9922,,,,,,,,5615 Facebook Advertising
2025-03-29T02:14:13,Purchase,FACEBK *UTNJGMG7Z2,"  (2,919.00)",CAD,Cash,,,"Facebook/Instagram advertising spend under new ad account 862444328461160, created november 2022.

updated limit to $62K per month (increase spend to $2K per day)",Hector Alfonso Pertierra Marin,**** 9922,,,,,,,,5615 Facebook Advertising
2025-02-19T01:19:17,Purchase,FACEBK *UXFHHMU6K2,"  (1,158.00)",CAD,Cash,,,,Hector Alfonso Pertierra Marin,**** 1869,,,,,,,,5615 Facebook Advertising
2025-03-02T01:14:28,Purchase,FACEBK *UYJUYMUYQ2,"  (1,213.00)",CAD,Cash,,,Facebook Foundation account,Hector Alfonso Pertierra Marin,**** 4398,,,,,,,,5615 Facebook Advertising
2025-07-12T02:22:46,Purchase,FACEBK *UYVMAVC8K2,  (456.00),CAD,Cash,,,,Hector Alfonso Pertierra Marin,**** 5903,,,,,,,,5615 Facebook Advertising
2025-06-14T02:18:57,Purchase,FACEBK *UZJHLSU8K2,  (5.00),CAD,Cash,,,,Hector Alfonso Pertierra Marin,**** 5903,,,,,,,,5615 Facebook Advertising
2025-02-21T06:59:06,Purchase,FACEBK *V5A43LG6K2,"  (1,158.00)",CAD,Cash,,,,Hector Alfonso Pertierra Marin,**** 1869,,,,,,,,5615 Facebook Advertising
2025-06-17T02:05:44,Purchase,FACEBK *VD4SSSU8K2,  (51.00),CAD,Cash,,,,Hector Alfonso Pertierra Marin,**** 5903,,,,,,,,5615 Facebook Advertising
2025-01-31T01:11:27,Purchase,FACEBK *VEZ3KHL7Z2,"  (2,907.00)",CAD,Cash,,,"Facebook/Instagram advertising spend under new ad account 862444328461160, created november 2022.

updated limit to $62K per month (increase spend to $2K per day)",Hector Alfonso Pertierra Marin,**** 9922,,,,,,,,5615 Facebook Advertising
2025-04-01T02:09:58,Purchase,FACEBK *VFD5FN8YQ2,"  (1,213.00)",CAD,Cash,,,Facebook Foundation account,Hector Alfonso Pertierra Marin,**** 4398,,,,,,,,5615 Facebook Advertising
2025-08-01T02:13:10,Purchase,FACEBK *VLHJHW89K2,  (736.00),CAD,Cash,,,,Hector Alfonso Pertierra Marin,**** 5903,,,,,,,,5615 Facebook Advertising
2025-07-02T02:12:14,Purchase,FACEBK *VM8DBZL6Z2,"  (2,919.00)",CAD,Cash,,,"Facebook/Instagram advertising spend under new ad account 862444328461160, created november 2022.

updated limit to $62K per month (increase spend to $2K per day)",Hector Alfonso Pertierra Marin,**** 9922,,,,,,,,5615 Facebook Advertising
2025-03-03T05:51:05,Purchase,FACEBK *VMUFXKQ6Z2,"  (2,919.00)",CAD,Cash,,,"Facebook/Instagram advertising spend under new ad account 862444328461160, created november 2022.

updated limit to $62K per month (increase spend to $2K per day)",Hector Alfonso Pertierra Marin,**** 9922,,,,,,,,5615 Facebook Advertising
2025-08-23T02:12:08,Purchase,FACEBK *VNFWKYY8K2,  (974.00),CAD,Cash,,,,Hector Alfonso Pertierra Marin,**** 5903,,,,,,,,5615 Facebook Advertising
2025-08-20T06:20:42,Purchase,FACEBK *VNX5MXG7Z2,"  (2,919.00)",CAD,Cash,,,"Facebook/Instagram advertising spend under new ad account 862444328461160, created november 2022.

updated limit to $62K per month (increase spend to $2K per day)",Hector Alfonso Pertierra Marin,**** 9922,,,,,,,,5615 Facebook Advertising
2025-04-12T02:16:41,Purchase,FACEBK *VPKYCQUYQ2,  (293.84),CAD,Cash,,,Facebook Foundation account,Hector Alfonso Pertierra Marin,**** 4398,,,,,,,,5615 Facebook Advertising
2025-05-26T02:10:21,Purchase,FACEBK *VPXTDRG7Z2,"  (2,919.00)",CAD,Cash,,,"Facebook/Instagram advertising spend under new ad account 862444328461160, created november 2022.

updated limit to $62K per month (increase spend to $2K per day)",Hector Alfonso Pertierra Marin,**** 9922,,,,,,,,5615 Facebook Advertising
2025-07-15T02:08:28,Purchase,FACEBK *VQBC7VL8K2,  (477.00),CAD,Cash,,,,Hector Alfonso Pertierra Marin,**** 5903,,,,,,,,5615 Facebook Advertising
2025-06-01T02:15:05,Purchase,FACEBK *VRZRPS86K2,"  (1,158.00)",CAD,Cash,,,,Hector Alfonso Pertierra Marin,**** 1869,,,,,,,,5615 Facebook Advertising
2025-03-25T02:07:03,Purchase,FACEBK *VW2AJSL6Z2,"  (1,136.04)",CAD,Cash,,,"Facebook/Instagram advertising spend under new ad account 862444328461160, created november 2022.

updated limit to $62K per month (increase spend to $2K per day)",Hector Alfonso Pertierra Marin,**** 9922,,,,,,,,5615 Facebook Advertising
2025-06-14T04:33:06,Purchase,FACEBK *VYZLFTG8K2,  (18.00),CAD,Cash,,,,Hector Alfonso Pertierra Marin,**** 5903,,,,,,,,5615 Facebook Advertising
2025-06-14T04:33:06,Purchase,FACEBK *VZQ9DTY8K2,  (12.00),CAD,Cash,,,,Hector Alfonso Pertierra Marin,**** 5903,,,,,,,,5615 Facebook Advertising
2025-02-01T01:06:02,Purchase,FACEBK *W2TP6KC6K2,"  (1,158.00)",CAD,Cash,,,,Hector Alfonso Pertierra Marin,**** 1869,,,,,,,,5615 Facebook Advertising
2025-03-25T02:06:08,Purchase,FACEBK *W5K59MG7Z2,  (1.99),CAD,Cash,,,"Facebook/Instagram advertising spend under new ad account 862444328461160, created november 2022.

updated limit to $62K per month (increase spend to $2K per day)",Hector Alfonso Pertierra Marin,**** 9922,,,,,,,,5615 Facebook Advertising
2025-03-08T01:14:07,Purchase,FACEBK *W6PXHKL7Z2,"  (2,919.00)",CAD,Cash,,,"Facebook/Instagram advertising spend under new ad account 862444328461160, created november 2022.

updated limit to $62K per month (increase spend to $2K per day)",Hector Alfonso Pertierra Marin,**** 9922,,,,,,,,5615 Facebook Advertising
2025-07-08T02:15:21,Purchase,FACEBK *W7DARZL6Z2,"  (2,919.00)",CAD,Cash,,,"Facebook/Instagram advertising spend under new ad account 862444328461160, created november 2022.

updated limit to $62K per month (increase spend to $2K per day)",Hector Alfonso Pertierra Marin,**** 9922,,,,,,,,5615 Facebook Advertising
2025-03-25T02:16:29,Purchase,FACEBK *W9HCXLY5K2,"  (1,158.00)",CAD,Cash,,,,Hector Alfonso Pertierra Marin,**** 1869,,,,,,,,5615 Facebook Advertising
2025-03-04T01:07:51,Purchase,FACEBK *WCRX3LQ6K2,  (2.30),CAD,Cash,,,,Hector Alfonso Pertierra Marin,**** 1869,,,,,,,,5615 Facebook Advertising
2025-02-12T05:39:31,Purchase,FACEBK *WDWYRKC6K2,"  (1,158.00)",CAD,Cash,,,,Hector Alfonso Pertierra Marin,**** 1869,,,,,,,,5615 Facebook Advertising
2025-05-25T04:14:06,Purchase,FACEBK *WEU9KQL7Z2,"  (1,943.13)",CAD,Cash,,,"Facebook/Instagram advertising spend under new ad account 862444328461160, created november 2022.

updated limit to $62K per month (increase spend to $2K per day)",Hector Alfonso Pertierra Marin,**** 9922,,,,,,,,5615 Facebook Advertising
2025-03-15T17:02:21,Purchase,FACEBK *WKTQRLG7Z2,"  (2,919.00)",CAD,Cash,,,"Facebook/Instagram advertising spend under new ad account 862444328461160, created november 2022.

updated limit to $62K per month (increase spend to $2K per day)",Hector Alfonso Pertierra Marin,**** 9922,,,,,,,,5615 Facebook Advertising
2025-06-04T02:11:17,Purchase,FACEBK *WLTXKSG6K2,  (583.01),CAD,Cash,,,,Hector Alfonso Pertierra Marin,**** 1869,,,,,,,,5615 Facebook Advertising
2025-12-12T03:31:10,Purchase,FACEBK *WNJUH8M7Z2,"  (2,919.00)",CAD,Cash,,,"Facebook/Instagram advertising spend under new ad account 862444328461160, created november 2022.

updated limit to $62K per month (increase spend to $2K per day)",Hector Alfonso Pertierra Marin,**** 9922,,,,,,,,5615 Facebook Advertising
2025-02-23T01:13:32,Purchase,FACEBK *WQ6XEL86K2,"  (1,158.00)",CAD,Cash,,,,Hector Alfonso Pertierra Marin,**** 1869,,,,,,,,5615 Facebook Advertising
2025-07-12T02:10:53,Purchase,FACEBK *WQ8HUVGYQ2,  (783.22),CAD,Cash,,,Facebook Foundation account,Hector Alfonso Pertierra Marin,**** 4398,,,,,,,,5615 Facebook Advertising
2025-01-07T05:58:25,Purchase,FACEBK *WRE3RHG6K2,  (45.00),CAD,Cash,,,,Hector Alfonso Pertierra Marin,**** 1869,,,,,,,,5615 Facebook Advertising
2025-09-04T04:01:18,Purchase,FACEBK *WSW476M6Z2,"  (2,919.00)",CAD,Cash,,,"Facebook/Instagram advertising spend under new ad account 862444328461160, created november 2022.

updated limit to $62K per month (increase spend to $2K per day)",Hector Alfonso Pertierra Marin,**** 9922,,,,,,,,5615 Facebook Advertising
2025-05-13T02:09:05,Purchase,FACEBK *WWDNBR86K2,"  (1,158.00)",CAD,Cash,,,,Hector Alfonso Pertierra Marin,**** 1869,,,,,,,,5615 Facebook Advertising
2025-04-12T02:13:28,Purchase,FACEBK *WWV9CNG7Z2,"  (2,919.00)",CAD,Cash,,,"Facebook/Instagram advertising spend under new ad account 862444328461160, created november 2022.

updated limit to $62K per month (increase spend to $2K per day)",Hector Alfonso Pertierra Marin,**** 9922,,,,,,,,5615 Facebook Advertising
2025-01-16T01:29:42,Purchase,FACEBK *WZ7JDJ4YQ2,"  (1,213.00)",CAD,Cash,,,Facebook Foundation account,Hector Alfonso Pertierra Marin,**** 4398,,,,,,,,5615 Facebook Advertising
2025-11-28T00:23:10,Purchase,FACEBK *WZG8Y7R6Z2,"  (2,919.00)",CAD,Cash,,,"Facebook/Instagram advertising spend under new ad account 862444328461160, created november 2022.

updated limit to $62K per month (increase spend to $2K per day)",Hector Alfonso Pertierra Marin,**** 9922,,,,,,,,5615 Facebook Advertising
2025-11-29T17:51:53,Purchase,FACEBK *WZRYNBZ6Z2,"  (2,919.00)",CAD,Cash,,,"Facebook/Instagram advertising spend under new ad account 862444328461160, created november 2022.

updated limit to $62K per month (increase spend to $2K per day)",Hector Alfonso Pertierra Marin,**** 9922,,,,,,,,5615 Facebook Advertising
2025-04-21T02:08:07,Purchase,FACEBK *X3HPJNY5K2,"  (1,158.00)",CAD,Cash,,,,Hector Alfonso Pertierra Marin,**** 1869,,,,,,,,5615 Facebook Advertising
2025-02-24T01:10:15,Purchase,FACEBK *X5Y68LG6K2,"  (1,158.00)",CAD,Cash,,,,Hector Alfonso Pertierra Marin,**** 1869,,,,,,,,5615 Facebook Advertising
2025-04-01T02:10:52,Purchase,FACEBK *X8HKAMY5K2,"  (1,158.00)",CAD,Cash,,,,Hector Alfonso Pertierra Marin,**** 1869,,,,,,,,5615 Facebook Advertising
2025-07-15T02:09:49,Purchase,FACEBK *XA6ZUUG7Z2,"  (2,919.00)",CAD,Cash,,,"Facebook/Instagram advertising spend under new ad account 862444328461160, created november 2022.

updated limit to $62K per month (increase spend to $2K per day)",Hector Alfonso Pertierra Marin,**** 9922,,,,,,,,5615 Facebook Advertising
2025-08-24T02:13:46,Purchase,FACEBK *XC4WUX47Z2,"  (2,919.00)",CAD,Cash,,,"Facebook/Instagram advertising spend under new ad account 862444328461160, created november 2022.

updated limit to $62K per month (increase spend to $2K per day)",Hector Alfonso Pertierra Marin,**** 9922,,,,,,,,5615 Facebook Advertising
2025-04-04T04:10:13,Purchase,FACEBK *XCEGJPU5K2,"  (1,158.00)",CAD,Cash,,,,Hector Alfonso Pertierra Marin,**** 1869,,,,,,,,5615 Facebook Advertising
2025-06-28T16:43:04,Purchase,FACEBK *XGDDQTG7Z2,"  (2,919.00)",CAD,Cash,,,"Facebook/Instagram advertising spend under new ad account 862444328461160, created november 2022.

updated limit to $62K per month (increase spend to $2K per day)",Hector Alfonso Pertierra Marin,**** 9922,,,,,,,,5615 Facebook Advertising
2025-03-14T02:03:01,Purchase,FACEBK *XGZ9NLG7Z2,"  (2,919.00)",CAD,Cash,,,"Facebook/Instagram advertising spend under new ad account 862444328461160, created november 2022.

updated limit to $62K per month (increase spend to $2K per day)",Hector Alfonso Pertierra Marin,**** 9922,,,,,,,,5615 Facebook Advertising
2025-05-30T02:15:37,Purchase,FACEBK *XK5D4VY6Z2,"  (2,919.00)",CAD,Cash,,,"Facebook/Instagram advertising spend under new ad account 862444328461160, created november 2022.

updated limit to $62K per month (increase spend to $2K per day)",Hector Alfonso Pertierra Marin,**** 9922,,,,,,,,5615 Facebook Advertising
2025-05-19T02:11:09,Purchase,FACEBK *XK7GYQQ6K2,"  (1,158.00)",CAD,Cash,,,,Hector Alfonso Pertierra Marin,**** 1869,,,,,,,,5615 Facebook Advertising
2025-06-04T05:17:10,Purchase,FACEBK *XMZBTTCYQ2,"  (1,213.00)",CAD,Cash,,,Facebook Foundation account,Hector Alfonso Pertierra Marin,**** 4398,,,,,,,,5615 Facebook Advertising
2025-03-01T01:59:48,Purchase,FACEBK *XQDDZJU6Z2,"  (2,919.00)",CAD,Cash,,,"Facebook/Instagram advertising spend under new ad account 862444328461160, created november 2022.

updated limit to $62K per month (increase spend to $2K per day)",Hector Alfonso Pertierra Marin,**** 9922,,,,,,,,5615 Facebook Advertising
2025-01-24T01:12:08,Purchase,FACEBK *XTY7TJ86K2,"  (1,158.00)",CAD,Cash,,,,Hector Alfonso Pertierra Marin,**** 1869,,,,,,,,5615 Facebook Advertising
2025-06-27T02:07:14,Purchase,FACEBK *XUJH6UC8K2,  (227.00),CAD,Cash,,,,Hector Alfonso Pertierra Marin,**** 5903,,,,,,,,5615 Facebook Advertising
2025-01-30T01:39:07,Purchase,FACEBK *XVPEXH87Z2,"  (2,907.00)",CAD,Cash,,,"Facebook/Instagram advertising spend under new ad account 862444328461160, created november 2022.

updated limit to $62K per month (increase spend to $2K per day)",Hector Alfonso Pertierra Marin,**** 9922,,,,,,,,5615 Facebook Advertising
2025-01-13T01:01:55,Purchase,FACEBK *Y3EZRJ46K2,  (403.00),CAD,Cash,,,,Hector Alfonso Pertierra Marin,**** 1869,,,,,,,,5615 Facebook Advertising
2025-06-27T04:09:34,Purchase,FACEBK *Y49VBUY8K2,  (250.00),CAD,Cash,,,,Hector Alfonso Pertierra Marin,**** 5903,,,,,,,,5615 Facebook Advertising
2025-02-20T01:37:29,Purchase,FACEBK *Y4BC7MCYQ2,"  (1,213.00)",CAD,Cash,,,Facebook Foundation account,Hector Alfonso Pertierra Marin,**** 4398,,,,,,,,5615 Facebook Advertising
2025-04-20T02:03:19,Purchase,FACEBK *Y7VYMMC7Z2,"  (2,919.00)",CAD,Cash,,,"Facebook/Instagram advertising spend under new ad account 862444328461160, created november 2022.

updated limit to $62K per month (increase spend to $2K per day)",Hector Alfonso Pertierra Marin,**** 9922,,,,,,,,5615 Facebook Advertising
2025-08-25T02:10:34,Purchase,FACEBK *Y9WNBXL7Z2,  (1.48),CAD,Cash,,,"Facebook/Instagram advertising spend under new ad account 862444328461160, created november 2022.

updated limit to $62K per month (increase spend to $2K per day)",Hector Alfonso Pertierra Marin,**** 9922,,,,,,,,5615 Facebook Advertising
2025-02-05T05:49:33,Purchase,FACEBK *YASN9JY5K2,"  (1,158.00)",CAD,Cash,,,,Hector Alfonso Pertierra Marin,**** 1869,,,,,,,,5615 Facebook Advertising
2025-01-29T01:39:57,Purchase,FACEBK *YBZY9JQ6K2,"  (1,158.00)",CAD,Cash,,,,Hector Alfonso Pertierra Marin,**** 1869,,,,,,,,5615 Facebook Advertising
2025-07-31T02:05:46,Purchase,FACEBK *YCGMXVQ6Z2,"  (2,919.00)",CAD,Cash,,,"Facebook/Instagram advertising spend under new ad account 862444328461160, created november 2022.

updated limit to $62K per month (increase spend to $2K per day)",Hector Alfonso Pertierra Marin,**** 9922,,,,,,,,5615 Facebook Advertising
2025-04-24T02:16:14,Purchase,FACEBK *YE7DMNL6K2,"  (1,158.00)",CAD,Cash,,,,Hector Alfonso Pertierra Marin,**** 1869,,,,,,,,5615 Facebook Advertising
2025-05-27T02:04:42,Purchase,FACEBK *YF6B5RY5K2,"  (1,158.00)",CAD,Cash,,,,Hector Alfonso Pertierra Marin,**** 1869,,,,,,,,5615 Facebook Advertising
2025-06-14T18:34:38,Purchase,FACEBK *YG8YBU49K2,  (18.00),CAD,Cash,,,,Hector Alfonso Pertierra Marin,**** 5903,,,,,,,,5615 Facebook Advertising
2025-02-27T03:58:09,Purchase,FACEBK *YGKAWJU6Z2,"  (2,919.00)",CAD,Cash,,,"Facebook/Instagram advertising spend under new ad account 862444328461160, created november 2022.

updated limit to $62K per month (increase spend to $2K per day)",Hector Alfonso Pertierra Marin,**** 9922,,,,,,,,5615 Facebook Advertising
2025-01-14T06:01:50,Purchase,FACEBK *YKMT9H47Z2,"  (2,900.00)",CAD,Cash,,,"Facebook/Instagram advertising spend under new ad account 862444328461160, created november 2022.

updated limit to $62K per month (increase spend to $2K per day)",Hector Alfonso Pertierra Marin,**** 9922,,,,,,,,5615 Facebook Advertising
2025-01-19T02:06:49,Purchase,FACEBK *YLXUXGL7Z2,"  (2,900.00)",CAD,Cash,,,"Facebook/Instagram advertising spend under new ad account 862444328461160, created november 2022.

updated limit to $62K per month (increase spend to $2K per day)",Hector Alfonso Pertierra Marin,**** 9922,,,,,,,,5615 Facebook Advertising
2025-01-07T01:05:24,Purchase,FACEBK *YR5UTGY5K2,  (3.00),CAD,Cash,,,,Hector Alfonso Pertierra Marin,**** 1869,,,,,,,,5615 Facebook Advertising
2025-02-04T05:49:07,Purchase,FACEBK *YSBNKJG7Z2,"  (2,919.00)",CAD,Cash,,,"Facebook/Instagram advertising spend under new ad account 862444328461160, created november 2022.

updated limit to $62K per month (increase spend to $2K per day)",Hector Alfonso Pertierra Marin,**** 9922,,,,,,,,5615 Facebook Advertising
2025-05-12T02:04:29,Purchase,FACEBK *YSUV8R86K2,"  (1,158.00)",CAD,Cash,,,,Hector Alfonso Pertierra Marin,**** 1869,,,,,,,,5615 Facebook Advertising
2025-04-08T02:11:11,Purchase,FACEBK *YTTHRMY5K2,"  (1,158.00)",CAD,Cash,,,,Hector Alfonso Pertierra Marin,**** 1869,,,,,,,,5615 Facebook Advertising
2025-01-11T17:41:43,Purchase,FACEBK *YU7GEHLYQ2,  (298.97),CAD,Cash,,,Facebook Foundation account,Hector Alfonso Pertierra Marin,**** 4398,,,,,,,,5615 Facebook Advertising
2025-11-17T00:26:12,Purchase,FACEBK *YUCMK6M7Z2,"  (2,919.00)",CAD,Cash,,,"Facebook/Instagram advertising spend under new ad account 862444328461160, created november 2022.

updated limit to $62K per month (increase spend to $2K per day)",Hector Alfonso Pertierra Marin,**** 9922,,,,,,,,5615 Facebook Advertising
2025-02-27T01:08:23,Purchase,FACEBK *YVQFLLC6K2,"  (1,158.00)",CAD,Cash,,,,Hector Alfonso Pertierra Marin,**** 1869,,,,,,,,5615 Facebook Advertising
2025-03-08T01:14:08,Purchase,FACEBK *YX5U4MC6K2,"  (1,158.00)",CAD,Cash,,,,Hector Alfonso Pertierra Marin,**** 1869,,,,,,,,5615 Facebook Advertising
2025-08-25T02:10:43,Purchase,FACEBK *YYYPSWC7Z2,  (177.21),CAD,Cash,,,"Facebook/Instagram advertising spend under new ad account 862444328461160, created november 2022.

updated limit to $62K per month (increase spend to $2K per day)",Hector Alfonso Pertierra Marin,**** 9922,,,,,,,,5615 Facebook Advertising
2025-07-28T03:41:15,Purchase,FACEBK *YZBZBZY6Z2,"  (2,919.00)",CAD,Cash,,,"Facebook/Instagram advertising spend under new ad account 862444328461160, created november 2022.

updated limit to $62K per month (increase spend to $2K per day)",Hector Alfonso Pertierra Marin,**** 9922,,,,,,,,5615 Facebook Advertising
2025-01-12T04:09:01,Purchase,FACEBK *YZFG3HY5K2,  (332.00),CAD,Cash,,,,Hector Alfonso Pertierra Marin,**** 1869,,,,,,,,5615 Facebook Advertising
2025-01-18T16:56:23,Purchase,FACEBK *YZNEBHL6K2,"  (1,052.00)",CAD,Cash,,,,Hector Alfonso Pertierra Marin,**** 1869,,,,,,,,5615 Facebook Advertising
2025-11-06T22:55:22,Purchase,FACEBK *Z38J2697Z2,"  (2,919.00)",CAD,Cash,,,"Facebook/Instagram advertising spend under new ad account 862444328461160, created november 2022.

updated limit to $62K per month (increase spend to $2K per day)",Hector Alfonso Pertierra Marin,**** 9922,,,,,,,,5615 Facebook Advertising
2025-01-09T05:52:32,Purchase,FACEBK *Z3C7XJU5K2,  (152.00),CAD,Cash,,,,Hector Alfonso Pertierra Marin,**** 1869,,,,,,,,5615 Facebook Advertising
2025-04-07T03:31:59,Purchase,FACEBK *Z437MNG6K2,"  (1,158.00)",CAD,Cash,,,,Hector Alfonso Pertierra Marin,**** 1869,,,,,,,,5615 Facebook Advertising
2025-06-04T02:10:51,Purchase,FACEBK *Z49MBT46K2,  (3.10),CAD,Cash,,,,Hector Alfonso Pertierra Marin,**** 1869,,,,,,,,5615 Facebook Advertising
2025-05-10T02:07:56,Purchase,FACEBK *Z4Q67QG7Z2,"  (2,919.00)",CAD,Cash,,,"Facebook/Instagram advertising spend under new ad account 862444328461160, created november 2022.

updated limit to $62K per month (increase spend to $2K per day)",Hector Alfonso Pertierra Marin,**** 9922,,,,,,,,5615 Facebook Advertising
2025-04-12T02:16:21,Purchase,FACEBK *Z4XPNNQYQ2,  (433.94),CAD,Cash,,,Facebook Foundation account,Hector Alfonso Pertierra Marin,**** 4398,,,,,,,,5615 Facebook Advertising
2025-02-20T01:31:49,Purchase,FACEBK *Z5W5ZKG6K2,"  (1,158.00)",CAD,Cash,,,,Hector Alfonso Pertierra Marin,**** 1869,,,,,,,,5615 Facebook Advertising
2025-03-24T02:06:17,Purchase,FACEBK *Z7Z2SLL6K2,"  (1,158.00)",CAD,Cash,,,,Hector Alfonso Pertierra Marin,**** 1869,,,,,,,,5615 Facebook Advertising
2025-06-17T02:19:18,Purchase,FACEBK *ZA4NTSU8K2,  (57.00),CAD,Cash,,,,Hector Alfonso Pertierra Marin,**** 5903,,,,,,,,5615 Facebook Advertising
2025-06-12T02:04:45,Purchase,FACEBK *ZDJNBUCYQ2,  (73.90),CAD,Cash,,,Facebook Foundation account,Hector Alfonso Pertierra Marin,**** 4398,,,,,,,,5615 Facebook Advertising
2025-04-05T04:14:33,Purchase,FACEBK *ZE7PHML6K2,"  (1,158.00)",CAD,Cash,,,,Hector Alfonso Pertierra Marin,**** 1869,,,,,,,,5615 Facebook Advertising
2025-04-10T02:11:53,Purchase,FACEBK *ZG3HVPU5K2,"  (1,158.00)",CAD,Cash,,,,Hector Alfonso Pertierra Marin,**** 1869,,,,,,,,5615 Facebook Advertising
2025-08-28T04:03:22,Purchase,FACEBK *ZGGJ3XC7Z2,"  (2,919.00)",CAD,Cash,,,"Facebook/Instagram advertising spend under new ad account 862444328461160, created november 2022.

updated limit to $62K per month (increase spend to $2K per day)",Hector Alfonso Pertierra Marin,**** 9922,,,,,,,,5615 Facebook Advertising
2025-01-11T17:41:39,Purchase,FACEBK *ZGHEHKU6K2,  (273.00),CAD,Cash,,,,Hector Alfonso Pertierra Marin,**** 1869,,,,,,,,5615 Facebook Advertising
2025-09-20T03:10:46,Purchase,FACEBK *ZL4YWZQ6Z2,"  (2,919.00)",CAD,Cash,,,"Facebook/Instagram advertising spend under new ad account 862444328461160, created november 2022.

updated limit to $62K per month (increase spend to $2K per day)",Hector Alfonso Pertierra Marin,**** 9922,,,,,,,,5615 Facebook Advertising
2025-06-14T02:18:10,Purchase,FACEBK *ZMWB3T89K2,  (8.00),CAD,Cash,,,,Hector Alfonso Pertierra Marin,**** 5903,,,,,,,,5615 Facebook Advertising
2025-01-28T01:07:34,Purchase,FACEBK *ZNBE4JQ6Z2,"  (2,907.00)",CAD,Cash,,,"Facebook/Instagram advertising spend under new ad account 862444328461160, created november 2022.

updated limit to $62K per month (increase spend to $2K per day)",Hector Alfonso Pertierra Marin,**** 9922,,,,,,,,5615 Facebook Advertising
2025-11-13T00:18:39,Purchase,FACEBK *ZQ7FG5D7Z2,"  (2,919.00)",CAD,Cash,,,"Facebook/Instagram advertising spend under new ad account 862444328461160, created november 2022.

updated limit to $62K per month (increase spend to $2K per day)",Hector Alfonso Pertierra Marin,**** 9922,,,,,,,,5615 Facebook Advertising
2025-04-10T02:12:11,Purchase,FACEBK *ZR27AMU6Z2,"  (2,919.00)",CAD,Cash,,,"Facebook/Instagram advertising spend under new ad account 862444328461160, created november 2022.

updated limit to $62K per month (increase spend to $2K per day)",Hector Alfonso Pertierra Marin,**** 9922,,,,,,,,5615 Facebook Advertising
2025-10-08T04:08:26,Purchase,FACEBK *ZTUWK2V6Z2,"  (2,919.00)",CAD,Cash,,,"Facebook/Instagram advertising spend under new ad account 862444328461160, created november 2022.

updated limit to $62K per month (increase spend to $2K per day)",Hector Alfonso Pertierra Marin,**** 9922,,,,,,,,5615 Facebook Advertising
2025-12-10T00:47:15,Purchase,FACEBK *ZWSQW8H7Z2,"  (2,919.00)",CAD,Cash,,,"Facebook/Instagram advertising spend under new ad account 862444328461160, created november 2022.

updated limit to $62K per month (increase spend to $2K per day)",Hector Alfonso Pertierra Marin,**** 9922,,,,,,,,5615 Facebook Advertising
2025-01-08T01:12:07,Purchase,FACEBK *ZYVYRHG6K2,  (83.00),CAD,Cash,,,,Hector Alfonso Pertierra Marin,**** 1869,,,,,,,,5615 Facebook Advertising
2025-12-02T23:19:27,Purchase,CapCut,  (223.99),CAD,Cash,,,"Requesting funds, as discussed, for Marketing costs for things such as Zapier and Asana. Thanks!",Hector Alfonso Pertierra Marin,**** 3032,,,,,,,,5617 Other Advertising
2025-12-18T06:18:14,Purchase,INFOBIP,"  (5,000.00)",CAD,Cash,,,Recurring monthly purchases and licenses,Erin Baile,**** 8472,,,,,,,,5617 Other Advertising
2025-03-11T05:31:29,Purchase,MICROSOFT*Ads-F107L5YD,"  (2,501.86)",CAD,Cash,,,"Bing Ad Spend c/c - $25K limit (Mar 9, 2023)",Hector Alfonso Pertierra Marin,**** 5235,,,,,,,,5617 Other Advertising
2025-05-17T02:17:23,Purchase,AMAZON.COM * NW28E2110,"  (1,500.00)",CAD,Cash,,,,Karina Plazola,**** 2636,,,,,,,,5617 Other Advertising
2025-05-17T04:04:16,Purchase,AMAZON.COM * NW81F5071,"  (1,500.00)",CAD,Cash,,,,Karina Plazola,**** 2636,,,,,,,,5617 Other Advertising
2025-05-23T04:19:26,Purchase,AMAZON.COM * NZ0079G11,"  (1,200.00)",CAD,Cash,,,,Karina Plazola,**** 2636,,,,,,,,5617 Other Advertising
2025-05-21T02:05:52,Purchase,AMAZON.COM * NZ67Y9O31,"  (1,500.00)",CAD,Cash,,,,Karina Plazola,**** 2636,,,,,,,,5617 Other Advertising
2025-05-17T04:11:46,Purchase,AMAZON.COM * NZ7XW41B2,"  (1,500.00)",CAD,Cash,,,,Karina Plazola,**** 2636,,,,,,,,5617 Other Advertising
2025-01-01T01:40:04,Purchase,BITLY.COM,  (51.29),CAD,Cash,35,USD,"Requesting funds, as discussed, for Marketing costs for things such as Zapier and Asana. Thanks!",Hector Alfonso Pertierra Marin,**** 3032,,,,,,,1.465429,5617 Other Advertising
2025-02-01T01:13:57,Purchase,BITLY.COM,  (51.86),CAD,Cash,35,USD,"Requesting funds, as discussed, for Marketing costs for things such as Zapier and Asana. Thanks!",Hector Alfonso Pertierra Marin,**** 3032,,,,,,,1.481714,5617 Other Advertising
2025-03-01T01:16:02,Purchase,BITLY.COM,  (51.34),CAD,Cash,35,USD,"Requesting funds, as discussed, for Marketing costs for things such as Zapier and Asana. Thanks!",Hector Alfonso Pertierra Marin,**** 3032,,,,,,,1.466857,5617 Other Advertising
2025-04-01T02:16:54,Purchase,BITLY.COM,  (50.94),CAD,Cash,35,USD,"Requesting funds, as discussed, for Marketing costs for things such as Zapier and Asana. Thanks!",Hector Alfonso Pertierra Marin,**** 3032,,,,,,,1.455429,5617 Other Advertising
2025-05-01T02:17:03,Purchase,BITLY.COM,  (49.29),CAD,Cash,35,USD,"Requesting funds, as discussed, for Marketing costs for things such as Zapier and Asana. Thanks!",Hector Alfonso Pertierra Marin,**** 3032,,,,,,,1.408286,5617 Other Advertising
2025-06-01T02:14:56,Purchase,BITLY.COM,  (49.15),CAD,Cash,35,USD,"Requesting funds, as discussed, for Marketing costs for things such as Zapier and Asana. Thanks!",Hector Alfonso Pertierra Marin,**** 3032,,,,,,,1.404286,5617 Other Advertising
2025-07-01T02:17:41,Purchase,BITLY.COM,  (48.90),CAD,Cash,35,USD,"Requesting funds, as discussed, for Marketing costs for things such as Zapier and Asana. Thanks!",Hector Alfonso Pertierra Marin,**** 3032,,,,,,,1.397143,5617 Other Advertising
2025-08-01T02:22:01,Purchase,BITLY.COM,  (49.20),CAD,Cash,35,USD,"Requesting funds, as discussed, for Marketing costs for things such as Zapier and Asana. Thanks!",Hector Alfonso Pertierra Marin,**** 3032,,,,,,,1.405714,5617 Other Advertising
2025-09-01T02:12:48,Purchase,BITLY.COM,  (48.97),CAD,Cash,35,USD,"Requesting funds, as discussed, for Marketing costs for things such as Zapier and Asana. Thanks!",Hector Alfonso Pertierra Marin,**** 3032,,,,,,,1.399143,5617 Other Advertising
2025-10-01T02:11:02,Purchase,BITLY.COM,  (49.56),CAD,Cash,35,USD,"Requesting funds, as discussed, for Marketing costs for things such as Zapier and Asana. Thanks!",Hector Alfonso Pertierra Marin,**** 3032,,,,,,,1.416,5617 Other Advertising
2025-10-31T22:30:06,Purchase,BITLY.COM,  (49.80),CAD,Cash,35,USD,"Requesting funds, as discussed, for Marketing costs for things such as Zapier and Asana. Thanks!",Hector Alfonso Pertierra Marin,**** 3032,,,,,,,1.422857,5617 Other Advertising
2025-11-30T21:59:34,Purchase,BITLY.COM,  (49.93),CAD,Cash,35,USD,"Requesting funds, as discussed, for Marketing costs for things such as Zapier and Asana. Thanks!",Hector Alfonso Pertierra Marin,**** 3032,,,,,,,1.426571,5617 Other Advertising
2025-04-10T02:13:56,Purchase,CANVA* I04481-82718681,  (149.99),CAD,Cash,,,"Requesting funds, as discussed, for Marketing costs for things such as Zapier and Asana. Thanks!",Hector Alfonso Pertierra Marin,**** 3032,,,,,,,,5617 Other Advertising
2025-09-27T02:10:20,Purchase,CARDCONEXP* REGRN3MR87,"  (1,019.00)",CAD,Cash,,,"Financial Affiliate Marketing Forum for Emily Gardner, Ryan Salh and Alfonso Pertierra",Hector Alfonso Pertierra Marin,**** 1974,,,,,,,,5617 Other Advertising
2025-06-07T17:43:30,Purchase,"GITHUB, INC.",  (13.92),CAD,Cash,10,USD,Recurring monthly purchases and licenses,Erin Baile,**** 8472,,,,,,,1.392,5617 Other Advertising
2025-01-17T06:21:03,Purchase,INFOBIP,"  (5,000.00)",CAD,Cash,,,Recurring monthly purchases and licenses,Erin Baile,**** 8472,,,,,,,,5617 Other Advertising
2025-06-02T07:53:36,Purchase,INFOBIP,"  (5,000.00)",CAD,Cash,,,Recurring monthly purchases and licenses,Erin Baile,**** 8472,,,,,,,,5617 Other Advertising
2025-11-26T04:19:05,Purchase,Jotform Canada Inc.,  (377.75),CAD,Cash,263.42,USD,"Requesting funds, as discussed, for Marketing costs for things such as Zapier and Asana. Thanks!",Hector Alfonso Pertierra Marin,**** 3032,,,,,,,1.434022,5617 Other Advertising
2025-01-02T03:32:23,Purchase,MICROSOFT*Ads-F107L5YD,"  (2,501.37)",CAD,Cash,,,"Bing Ad Spend c/c - $25K limit (Mar 9, 2023)",Hector Alfonso Pertierra Marin,**** 5235,,,,,,,,5617 Other Advertising
2025-01-04T01:17:03,Purchase,MICROSOFT*ADS-F107L5YD,"  (2,501.08)",CAD,Cash,,,"Bing Ad Spend c/c - $25K limit (Mar 9, 2023)",Hector Alfonso Pertierra Marin,**** 5235,,,,,,,,5617 Other Advertising
2025-01-07T01:07:35,Purchase,MICROSOFT*ADS-F107L5YD,"  (2,502.23)",CAD,Cash,,,"Bing Ad Spend c/c - $25K limit (Mar 9, 2023)",Hector Alfonso Pertierra Marin,**** 5235,,,,,,,,5617 Other Advertising
2025-01-09T01:51:01,Purchase,MICROSOFT*ADS-F107L5YD,"  (2,504.61)",CAD,Cash,,,"Bing Ad Spend c/c - $25K limit (Mar 9, 2023)",Hector Alfonso Pertierra Marin,**** 5235,,,,,,,,5617 Other Advertising
2025-01-11T01:32:23,Purchase,MICROSOFT*ADS-F107L5YD,"  (2,502.11)",CAD,Cash,,,"Bing Ad Spend c/c - $25K limit (Mar 9, 2023)",Hector Alfonso Pertierra Marin,**** 5235,,,,,,,,5617 Other Advertising
2025-01-13T01:08:01,Purchase,MICROSOFT*ADS-F107L5YD,"  (2,508.71)",CAD,Cash,,,"Bing Ad Spend c/c - $25K limit (Mar 9, 2023)",Hector Alfonso Pertierra Marin,**** 5235,,,,,,,,5617 Other Advertising
2025-01-15T01:39:00,Purchase,MICROSOFT*Ads-F107L5YD,"  (2,501.56)",CAD,Cash,,,"Bing Ad Spend c/c - $25K limit (Mar 9, 2023)",Hector Alfonso Pertierra Marin,**** 5235,,,,,,,,5617 Other Advertising
2025-01-16T01:40:09,Purchase,MICROSOFT*ADS-F107L5YD,"  (2,504.25)",CAD,Cash,,,"Bing Ad Spend c/c - $25K limit (Mar 9, 2023)",Hector Alfonso Pertierra Marin,**** 5235,,,,,,,,5617 Other Advertising
2025-01-18T01:13:56,Purchase,MICROSOFT*ADS-F107L5YD,"  (2,506.03)",CAD,Cash,,,"Bing Ad Spend c/c - $25K limit (Mar 9, 2023)",Hector Alfonso Pertierra Marin,**** 5235,,,,,,,,5617 Other Advertising
2025-01-20T04:46:02,Purchase,MICROSOFT*ADS-F107L5YD,"  (2,500.77)",CAD,Cash,,,"Bing Ad Spend c/c - $25K limit (Mar 9, 2023)",Hector Alfonso Pertierra Marin,**** 5235,,,,,,,,5617 Other Advertising
2025-01-22T01:13:52,Purchase,MICROSOFT*ADS-F107L5YD,"  (2,511.72)",CAD,Cash,,,"Bing Ad Spend c/c - $25K limit (Mar 9, 2023)",Hector Alfonso Pertierra Marin,**** 5235,,,,,,,,5617 Other Advertising
2025-01-23T02:12:51,Purchase,MICROSOFT*ADS-F107L5YD,"  (2,504.74)",CAD,Cash,,,"Bing Ad Spend c/c - $25K limit (Mar 9, 2023)",Hector Alfonso Pertierra Marin,**** 5235,,,,,,,,5617 Other Advertising
2025-01-24T01:14:19,Purchase,MICROSOFT*ADS-F107L5YD,"  (2,505.49)",CAD,Cash,,,"Bing Ad Spend c/c - $25K limit (Mar 9, 2023)",Hector Alfonso Pertierra Marin,**** 5235,,,,,,,,5617 Other Advertising
2025-01-25T01:18:46,Purchase,MICROSOFT*ADS-F107L5YD,"  (2,501.85)",CAD,Cash,,,"Bing Ad Spend c/c - $25K limit (Mar 9, 2023)",Hector Alfonso Pertierra Marin,**** 5235,,,,,,,,5617 Other Advertising
2025-01-26T02:27:49,Purchase,MICROSOFT*ADS-F107L5YD,"  (2,500.78)",CAD,Cash,,,"Bing Ad Spend c/c - $25K limit (Mar 9, 2023)",Hector Alfonso Pertierra Marin,**** 5235,,,,,,,,5617 Other Advertising
2025-01-28T02:26:28,Purchase,MICROSOFT*ADS-F107L5YD,"  (2,502.00)",CAD,Cash,,,"Bing Ad Spend c/c - $25K limit (Mar 9, 2023)",Hector Alfonso Pertierra Marin,**** 5235,,,,,,,,5617 Other Advertising
2025-01-29T01:50:39,Purchase,MICROSOFT*ADS-F107L5YD,"  (2,505.19)",CAD,Cash,,,"Bing Ad Spend c/c - $25K limit (Mar 9, 2023)",Hector Alfonso Pertierra Marin,**** 5235,,,,,,,,5617 Other Advertising
2025-01-31T01:16:49,Purchase,MICROSOFT*ADS-F107L5YD,"  (2,507.34)",CAD,Cash,,,"Bing Ad Spend c/c - $25K limit (Mar 9, 2023)",Hector Alfonso Pertierra Marin,**** 5235,,,,,,,,5617 Other Advertising
2025-02-01T16:33:59,Purchase,MICROSOFT*ADS-F107L5YD,"  (2,514.64)",CAD,Cash,,,"Bing Ad Spend c/c - $25K limit (Mar 9, 2023)",Hector Alfonso Pertierra Marin,**** 5235,,,,,,,,5617 Other Advertising
2025-02-03T06:53:31,Purchase,MICROSOFT*ADS-F107L5YD,"  (2,505.90)",CAD,Cash,,,"Bing Ad Spend c/c - $25K limit (Mar 9, 2023)",Hector Alfonso Pertierra Marin,**** 5235,,,,,,,,5617 Other Advertising
2025-02-05T01:25:52,Purchase,MICROSOFT*ADS-F107L5YD,"  (2,505.08)",CAD,Cash,,,"Bing Ad Spend c/c - $25K limit (Mar 9, 2023)",Hector Alfonso Pertierra Marin,**** 5235,,,,,,,,5617 Other Advertising
2025-02-07T01:16:28,Purchase,MICROSOFT*ADS-F107L5YD,"  (2,500.39)",CAD,Cash,,,"Bing Ad Spend c/c - $25K limit (Mar 9, 2023)",Hector Alfonso Pertierra Marin,**** 5235,,,,,,,,5617 Other Advertising
2025-02-11T02:15:08,Purchase,MICROSOFT*ADS-F107L5YD,"  (2,506.65)",CAD,Cash,,,"Bing Ad Spend c/c - $25K limit (Mar 9, 2023)",Hector Alfonso Pertierra Marin,**** 5235,,,,,,,,5617 Other Advertising
2025-02-13T01:32:56,Purchase,MICROSOFT*ADS-F107L5YD,"  (2,505.37)",CAD,Cash,,,"Bing Ad Spend c/c - $25K limit (Mar 9, 2023)",Hector Alfonso Pertierra Marin,**** 5235,,,,,,,,5617 Other Advertising
2025-02-15T06:33:35,Purchase,MICROSOFT*ADS-F107L5YD,"  (2,501.23)",CAD,Cash,,,"Bing Ad Spend c/c - $25K limit (Mar 9, 2023)",Hector Alfonso Pertierra Marin,**** 5235,,,,,,,,5617 Other Advertising
2025-02-17T03:59:49,Purchase,MICROSOFT*ADS-F107L5YD,"  (2,501.82)",CAD,Cash,,,"Bing Ad Spend c/c - $25K limit (Mar 9, 2023)",Hector Alfonso Pertierra Marin,**** 5235,,,,,,,,5617 Other Advertising
2025-02-19T01:25:17,Purchase,MICROSOFT*ADS-F107L5YD,"  (2,510.43)",CAD,Cash,,,"Bing Ad Spend c/c - $25K limit (Mar 9, 2023)",Hector Alfonso Pertierra Marin,**** 5235,,,,,,,,5617 Other Advertising
2025-02-20T01:36:23,Purchase,MICROSOFT*ADS-F107L5YD,"  (2,514.52)",CAD,Cash,,,"Bing Ad Spend c/c - $25K limit (Mar 9, 2023)",Hector Alfonso Pertierra Marin,**** 5235,,,,,,,,5617 Other Advertising
2025-02-21T01:16:09,Purchase,MICROSOFT*ADS-F107L5YD,"  (2,514.89)",CAD,Cash,,,"Bing Ad Spend c/c - $25K limit (Mar 9, 2023)",Hector Alfonso Pertierra Marin,**** 5235,,,,,,,,5617 Other Advertising
2025-02-22T16:24:38,Purchase,MICROSOFT*ADS-F107L5YD,"  (2,508.67)",CAD,Cash,,,"Bing Ad Spend c/c - $25K limit (Mar 9, 2023)",Hector Alfonso Pertierra Marin,**** 5235,,,,,,,,5617 Other Advertising
2025-02-25T01:13:06,Purchase,MICROSOFT*ADS-F107L5YD,"  (2,511.38)",CAD,Cash,,,"Bing Ad Spend c/c - $25K limit (Mar 9, 2023)",Hector Alfonso Pertierra Marin,**** 5235,,,,,,,,5617 Other Advertising
2025-02-27T01:06:25,Purchase,MICROSOFT*ADS-F107L5YD,"  (2,508.03)",CAD,Cash,,,"Bing Ad Spend c/c - $25K limit (Mar 9, 2023)",Hector Alfonso Pertierra Marin,**** 5235,,,,,,,,5617 Other Advertising
2025-02-28T03:33:17,Purchase,MICROSOFT*ADS-F107L5YD,"  (2,506.02)",CAD,Cash,,,"Bing Ad Spend c/c - $25K limit (Mar 9, 2023)",Hector Alfonso Pertierra Marin,**** 5235,,,,,,,,5617 Other Advertising
2025-03-02T01:14:50,Purchase,MICROSOFT*ADS-F107L5YD,"  (2,501.22)",CAD,Cash,,,"Bing Ad Spend c/c - $25K limit (Mar 9, 2023)",Hector Alfonso Pertierra Marin,**** 5235,,,,,,,,5617 Other Advertising
2025-03-04T01:08:27,Purchase,MICROSOFT*ADS-F107L5YD,"  (2,515.00)",CAD,Cash,,,"Bing Ad Spend c/c - $25K limit (Mar 9, 2023)",Hector Alfonso Pertierra Marin,**** 5235,,,,,,,,5617 Other Advertising
2025-03-05T04:21:09,Purchase,MICROSOFT*ADS-F107L5YD,"  (2,508.54)",CAD,Cash,,,"Bing Ad Spend c/c - $25K limit (Mar 9, 2023)",Hector Alfonso Pertierra Marin,**** 5235,,,,,,,,5617 Other Advertising
2025-03-07T01:17:30,Purchase,MICROSOFT*ADS-F107L5YD,"  (2,505.32)",CAD,Cash,,,"Bing Ad Spend c/c - $25K limit (Mar 9, 2023)",Hector Alfonso Pertierra Marin,**** 5235,,,,,,,,5617 Other Advertising
2025-03-10T02:06:10,Purchase,MICROSOFT*ADS-F107L5YD,"  (2,504.25)",CAD,Cash,,,"Bing Ad Spend c/c - $25K limit (Mar 9, 2023)",Hector Alfonso Pertierra Marin,**** 5235,,,,,,,,5617 Other Advertising
2025-03-12T02:15:57,Purchase,MICROSOFT*Ads-F107L5YD,"  (2,500.46)",CAD,Cash,,,"Bing Ad Spend c/c - $25K limit (Mar 9, 2023)",Hector Alfonso Pertierra Marin,**** 5235,,,,,,,,5617 Other Advertising
2025-03-14T02:09:57,Purchase,MICROSOFT*ADS-F107L5YD,"  (2,505.02)",CAD,Cash,,,"Bing Ad Spend c/c - $25K limit (Mar 9, 2023)",Hector Alfonso Pertierra Marin,**** 5235,,,,,,,,5617 Other Advertising
2025-03-15T03:51:34,Purchase,MICROSOFT*ADS-F107L5YD,"  (2,505.98)",CAD,Cash,,,"Bing Ad Spend c/c - $25K limit (Mar 9, 2023)",Hector Alfonso Pertierra Marin,**** 5235,,,,,,,,5617 Other Advertising
2025-03-17T03:06:44,Purchase,MICROSOFT*ADS-F107L5YD,"  (2,501.01)",CAD,Cash,,,"Bing Ad Spend c/c - $25K limit (Mar 9, 2023)",Hector Alfonso Pertierra Marin,**** 5235,,,,,,,,5617 Other Advertising
2025-03-19T02:20:52,Purchase,MICROSOFT*Ads-F107L5YD,"  (2,506.00)",CAD,Cash,,,"Bing Ad Spend c/c - $25K limit (Mar 9, 2023)",Hector Alfonso Pertierra Marin,**** 5235,,,,,,,,5617 Other Advertising
2025-03-22T02:13:53,Purchase,MICROSOFT*ADS-F107L5YD,"  (2,502.37)",CAD,Cash,,,"Bing Ad Spend c/c - $25K limit (Mar 9, 2023)",Hector Alfonso Pertierra Marin,**** 5235,,,,,,,,5617 Other Advertising
2025-03-26T02:17:28,Purchase,MICROSOFT*ADS-F107L5YD,"  (2,506.62)",CAD,Cash,,,"Bing Ad Spend c/c - $25K limit (Mar 9, 2023)",Hector Alfonso Pertierra Marin,**** 5235,,,,,,,,5617 Other Advertising
2025-03-28T02:15:59,Purchase,MICROSOFT*ADS-F107L5YD,"  (2,508.56)",CAD,Cash,,,"Bing Ad Spend c/c - $25K limit (Mar 9, 2023)",Hector Alfonso Pertierra Marin,**** 5235,,,,,,,,5617 Other Advertising
2025-04-01T02:19:00,Purchase,MICROSOFT*ADS-F107L5YD,"  (2,507.58)",CAD,Cash,,,"Bing Ad Spend c/c - $25K limit (Mar 9, 2023)",Hector Alfonso Pertierra Marin,**** 5235,,,,,,,,5617 Other Advertising
2025-04-02T02:25:35,Purchase,MICROSOFT*ADS-F107L5YD,"  (2,509.12)",CAD,Cash,,,"Bing Ad Spend c/c - $25K limit (Mar 9, 2023)",Hector Alfonso Pertierra Marin,**** 5235,,,,,,,,5617 Other Advertising
2025-04-03T02:20:22,Purchase,MICROSOFT*ADS-F107L5YD,"  (2,501.12)",CAD,Cash,,,"Bing Ad Spend c/c - $25K limit (Mar 9, 2023)",Hector Alfonso Pertierra Marin,**** 5235,,,,,,,,5617 Other Advertising
2025-04-03T04:19:59,Purchase,MICROSOFT*Ads-F107L5YD,"  (2,508.99)",CAD,Cash,,,"Bing Ad Spend c/c - $25K limit (Mar 9, 2023)",Hector Alfonso Pertierra Marin,**** 5235,,,,,,,,5617 Other Advertising
2025-04-05T02:15:49,Purchase,MICROSOFT*ADS-F107L5YD,"  (2,503.09)",CAD,Cash,,,"Bing Ad Spend c/c - $25K limit (Mar 9, 2023)",Hector Alfonso Pertierra Marin,**** 5235,,,,,,,,5617 Other Advertising
2025-04-09T02:15:09,Purchase,MICROSOFT*ADS-F107L5YD,"  (2,501.00)",CAD,Cash,,,"Bing Ad Spend c/c - $25K limit (Mar 9, 2023)",Hector Alfonso Pertierra Marin,**** 5235,,,,,,,,5617 Other Advertising
2025-04-12T02:15:22,Purchase,MICROSOFT*ADS-F107L5YD,"  (2,518.00)",CAD,Cash,,,"Bing Ad Spend c/c - $25K limit (Mar 9, 2023)",Hector Alfonso Pertierra Marin,**** 5235,,,,,,,,5617 Other Advertising
2025-04-15T02:13:42,Purchase,MICROSOFT*ADS-F107L5YD,"  (2,500.50)",CAD,Cash,,,"Bing Ad Spend c/c - $25K limit (Mar 9, 2023)",Hector Alfonso Pertierra Marin,**** 5235,,,,,,,,5617 Other Advertising
2025-04-17T07:12:11,Purchase,MICROSOFT*ADS-F107L5YD,"  (2,510.92)",CAD,Cash,,,"Bing Ad Spend c/c - $25K limit (Mar 9, 2023)",Hector Alfonso Pertierra Marin,**** 5235,,,,,,,,5617 Other Advertising
2025-04-19T17:57:17,Purchase,MICROSOFT*ADS-F107L5YD,"  (2,506.57)",CAD,Cash,,,"Bing Ad Spend c/c - $25K limit (Mar 9, 2023)",Hector Alfonso Pertierra Marin,**** 5235,,,,,,,,5617 Other Advertising
2025-04-23T02:09:02,Purchase,MICROSOFT*ADS-F107L5YD,"  (2,502.98)",CAD,Cash,,,"Bing Ad Spend c/c - $25K limit (Mar 9, 2023)",Hector Alfonso Pertierra Marin,**** 5235,,,,,,,,5617 Other Advertising
2025-04-25T06:34:15,Purchase,MICROSOFT*ADS-F107L5YD,"  (2,506.13)",CAD,Cash,,,"Bing Ad Spend c/c - $25K limit (Mar 9, 2023)",Hector Alfonso Pertierra Marin,**** 5235,,,,,,,,5617 Other Advertising
2025-04-29T02:16:32,Purchase,MICROSOFT*ADS-F107L5YD,"  (2,501.80)",CAD,Cash,,,"Bing Ad Spend c/c - $25K limit (Mar 9, 2023)",Hector Alfonso Pertierra Marin,**** 5235,,,,,,,,5617 Other Advertising
2025-05-01T02:15:10,Purchase,MICROSOFT*ADS-F107L5YD,"  (2,504.87)",CAD,Cash,,,"Bing Ad Spend c/c - $25K limit (Mar 9, 2023)",Hector Alfonso Pertierra Marin,**** 5235,,,,,,,,5617 Other Advertising
2025-05-02T07:04:05,Purchase,MICROSOFT*ADS-F107L5YD,"  (2,500.93)",CAD,Cash,,,"Bing Ad Spend c/c - $25K limit (Mar 9, 2023)",Hector Alfonso Pertierra Marin,**** 5235,,,,,,,,5617 Other Advertising
2025-05-04T17:44:09,Purchase,MICROSOFT*ADS-F107L5YD,"  (2,503.50)",CAD,Cash,,,"Bing Ad Spend c/c - $25K limit (Mar 9, 2023)",Hector Alfonso Pertierra Marin,**** 5235,,,,,,,,5617 Other Advertising
2025-05-07T02:18:45,Purchase,MICROSOFT*ADS-F107L5YD,"  (2,505.96)",CAD,Cash,,,"Bing Ad Spend c/c - $25K limit (Mar 9, 2023)",Hector Alfonso Pertierra Marin,**** 5235,,,,,,,,5617 Other Advertising
2025-05-08T06:29:49,Purchase,MICROSOFT*ADS-F107L5YD,"  (2,501.45)",CAD,Cash,,,"Bing Ad Spend c/c - $25K limit (Mar 9, 2023)",Hector Alfonso Pertierra Marin,**** 5235,,,,,,,,5617 Other Advertising
2025-05-10T02:14:10,Purchase,MICROSOFT*ADS-F107L5YD,"  (2,516.26)",CAD,Cash,,,"Bing Ad Spend c/c - $25K limit (Mar 9, 2023)",Hector Alfonso Pertierra Marin,**** 5235,,,,,,,,5617 Other Advertising
2025-05-12T03:39:25,Purchase,MICROSOFT*ADS-F107L5YD,"  (2,503.61)",CAD,Cash,,,"Bing Ad Spend c/c - $25K limit (Mar 9, 2023)",Hector Alfonso Pertierra Marin,**** 5235,,,,,,,,5617 Other Advertising
2025-05-14T02:12:40,Purchase,MICROSOFT*ADS-F107L5YD,"  (2,500.39)",CAD,Cash,,,"Bing Ad Spend c/c - $25K limit (Mar 9, 2023)",Hector Alfonso Pertierra Marin,**** 5235,,,,,,,,5617 Other Advertising
2025-05-15T02:20:42,Purchase,MICROSOFT*ADS-F107L5YD,"  (2,514.65)",CAD,Cash,,,"Bing Ad Spend c/c - $25K limit (Mar 9, 2023)",Hector Alfonso Pertierra Marin,**** 5235,,,,,,,,5617 Other Advertising
2025-05-16T02:20:05,Purchase,MICROSOFT*ADS-F107L5YD,"  (2,500.33)",CAD,Cash,,,"Bing Ad Spend c/c - $25K limit (Mar 9, 2023)",Hector Alfonso Pertierra Marin,**** 5235,,,,,,,,5617 Other Advertising
2025-05-17T18:55:02,Purchase,MICROSOFT*ADS-F107L5YD,"  (2,510.25)",CAD,Cash,,,"Bing Ad Spend c/c - $25K limit (Mar 9, 2023)",Hector Alfonso Pertierra Marin,**** 5235,,,,,,,,5617 Other Advertising
2025-05-20T02:10:10,Purchase,MICROSOFT*ADS-F107L5YD,"  (2,503.74)",CAD,Cash,,,"Bing Ad Spend c/c - $25K limit (Mar 9, 2023)",Hector Alfonso Pertierra Marin,**** 5235,,,,,,,,5617 Other Advertising
2025-05-21T02:04:38,Purchase,MICROSOFT*ADS-F107L5YD,"  (2,508.01)",CAD,Cash,,,"Bing Ad Spend c/c - $25K limit (Mar 9, 2023)",Hector Alfonso Pertierra Marin,**** 5235,,,,,,,,5617 Other Advertising
2025-05-22T02:21:39,Purchase,MICROSOFT*ADS-F107L5YD,"  (2,510.13)",CAD,Cash,,,"Bing Ad Spend c/c - $25K limit (Mar 9, 2023)",Hector Alfonso Pertierra Marin,**** 5235,,,,,,,,5617 Other Advertising
2025-05-23T02:10:42,Purchase,MICROSOFT*Ads-F107L5YD,"  (2,537.98)",CAD,Cash,,,"Bing Ad Spend c/c - $25K limit (Mar 9, 2023)",Hector Alfonso Pertierra Marin,**** 5235,,,,,,,,5617 Other Advertising
2025-05-24T02:21:02,Purchase,MICROSOFT*ADS-F107L5YD,"  (2,509.36)",CAD,Cash,,,"Bing Ad Spend c/c - $25K limit (Mar 9, 2023)",Hector Alfonso Pertierra Marin,**** 5235,,,,,,,,5617 Other Advertising
2025-05-25T06:39:21,Purchase,MICROSOFT*ADS-F107L5YD,"  (2,506.08)",CAD,Cash,,,"Bing Ad Spend c/c - $25K limit (Mar 9, 2023)",Hector Alfonso Pertierra Marin,**** 5235,,,,,,,,5617 Other Advertising
2025-05-27T02:13:15,Purchase,MICROSOFT*ADS-F107L5YD,"  (2,510.91)",CAD,Cash,,,"Bing Ad Spend c/c - $25K limit (Mar 9, 2023)",Hector Alfonso Pertierra Marin,**** 5235,,,,,,,,5617 Other Advertising
2025-05-29T02:13:40,Purchase,MICROSOFT*ADS-F107L5YD,"  (2,504.11)",CAD,Cash,,,"Bing Ad Spend c/c - $25K limit (Mar 9, 2023)",Hector Alfonso Pertierra Marin,**** 5235,,,,,,,,5617 Other Advertising
2025-05-30T02:05:46,Purchase,MICROSOFT*ADS-F107L5YD,"  (2,526.31)",CAD,Cash,,,"Bing Ad Spend c/c - $25K limit (Mar 9, 2023)",Hector Alfonso Pertierra Marin,**** 5235,,,,,,,,5617 Other Advertising
2025-05-31T02:19:12,Purchase,MICROSOFT*ADS-F107L5YD,"  (2,707.53)",CAD,Cash,,,"Bing Ad Spend c/c - $25K limit (Mar 9, 2023)",Hector Alfonso Pertierra Marin,**** 5235,,,,,,,,5617 Other Advertising
2025-06-02T03:49:23,Purchase,MICROSOFT*ADS-F107L5YD,"  (2,500.83)",CAD,Cash,,,"Bing Ad Spend c/c - $25K limit (Mar 9, 2023)",Hector Alfonso Pertierra Marin,**** 5235,,,,,,,,5617 Other Advertising
2025-06-04T05:15:47,Purchase,MICROSOFT*ADS-F107L5YD,"  (2,501.30)",CAD,Cash,,,"Bing Ad Spend c/c - $25K limit (Mar 9, 2023)",Hector Alfonso Pertierra Marin,**** 5235,,,,,,,,5617 Other Advertising
2025-06-06T06:37:27,Purchase,MICROSOFT*ADS-F107L5YD,"  (2,500.10)",CAD,Cash,,,"Bing Ad Spend c/c - $25K limit (Mar 9, 2023)",Hector Alfonso Pertierra Marin,**** 5235,,,,,,,,5617 Other Advertising
2025-06-07T02:19:39,Purchase,MICROSOFT*ADS-F107L5YD,"  (2,528.90)",CAD,Cash,,,"Bing Ad Spend c/c - $25K limit (Mar 9, 2023)",Hector Alfonso Pertierra Marin,**** 5235,,,,,,,,5617 Other Advertising
2025-06-08T02:06:03,Purchase,MICROSOFT*Ads-F107L5YD,"  (2,510.98)",CAD,Cash,,,"Bing Ad Spend c/c - $25K limit (Mar 9, 2023)",Hector Alfonso Pertierra Marin,**** 5235,,,,,,,,5617 Other Advertising
2025-06-08T02:06:20,Purchase,MICROSOFT*ADS-F107L5YD,"  (2,519.02)",CAD,Cash,,,"Bing Ad Spend c/c - $25K limit (Mar 9, 2023)",Hector Alfonso Pertierra Marin,**** 5235,,,,,,,,5617 Other Advertising
2025-06-08T06:51:45,Purchase,MICROSOFT*ADS-F107L5YD,"  (2,514.95)",CAD,Cash,,,"Bing Ad Spend c/c - $25K limit (Mar 9, 2023)",Hector Alfonso Pertierra Marin,**** 5235,,,,,,,,5617 Other Advertising
2025-06-09T02:03:07,Purchase,MICROSOFT*Ads-F107L5YD,"  (2,524.25)",CAD,Cash,,,"Bing Ad Spend c/c - $25K limit (Mar 9, 2023)",Hector Alfonso Pertierra Marin,**** 5235,,,,,,,,5617 Other Advertising
2025-06-09T02:10:24,Purchase,MICROSOFT*Ads-F107L5YD,"  (2,521.59)",CAD,Cash,,,"Bing Ad Spend c/c - $25K limit (Mar 9, 2023)",Hector Alfonso Pertierra Marin,**** 5235,,,,,,,,5617 Other Advertising
2025-06-09T06:31:24,Purchase,MICROSOFT*ADS-F107L5YD,"  (2,507.87)",CAD,Cash,,,"Bing Ad Spend c/c - $25K limit (Mar 9, 2023)",Hector Alfonso Pertierra Marin,**** 5235,,,,,,,,5617 Other Advertising
2025-06-10T02:09:44,Purchase,MICROSOFT*ADS-F107L5YD,"  (2,516.31)",CAD,Cash,,,"Bing Ad Spend c/c - $25K limit (Mar 9, 2023)",Hector Alfonso Pertierra Marin,**** 5235,,,,,,,,5617 Other Advertising
2025-06-11T02:13:02,Purchase,MICROSOFT*ADS-F107L5YD,"  (2,503.00)",CAD,Cash,,,"Bing Ad Spend c/c - $25K limit (Mar 9, 2023)",Hector Alfonso Pertierra Marin,**** 5235,,,,,,,,5617 Other Advertising
2025-06-18T02:06:58,Purchase,MICROSOFT*Ads-F107L5YD,"  (2,500.42)",CAD,Cash,,,"Bing Ad Spend c/c - $25K limit (Mar 9, 2023)",Hector Alfonso Pertierra Marin,**** 5235,,,,,,,,5617 Other Advertising
2025-06-23T03:51:26,Purchase,MICROSOFT*ADS-F107L5YD,"  (2,506.63)",CAD,Cash,,,"Bing Ad Spend c/c - $25K limit (Mar 9, 2023)",Hector Alfonso Pertierra Marin,**** 5235,,,,,,,,5617 Other Advertising
2025-06-30T02:04:57,Purchase,MICROSOFT*ADS-F107L5YD,"  (2,529.52)",CAD,Cash,,,"Bing Ad Spend c/c - $25K limit (Mar 9, 2023)",Hector Alfonso Pertierra Marin,**** 5235,,,,,,,,5617 Other Advertising
2025-07-06T03:46:57,Purchase,MICROSOFT*Ads-F107L5YD,"  (2,502.16)",CAD,Cash,,,"Bing Ad Spend c/c - $25K limit (Mar 9, 2023)",Hector Alfonso Pertierra Marin,**** 5235,,,,,,,,5617 Other Advertising
2025-07-14T02:14:18,Purchase,MICROSOFT*ADS-F107L5YD,"  (2,505.94)",CAD,Cash,,,"Bing Ad Spend c/c - $25K limit (Mar 9, 2023)",Hector Alfonso Pertierra Marin,**** 5235,,,,,,,,5617 Other Advertising
2025-07-19T16:30:13,Purchase,MICROSOFT*ADS-F107L5YD,"  (2,501.26)",CAD,Cash,,,"Bing Ad Spend c/c - $25K limit (Mar 9, 2023)",Hector Alfonso Pertierra Marin,**** 5235,,,,,,,,5617 Other Advertising
2025-07-25T06:14:31,Purchase,MICROSOFT*ADS-F107L5YD,"  (2,505.02)",CAD,Cash,,,"Bing Ad Spend c/c - $25K limit (Mar 9, 2023)",Hector Alfonso Pertierra Marin,**** 5235,,,,,,,,5617 Other Advertising
2025-07-31T02:20:46,Purchase,MICROSOFT*ADS-F107L5YD,"  (2,502.14)",CAD,Cash,,,"Bing Ad Spend c/c - $25K limit (Mar 9, 2023)",Hector Alfonso Pertierra Marin,**** 5235,,,,,,,,5617 Other Advertising
2025-08-05T07:06:13,Purchase,MICROSOFT*ADS-F107L5YD,"  (2,500.36)",CAD,Cash,,,"Bing Ad Spend c/c - $25K limit (Mar 9, 2023)",Hector Alfonso Pertierra Marin,**** 5235,,,,,,,,5617 Other Advertising
2025-08-11T02:03:14,Purchase,MICROSOFT*ADS-F107L5YD,"  (2,522.44)",CAD,Cash,,,"Bing Ad Spend c/c - $25K limit (Mar 9, 2023)",Hector Alfonso Pertierra Marin,**** 5235,,,,,,,,5617 Other Advertising
2025-08-16T02:04:41,Purchase,MICROSOFT*ADS-F107L5YD,"  (2,508.68)",CAD,Cash,,,"Bing Ad Spend c/c - $25K limit (Mar 9, 2023)",Hector Alfonso Pertierra Marin,**** 5235,,,,,,,,5617 Other Advertising
2025-08-21T02:13:56,Purchase,MICROSOFT*ADS-F107L5YD,"  (2,508.79)",CAD,Cash,,,"Bing Ad Spend c/c - $25K limit (Mar 9, 2023)",Hector Alfonso Pertierra Marin,**** 5235,,,,,,,,5617 Other Advertising
2025-08-26T02:15:52,Purchase,MICROSOFT*ADS-F107L5YD,"  (2,501.82)",CAD,Cash,,,"Bing Ad Spend c/c - $25K limit (Mar 9, 2023)",Hector Alfonso Pertierra Marin,**** 5235,,,,,,,,5617 Other Advertising
2025-09-02T02:16:07,Purchase,MICROSOFT*ADS-F107L5YD,"  (2,501.61)",CAD,Cash,,,"Bing Ad Spend c/c - $25K limit (Mar 9, 2023)",Hector Alfonso Pertierra Marin,**** 5235,,,,,,,,5617 Other Advertising
2025-09-09T02:11:48,Purchase,MICROSOFT*Ads-F107L5YD,"  (2,499.97)",CAD,Cash,,,"Bing Ad Spend c/c - $25K limit (Mar 9, 2023)",Hector Alfonso Pertierra Marin,**** 5235,,,,,,,,5617 Other Advertising
2025-09-17T02:10:22,Purchase,MICROSOFT*ADS-F107L5YD,"  (2,501.90)",CAD,Cash,,,"Bing Ad Spend c/c - $25K limit (Mar 9, 2023)",Hector Alfonso Pertierra Marin,**** 5235,,,,,,,,5617 Other Advertising
2025-09-26T02:09:11,Purchase,MICROSOFT*ADS-F107L5YD,"  (2,500.49)",CAD,Cash,,,"Bing Ad Spend c/c - $25K limit (Mar 9, 2023)",Hector Alfonso Pertierra Marin,**** 5235,,,,,,,,5617 Other Advertising
2025-10-03T02:12:57,Purchase,MICROSOFT*ADS-F107L5YD,"  (2,503.58)",CAD,Cash,,,"Bing Ad Spend c/c - $25K limit (Mar 9, 2023)",Hector Alfonso Pertierra Marin,**** 5235,,,,,,,,5617 Other Advertising
2025-10-12T02:12:09,Purchase,MICROSOFT*ADS-F107L5YD,"  (2,502.32)",CAD,Cash,,,"Bing Ad Spend c/c - $25K limit (Mar 9, 2023)",Hector Alfonso Pertierra Marin,**** 5235,,,,,,,,5617 Other Advertising
2025-10-20T02:09:00,Purchase,MICROSOFT*ADS-F107L5YD,"  (2,500.88)",CAD,Cash,,,"Bing Ad Spend c/c - $25K limit (Mar 9, 2023)",Hector Alfonso Pertierra Marin,**** 5235,,,,,,,,5617 Other Advertising
2025-10-26T21:17:22,Purchase,MICROSOFT*ADS-F107L5YD,"  (2,506.24)",CAD,Cash,,,"Bing Ad Spend c/c - $25K limit (Mar 9, 2023)",Hector Alfonso Pertierra Marin,**** 5235,,,,,,,,5617 Other Advertising
2025-11-01T17:17:34,Purchase,MICROSOFT*ADS-F107L5YD,"  (2,501.18)",CAD,Cash,,,"Bing Ad Spend c/c - $25K limit (Mar 9, 2023)",Hector Alfonso Pertierra Marin,**** 5235,,,,,,,,5617 Other Advertising
2025-11-07T22:41:47,Purchase,MICROSOFT*Ads-F107L5YD,"  (2,500.10)",CAD,Cash,,,"Bing Ad Spend c/c - $25K limit (Mar 9, 2023)",Hector Alfonso Pertierra Marin,**** 5235,,,,,,,,5617 Other Advertising
2025-11-15T02:25:55,Purchase,MICROSOFT*ADS-F107L5YD,"  (2,503.36)",CAD,Cash,,,"Bing Ad Spend c/c - $25K limit (Mar 9, 2023)",Hector Alfonso Pertierra Marin,**** 5235,,,,,,,,5617 Other Advertising
2025-11-20T23:14:24,Purchase,MICROSOFT*Ads-F107L5YD,"  (2,504.80)",CAD,Cash,,,"Bing Ad Spend c/c - $25K limit (Mar 9, 2023)",Hector Alfonso Pertierra Marin,**** 5235,,,,,,,,5617 Other Advertising
2025-11-26T06:37:09,Purchase,MICROSOFT*ADS-F107L5YD,"  (2,505.23)",CAD,Cash,,,"Bing Ad Spend c/c - $25K limit (Mar 9, 2023)",Hector Alfonso Pertierra Marin,**** 5235,,,,,,,,5617 Other Advertising
2025-11-30T00:23:03,Purchase,MICROSOFT*Ads-F107L5YD,"  (2,505.19)",CAD,Cash,,,"Bing Ad Spend c/c - $25K limit (Mar 9, 2023)",Hector Alfonso Pertierra Marin,**** 5235,,,,,,,,5617 Other Advertising
2025-12-03T00:51:27,Purchase,MICROSOFT*Ads-F107L5YD,"  (2,507.09)",CAD,Cash,,,"Bing Ad Spend c/c - $25K limit (Mar 9, 2023)",Hector Alfonso Pertierra Marin,**** 5235,,,,,,,,5617 Other Advertising
2025-12-06T17:52:14,Purchase,MICROSOFT*ADS-F107L5YD,"  (2,501.34)",CAD,Cash,,,"Bing Ad Spend c/c - $25K limit (Mar 9, 2023)",Hector Alfonso Pertierra Marin,**** 5235,,,,,,,,5617 Other Advertising
2025-12-10T00:49:16,Purchase,MICROSOFT*ADS-F107L5YD,"  (2,500.46)",CAD,Cash,,,"Bing Ad Spend c/c - $25K limit (Mar 9, 2023)",Hector Alfonso Pertierra Marin,**** 5235,,,,,,,,5617 Other Advertising
2025-12-12T23:09:37,Purchase,MICROSOFT*ADS-F107L5YD,"  (2,518.56)",CAD,Cash,,,"Bing Ad Spend c/c - $25K limit (Mar 9, 2023)",Hector Alfonso Pertierra Marin,**** 5235,,,,,,,,5617 Other Advertising
2025-12-16T06:32:48,Purchase,MICROSOFT*ADS-F107L5YD,"  (2,511.59)",CAD,Cash,,,"Bing Ad Spend c/c - $25K limit (Mar 9, 2023)",Hector Alfonso Pertierra Marin,**** 5235,,,,,,,,5617 Other Advertising
2025-12-21T21:11:14,Purchase,MICROSOFT*ADS-F107L5YD,"  (2,510.36)",CAD,Cash,,,"Bing Ad Spend c/c - $25K limit (Mar 9, 2023)",Hector Alfonso Pertierra Marin,**** 5235,,,,,,,,5617 Other Advertising
2025-12-28T02:19:51,Purchase,MICROSOFT*ADS-F107L5YD,"  (2,500.15)",CAD,Cash,,,"Bing Ad Spend c/c - $25K limit (Mar 9, 2023)",Hector Alfonso Pertierra Marin,**** 5235,,,,,,,,5617 Other Advertising
2025-01-27T01:13:25,Purchase,MIDJOURNEY INC.,  (15.64),CAD,Cash,10.7,USD,"Requesting funds, as discussed, for Marketing costs for things such as Zapier and Asana. Thanks!",Hector Alfonso Pertierra Marin,**** 3032,,,,,,,1.461682,5617 Other Advertising
2025-02-27T01:16:47,Purchase,MIDJOURNEY INC.,  (15.62),CAD,Cash,10.7,USD,"Requesting funds, as discussed, for Marketing costs for things such as Zapier and Asana. Thanks!",Hector Alfonso Pertierra Marin,**** 3032,,,,,,,1.459813,5617 Other Advertising
2025-03-27T02:19:10,Purchase,MIDJOURNEY INC.,  (15.53),CAD,Cash,10.7,USD,"Requesting funds, as discussed, for Marketing costs for things such as Zapier and Asana. Thanks!",Hector Alfonso Pertierra Marin,**** 3032,,,,,,,1.451402,5617 Other Advertising
2025-04-27T02:13:15,Purchase,MIDJOURNEY INC.,  (15.10),CAD,Cash,10.7,USD,"Requesting funds, as discussed, for Marketing costs for things such as Zapier and Asana. Thanks!",Hector Alfonso Pertierra Marin,**** 3032,,,,,,,1.411215,5617 Other Advertising
2025-05-27T02:13:42,Purchase,MIDJOURNEY INC.,  (15.07),CAD,Cash,10.7,USD,"Requesting funds, as discussed, for Marketing costs for things such as Zapier and Asana. Thanks!",Hector Alfonso Pertierra Marin,**** 3032,,,,,,,1.408411,5617 Other Advertising
2025-06-27T02:21:10,Purchase,MIDJOURNEY INC.,  (14.93),CAD,Cash,10.7,USD,"Requesting funds, as discussed, for Marketing costs for things such as Zapier and Asana. Thanks!",Hector Alfonso Pertierra Marin,**** 3032,,,,,,,1.395327,5617 Other Advertising
2025-07-27T02:20:07,Purchase,MIDJOURNEY INC.,  (14.92),CAD,Cash,10.7,USD,"Requesting funds, as discussed, for Marketing costs for things such as Zapier and Asana. Thanks!",Hector Alfonso Pertierra Marin,**** 3032,,,,,,,1.394393,5617 Other Advertising
2025-08-27T02:17:25,Purchase,MIDJOURNEY INC.,  (15.07),CAD,Cash,10.7,USD,"Requesting funds, as discussed, for Marketing costs for things such as Zapier and Asana. Thanks!",Hector Alfonso Pertierra Marin,**** 3032,,,,,,,1.408411,5617 Other Advertising
2025-09-27T03:09:32,Purchase,MIDJOURNEY INC.,  (15.17),CAD,Cash,10.7,USD,"Requesting funds, as discussed, for Marketing costs for things such as Zapier and Asana. Thanks!",Hector Alfonso Pertierra Marin,**** 3032,,,,,,,1.417757,5617 Other Advertising
2025-03-14T02:09:20,Purchase,SNAP SNAP ADS,  (11.46),CAD,Cash,,,,Hector Alfonso Pertierra Marin,**** 9160,,,,,,,,5617 Other Advertising
2025-03-14T02:09:20,Purchase,SNAP SNAP ADS,  (10.68),CAD,Cash,,,,Hector Alfonso Pertierra Marin,**** 9160,,,,,,,,5617 Other Advertising
2025-03-14T02:12:21,Purchase,SNAP SNAP ADS,  (11.10),CAD,Cash,,,,Hector Alfonso Pertierra Marin,**** 9160,,,,,,,,5617 Other Advertising
2025-03-14T02:12:21,Purchase,SNAP SNAP ADS,  (11.37),CAD,Cash,,,,Hector Alfonso Pertierra Marin,**** 9160,,,,,,,,5617 Other Advertising
2025-03-14T02:12:22,Purchase,SNAP SNAP ADS,  (10.75),CAD,Cash,,,,Hector Alfonso Pertierra Marin,**** 9160,,,,,,,,5617 Other Advertising
2025-03-14T02:12:22,Purchase,SNAP SNAP ADS,  (11.42),CAD,Cash,,,,Hector Alfonso Pertierra Marin,**** 9160,,,,,,,,5617 Other Advertising
2025-03-14T04:02:55,Purchase,SNAP SNAP ADS,  (27.01),CAD,Cash,,,,Hector Alfonso Pertierra Marin,**** 9160,,,,,,,,5617 Other Advertising
2025-03-15T02:05:26,Purchase,SNAP SNAP ADS,  (11.21),CAD,Cash,,,,Hector Alfonso Pertierra Marin,**** 9160,,,,,,,,5617 Other Advertising
2025-03-15T02:12:57,Purchase,SNAP SNAP ADS,  (54.54),CAD,Cash,,,,Hector Alfonso Pertierra Marin,**** 9160,,,,,,,,5617 Other Advertising
2025-03-15T17:02:07,Purchase,SNAP SNAP ADS,  (50.46),CAD,Cash,,,,Hector Alfonso Pertierra Marin,**** 9160,,,,,,,,5617 Other Advertising
2025-03-17T02:02:38,Purchase,SNAP SNAP ADS,  (105.00),CAD,Cash,,,,Hector Alfonso Pertierra Marin,**** 9160,,,,,,,,5617 Other Advertising
2025-03-18T02:08:29,Purchase,SNAP SNAP ADS,  (105.00),CAD,Cash,,,,Hector Alfonso Pertierra Marin,**** 9160,,,,,,,,5617 Other Advertising
2025-03-19T02:09:37,Purchase,SNAP SNAP ADS,  (162.34),CAD,Cash,,,,Hector Alfonso Pertierra Marin,**** 9160,,,,,,,,5617 Other Advertising
2025-03-19T02:14:52,Purchase,SNAP SNAP ADS,  (36.44),CAD,Cash,,,,Hector Alfonso Pertierra Marin,**** 9160,,,,,,,,5617 Other Advertising
2025-03-20T02:13:00,Purchase,SNAP SNAP ADS,  (105.00),CAD,Cash,,,,Hector Alfonso Pertierra Marin,**** 9160,,,,,,,,5617 Other Advertising
2025-03-21T02:15:55,Purchase,SNAP SNAP ADS,  (104.84),CAD,Cash,,,,Hector Alfonso Pertierra Marin,**** 9160,,,,,,,,5617 Other Advertising
2025-03-22T02:09:30,Purchase,SNAP SNAP ADS,  (105.00),CAD,Cash,,,,Hector Alfonso Pertierra Marin,**** 9160,,,,,,,,5617 Other Advertising
2025-03-22T16:25:56,Purchase,SNAP SNAP ADS,  (104.96),CAD,Cash,,,,Hector Alfonso Pertierra Marin,**** 9160,,,,,,,,5617 Other Advertising
2025-03-24T02:05:57,Purchase,SNAP SNAP ADS,  (105.00),CAD,Cash,,,,Hector Alfonso Pertierra Marin,**** 9160,,,,,,,,5617 Other Advertising
2025-03-25T02:07:43,Purchase,SNAP SNAP ADS,  (104.45),CAD,Cash,,,,Hector Alfonso Pertierra Marin,**** 9160,,,,,,,,5617 Other Advertising
2025-03-26T02:08:46,Purchase,SNAP SNAP ADS,  (143.46),CAD,Cash,,,,Hector Alfonso Pertierra Marin,**** 9160,,,,,,,,5617 Other Advertising
2025-03-27T02:14:07,Purchase,SNAP SNAP ADS,  (105.00),CAD,Cash,,,,Hector Alfonso Pertierra Marin,**** 9160,,,,,,,,5617 Other Advertising
2025-03-28T02:09:51,Purchase,SNAP SNAP ADS,  (104.82),CAD,Cash,,,,Hector Alfonso Pertierra Marin,**** 9160,,,,,,,,5617 Other Advertising
2025-03-29T02:15:49,Purchase,SNAP SNAP ADS,  (104.80),CAD,Cash,,,,Hector Alfonso Pertierra Marin,**** 9160,,,,,,,,5617 Other Advertising
2025-03-29T16:56:33,Purchase,SNAP SNAP ADS,  (104.85),CAD,Cash,,,,Hector Alfonso Pertierra Marin,**** 9160,,,,,,,,5617 Other Advertising
2025-03-31T02:06:51,Purchase,SNAP SNAP ADS,  (105.00),CAD,Cash,,,,Hector Alfonso Pertierra Marin,**** 9160,,,,,,,,5617 Other Advertising
2025-04-01T02:11:39,Purchase,SNAP SNAP ADS,  (105.00),CAD,Cash,,,,Hector Alfonso Pertierra Marin,**** 9160,,,,,,,,5617 Other Advertising
2025-04-02T02:17:12,Purchase,SNAP SNAP ADS,  (105.00),CAD,Cash,,,,Hector Alfonso Pertierra Marin,**** 9160,,,,,,,,5617 Other Advertising
2025-04-03T02:08:57,Purchase,SNAP SNAP ADS,  (104.99),CAD,Cash,,,,Hector Alfonso Pertierra Marin,**** 9160,,,,,,,,5617 Other Advertising
2025-04-04T02:12:18,Purchase,SNAP SNAP ADS,  (104.99),CAD,Cash,,,,Hector Alfonso Pertierra Marin,**** 9160,,,,,,,,5617 Other Advertising
2025-04-08T02:15:35,Purchase,SNAP SNAP ADS,  (38.86),CAD,Cash,,,,Hector Alfonso Pertierra Marin,**** 9160,,,,,,,,5617 Other Advertising
2025-04-08T02:15:36,Purchase,SNAP SNAP ADS,  (13.29),CAD,Cash,,,,Hector Alfonso Pertierra Marin,**** 9160,,,,,,,,5617 Other Advertising
2025-04-08T02:15:37,Purchase,SNAP SNAP ADS,  (30.00),CAD,Cash,,,,Hector Alfonso Pertierra Marin,**** 9160,,,,,,,,5617 Other Advertising
2025-04-09T02:02:28,Purchase,SNAP SNAP ADS,  (30.07),CAD,Cash,,,,Hector Alfonso Pertierra Marin,**** 9160,,,,,,,,5617 Other Advertising
2025-04-09T02:02:28,Purchase,SNAP SNAP ADS,  (24.84),CAD,Cash,,,,Hector Alfonso Pertierra Marin,**** 9160,,,,,,,,5617 Other Advertising
2025-04-09T02:02:28,Purchase,SNAP SNAP ADS,  (32.06),CAD,Cash,,,,Hector Alfonso Pertierra Marin,**** 9160,,,,,,,,5617 Other Advertising
2025-04-09T02:02:29,Purchase,SNAP SNAP ADS,  (29.15),CAD,Cash,,,,Hector Alfonso Pertierra Marin,**** 9160,,,,,,,,5617 Other Advertising
2025-04-09T02:04:43,Purchase,SNAP SNAP ADS,  (10.78),CAD,Cash,,,,Hector Alfonso Pertierra Marin,**** 9160,,,,,,,,5617 Other Advertising
2025-04-09T02:04:44,Purchase,SNAP SNAP ADS,  (26.76),CAD,Cash,,,,Hector Alfonso Pertierra Marin,**** 9160,,,,,,,,5617 Other Advertising
2025-04-09T02:06:22,Purchase,SNAP SNAP ADS,  (53.47),CAD,Cash,,,,Hector Alfonso Pertierra Marin,**** 9160,,,,,,,,5617 Other Advertising
2025-04-09T05:24:46,Purchase,SNAP SNAP ADS,  (110.66),CAD,Cash,,,,Hector Alfonso Pertierra Marin,**** 9160,,,,,,,,5617 Other Advertising
2025-04-09T05:24:46,Purchase,SNAP SNAP ADS,  (106.20),CAD,Cash,,,,Hector Alfonso Pertierra Marin,**** 9160,,,,,,,,5617 Other Advertising
2025-04-10T02:04:44,Purchase,SNAP SNAP ADS,  (122.91),CAD,Cash,,,,Hector Alfonso Pertierra Marin,**** 9160,,,,,,,,5617 Other Advertising
2025-04-11T02:05:17,Purchase,SNAP SNAP ADS,  (210.37),CAD,Cash,,,,Hector Alfonso Pertierra Marin,**** 9160,,,,,,,,5617 Other Advertising
2025-04-11T02:06:52,Purchase,SNAP SNAP ADS,  (48.34),CAD,Cash,,,,Hector Alfonso Pertierra Marin,**** 9160,,,,,,,,5617 Other Advertising
2025-04-12T02:18:08,Purchase,SNAP SNAP ADS,  (420.00),CAD,Cash,,,,Hector Alfonso Pertierra Marin,**** 9160,,,,,,,,5617 Other Advertising
2025-04-12T17:47:34,Purchase,SNAP SNAP ADS,  (419.86),CAD,Cash,,,,Hector Alfonso Pertierra Marin,**** 9160,,,,,,,,5617 Other Advertising
2025-04-14T02:03:46,Purchase,SNAP SNAP ADS,  (419.84),CAD,Cash,,,,Hector Alfonso Pertierra Marin,**** 9160,,,,,,,,5617 Other Advertising
2025-04-15T02:04:04,Purchase,SNAP SNAP ADS,  (420.00),CAD,Cash,,,,Hector Alfonso Pertierra Marin,**** 9160,,,,,,,,5617 Other Advertising
2025-04-16T02:10:14,Purchase,SNAP SNAP ADS,  (125.51),CAD,Cash,,,,Hector Alfonso Pertierra Marin,**** 9160,,,,,,,,5617 Other Advertising
2025-08-22T02:18:53,Purchase,TIKTOK INC.,  (11.43),CAD,Cash,,,Tiktok spend for new advertising campaigns created november 2022,Hector Alfonso Pertierra Marin,**** 4840,,,,,,,,5617 Other Advertising
2025-08-29T02:04:29,Purchase,TIKTOK INC.,  (53.66),CAD,Cash,,,Tiktok spend for new advertising campaigns created november 2022,Hector Alfonso Pertierra Marin,**** 4840,,,,,,,,5617 Other Advertising
2025-10-08T02:15:14,Purchase,TIKTOK INC.,  (53.64),CAD,Cash,,,Tiktok spend for new advertising campaigns created november 2022,Hector Alfonso Pertierra Marin,**** 4840,,,,,,,,5617 Other Advertising
2025-11-20T22:44:51,Purchase,TIKTOK INC.,  (54.27),CAD,Cash,,,Tiktok spend for new advertising campaigns created november 2022,Hector Alfonso Pertierra Marin,**** 4840,,,,,,,,5617 Other Advertising
2025-07-17T02:22:58,Purchase,UDEMY: ONLINE COURSES,  (17.91),CAD,Cash,,,"Requesting funds, as discussed, for Marketing costs for things such as Zapier and Asana. Thanks!",Hector Alfonso Pertierra Marin,**** 3032,,,,,,,,5617 Other Advertising
2025-06-26T02:05:31,Purchase,USO*Quick Digit Solutions,"  (1,119.25)",CAD,Cash,799,USD,Misc Marketing Campaigns,Hector Alfonso Pertierra Marin,**** 5981,,,,,,,1.400814,5617 Other Advertising
2025-01-13T06:21:25,Purchase,VARIFY.IO A/B TESTING,  (149.31),CAD,Cash,99,EUR,"Requesting funds, as discussed, for Marketing costs for things such as Zapier and Asana. Thanks!",Hector Alfonso Pertierra Marin,**** 3032,,,,,,,1.508182,5617 Other Advertising
2025-02-13T06:29:55,Purchase,VARIFY.IO A/B TESTING,  (149.46),CAD,Cash,99,EUR,"Requesting funds, as discussed, for Marketing costs for things such as Zapier and Asana. Thanks!",Hector Alfonso Pertierra Marin,**** 3032,,,,,,,1.509697,5617 Other Advertising
2025-03-14T06:16:41,Purchase,VARIFY.IO A/B TESTING,  (158.58),CAD,Cash,99,EUR,"Requesting funds, as discussed, for Marketing costs for things such as Zapier and Asana. Thanks!",Hector Alfonso Pertierra Marin,**** 3032,,,,,,,1.601818,5617 Other Advertising
2025-04-14T06:27:02,Purchase,VARIFY.IO A/B TESTING,  (160.13),CAD,Cash,99,EUR,"Requesting funds, as discussed, for Marketing costs for things such as Zapier and Asana. Thanks!",Hector Alfonso Pertierra Marin,**** 3032,,,,,,,1.617475,5617 Other Advertising
2025-05-13T06:24:34,Purchase,VARIFY.IO A/B TESTING,  (157.43),CAD,Cash,99,EUR,"Requesting funds, as discussed, for Marketing costs for things such as Zapier and Asana. Thanks!",Hector Alfonso Pertierra Marin,**** 3032,,,,,,,1.590202,5617 Other Advertising
2025-06-14T06:38:39,Purchase,VARIFY.IO A/B TESTING,  (159.22),CAD,Cash,99,EUR,"Requesting funds, as discussed, for Marketing costs for things such as Zapier and Asana. Thanks!",Hector Alfonso Pertierra Marin,**** 3032,,,,,,,1.608283,5617 Other Advertising
2025-07-14T06:29:42,Purchase,VARIFY.IO A/B TESTING,  (161.09),CAD,Cash,99,EUR,"Requesting funds, as discussed, for Marketing costs for things such as Zapier and Asana. Thanks!",Hector Alfonso Pertierra Marin,**** 3032,,,,,,,1.627172,5617 Other Advertising
2025-08-13T06:27:57,Purchase,VARIFY.IO A/B TESTING,  (161.67),CAD,Cash,99,EUR,"Requesting funds, as discussed, for Marketing costs for things such as Zapier and Asana. Thanks!",Hector Alfonso Pertierra Marin,**** 3032,,,,,,,1.63303,5617 Other Advertising
2025-09-14T06:22:22,Purchase,VARIFY.IO A/B TESTING,  (163.45),CAD,Cash,99,EUR,"Requesting funds, as discussed, for Marketing costs for things such as Zapier and Asana. Thanks!",Hector Alfonso Pertierra Marin,**** 3032,,,,,,,1.65101,5617 Other Advertising
2025-11-14T06:21:46,Purchase,VARIFY.IO A/B TESTING,  (163.37),CAD,Cash,99,EUR,"Requesting funds, as discussed, for Marketing costs for things such as Zapier and Asana. Thanks!",Hector Alfonso Pertierra Marin,**** 3032,,,,,,,1.650202,5617 Other Advertising
2025-07-18T04:21:02,Purchase,WWW.COLLISIONCONF.COM,"  (3,118.50)",CAD,Cash,,,,Erin Baile,**** 7197,,,,,,,,5626 Training & Development
2025-07-01T05:03:45,Float Fee,,  (1.00),CAD,Cash,,,Float Billing & Usage Fees,,,,,,INV-75805,,,,5690 Interest & bank charges
2025-12-01T04:11:29,Float Fee,,  (60.00),CAD,Cash,,,Float Billing & Usage Fees,,,,,,INV-134633,,,,5690 Interest & bank charges
2025-10-04T05:44:56,Purchase,00129 PACIFIC CENTRE I,  (200.00),CAD,Cash,,,,Karina Plazola,**** 9909,,,,,,,,5700 Office Expenses
2025-01-09T17:26:27,Purchase,15FIVE,  (274.28),CAD,Cash,187.5,USD,,Erin Baile,**** 9084,,,,,,,1.462827,5700 Office Expenses
2025-02-10T01:05:34,Purchase,15FIVE,  (273.06),CAD,Cash,187.5,USD,,Erin Baile,**** 9084,,,,,,,1.45632,5700 Office Expenses
2025-10-29T00:02:37,Purchase,8 West North Van,"  (3,570.00)",CAD,Cash,,,,Erin Baile,**** 0067,,,,,,,,5700 Office Expenses
2025-10-29T00:02:38,Purchase,8 West North Van,"  (1,776.60)",CAD,Cash,,,,Erin Baile,**** 0067,,,,,,,,5700 Office Expenses
2025-02-06T02:25:38,Purchase,ACOL - WWW.ACOL.CA,  (8.75),CAD,Cash,,,"Passtime GPS renewals for the Spring Auto Financial product we manage for Cypress Hill.  Use Passtime platform to reduce risk and prevent losses on vehicles in the Cypress portfolio.

6/20/2022 - Updated Card Limit to $1000 needed to match renewal requirements",Emily Gardner,**** 9954,,,,,,,,5700 Office Expenses
2025-02-09T02:18:42,Purchase,ACOL - WWW.ACOL.CA,  (10.00),CAD,Cash,,,"Passtime GPS renewals for the Spring Auto Financial product we manage for Cypress Hill.  Use Passtime platform to reduce risk and prevent losses on vehicles in the Cypress portfolio.

6/20/2022 - Updated Card Limit to $1000 needed to match renewal requirements",Emily Gardner,**** 9954,,,,,,,,5700 Office Expenses
2025-07-01T02:21:50,Purchase,ACOL - WWW.ACOL.CA,  (8.75),CAD,Cash,,,"Passtime GPS renewals for the Spring Auto Financial product we manage for Cypress Hill.  Use Passtime platform to reduce risk and prevent losses on vehicles in the Cypress portfolio.

6/20/2022 - Updated Card Limit to $1000 needed to match renewal requirements",Emily Gardner,**** 9954,,,,,,,,5700 Office Expenses
2025-07-04T03:06:39,Purchase,ACOL - WWW.ACOL.CA,  (8.75),CAD,Cash,,,"Passtime GPS renewals for the Spring Auto Financial product we manage for Cypress Hill.  Use Passtime platform to reduce risk and prevent losses on vehicles in the Cypress portfolio.

6/20/2022 - Updated Card Limit to $1000 needed to match renewal requirements",Emily Gardner,**** 9954,,,,,,,,5700 Office Expenses
2025-07-06T04:46:01,Purchase,ACOL - WWW.ACOL.CA,  (8.75),CAD,Cash,,,"Passtime GPS renewals for the Spring Auto Financial product we manage for Cypress Hill.  Use Passtime platform to reduce risk and prevent losses on vehicles in the Cypress portfolio.

6/20/2022 - Updated Card Limit to $1000 needed to match renewal requirements",Emily Gardner,**** 9954,,,,,,,,5700 Office Expenses
2025-07-09T04:49:32,Purchase,ACOL - WWW.ACOL.CA,  (8.75),CAD,Cash,,,"Passtime GPS renewals for the Spring Auto Financial product we manage for Cypress Hill.  Use Passtime platform to reduce risk and prevent losses on vehicles in the Cypress portfolio.

6/20/2022 - Updated Card Limit to $1000 needed to match renewal requirements",Emily Gardner,**** 9954,,,,,,,,5700 Office Expenses
2025-07-11T04:29:52,Purchase,ACOL - WWW.ACOL.CA,  (8.75),CAD,Cash,,,"Passtime GPS renewals for the Spring Auto Financial product we manage for Cypress Hill.  Use Passtime platform to reduce risk and prevent losses on vehicles in the Cypress portfolio.

6/20/2022 - Updated Card Limit to $1000 needed to match renewal requirements",Emily Gardner,**** 9954,,,,,,,,5700 Office Expenses
2025-07-13T03:19:43,Purchase,ACOL - WWW.ACOL.CA,  (8.75),CAD,Cash,,,"Passtime GPS renewals for the Spring Auto Financial product we manage for Cypress Hill.  Use Passtime platform to reduce risk and prevent losses on vehicles in the Cypress portfolio.

6/20/2022 - Updated Card Limit to $1000 needed to match renewal requirements",Emily Gardner,**** 9954,,,,,,,,5700 Office Expenses
2025-07-17T04:24:16,Purchase,ACOL - WWW.ACOL.CA,  (8.75),CAD,Cash,,,"Passtime GPS renewals for the Spring Auto Financial product we manage for Cypress Hill.  Use Passtime platform to reduce risk and prevent losses on vehicles in the Cypress portfolio.

6/20/2022 - Updated Card Limit to $1000 needed to match renewal requirements",Emily Gardner,**** 9954,,,,,,,,5700 Office Expenses
2025-07-17T04:24:16,Purchase,ACOL - WWW.ACOL.CA,  (8.75),CAD,Cash,,,"Passtime GPS renewals for the Spring Auto Financial product we manage for Cypress Hill.  Use Passtime platform to reduce risk and prevent losses on vehicles in the Cypress portfolio.

6/20/2022 - Updated Card Limit to $1000 needed to match renewal requirements",Emily Gardner,**** 9954,,,,,,,,5700 Office Expenses
2025-07-18T04:34:35,Purchase,ACOL - WWW.ACOL.CA,  (8.75),CAD,Cash,,,"Passtime GPS renewals for the Spring Auto Financial product we manage for Cypress Hill.  Use Passtime platform to reduce risk and prevent losses on vehicles in the Cypress portfolio.

6/20/2022 - Updated Card Limit to $1000 needed to match renewal requirements",Emily Gardner,**** 9954,,,,,,,,5700 Office Expenses
2025-07-19T02:17:49,Purchase,ACOL - WWW.ACOL.CA,  (10.00),CAD,Cash,,,"Passtime GPS renewals for the Spring Auto Financial product we manage for Cypress Hill.  Use Passtime platform to reduce risk and prevent losses on vehicles in the Cypress portfolio.

6/20/2022 - Updated Card Limit to $1000 needed to match renewal requirements",Emily Gardner,**** 9954,,,,,,,,5700 Office Expenses
2025-07-20T02:16:47,Purchase,ACOL - WWW.ACOL.CA,  (10.00),CAD,Cash,,,"Passtime GPS renewals for the Spring Auto Financial product we manage for Cypress Hill.  Use Passtime platform to reduce risk and prevent losses on vehicles in the Cypress portfolio.

6/20/2022 - Updated Card Limit to $1000 needed to match renewal requirements",Emily Gardner,**** 9954,,,,,,,,5700 Office Expenses
2025-07-20T02:16:49,Purchase,ACOL - WWW.ACOL.CA,  (10.00),CAD,Cash,,,"Passtime GPS renewals for the Spring Auto Financial product we manage for Cypress Hill.  Use Passtime platform to reduce risk and prevent losses on vehicles in the Cypress portfolio.

6/20/2022 - Updated Card Limit to $1000 needed to match renewal requirements",Emily Gardner,**** 9954,,,,,,,,5700 Office Expenses
2025-07-23T03:34:49,Purchase,ACOL - WWW.ACOL.CA,  (8.75),CAD,Cash,,,"Passtime GPS renewals for the Spring Auto Financial product we manage for Cypress Hill.  Use Passtime platform to reduce risk and prevent losses on vehicles in the Cypress portfolio.

6/20/2022 - Updated Card Limit to $1000 needed to match renewal requirements",Emily Gardner,**** 9954,,,,,,,,5700 Office Expenses
2025-07-23T03:34:50,Purchase,ACOL - WWW.ACOL.CA,  (8.75),CAD,Cash,,,"Passtime GPS renewals for the Spring Auto Financial product we manage for Cypress Hill.  Use Passtime platform to reduce risk and prevent losses on vehicles in the Cypress portfolio.

6/20/2022 - Updated Card Limit to $1000 needed to match renewal requirements",Emily Gardner,**** 9954,,,,,,,,5700 Office Expenses
2025-08-01T03:27:11,Purchase,ACOL - WWW.ACOL.CA,  (8.75),CAD,Cash,,,,Emily Gardner,**** 1021,,,,,,,,5700 Office Expenses
2025-08-01T03:27:11,Purchase,ACOL - WWW.ACOL.CA,  (8.75),CAD,Cash,,,,Emily Gardner,**** 1021,,,,,,,,5700 Office Expenses
2025-08-02T02:09:41,Purchase,ACOL - WWW.ACOL.CA,  (10.00),CAD,Cash,,,"Passtime GPS renewals for the Spring Auto Financial product we manage for Cypress Hill.  Use Passtime platform to reduce risk and prevent losses on vehicles in the Cypress portfolio.

6/20/2022 - Updated Card Limit to $1000 needed to match renewal requirements",Emily Gardner,**** 9954,,,,,,,,5700 Office Expenses
2025-08-03T04:07:15,Purchase,ACOL - WWW.ACOL.CA,  (8.75),CAD,Cash,,,"Passtime GPS renewals for the Spring Auto Financial product we manage for Cypress Hill.  Use Passtime platform to reduce risk and prevent losses on vehicles in the Cypress portfolio.

6/20/2022 - Updated Card Limit to $1000 needed to match renewal requirements",Emily Gardner,**** 9954,,,,,,,,5700 Office Expenses
2025-08-08T04:09:32,Purchase,ACOL - WWW.ACOL.CA,  (8.75),CAD,Cash,,,"Passtime GPS renewals for the Spring Auto Financial product we manage for Cypress Hill.  Use Passtime platform to reduce risk and prevent losses on vehicles in the Cypress portfolio.

6/20/2022 - Updated Card Limit to $1000 needed to match renewal requirements",Emily Gardner,**** 9954,,,,,,,,5700 Office Expenses
2025-08-09T03:08:17,Purchase,ACOL - WWW.ACOL.CA,  (8.75),CAD,Cash,,,"Passtime GPS renewals for the Spring Auto Financial product we manage for Cypress Hill.  Use Passtime platform to reduce risk and prevent losses on vehicles in the Cypress portfolio.

6/20/2022 - Updated Card Limit to $1000 needed to match renewal requirements",Emily Gardner,**** 9954,,,,,,,,5700 Office Expenses
2025-08-09T03:08:18,Purchase,ACOL - WWW.ACOL.CA,  (8.75),CAD,Cash,,,"Passtime GPS renewals for the Spring Auto Financial product we manage for Cypress Hill.  Use Passtime platform to reduce risk and prevent losses on vehicles in the Cypress portfolio.

6/20/2022 - Updated Card Limit to $1000 needed to match renewal requirements",Emily Gardner,**** 9954,,,,,,,,5700 Office Expenses
2025-08-11T02:12:11,Purchase,ACOL - WWW.ACOL.CA,  (8.75),CAD,Cash,,,"Passtime GPS renewals for the Spring Auto Financial product we manage for Cypress Hill.  Use Passtime platform to reduce risk and prevent losses on vehicles in the Cypress portfolio.

6/20/2022 - Updated Card Limit to $1000 needed to match renewal requirements",Emily Gardner,**** 9954,,,,,,,,5700 Office Expenses
2025-08-13T02:23:51,Purchase,ACOL - WWW.ACOL.CA,  (8.75),CAD,Cash,,,"Passtime GPS renewals for the Spring Auto Financial product we manage for Cypress Hill.  Use Passtime platform to reduce risk and prevent losses on vehicles in the Cypress portfolio.

6/20/2022 - Updated Card Limit to $1000 needed to match renewal requirements",Emily Gardner,**** 9954,,,,,,,,5700 Office Expenses
2025-08-15T04:21:20,Purchase,ACOL - WWW.ACOL.CA,  (8.75),CAD,Cash,,,"Passtime GPS renewals for the Spring Auto Financial product we manage for Cypress Hill.  Use Passtime platform to reduce risk and prevent losses on vehicles in the Cypress portfolio.

6/20/2022 - Updated Card Limit to $1000 needed to match renewal requirements",Emily Gardner,**** 9954,,,,,,,,5700 Office Expenses
2025-08-15T04:21:20,Purchase,ACOL - WWW.ACOL.CA,  (8.75),CAD,Cash,,,"Passtime GPS renewals for the Spring Auto Financial product we manage for Cypress Hill.  Use Passtime platform to reduce risk and prevent losses on vehicles in the Cypress portfolio.

6/20/2022 - Updated Card Limit to $1000 needed to match renewal requirements",Emily Gardner,**** 9954,,,,,,,,5700 Office Expenses
2025-08-16T03:24:25,Purchase,ACOL - WWW.ACOL.CA,  (8.75),CAD,Cash,,,"Passtime GPS renewals for the Spring Auto Financial product we manage for Cypress Hill.  Use Passtime platform to reduce risk and prevent losses on vehicles in the Cypress portfolio.

6/20/2022 - Updated Card Limit to $1000 needed to match renewal requirements",Emily Gardner,**** 9954,,,,,,,,5700 Office Expenses
2025-08-27T02:19:34,Purchase,ACOL - WWW.ACOL.CA,  (8.75),CAD,Cash,,,"Passtime GPS renewals for the Spring Auto Financial product we manage for Cypress Hill.  Use Passtime platform to reduce risk and prevent losses on vehicles in the Cypress portfolio.

6/20/2022 - Updated Card Limit to $1000 needed to match renewal requirements",Emily Gardner,**** 9954,,,,,,,,5700 Office Expenses
2025-08-31T04:19:42,Purchase,ACOL - WWW.ACOL.CA,  (8.75),CAD,Cash,,,"Passtime GPS renewals for the Spring Auto Financial product we manage for Cypress Hill.  Use Passtime platform to reduce risk and prevent losses on vehicles in the Cypress portfolio.

6/20/2022 - Updated Card Limit to $1000 needed to match renewal requirements",Emily Gardner,**** 9954,,,,,,,,5700 Office Expenses
2025-09-10T02:17:15,Purchase,ACOL - WWW.ACOL.CA,  (8.75),CAD,Cash,,,"Passtime GPS renewals for the Spring Auto Financial product we manage for Cypress Hill.  Use Passtime platform to reduce risk and prevent losses on vehicles in the Cypress portfolio.

6/20/2022 - Updated Card Limit to $1000 needed to match renewal requirements",Emily Gardner,**** 9954,,,,,,,,5700 Office Expenses
2025-09-12T04:13:03,Purchase,ACOL - WWW.ACOL.CA,  (8.75),CAD,Cash,,,"Passtime GPS renewals for the Spring Auto Financial product we manage for Cypress Hill.  Use Passtime platform to reduce risk and prevent losses on vehicles in the Cypress portfolio.

6/20/2022 - Updated Card Limit to $1000 needed to match renewal requirements",Emily Gardner,**** 9954,,,,,,,,5700 Office Expenses
2025-10-02T03:59:01,Purchase,ACOL - WWW.ACOL.CA,  (8.75),CAD,Cash,,,"Passtime GPS renewals for the Spring Auto Financial product we manage for Cypress Hill.  Use Passtime platform to reduce risk and prevent losses on vehicles in the Cypress portfolio.

6/20/2022 - Updated Card Limit to $1000 needed to match renewal requirements",Emily Gardner,**** 9954,,,,,,,,5700 Office Expenses
2025-10-18T03:42:53,Purchase,ACOL - WWW.ACOL.CA,  (8.75),CAD,Cash,,,"Passtime GPS renewals for the Spring Auto Financial product we manage for Cypress Hill.  Use Passtime platform to reduce risk and prevent losses on vehicles in the Cypress portfolio.

6/20/2022 - Updated Card Limit to $1000 needed to match renewal requirements",Emily Gardner,**** 9954,,,,,,,,5700 Office Expenses
2025-04-03T02:05:54,Purchase,ACOL - WWW.ACOL.CA,  (8.75),CAD,Cash,,,"Passtime GPS renewals for the Spring Auto Financial product we manage for Cypress Hill.  Use Passtime platform to reduce risk and prevent losses on vehicles in the Cypress portfolio.

6/20/2022 - Updated Card Limit to $1000 needed to match renewal requirements",Emily Gardner,**** 9954,,,,,,,,5700 Office Expenses
2025-04-05T04:32:05,Purchase,ACOL - WWW.ACOL.CA,  (8.75),CAD,Cash,,,"Passtime GPS renewals for the Spring Auto Financial product we manage for Cypress Hill.  Use Passtime platform to reduce risk and prevent losses on vehicles in the Cypress portfolio.

6/20/2022 - Updated Card Limit to $1000 needed to match renewal requirements",Emily Gardner,**** 9954,,,,,,,,5700 Office Expenses
2025-04-12T04:27:09,Purchase,ACOL - WWW.ACOL.CA,  (8.75),CAD,Cash,,,"Passtime GPS renewals for the Spring Auto Financial product we manage for Cypress Hill.  Use Passtime platform to reduce risk and prevent losses on vehicles in the Cypress portfolio.

6/20/2022 - Updated Card Limit to $1000 needed to match renewal requirements",Emily Gardner,**** 9954,,,,,,,,5700 Office Expenses
2025-05-05T02:44:25,Purchase,ACOL - WWW.ACOL.CA,  (8.75),CAD,Cash,,,"Passtime GPS renewals for the Spring Auto Financial product we manage for Cypress Hill.  Use Passtime platform to reduce risk and prevent losses on vehicles in the Cypress portfolio.

6/20/2022 - Updated Card Limit to $1000 needed to match renewal requirements",Emily Gardner,**** 9954,,,,,,,,5700 Office Expenses
2025-05-10T04:34:56,Purchase,ACOL - WWW.ACOL.CA,  (8.75),CAD,Cash,,,"Passtime GPS renewals for the Spring Auto Financial product we manage for Cypress Hill.  Use Passtime platform to reduce risk and prevent losses on vehicles in the Cypress portfolio.

6/20/2022 - Updated Card Limit to $1000 needed to match renewal requirements",Emily Gardner,**** 9954,,,,,,,,5700 Office Expenses
2025-05-10T04:34:56,Purchase,ACOL - WWW.ACOL.CA,  (8.75),CAD,Cash,,,"Passtime GPS renewals for the Spring Auto Financial product we manage for Cypress Hill.  Use Passtime platform to reduce risk and prevent losses on vehicles in the Cypress portfolio.

6/20/2022 - Updated Card Limit to $1000 needed to match renewal requirements",Emily Gardner,**** 9954,,,,,,,,5700 Office Expenses
2025-05-14T02:22:34,Purchase,ACOL - WWW.ACOL.CA,  (8.75),CAD,Cash,,,"Passtime GPS renewals for the Spring Auto Financial product we manage for Cypress Hill.  Use Passtime platform to reduce risk and prevent losses on vehicles in the Cypress portfolio.

6/20/2022 - Updated Card Limit to $1000 needed to match renewal requirements",Emily Gardner,**** 9954,,,,,,,,5700 Office Expenses
2025-05-14T02:22:34,Purchase,ACOL - WWW.ACOL.CA,  (8.75),CAD,Cash,,,"Passtime GPS renewals for the Spring Auto Financial product we manage for Cypress Hill.  Use Passtime platform to reduce risk and prevent losses on vehicles in the Cypress portfolio.

6/20/2022 - Updated Card Limit to $1000 needed to match renewal requirements",Emily Gardner,**** 9954,,,,,,,,5700 Office Expenses
2025-05-14T02:22:35,Purchase,ACOL - WWW.ACOL.CA,  (8.75),CAD,Cash,,,"Passtime GPS renewals for the Spring Auto Financial product we manage for Cypress Hill.  Use Passtime platform to reduce risk and prevent losses on vehicles in the Cypress portfolio.

6/20/2022 - Updated Card Limit to $1000 needed to match renewal requirements",Emily Gardner,**** 9954,,,,,,,,5700 Office Expenses
2025-05-26T02:44:26,Purchase,ACOL - WWW.ACOL.CA,  (8.75),CAD,Cash,,,"Passtime GPS renewals for the Spring Auto Financial product we manage for Cypress Hill.  Use Passtime platform to reduce risk and prevent losses on vehicles in the Cypress portfolio.

6/20/2022 - Updated Card Limit to $1000 needed to match renewal requirements",Emily Gardner,**** 9954,,,,,,,,5700 Office Expenses
2025-09-27T03:14:07,Purchase,ADDRESS COMPLETE/CANAD,"  (3,937.50)",CAD,Cash,,,"Canada Post Top Up, last Top Up was covered by Canada Drives.  A production error caused an accelerated consumption from our side. I decided to cover next top up to balance consumption and payments.",Erin Baile,**** 2443,,,,,,,,5700 Office Expenses
2025-03-18T02:09:42,Purchase,Adidas Canada Limited,  (250.00),CAD,Cash,,,"This would be for food & beverage, events, prizes, awards etc.",Karina Plazola,**** 1865,,,,,,,,5700 Office Expenses
2025-08-02T03:26:54,Purchase,Adidas Canada Limited,  (100.00),CAD,Cash,,,,Karina Plazola,**** 2636,,,,,,,,5700 Office Expenses
2025-05-30T04:24:06,Purchase,ACOL - WWW.ACOL.CA,  (8.75),CAD,Cash,,,"Passtime GPS renewals for the Spring Auto Financial product we manage for Cypress Hill.  Use Passtime platform to reduce risk and prevent losses on vehicles in the Cypress portfolio.

6/20/2022 - Updated Card Limit to $1000 needed to match renewal requirements",Emily Gardner,**** 9954,,,,,,,,5700 Office Expenses
2025-11-13T04:51:38,Purchase,AL SCOTT LOCK AND SAFE LT,  (30.81),CAD,Cash,,,,Karina Plazola,**** 9909,,,,,,,,5700 Office Expenses
2025-01-09T02:17:03,Purchase,ALERT FIRST,  (94.50),CAD,Cash,,,,Kayla Symes,**** 0461,,,,,,,,5700 Office Expenses
2025-10-30T22:58:16,Refund,Alibaba.com,  209.07 ,CAD,Cash,,,,Erin Baile,**** 7197,,,,,,,,5700 Office Expenses
2025-05-30T04:24:08,Purchase,ACOL - WWW.ACOL.CA,  (8.75),CAD,Cash,,,"Passtime GPS renewals for the Spring Auto Financial product we manage for Cypress Hill.  Use Passtime platform to reduce risk and prevent losses on vehicles in the Cypress portfolio.

6/20/2022 - Updated Card Limit to $1000 needed to match renewal requirements",Emily Gardner,**** 9954,,,,,,,,5700 Office Expenses
2025-06-01T04:23:47,Purchase,ACOL - WWW.ACOL.CA,  (8.75),CAD,Cash,,,"Passtime GPS renewals for the Spring Auto Financial product we manage for Cypress Hill.  Use Passtime platform to reduce risk and prevent losses on vehicles in the Cypress portfolio.

6/20/2022 - Updated Card Limit to $1000 needed to match renewal requirements",Emily Gardner,**** 9954,,,,,,,,5700 Office Expenses
2025-06-11T04:47:11,Purchase,ACOL - WWW.ACOL.CA,  (8.75),CAD,Cash,,,"Passtime GPS renewals for the Spring Auto Financial product we manage for Cypress Hill.  Use Passtime platform to reduce risk and prevent losses on vehicles in the Cypress portfolio.

6/20/2022 - Updated Card Limit to $1000 needed to match renewal requirements",Emily Gardner,**** 9954,,,,,,,,5700 Office Expenses
2025-04-17T02:09:52,Purchase,AMAZON PAY INDIA PRIVATE,  (3.30),CAD,Cash,199,INR,,Harjot Kaur,**** 9999,,,,,,,0.016583,5700 Office Expenses
2025-04-17T02:09:59,Purchase,AMAZON PAY INDIA PRIVATE,  (3.30),CAD,Cash,199,INR,,Harjot Kaur,**** 9999,,,,,,,0.016583,5700 Office Expenses
2025-04-17T02:10:03,Purchase,AMAZON PAY INDIA PRIVATE,  (3.30),CAD,Cash,199,INR,Type c cable for QA staff ,Harjot Kaur,**** 9999,,,,,,,0.016583,5700 Office Expenses
2025-04-25T17:04:46,Purchase,AMAZON PAY INDIA PRIVATE,  (173.82),CAD,Cash,10498,INR,,Harjot Kaur,**** 9999,,,,,,,0.016557,5700 Office Expenses
2025-05-06T02:10:05,Purchase,AMAZON PAY INDIA PRIVATE,  (170.00),CAD,Cash,10117,INR,,Harjot Kaur,**** 9999,,,,,,,0.016803,5700 Office Expenses
2025-06-17T17:18:18,Purchase,AMAZON PAY INDIA PRIVATE,  (61.14),CAD,Cash,3803,INR,Refunded by vendor,Harjot Kaur,**** 9999,,,,,,,0.016077,5700 Office Expenses
2025-06-21T02:06:07,Refund,AMAZON PAY INDIA PRIVATE,  60.58 ,CAD,Cash,3803,INR,,Harjot Kaur,**** 9999,,,,,,,0.01593,5700 Office Expenses
2025-03-13T02:02:35,Purchase,AMAZON* 1A9DD6Y93,  (6.69),CAD,Cash,,,"This would be for food & beverage, events, prizes, awards etc.",Karina Plazola,**** 1865,,,,,,,,5700 Office Expenses
2025-08-11T06:07:27,Purchase,AMAZON* 2F1H136N3,  (88.34),CAD,Cash,,,"This would be for food & beverage, events, prizes, awards etc.",Karina Plazola,**** 1865,,,,,,,,5700 Office Expenses
2025-04-13T02:04:30,Purchase,AMAZON* 2F80J27W3,  (77.92),CAD,Cash,,,"This would be for food & beverage, events, prizes, awards etc.",Karina Plazola,**** 1865,,,,,,,,5700 Office Expenses
2025-03-13T02:12:02,Purchase,AMAZON* 2W2504Q93,  (33.58),CAD,Cash,,,"This would be for food & beverage, events, prizes, awards etc.",Karina Plazola,**** 1865,,,,,,,,5700 Office Expenses
2025-03-13T02:12:03,Purchase,AMAZON* 3A5BI6LR3,  (33.58),CAD,Cash,,,"This would be for food & beverage, events, prizes, awards etc.",Karina Plazola,**** 1865,,,,,,,,5700 Office Expenses
2025-07-28T02:09:05,Purchase,AMAZON* 3S3OA0C33,  (122.19),CAD,Cash,,,"This would be for food & beverage, events, prizes, awards etc.",Karina Plazola,**** 1865,,,,,,,,5700 Office Expenses
2025-04-13T02:04:27,Purchase,AMAZON* 4307C2C93,  (77.92),CAD,Cash,,,"This would be for food & beverage, events, prizes, awards etc.",Karina Plazola,**** 1865,,,,,,,,5700 Office Expenses
2025-03-13T02:02:36,Purchase,AMAZON* 445U11293,  (6.69),CAD,Cash,,,"This would be for food & beverage, events, prizes, awards etc.",Karina Plazola,**** 1865,,,,,,,,5700 Office Expenses
2025-03-05T04:28:45,Purchase,AMAZON* 4R68D9N23,  (11.86),CAD,Cash,,,"This would be for food & beverage, events, prizes, awards etc.",Karina Plazola,**** 1865,,,,,,,,5700 Office Expenses
2025-04-14T02:03:11,Purchase,AMAZON* 500MI5CS3,  (146.94),CAD,Cash,,,"This would be for food & beverage, events, prizes, awards etc.",Karina Plazola,**** 1865,,,,,,,,5700 Office Expenses
2025-09-26T02:10:43,Purchase,AMAZON* 507NX6763,  (119.97),CAD,Cash,,,"This would be for food & beverage, events, prizes, awards etc.",Karina Plazola,**** 1865,,,,,,,,5700 Office Expenses
2025-03-13T02:12:00,Purchase,AMAZON* 6D5A18HI3,  (33.58),CAD,Cash,,,"This would be for food & beverage, events, prizes, awards etc.",Karina Plazola,**** 1865,,,,,,,,5700 Office Expenses
2025-06-14T03:53:52,Purchase,ACOL - WWW.ACOL.CA,  (8.75),CAD,Cash,,,"Passtime GPS renewals for the Spring Auto Financial product we manage for Cypress Hill.  Use Passtime platform to reduce risk and prevent losses on vehicles in the Cypress portfolio.

6/20/2022 - Updated Card Limit to $1000 needed to match renewal requirements",Emily Gardner,**** 9954,,,,,,,,5700 Office Expenses
2025-04-05T02:01:50,Purchase,AMAZON* 6Q63W8R33,  (252.78),CAD,Cash,,,"This would be for food & beverage, events, prizes, awards etc.",Karina Plazola,**** 1865,,,,,,,,5700 Office Expenses
2025-11-20T23:07:42,Purchase,AMAZON* B00C54592,  (26.87),CAD,Cash,,,"This would be for food & beverage, events, prizes, awards etc.",Karina Plazola,**** 1865,,,,,,,,5700 Office Expenses
2025-11-20T23:07:41,Purchase,AMAZON* B04C76552,  (26.87),CAD,Cash,,,"This would be for food & beverage, events, prizes, awards etc.",Karina Plazola,**** 1865,,,,,,,,5700 Office Expenses
2025-11-20T23:07:50,Purchase,AMAZON* B04JJ3542,  (68.08),CAD,Cash,,,"This would be for food & beverage, events, prizes, awards etc.",Karina Plazola,**** 1865,,,,,,,,5700 Office Expenses
2025-11-20T23:07:42,Purchase,AMAZON* B05PO0XV0,  (26.87),CAD,Cash,,,"This would be for food & beverage, events, prizes, awards etc.",Karina Plazola,**** 1865,,,,,,,,5700 Office Expenses
2025-11-20T23:07:41,Purchase,AMAZON* B061U5QI1,  (26.87),CAD,Cash,,,"This would be for food & beverage, events, prizes, awards etc.",Karina Plazola,**** 1865,,,,,,,,5700 Office Expenses
2025-11-20T23:07:43,Purchase,AMAZON* B07IN05D2,  (26.87),CAD,Cash,,,"This would be for food & beverage, events, prizes, awards etc.",Karina Plazola,**** 1865,,,,,,,,5700 Office Expenses
2025-11-20T23:07:41,Purchase,AMAZON* B088Z4ME2,  (26.87),CAD,Cash,,,"This would be for food & beverage, events, prizes, awards etc.",Karina Plazola,**** 1865,,,,,,,,5700 Office Expenses
2025-11-22T17:08:31,Purchase,AMAZON* B09VN52M0,  (91.80),CAD,Cash,,,,Karina Plazola,**** 2636,,,,,,,,5700 Office Expenses
2025-11-23T20:57:28,Purchase,AMAZON* B24BZ6492,  (27.52),CAD,Cash,,,,Karina Plazola,**** 2636,,,,,,,,5700 Office Expenses
2025-11-22T23:49:50,Purchase,AMAZON* B267I2CJ1,  (28.38),CAD,Cash,,,,Karina Plazola,**** 2636,,,,,,,,5700 Office Expenses
2025-11-11T23:59:57,Purchase,AMAZON* B86WO7N41,  (14.88),CAD,Cash,,,,Karina Plazola,**** 2636,,,,,,,,5700 Office Expenses
2025-12-09T00:35:44,Purchase,AMAZON* BI6Q14R70,  (54.63),CAD,Cash,,,"This would be for food & beverage, events, prizes, awards etc.",Karina Plazola,**** 1865,,,,,,,,5700 Office Expenses
2025-11-06T04:45:23,Purchase,AMAZON* BT9G35J50,  (92.46),CAD,Cash,,,"This would be for food & beverage, events, prizes, awards etc.",Karina Plazola,**** 1865,,,,,,,,5700 Office Expenses
2025-11-06T22:52:52,Purchase,AMAZON* BT9OJ93X1,  (130.12),CAD,Cash,,,"This would be for food & beverage, events, prizes, awards etc.",Karina Plazola,**** 1865,,,,,,,,5700 Office Expenses
2025-03-13T02:12:01,Purchase,AMAZON* D268D7TU3,  (33.58),CAD,Cash,,,"This would be for food & beverage, events, prizes, awards etc.",Karina Plazola,**** 1865,,,,,,,,5700 Office Expenses
2025-04-30T02:14:19,Purchase,AMAZON* DQ2S76PR3,  (27.45),CAD,Cash,,,,Karina Plazola,**** 2636,,,,,,,,5700 Office Expenses
2025-09-06T16:12:16,Purchase,AMAZON* E29DJ0X03,  (54.91),CAD,Cash,,,"This would be for food & beverage, events, prizes, awards etc.",Karina Plazola,**** 1865,,,,,,,,5700 Office Expenses
2025-09-24T02:11:57,Purchase,AMAZON* FI0AP2EB3,  (58.08),CAD,Cash,,,,Karina Plazola,**** 2636,,,,,,,,5700 Office Expenses
2025-03-13T02:12:01,Purchase,AMAZON* FK3441LX3,  (33.58),CAD,Cash,,,"This would be for food & beverage, events, prizes, awards etc.",Karina Plazola,**** 1865,,,,,,,,5700 Office Expenses
2025-03-07T04:02:23,Purchase,AMAZON* I14WH3483,  (14.55),CAD,Cash,,,"This would be for food & beverage, events, prizes, awards etc.",Karina Plazola,**** 1865,,,,,,,,5700 Office Expenses
2025-03-19T05:05:36,Refund,AMAZON* I14WH3483,  14.55 ,CAD,Cash,,,"This would be for food & beverage, events, prizes, awards etc.",Karina Plazola,**** 1865,,,,,,,,5700 Office Expenses
2025-04-13T02:04:27,Purchase,AMAZON* KE3IQ1443,  (77.92),CAD,Cash,,,"This would be for food & beverage, events, prizes, awards etc.",Karina Plazola,**** 1865,,,,,,,,5700 Office Expenses
2025-03-12T05:27:06,Purchase,AMAZON* KR5484Q13,  (29.02),CAD,Cash,,,"This would be for food & beverage, events, prizes, awards etc.",Karina Plazola,**** 1865,,,,,,,,5700 Office Expenses
2025-07-28T06:23:46,Purchase,AMAZON* LN5SK83G3,  (39.59),CAD,Cash,,,"This would be for food & beverage, events, prizes, awards etc.",Karina Plazola,**** 1865,,,,,,,,5700 Office Expenses
2025-03-06T01:06:22,Purchase,AMAZON* LS1YP9J33,  (10.07),CAD,Cash,,,"This would be for food & beverage, events, prizes, awards etc.",Karina Plazola,**** 1865,,,,,,,,5700 Office Expenses
2025-03-13T02:12:03,Purchase,AMAZON* LV7AZ4UU3,  (33.58),CAD,Cash,,,"This would be for food & beverage, events, prizes, awards etc.",Karina Plazola,**** 1865,,,,,,,,5700 Office Expenses
2025-02-19T05:55:00,Purchase,AMAZON* M12SD8I73,  (47.01),CAD,Cash,,,"This would be for food & beverage, events, prizes, awards etc.",Karina Plazola,**** 1865,,,,,,,,5700 Office Expenses
2025-03-05T04:19:57,Refund,AMAZON* M12SD8I73,  26.87 ,CAD,Cash,,,"This would be for food & beverage, events, prizes, awards etc.",Karina Plazola,**** 1865,,,,,,,,5700 Office Expenses
2025-03-13T02:12:01,Purchase,AMAZON* M54ZL35F3,  (33.58),CAD,Cash,,,"This would be for food & beverage, events, prizes, awards etc.",Karina Plazola,**** 1865,,,,,,,,5700 Office Expenses
2025-03-13T02:12:02,Purchase,AMAZON* MF21L8YH3,  (33.58),CAD,Cash,,,"This would be for food & beverage, events, prizes, awards etc.",Karina Plazola,**** 1865,,,,,,,,5700 Office Expenses
2025-07-05T02:07:46,Purchase,AMAZON* N30EF25R1,  (100.20),CAD,Cash,,,"This would be for food & beverage, events, prizes, awards etc.",Karina Plazola,**** 1865,,,,,,,,5700 Office Expenses
2025-07-06T03:46:35,Purchase,AMAZON* N38CI2KS0,  (28.49),CAD,Cash,,,"This would be for food & beverage, events, prizes, awards etc.",Karina Plazola,**** 1865,,,,,,,,5700 Office Expenses
2025-10-24T22:36:31,Purchase,AMAZON* N49OF54E1,  (85.10),CAD,Cash,,,,Karina Plazola,**** 9909,,,,,,,,5700 Office Expenses
2025-05-04T17:44:47,Purchase,AMAZON* NI33Y00H2,  (6.69),CAD,Cash,,,"This would be for food & beverage, events, prizes, awards etc.",Karina Plazola,**** 1865,,,,,,,,5700 Office Expenses
2025-05-06T02:08:13,Purchase,AMAZON* NI5IH8X02,  (85.48),CAD,Cash,,,"This would be for food & beverage, events, prizes, awards etc.",Karina Plazola,**** 1865,,,,,,,,5700 Office Expenses
2025-05-04T17:44:47,Purchase,AMAZON* NI6IQ2012,  (6.69),CAD,Cash,,,"This would be for food & beverage, events, prizes, awards etc.",Karina Plazola,**** 1865,,,,,,,,5700 Office Expenses
2025-11-04T23:24:31,Purchase,AMAZON* NK2G71X82,  (166.30),CAD,Cash,,,,Karina Plazola,**** 9909,,,,,,,,5700 Office Expenses
2025-11-05T23:10:08,Refund,AMAZON* NK2G71X82,  166.30 ,CAD,Cash,,,,Karina Plazola,**** 9909,,,,,,,,5700 Office Expenses
2025-11-02T20:53:30,Purchase,AMAZON* NK3UD7L42,  (76.16),CAD,Cash,,,,Karina Plazola,**** 9909,,,,,,,,5700 Office Expenses
2025-07-05T02:09:40,Purchase,AMAZON* NL4OZ6L52,  (99.55),CAD,Cash,,,"This would be for food & beverage, events, prizes, awards etc.",Karina Plazola,**** 1865,,,,,,,,5700 Office Expenses
2025-08-14T02:11:05,Purchase,AMAZON* O82Y06813,  (146.19),CAD,Cash,,,"This would be for food & beverage, events, prizes, awards etc.",Karina Plazola,**** 1865,,,,,,,,5700 Office Expenses
2025-03-06T01:13:31,Purchase,AMAZON* RS7SB4WP3,  (17.91),CAD,Cash,,,"This would be for food & beverage, events, prizes, awards etc.",Karina Plazola,**** 1865,,,,,,,,5700 Office Expenses
2025-04-05T02:01:52,Purchase,AMAZON* SM4HL4H63,  (40.51),CAD,Cash,,,"This would be for food & beverage, events, prizes, awards etc.",Karina Plazola,**** 1865,,,,,,,,5700 Office Expenses
2025-08-14T02:11:05,Purchase,AMAZON* TE3648YB3,  (103.84),CAD,Cash,,,"This would be for food & beverage, events, prizes, awards etc.",Karina Plazola,**** 1865,,,,,,,,5700 Office Expenses
2025-03-13T02:03:11,Purchase,AMAZON* TH36Z4TU3,  (27.99),CAD,Cash,,,"This would be for food & beverage, events, prizes, awards etc.",Karina Plazola,**** 1865,,,,,,,,5700 Office Expenses
2025-03-13T02:12:04,Purchase,AMAZON* Z26W80MZ3,  (33.58),CAD,Cash,,,"This would be for food & beverage, events, prizes, awards etc.",Karina Plazola,**** 1865,,,,,,,,5700 Office Expenses
2025-01-14T03:04:40,Purchase,AMAZON* Z52IR9JC0,  (105.00),CAD,Cash,,,"This would be for food & beverage, events, prizes, awards etc.",Karina Plazola,**** 1865,,,,,,,,5700 Office Expenses
2025-01-23T02:15:57,Purchase,AMAZON* Z56YD3R21,  (160.00),CAD,Cash,,,"This would be for food & beverage, events, prizes, awards etc.",Karina Plazola,**** 1865,,,,,,,,5700 Office Expenses
2025-02-02T01:25:21,Purchase,AMAZON* Z758J9OD0,  (33.58),CAD,Cash,,,"This would be for food & beverage, events, prizes, awards etc.",Karina Plazola,**** 1865,,,,,,,,5700 Office Expenses
2025-01-31T07:03:45,Purchase,AMAZON* ZC04P6081,  (10.57),CAD,Cash,,,"This would be for food & beverage, events, prizes, awards etc.",Karina Plazola,**** 1865,,,,,,,,5700 Office Expenses
2025-01-29T01:48:52,Purchase,AMAZON* ZC2YB9VQ0,  (10.00),CAD,Cash,,,"This would be for food & beverage, events, prizes, awards etc.",Karina Plazola,**** 1865,,,,,,,,5700 Office Expenses
2025-01-28T02:25:27,Purchase,AMAZON* ZC42J40B0,  (50.00),CAD,Cash,,,,Karina Plazola,**** 2636,,,,,,,,5700 Office Expenses
2025-01-27T06:49:36,Purchase,AMAZON* ZC59N6T60,  (33.58),CAD,Cash,,,"This would be for food & beverage, events, prizes, awards etc.",Karina Plazola,**** 1865,,,,,,,,5700 Office Expenses
2025-01-27T06:49:37,Purchase,AMAZON* ZC79N8TQ0,  (33.58),CAD,Cash,,,"This would be for food & beverage, events, prizes, awards etc.",Karina Plazola,**** 1865,,,,,,,,5700 Office Expenses
2025-01-21T05:56:35,Purchase,AMAZON* ZC7F93J72,  (85.00),CAD,Cash,,,"This would be for food & beverage, events, prizes, awards etc.",Karina Plazola,**** 1865,,,,,,,,5700 Office Expenses
2025-01-09T01:50:14,Purchase,AMAZON* ZD4BX6XV0,  (100.00),CAD,Cash,,,"This would be for food & beverage, events, prizes, awards etc.",Karina Plazola,**** 1865,,,,,,,,5700 Office Expenses
2025-03-13T02:12:02,Purchase,AMAZON* ZF8J31U71,  (33.58),CAD,Cash,,,"This would be for food & beverage, events, prizes, awards etc.",Karina Plazola,**** 1865,,,,,,,,5700 Office Expenses
2025-01-24T01:13:21,Purchase,AMAZON* ZG1VH14H1,  (50.00),CAD,Cash,,,,Karina Plazola,**** 2636,,,,,,,,5700 Office Expenses
2025-01-21T05:56:35,Purchase,AMAZON* ZG2UG31N0,  (126.64),CAD,Cash,,,"This would be for food & beverage, events, prizes, awards etc.",Karina Plazola,**** 1865,,,,,,,,5700 Office Expenses
2025-01-24T01:02:17,Purchase,AMAZON* ZG2YT5600,  (22.99),CAD,Cash,,,"This would be for food & beverage, events, prizes, awards etc.",Karina Plazola,**** 1865,,,,,,,,5700 Office Expenses
2025-06-18T02:24:19,Purchase,ACOL - WWW.ACOL.CA,  (8.75),CAD,Cash,,,"Passtime GPS renewals for the Spring Auto Financial product we manage for Cypress Hill.  Use Passtime platform to reduce risk and prevent losses on vehicles in the Cypress portfolio.

6/20/2022 - Updated Card Limit to $1000 needed to match renewal requirements",Emily Gardner,**** 9954,,,,,,,,5700 Office Expenses
2025-01-27T06:49:37,Purchase,AMAZON* ZG66996L1,  (33.58),CAD,Cash,,,"This would be for food & beverage, events, prizes, awards etc.",Karina Plazola,**** 1865,,,,,,,,5700 Office Expenses
2025-01-27T06:49:37,Purchase,AMAZON* ZG8CZ96H1,  (33.58),CAD,Cash,,,"This would be for food & beverage, events, prizes, awards etc.",Karina Plazola,**** 1865,,,,,,,,5700 Office Expenses
2025-01-25T01:18:45,Purchase,AMAZON* ZG9Z88IC0,  (177.00),CAD,Cash,,,"This would be for food & beverage, events, prizes, awards etc.",Karina Plazola,**** 1865,,,,,,,,5700 Office Expenses
2025-04-05T02:01:55,Purchase,AMAZON* ZK8ED10A1,  (121.92),CAD,Cash,,,"This would be for food & beverage, events, prizes, awards etc.",Karina Plazola,**** 1865,,,,,,,,5700 Office Expenses
2025-01-11T01:42:35,Refund,Amazon.ca,  100.00 ,CAD,Cash,,,,Karina Plazola,**** 2636,,,,,,,,5700 Office Expenses
2025-01-11T01:42:35,Refund,Amazon.ca,  100.00 ,CAD,Cash,,,,Karina Plazola,**** 2636,,,,,,,,5700 Office Expenses
2025-01-11T01:42:39,Refund,Amazon.ca,  100.00 ,CAD,Cash,,,,Karina Plazola,**** 2636,,,,,,,,5700 Office Expenses
2025-05-10T16:39:11,Refund,Amazon.ca,  43.93 ,CAD,Cash,,,,Erin Baile,**** 7197,,,,,,,,5700 Office Expenses
2025-05-10T16:39:12,Refund,Amazon.ca,  67.00 ,CAD,Cash,,,,Erin Baile,**** 7197,,,,,,,,5700 Office Expenses
2025-05-16T02:05:20,Refund,Amazon.ca,  61.56 ,CAD,Cash,,,,Erin Baile,**** 7197,,,,,,,,5700 Office Expenses
2025-12-10T00:49:07,Purchase,AMAZON.CA* 0J0K28UP3,  (43.42),CAD,Cash,,,"This would be for food & beverage, events, prizes, awards etc.",Karina Plazola,**** 1865,,,,,,,,5700 Office Expenses
2025-09-26T02:11:42,Purchase,AMAZON.CA* 4F7AM1623,  (125.00),CAD,Cash,,,"This would be for food & beverage, events, prizes, awards etc.",Karina Plazola,**** 1865,,,,,,,,5700 Office Expenses
2025-12-31T00:04:21,Purchase,AMAZON.CA* 6J3QG5TB3,  (295.00),CAD,Cash,,,,Karina Plazola,**** 2636,,,,,,,,5700 Office Expenses
2025-06-20T04:05:21,Purchase,ACOL - WWW.ACOL.CA,  (8.75),CAD,Cash,,,"Passtime GPS renewals for the Spring Auto Financial product we manage for Cypress Hill.  Use Passtime platform to reduce risk and prevent losses on vehicles in the Cypress portfolio.

6/20/2022 - Updated Card Limit to $1000 needed to match renewal requirements",Emily Gardner,**** 9954,,,,,,,,5700 Office Expenses
2025-12-27T03:40:18,Purchase,AMAZON.CA* 8F1LV4DU3,  (50.00),CAD,Cash,,,"This would be for food & beverage, events, prizes, awards etc.",Karina Plazola,**** 1865,,,,,,,,5700 Office Expenses
2025-09-24T02:16:45,Purchase,AMAZON.CA* 8F4UF89K3,  (48.08),CAD,Cash,,,,Karina Plazola,**** 2636,,,,,,,,5700 Office Expenses
2025-12-27T03:40:16,Purchase,AMAZON.CA* 8L49421R3,  (210.00),CAD,Cash,,,,Karina Plazola,**** 2636,,,,,,,,5700 Office Expenses
2025-11-21T03:12:30,Purchase,AMAZON.CA* B02285XC0,  (26.87),CAD,Cash,,,,Karina Plazola,**** 2636,,,,,,,,5700 Office Expenses
2025-11-21T03:12:29,Purchase,AMAZON.CA* B038G4MN2,  (26.87),CAD,Cash,,,,Karina Plazola,**** 2636,,,,,,,,5700 Office Expenses
2025-11-22T02:33:07,Purchase,AMAZON.CA* B04Q67830,"  (1,500.00)",CAD,Cash,,,,Karina Plazola,**** 2636,,,,,,,,5700 Office Expenses
2025-11-22T02:34:33,Purchase,AMAZON.CA* B04Z549F1,"  (1,500.00)",CAD,Cash,,,,Karina Plazola,**** 2636,,,,,,,,5700 Office Expenses
2025-11-21T03:17:33,Purchase,AMAZON.CA* B06BQ1MT0,  (42.62),CAD,Cash,,,,Karina Plazola,**** 2636,,,,,,,,5700 Office Expenses
2025-11-21T03:13:00,Purchase,AMAZON.CA* B06FN8VH0,  (26.87),CAD,Cash,,,,Karina Plazola,**** 2636,,,,,,,,5700 Office Expenses
2025-11-20T23:07:42,Purchase,AMAZON.CA* B06WS8532,  (26.87),CAD,Cash,,,,Karina Plazola,**** 2636,,,,,,,,5700 Office Expenses
2025-11-21T03:12:29,Purchase,AMAZON.CA* B07WH75W2,  (26.87),CAD,Cash,,,,Karina Plazola,**** 2636,,,,,,,,5700 Office Expenses
2025-11-21T03:13:00,Purchase,AMAZON.CA* B085E7HR2,  (20.00),CAD,Cash,,,,Karina Plazola,**** 2636,,,,,,,,5700 Office Expenses
2025-11-21T03:12:28,Purchase,AMAZON.CA* B086V5QM1,  (26.87),CAD,Cash,,,,Karina Plazola,**** 2636,,,,,,,,5700 Office Expenses
2025-11-27T03:28:05,Purchase,AMAZON.CA* B24B57961,"  (1,500.00)",CAD,Cash,,,,Karina Plazola,**** 2636,,,,,,,,5700 Office Expenses
2025-11-26T04:22:48,Purchase,AMAZON.CA* B28O45P10,  (85.00),CAD,Cash,,,,Karina Plazola,**** 2636,,,,,,,,5700 Office Expenses
2025-11-14T23:02:50,Purchase,AMAZON.CA* B82MR5362,  (100.00),CAD,Cash,,,,Karina Plazola,**** 2636,,,,,,,,5700 Office Expenses
2025-12-02T04:40:16,Purchase,AMAZON.CA* BB5CQ7YI2,  (125.00),CAD,Cash,,,,Karina Plazola,**** 2636,,,,,,,,5700 Office Expenses
2025-12-02T04:40:16,Purchase,AMAZON.CA* BB6315XR0,  (265.00),CAD,Cash,,,,Karina Plazola,**** 2636,,,,,,,,5700 Office Expenses
2025-12-05T23:24:32,Purchase,AMAZON.CA* BI0010UN2,  (680.00),CAD,Cash,,,,Karina Plazola,**** 2636,,,,,,,,5700 Office Expenses
2025-11-13T01:25:22,Purchase,AMAZON.CA* BT0XW6YC1,  (50.00),CAD,Cash,,,,Karina Plazola,**** 2636,,,,,,,,5700 Office Expenses
2025-11-06T04:38:07,Purchase,AMAZON.CA* BT8OC74B1,  (35.00),CAD,Cash,,,"This would be for food & beverage, events, prizes, awards etc.",Karina Plazola,**** 1865,,,,,,,,5700 Office Expenses
2025-12-10T00:49:05,Purchase,AMAZON.CA* CE55L5OM3,  (43.42),CAD,Cash,,,"This would be for food & beverage, events, prizes, awards etc.",Karina Plazola,**** 1865,,,,,,,,5700 Office Expenses
2025-09-24T04:28:47,Purchase,AMAZON.CA* FH1BF9MT3,  (20.00),CAD,Cash,,,"This would be for food & beverage, events, prizes, awards etc.",Karina Plazola,**** 1865,,,,,,,,5700 Office Expenses
2025-12-10T00:49:07,Purchase,AMAZON.CA* J685P4783,  (43.42),CAD,Cash,,,"This would be for food & beverage, events, prizes, awards etc.",Karina Plazola,**** 1865,,,,,,,,5700 Office Expenses
2025-12-10T04:51:19,Purchase,AMAZON.CA* KN41P2YA3,  (390.00),CAD,Cash,,,,Karina Plazola,**** 2636,,,,,,,,5700 Office Expenses
2025-12-21T00:01:37,Purchase,AMAZON.CA* MR2Y12NE3,  (50.00),CAD,Cash,,,,Karina Plazola,**** 2636,,,,,,,,5700 Office Expenses
2025-10-28T04:35:17,Purchase,AMAZON.CA* N42GI36V1,  (25.00),CAD,Cash,,,,Karina Plazola,**** 2636,,,,,,,,5700 Office Expenses
2025-11-02T00:01:45,Purchase,AMAZON.CA* N45JU7R82,  (8.37),CAD,Cash,,,,Karina Plazola,**** 9909,,,,,,,,5700 Office Expenses
2025-10-26T00:11:56,Purchase,AMAZON.CA* N47863AZ1,  (200.00),CAD,Cash,,,,Karina Plazola,**** 9909,,,,,,,,5700 Office Expenses
2025-10-28T04:34:56,Purchase,AMAZON.CA* N49X78FR2,"  (1,500.00)",CAD,Cash,,,,Karina Plazola,**** 2636,,,,,,,,5700 Office Expenses
2025-12-10T00:49:05,Purchase,AMAZON.CA* N891C31O3,  (43.42),CAD,Cash,,,"This would be for food & beverage, events, prizes, awards etc.",Karina Plazola,**** 1865,,,,,,,,5700 Office Expenses
2025-10-06T06:04:58,Purchase,AMAZON.CA* NF0V86F80,  (8.95),CAD,Cash,,,"This would be for food & beverage, events, prizes, awards etc.",Karina Plazola,**** 1865,,,,,,,,5700 Office Expenses
2025-10-11T03:19:44,Purchase,AMAZON.CA* NF2FB9W70,"  (2,000.00)",CAD,Cash,,,,Karina Plazola,**** 2636,,,,,,,,5700 Office Expenses
2025-10-06T06:05:34,Purchase,AMAZON.CA* NF5RJ44Q0,  (38.96),CAD,Cash,,,"This would be for food & beverage, events, prizes, awards etc.",Karina Plazola,**** 1865,,,,,,,,5700 Office Expenses
2025-10-11T03:23:41,Purchase,AMAZON.CA* NF6QB2WK0,"  (2,000.00)",CAD,Cash,,,,Karina Plazola,**** 2636,,,,,,,,5700 Office Expenses
2025-10-08T04:06:55,Purchase,AMAZON.CA* NF9RJ0PD0,  (152.00),CAD,Cash,,,"This would be for food & beverage, events, prizes, awards etc.",Karina Plazola,**** 1865,,,,,,,,5700 Office Expenses
2025-11-06T04:38:08,Purchase,AMAZON.CA* NK0IJ2Q02,  (188.00),CAD,Cash,,,"This would be for food & beverage, events, prizes, awards etc.",Karina Plazola,**** 1865,,,,,,,,5700 Office Expenses
2025-11-03T07:10:22,Purchase,AMAZON.CA* NK0SG53E2,  (33.58),CAD,Cash,,,,Karina Plazola,**** 9909,,,,,,,,5700 Office Expenses
2025-11-03T07:10:22,Purchase,AMAZON.CA* NK2OX36X1,  (33.58),CAD,Cash,,,,Karina Plazola,**** 9909,,,,,,,,5700 Office Expenses
2025-11-01T02:36:23,Purchase,AMAZON.CA* NK4VE4GX0,  (10.00),CAD,Cash,,,,Karina Plazola,**** 9909,,,,,,,,5700 Office Expenses
2025-11-03T07:10:23,Purchase,AMAZON.CA* NK4WB12J0,  (33.58),CAD,Cash,,,,Karina Plazola,**** 9909,,,,,,,,5700 Office Expenses
2025-11-03T07:10:23,Purchase,AMAZON.CA* NK5H943M2,  (33.58),CAD,Cash,,,,Karina Plazola,**** 9909,,,,,,,,5700 Office Expenses
2025-11-03T07:10:24,Purchase,AMAZON.CA* NK5JP33E2,  (33.58),CAD,Cash,,,,Karina Plazola,**** 9909,,,,,,,,5700 Office Expenses
2025-11-03T07:10:24,Purchase,AMAZON.CA* NK7A32611,  (33.58),CAD,Cash,,,,Karina Plazola,**** 9909,,,,,,,,5700 Office Expenses
2025-11-03T07:10:24,Purchase,AMAZON.CA* NK8J203R2,  (33.58),CAD,Cash,,,,Karina Plazola,**** 9909,,,,,,,,5700 Office Expenses
2025-11-03T07:10:23,Purchase,AMAZON.CA* NK8MC72N0,  (33.58),CAD,Cash,,,,Karina Plazola,**** 9909,,,,,,,,5700 Office Expenses
2025-11-04T00:11:02,Purchase,AMAZON.CA* NK94066U1,  (33.40),CAD,Cash,,,,Karina Plazola,**** 9909,,,,,,,,5700 Office Expenses
2025-10-21T00:33:00,Purchase,AMAZON.CA* NM3FZ22U2,  (31.40),CAD,Cash,,,"This would be for food & beverage, events, prizes, awards etc.",Karina Plazola,**** 1865,,,,,,,,5700 Office Expenses
2025-10-22T02:14:39,Purchase,AMAZON.CA* NM5B33WK2,  (130.00),CAD,Cash,,,,Karina Plazola,**** 2636,,,,,,,,5700 Office Expenses
2025-10-18T03:22:00,Purchase,AMAZON.CA* NU0549LX0,  (120.00),CAD,Cash,,,"This would be for food & beverage, events, prizes, awards etc.",Karina Plazola,**** 1865,,,,,,,,5700 Office Expenses
2025-10-18T03:21:59,Purchase,AMAZON.CA* NU0996L50,  (200.00),CAD,Cash,,,"This would be for food & beverage, events, prizes, awards etc.",Karina Plazola,**** 1865,,,,,,,,5700 Office Expenses
2025-10-24T22:45:49,Purchase,AMAZON.CA* NU2JG2VL2,  (25.00),CAD,Cash,,,,Karina Plazola,**** 2636,,,,,,,,5700 Office Expenses
2025-10-22T04:31:01,Purchase,AMAZON.CA* NU32J2BM1,  (120.00),CAD,Cash,,,,Karina Plazola,**** 2636,,,,,,,,5700 Office Expenses
2025-10-25T02:41:50,Purchase,AMAZON.CA* NU72J9VU2,  (75.00),CAD,Cash,,,,Karina Plazola,**** 2636,,,,,,,,5700 Office Expenses
2025-10-04T02:39:21,Purchase,AMAZON.CA* NV0VK33E1,  (150.00),CAD,Cash,,,"This would be for food & beverage, events, prizes, awards etc.",Karina Plazola,**** 1865,,,,,,,,5700 Office Expenses
2025-10-06T06:05:54,Purchase,AMAZON.CA* NV1MY1QU1,  (38.96),CAD,Cash,,,"This would be for food & beverage, events, prizes, awards etc.",Karina Plazola,**** 1865,,,,,,,,5700 Office Expenses
2025-10-04T02:39:28,Purchase,AMAZON.CA* NV1PW03K1,  (205.00),CAD,Cash,,,"This would be for food & beverage, events, prizes, awards etc.",Karina Plazola,**** 1865,,,,,,,,5700 Office Expenses
2025-10-04T02:43:19,Purchase,AMAZON.CA* NV2782JR1,  (50.00),CAD,Cash,,,"This would be for food & beverage, events, prizes, awards etc.",Karina Plazola,**** 1865,,,,,,,,5700 Office Expenses
2025-10-06T06:05:57,Purchase,AMAZON.CA* NV3U13QJ1,  (77.92),CAD,Cash,,,"This would be for food & beverage, events, prizes, awards etc.",Karina Plazola,**** 1865,,,,,,,,5700 Office Expenses
2025-10-06T06:05:48,Purchase,AMAZON.CA* NV5VV4T42,  (77.92),CAD,Cash,,,"This would be for food & beverage, events, prizes, awards etc.",Karina Plazola,**** 1865,,,,,,,,5700 Office Expenses
2025-10-04T02:43:23,Purchase,AMAZON.CA* NV6110JS1,  (100.00),CAD,Cash,,,"This would be for food & beverage, events, prizes, awards etc.",Karina Plazola,**** 1865,,,,,,,,5700 Office Expenses
2025-10-07T02:07:24,Purchase,AMAZON.CA* NV6BX9AM2,  (77.92),CAD,Cash,,,"This would be for food & beverage, events, prizes, awards etc.",Karina Plazola,**** 1865,,,,,,,,5700 Office Expenses
2025-10-08T04:06:55,Purchase,AMAZON.CA* NV7F56B32,  (25.00),CAD,Cash,,,"This would be for food & beverage, events, prizes, awards etc.",Karina Plazola,**** 1865,,,,,,,,5700 Office Expenses
2025-10-07T02:07:16,Purchase,AMAZON.CA* NV84E5QZ1,  (77.92),CAD,Cash,,,"This would be for food & beverage, events, prizes, awards etc.",Karina Plazola,**** 1865,,,,,,,,5700 Office Expenses
2025-12-10T00:49:06,Purchase,AMAZON.CA* PX0I25ZH3,  (43.42),CAD,Cash,,,"This would be for food & beverage, events, prizes, awards etc.",Karina Plazola,**** 1865,,,,,,,,5700 Office Expenses
2025-09-26T02:11:36,Purchase,AMAZON.CA* Q96W621C3,  (175.00),CAD,Cash,,,"This would be for food & beverage, events, prizes, awards etc.",Karina Plazola,**** 1865,,,,,,,,5700 Office Expenses
2025-12-10T00:49:06,Purchase,AMAZON.CA* S435944J3,  (43.42),CAD,Cash,,,"This would be for food & beverage, events, prizes, awards etc.",Karina Plazola,**** 1865,,,,,,,,5700 Office Expenses
2025-12-10T00:49:26,Purchase,AMAZON.CA* SK6NS22R3,  (190.00),CAD,Cash,,,,Karina Plazola,**** 2636,,,,,,,,5700 Office Expenses
2025-09-23T02:09:27,Purchase,AMAZON.CA* SY1BF65S3,"  (4,000.00)",CAD,Cash,,,,Karina Plazola,**** 2636,,,,,,,,5700 Office Expenses
2025-12-12T03:34:08,Purchase,AMAZON.CA* TO0GV8I93,  (170.00),CAD,Cash,,,,Karina Plazola,**** 2636,,,,,,,,5700 Office Expenses
2025-12-10T00:49:35,Purchase,AMAZON.CA* WB5D79EK3,  (40.25),CAD,Cash,,,"This would be for food & beverage, events, prizes, awards etc.",Karina Plazola,**** 1865,,,,,,,,5700 Office Expenses
2025-08-14T02:08:19,Purchase,Amazon.ca*K72EG5ER3,  (32.16),CAD,Cash,,,,Erin Baile,**** 7197,,,,,,,,5700 Office Expenses
2025-05-02T02:20:48,Purchase,Amazon.ca*N21YQ3UC1,  (61.56),CAD,Cash,,,,Erin Baile,**** 7197,,,,,,,,5700 Office Expenses
2025-05-02T02:20:41,Purchase,Amazon.ca*N25BU6UV1,  (67.00),CAD,Cash,,,,Erin Baile,**** 7197,,,,,,,,5700 Office Expenses
2025-07-06T02:17:41,Purchase,Amazon.ca*N39LT62N0,  (250.00),CAD,Cash,,,,Victor Ko,**** 2003,,,,,,,,5700 Office Expenses
2025-05-02T02:21:06,Purchase,Amazon.ca*NB6LN4I92,  (66.99),CAD,Cash,,,,Erin Baile,**** 7197,,,,,,,,5700 Office Expenses
2025-05-02T02:20:04,Purchase,Amazon.ca*NB6U64U22,  (43.93),CAD,Cash,,,,Erin Baile,**** 7197,,,,,,,,5700 Office Expenses
2025-05-03T02:18:26,Purchase,Amazon.ca*NI3BY1FC2,  (61.56),CAD,Cash,,,,Erin Baile,**** 7197,,,,,,,,5700 Office Expenses
2025-12-23T06:06:55,Purchase,Amazon.ca*W41AS9ZI3,  (300.00),CAD,Cash,,,"Montreal Staff Winner - Originally was supposed to be a 300 Simons gc, but it kept getting declined for some reason so I sent the winner (Jonathan Shapiro) an Amazon gc instead. ",Michael Galpin,**** 7387,,,,,,,,5700 Office Expenses
2025-02-07T01:18:14,Purchase,Amazon.ca*Z750T3PA1,  (49.38),CAD,Cash,,,"This would be for food & beverage, events, prizes, awards etc.",Karina Plazola,**** 1865,,,,,,,,5700 Office Expenses
2025-02-01T01:17:02,Purchase,Amazon.ca*ZC9P45RM0,  (65.00),CAD,Cash,,,"This would be for food & beverage, events, prizes, awards etc.",Karina Plazola,**** 1865,,,,,,,,5700 Office Expenses
2025-08-20T02:14:21,Purchase,AMAZON.COM * 1T7T912C3,  (134.36),CAD,Cash,,,"This would be for food & beverage, events, prizes, awards etc.",Karina Plazola,**** 1865,,,,,,,,5700 Office Expenses
2025-04-29T05:25:27,Purchase,AMAZON.COM * 1U9AC9B03,  (175.00),CAD,Cash,,,,Karina Plazola,**** 2636,,,,,,,,5700 Office Expenses
2025-08-20T02:08:58,Purchase,AMAZON.COM * 2H0NI7K83,  (134.36),CAD,Cash,,,"This would be for food & beverage, events, prizes, awards etc.",Karina Plazola,**** 1865,,,,,,,,5700 Office Expenses
2025-07-31T04:19:51,Purchase,AMAZON.COM * 394VC1ZI3,  (225.00),CAD,Cash,,,,Karina Plazola,**** 2636,,,,,,,,5700 Office Expenses
2025-07-31T04:19:51,Purchase,AMAZON.COM * 4A9YR6V03,  (470.00),CAD,Cash,,,,Karina Plazola,**** 2636,,,,,,,,5700 Office Expenses
2025-02-27T03:57:03,Purchase,AMAZON.COM * 4X7TQ8F63,  (50.00),CAD,Cash,,,"This would be for food & beverage, events, prizes, awards etc.",Karina Plazola,**** 1865,,,,,,,,5700 Office Expenses
2025-04-04T04:02:41,Purchase,AMAZON.COM * 6Q8BI09V3,  (140.00),CAD,Cash,,,"This would be for food & beverage, events, prizes, awards etc.",Karina Plazola,**** 1865,,,,,,,,5700 Office Expenses
2025-08-21T04:06:27,Purchase,AMAZON.COM * 6T2FG7GL3,  (200.00),CAD,Cash,,,,Karina Plazola,**** 2636,,,,,,,,5700 Office Expenses
2025-08-23T06:10:52,Purchase,AMAZON.COM * 6Y7VI8KB3,  (546.27),CAD,Cash,,,,Karina Plazola,**** 9909,,,,,,,,5700 Office Expenses
2025-06-21T04:15:14,Purchase,ACOL - WWW.ACOL.CA,  (8.75),CAD,Cash,,,"Passtime GPS renewals for the Spring Auto Financial product we manage for Cypress Hill.  Use Passtime platform to reduce risk and prevent losses on vehicles in the Cypress portfolio.

6/20/2022 - Updated Card Limit to $1000 needed to match renewal requirements",Emily Gardner,**** 9954,,,,,,,,5700 Office Expenses
2025-02-21T04:22:39,Purchase,AMAZON.COM * 7H3MF8E23,  (25.00),CAD,Cash,,,"This would be for food & beverage, events, prizes, awards etc.",Karina Plazola,**** 1865,,,,,,,,5700 Office Expenses
2025-08-20T06:19:36,Purchase,AMAZON.COM * 8B2UF20N3,  (33.58),CAD,Cash,,,"This would be for food & beverage, events, prizes, awards etc.",Karina Plazola,**** 1865,,,,,,,,5700 Office Expenses
2025-08-23T02:12:09,Purchase,AMAZON.COM * 8I4PG03T3,  (30.00),CAD,Cash,,,"This would be for food & beverage, events, prizes, awards etc.",Karina Plazola,**** 1865,,,,,,,,5700 Office Expenses
2025-02-20T01:37:12,Purchase,AMAZON.COM * 955311YS3,  (75.00),CAD,Cash,,,"This would be for food & beverage, events, prizes, awards etc.",Karina Plazola,**** 1865,,,,,,,,5700 Office Expenses
2025-08-16T03:04:22,Purchase,AMAZON.COM * 9B2IG4WG3,  (150.00),CAD,Cash,,,"This would be for food & beverage, events, prizes, awards etc.",Karina Plazola,**** 1865,,,,,,,,5700 Office Expenses
2025-09-06T02:40:40,Purchase,AMAZON.COM * 9D56Z4OM3,  (100.00),CAD,Cash,,,"This would be for food & beverage, events, prizes, awards etc.",Karina Plazola,**** 1865,,,,,,,,5700 Office Expenses
2025-09-01T02:12:17,Purchase,AMAZON.COM * 9L6HJ4VZ3,  (113.99),CAD,Cash,,,,Karina Plazola,**** 9909,,,,,,,,5700 Office Expenses
2025-02-19T05:54:05,Purchase,AMAZON.COM * AP1PU8UZ3,  (33.58),CAD,Cash,,,"This would be for food & beverage, events, prizes, awards etc.",Karina Plazola,**** 1865,,,,,,,,5700 Office Expenses
2025-08-20T06:19:37,Purchase,AMAZON.COM * AS6MJ2G23,  (33.58),CAD,Cash,,,"This would be for food & beverage, events, prizes, awards etc.",Karina Plazola,**** 1865,,,,,,,,5700 Office Expenses
2025-08-19T05:34:04,Purchase,AMAZON.COM * B00UP3V23,  (100.00),CAD,Cash,,,"This would be for food & beverage, events, prizes, awards etc.",Karina Plazola,**** 1865,,,,,,,,5700 Office Expenses
2025-03-04T04:20:19,Purchase,AMAZON.COM * BB2151BH3,  (60.00),CAD,Cash,,,"This would be for food & beverage, events, prizes, awards etc.",Karina Plazola,**** 1865,,,,,,,,5700 Office Expenses
2025-03-08T04:05:20,Purchase,AMAZON.COM * BB4XP8KS3,  (424.48),CAD,Cash,,,"This would be for food & beverage, events, prizes, awards etc.",Karina Plazola,**** 1865,,,,,,,,5700 Office Expenses
2025-02-19T05:54:06,Purchase,AMAZON.COM * C876U5LQ3,  (33.58),CAD,Cash,,,"This would be for food & beverage, events, prizes, awards etc.",Karina Plazola,**** 1865,,,,,,,,5700 Office Expenses
2025-02-19T05:54:04,Purchase,AMAZON.COM * DO1O31193,  (240.00),CAD,Cash,,,"This would be for food & beverage, events, prizes, awards etc.",Karina Plazola,**** 1865,,,,,,,,5700 Office Expenses
2025-07-22T02:17:50,Purchase,AMAZON.COM * DT1DT2IW3,  (160.00),CAD,Cash,,,"This would be for food & beverage, events, prizes, awards etc.",Karina Plazola,**** 1865,,,,,,,,5700 Office Expenses
2025-07-24T02:24:49,Refund,AMAZON.COM * DT1DT2IW3,  100.00 ,CAD,Cash,,,"This would be for food & beverage, events, prizes, awards etc.",Karina Plazola,**** 1865,,,,,,,,5700 Office Expenses
2025-03-15T02:10:39,Purchase,AMAZON.COM * DV5SR22E3,  (100.00),CAD,Cash,,,"This would be for food & beverage, events, prizes, awards etc.",Karina Plazola,**** 1865,,,,,,,,5700 Office Expenses
2025-02-19T05:54:05,Purchase,AMAZON.COM * EE3WT8893,  (33.58),CAD,Cash,,,"This would be for food & beverage, events, prizes, awards etc.",Karina Plazola,**** 1865,,,,,,,,5700 Office Expenses
2025-04-04T04:03:13,Purchase,AMAZON.COM * EP4E122R3,  (292.00),CAD,Cash,,,"This would be for food & beverage, events, prizes, awards etc.",Karina Plazola,**** 1865,,,,,,,,5700 Office Expenses
2025-02-19T05:54:04,Purchase,AMAZON.COM * GS4W39YZ3,  (33.58),CAD,Cash,,,"This would be for food & beverage, events, prizes, awards etc.",Karina Plazola,**** 1865,,,,,,,,5700 Office Expenses
2025-06-22T04:19:56,Purchase,ACOL - WWW.ACOL.CA,  (8.75),CAD,Cash,,,"Passtime GPS renewals for the Spring Auto Financial product we manage for Cypress Hill.  Use Passtime platform to reduce risk and prevent losses on vehicles in the Cypress portfolio.

6/20/2022 - Updated Card Limit to $1000 needed to match renewal requirements",Emily Gardner,**** 9954,,,,,,,,5700 Office Expenses
2025-08-20T06:19:35,Purchase,AMAZON.COM * IM35U2693,  (33.58),CAD,Cash,,,"This would be for food & beverage, events, prizes, awards etc.",Karina Plazola,**** 1865,,,,,,,,5700 Office Expenses
2025-08-30T02:18:26,Purchase,AMAZON.COM * IR56V67H3,  (50.00),CAD,Cash,,,,Karina Plazola,**** 9909,,,,,,,,5700 Office Expenses
2025-07-22T05:33:21,Purchase,AMAZON.COM * K91EG97O3,  (100.00),CAD,Cash,,,"This would be for food & beverage, events, prizes, awards etc.",Karina Plazola,**** 1865,,,,,,,,5700 Office Expenses
2025-07-29T05:46:48,Purchase,AMAZON.COM * L08KT8NQ3,  (6.69),CAD,Cash,,,"This would be for food & beverage, events, prizes, awards etc.",Karina Plazola,**** 1865,,,,,,,,5700 Office Expenses
2025-02-19T05:54:05,Purchase,AMAZON.COM * L12M66FZ3,  (33.58),CAD,Cash,,,"This would be for food & beverage, events, prizes, awards etc.",Karina Plazola,**** 1865,,,,,,,,5700 Office Expenses
2025-02-19T05:54:04,Purchase,AMAZON.COM * LE0PA4373,  (33.58),CAD,Cash,,,"This would be for food & beverage, events, prizes, awards etc.",Karina Plazola,**** 1865,,,,,,,,5700 Office Expenses
2025-08-30T02:18:37,Purchase,AMAZON.COM * LK48K28I3,  (25.00),CAD,Cash,,,,Karina Plazola,**** 9909,,,,,,,,5700 Office Expenses
2025-04-30T02:04:35,Purchase,AMAZON.COM * ML3NK5TX3,  (19.03),CAD,Cash,,,,Karina Plazola,**** 2636,,,,,,,,5700 Office Expenses
2025-04-11T03:57:00,Purchase,AMAZON.COM * MN4KG58Z3,  (35.00),CAD,Cash,,,"This would be for food & beverage, events, prizes, awards etc.",Karina Plazola,**** 1865,,,,,,,,5700 Office Expenses
2025-07-19T04:14:01,Purchase,AMAZON.COM * MS64804B3,  (650.00),CAD,Cash,,,"This would be for food & beverage, events, prizes, awards etc.",Karina Plazola,**** 1865,,,,,,,,5700 Office Expenses
2025-07-24T02:24:33,Refund,AMAZON.COM * MS64804B3,  100.00 ,CAD,Cash,,,"This would be for food & beverage, events, prizes, awards etc.",Karina Plazola,**** 1865,,,,,,,,5700 Office Expenses
2025-07-04T04:02:34,Purchase,AMAZON.COM * N350G4MH0,  (90.00),CAD,Cash,,,"This would be for food & beverage, events, prizes, awards etc.",Karina Plazola,**** 1865,,,,,,,,5700 Office Expenses
2025-08-20T06:19:35,Purchase,AMAZON.COM * N49EN8S83,  (33.58),CAD,Cash,,,"This would be for food & beverage, events, prizes, awards etc.",Karina Plazola,**** 1865,,,,,,,,5700 Office Expenses
2025-05-30T04:16:05,Purchase,AMAZON.COM * N62ND4AH2,  (140.00),CAD,Cash,,,"This would be for food & beverage, events, prizes, awards etc.",Karina Plazola,**** 1865,,,,,,,,5700 Office Expenses
2025-06-03T05:11:33,Purchase,AMAZON.COM * N63ZS6IQ2,  (25.00),CAD,Cash,,,"This would be for food & beverage, events, prizes, awards etc.",Karina Plazola,**** 1865,,,,,,,,5700 Office Expenses
2025-06-04T02:20:12,Purchase,AMAZON.COM * N648S8PP1,  (37.82),CAD,Cash,,,"This would be for food & beverage, events, prizes, awards etc.",Karina Plazola,**** 1865,,,,,,,,5700 Office Expenses
2025-06-03T02:19:21,Purchase,AMAZON.COM * N65H44490,  (105.00),CAD,Cash,,,"This would be for food & beverage, events, prizes, awards etc.",Karina Plazola,**** 1865,,,,,,,,5700 Office Expenses
2025-06-01T06:37:06,Purchase,AMAZON.COM * N66F67C31,  (77.92),CAD,Cash,,,"This would be for food & beverage, events, prizes, awards etc.",Karina Plazola,**** 1865,,,,,,,,5700 Office Expenses
2025-06-04T02:21:32,Purchase,AMAZON.COM * N67A28XD1,  (330.51),CAD,Cash,,,"This would be for food & beverage, events, prizes, awards etc.",Karina Plazola,**** 1865,,,,,,,,5700 Office Expenses
2025-06-17T02:12:16,Purchase,AMAZON.COM * NA29L4HY1,  (33.58),CAD,Cash,,,"This would be for food & beverage, events, prizes, awards etc.",Karina Plazola,**** 1865,,,,,,,,5700 Office Expenses
2025-06-15T06:10:52,Purchase,AMAZON.COM * NA2UR3AS0,  (33.58),CAD,Cash,,,"This would be for food & beverage, events, prizes, awards etc.",Karina Plazola,**** 1865,,,,,,,,5700 Office Expenses
2025-06-15T06:10:50,Purchase,AMAZON.COM * NA3NZ50O1,  (33.58),CAD,Cash,,,"This would be for food & beverage, events, prizes, awards etc.",Karina Plazola,**** 1865,,,,,,,,5700 Office Expenses
2025-06-15T06:10:49,Purchase,AMAZON.COM * NA4DR7AL0,  (33.58),CAD,Cash,,,"This would be for food & beverage, events, prizes, awards etc.",Karina Plazola,**** 1865,,,,,,,,5700 Office Expenses
2025-06-15T06:10:49,Purchase,AMAZON.COM * NA4U73AN0,  (33.58),CAD,Cash,,,"This would be for food & beverage, events, prizes, awards etc.",Karina Plazola,**** 1865,,,,,,,,5700 Office Expenses
2025-06-15T06:10:51,Purchase,AMAZON.COM * NA6D46AN0,  (33.58),CAD,Cash,,,"This would be for food & beverage, events, prizes, awards etc.",Karina Plazola,**** 1865,,,,,,,,5700 Office Expenses
2025-06-15T06:10:51,Purchase,AMAZON.COM * NA6UR8YL2,  (33.58),CAD,Cash,,,"This would be for food & beverage, events, prizes, awards etc.",Karina Plazola,**** 1865,,,,,,,,5700 Office Expenses
2025-06-15T06:10:51,Purchase,AMAZON.COM * NA7FP3AM0,  (33.58),CAD,Cash,,,"This would be for food & beverage, events, prizes, awards etc.",Karina Plazola,**** 1865,,,,,,,,5700 Office Expenses
2025-06-15T06:10:54,Purchase,AMAZON.COM * NA7XG0A80,  (77.92),CAD,Cash,,,"This would be for food & beverage, events, prizes, awards etc.",Karina Plazola,**** 1865,,,,,,,,5700 Office Expenses
2025-06-15T06:09:55,Purchase,AMAZON.COM * NA89T4Y12,  (33.58),CAD,Cash,,,"This would be for food & beverage, events, prizes, awards etc.",Karina Plazola,**** 1865,,,,,,,,5700 Office Expenses
2025-06-18T05:32:21,Purchase,AMAZON.COM * NA9528S00,  (50.00),CAD,Cash,,,,Karina Plazola,**** 2636,,,,,,,,5700 Office Expenses
2025-06-15T06:10:50,Purchase,AMAZON.COM * NA9ZU1A80,  (77.92),CAD,Cash,,,"This would be for food & beverage, events, prizes, awards etc.",Karina Plazola,**** 1865,,,,,,,,5700 Office Expenses
2025-06-06T04:32:38,Purchase,AMAZON.COM * NH7YB41T2,  (200.00),CAD,Cash,,,"This would be for food & beverage, events, prizes, awards etc.",Karina Plazola,**** 1865,,,,,,,,5700 Office Expenses
2025-06-13T04:17:57,Purchase,AMAZON.COM * NH8DH5WY0,  (85.00),CAD,Cash,,,"This would be for food & beverage, events, prizes, awards etc.",Karina Plazola,**** 1865,,,,,,,,5700 Office Expenses
2025-05-03T03:52:05,Purchase,AMAZON.COM * NI0V284Z2,  (100.00),CAD,Cash,,,"This would be for food & beverage, events, prizes, awards etc.",Karina Plazola,**** 1865,,,,,,,,5700 Office Expenses
2025-05-09T06:30:00,Purchase,AMAZON.COM * NI0WF3LX1,  (33.58),CAD,Cash,,,"This would be for food & beverage, events, prizes, awards etc.",Karina Plazola,**** 1865,,,,,,,,5700 Office Expenses
2025-05-09T06:29:21,Purchase,AMAZON.COM * NI1H534A1,  (33.58),CAD,Cash,,,"This would be for food & beverage, events, prizes, awards etc.",Karina Plazola,**** 1865,,,,,,,,5700 Office Expenses
2025-05-09T06:30:00,Purchase,AMAZON.COM * NI40E4NX0,  (33.58),CAD,Cash,,,"This would be for food & beverage, events, prizes, awards etc.",Karina Plazola,**** 1865,,,,,,,,5700 Office Expenses
2025-05-10T02:17:19,Purchase,AMAZON.COM * NI55X2Z31,  (84.85),CAD,Cash,,,"This would be for food & beverage, events, prizes, awards etc.",Karina Plazola,**** 1865,,,,,,,,5700 Office Expenses
2025-05-09T06:30:03,Purchase,AMAZON.COM * NI59L9LQ1,  (33.58),CAD,Cash,,,"This would be for food & beverage, events, prizes, awards etc.",Karina Plazola,**** 1865,,,,,,,,5700 Office Expenses
2025-05-09T04:22:25,Purchase,AMAZON.COM * NI70Z9LK0,  (40.00),CAD,Cash,,,"This would be for food & beverage, events, prizes, awards etc.",Karina Plazola,**** 1865,,,,,,,,5700 Office Expenses
2025-05-09T06:30:01,Purchase,AMAZON.COM * NI7XV9NT0,  (33.58),CAD,Cash,,,"This would be for food & beverage, events, prizes, awards etc.",Karina Plazola,**** 1865,,,,,,,,5700 Office Expenses
2025-05-08T04:37:12,Purchase,AMAZON.COM * NI92Z6UX2,  (55.00),CAD,Cash,,,"This would be for food & beverage, events, prizes, awards etc.",Karina Plazola,**** 1865,,,,,,,,5700 Office Expenses
2025-07-08T02:19:58,Purchase,AMAZON.COM * NL0CI5LO0,  (79.00),CAD,Cash,,,"This would be for food & beverage, events, prizes, awards etc.",Karina Plazola,**** 1865,,,,,,,,5700 Office Expenses
2025-07-12T03:58:42,Purchase,AMAZON.COM * NL7S15KE1,  (30.00),CAD,Cash,,,"This would be for food & beverage, events, prizes, awards etc.",Karina Plazola,**** 1865,,,,,,,,5700 Office Expenses
2025-07-11T04:13:36,Purchase,AMAZON.COM * NL88I18I1,  (75.00),CAD,Cash,,,,Karina Plazola,**** 2636,,,,,,,,5700 Office Expenses
2025-06-17T02:14:51,Purchase,AMAZON.COM * NO79Z5NL2,  (33.58),CAD,Cash,,,"This would be for food & beverage, events, prizes, awards etc.",Karina Plazola,**** 1865,,,,,,,,5700 Office Expenses
2025-06-24T05:44:24,Purchase,AMAZON.COM * NO90S5D60,  (10.00),CAD,Cash,,,"This would be for food & beverage, events, prizes, awards etc.",Karina Plazola,**** 1865,,,,,,,,5700 Office Expenses
2025-05-15T07:04:45,Purchase,AMAZON.COM * NW0IM1401,  (31.31),CAD,Cash,,,"This would be for food & beverage, events, prizes, awards etc.",Karina Plazola,**** 1865,,,,,,,,5700 Office Expenses
2025-05-09T06:29:50,Purchase,AMAZON.COM * NW2XZ5LF2,  (33.58),CAD,Cash,,,"This would be for food & beverage, events, prizes, awards etc.",Karina Plazola,**** 1865,,,,,,,,5700 Office Expenses
2025-05-21T02:14:13,Purchase,AMAZON.COM * NW5B61YZ0,  (300.00),CAD,Cash,,,"This would be for food & beverage, events, prizes, awards etc.",Karina Plazola,**** 1865,,,,,,,,5700 Office Expenses
2025-05-16T02:07:19,Purchase,AMAZON.COM * NW8PH1Z60,  (39.19),CAD,Cash,,,"This would be for food & beverage, events, prizes, awards etc.",Karina Plazola,**** 1865,,,,,,,,5700 Office Expenses
2025-06-21T04:42:31,Refund,AMAZON.COM * NZ67Y9O31,  50.00 ,CAD,Cash,,,,Karina Plazola,**** 2636,,,,,,,,5700 Office Expenses
2025-07-21T06:14:04,Purchase,AMAZON.COM * OP7W76I63,  (33.40),CAD,Cash,,,"This would be for food & beverage, events, prizes, awards etc.",Karina Plazola,**** 1865,,,,,,,,5700 Office Expenses
2025-07-29T05:46:48,Purchase,AMAZON.COM * OZ8RY7LF3,  (6.69),CAD,Cash,,,"This would be for food & beverage, events, prizes, awards etc.",Karina Plazola,**** 1865,,,,,,,,5700 Office Expenses
2025-03-19T02:22:11,Purchase,AMAZON.COM * PD4IM8833,  (250.00),CAD,Cash,,,,Karina Plazola,**** 9909,,,,,,,,5700 Office Expenses
2025-08-20T06:19:36,Purchase,AMAZON.COM * PF9NR0553,  (33.58),CAD,Cash,,,"This would be for food & beverage, events, prizes, awards etc.",Karina Plazola,**** 1865,,,,,,,,5700 Office Expenses
2025-03-25T02:15:15,Purchase,AMAZON.COM * PT2LC43D3,  (30.00),CAD,Cash,,,,Karina Plazola,**** 2636,,,,,,,,5700 Office Expenses
2025-08-20T06:19:37,Purchase,AMAZON.COM * QB4HW5T03,  (33.58),CAD,Cash,,,"This would be for food & beverage, events, prizes, awards etc.",Karina Plazola,**** 1865,,,,,,,,5700 Office Expenses
2025-08-20T06:19:36,Purchase,AMAZON.COM * QB4QU4SW3,  (33.58),CAD,Cash,,,"This would be for food & beverage, events, prizes, awards etc.",Karina Plazola,**** 1865,,,,,,,,5700 Office Expenses
2025-08-16T03:04:21,Purchase,AMAZON.COM * R375Q2PJ3,  (205.00),CAD,Cash,,,"This would be for food & beverage, events, prizes, awards etc.",Karina Plazola,**** 1865,,,,,,,,5700 Office Expenses
2025-02-23T01:14:23,Purchase,AMAZON.COM * RA1VP8Y33,  (61.76),CAD,Cash,,,"This would be for food & beverage, events, prizes, awards etc.",Karina Plazola,**** 1865,,,,,,,,5700 Office Expenses
2025-07-29T05:46:47,Purchase,AMAZON.COM * SE3SV1JI3,  (6.69),CAD,Cash,,,"This would be for food & beverage, events, prizes, awards etc.",Karina Plazola,**** 1865,,,,,,,,5700 Office Expenses
2025-08-07T02:21:00,Purchase,AMAZON.COM * SE8KH3JI3,  (120.00),CAD,Cash,,,,Karina Plazola,**** 2636,,,,,,,,5700 Office Expenses
2025-08-23T02:12:01,Purchase,AMAZON.COM * SM59N3UQ3,  (195.00),CAD,Cash,,,"This would be for food & beverage, events, prizes, awards etc.",Karina Plazola,**** 1865,,,,,,,,5700 Office Expenses
2025-08-20T06:19:36,Purchase,AMAZON.COM * T64AJ3D03,  (33.58),CAD,Cash,,,"This would be for food & beverage, events, prizes, awards etc.",Karina Plazola,**** 1865,,,,,,,,5700 Office Expenses
2025-08-09T02:17:26,Purchase,AMAZON.COM * TE2M26B73,  (50.00),CAD,Cash,,,"This would be for food & beverage, events, prizes, awards etc.",Karina Plazola,**** 1865,,,,,,,,5700 Office Expenses
2025-08-07T04:23:58,Purchase,AMAZON.COM * TG7P066Z3,  (30.00),CAD,Cash,,,,Karina Plazola,**** 2636,,,,,,,,5700 Office Expenses
2025-02-19T05:54:06,Purchase,AMAZON.COM * TT87001I3,  (33.58),CAD,Cash,,,"This would be for food & beverage, events, prizes, awards etc.",Karina Plazola,**** 1865,,,,,,,,5700 Office Expenses
2025-08-02T03:27:57,Purchase,AMAZON.COM * TV7VN0ZU3,  (795.00),CAD,Cash,,,,Karina Plazola,**** 2636,,,,,,,,5700 Office Expenses
2025-03-21T04:06:55,Purchase,AMAZON.COM * UT7SH3PI3,  (10.00),CAD,Cash,,,"This would be for food & beverage, events, prizes, awards etc.",Karina Plazola,**** 1865,,,,,,,,5700 Office Expenses
2025-03-01T01:18:57,Purchase,AMAZON.COM * WM9HE52S3,  (491.68),CAD,Cash,,,"This would be for food & beverage, events, prizes, awards etc.",Karina Plazola,**** 1865,,,,,,,,5700 Office Expenses
2025-08-23T06:10:52,Purchase,AMAZON.COM * XD6T51A13,  (546.27),CAD,Cash,,,"This would be for food & beverage, events, prizes, awards etc.",Karina Plazola,**** 1865,,,,,,,,5700 Office Expenses
2025-03-08T04:05:19,Purchase,AMAZON.COM * XF6CV1Z03,  (47.00),CAD,Cash,,,"This would be for food & beverage, events, prizes, awards etc.",Karina Plazola,**** 1865,,,,,,,,5700 Office Expenses
2025-08-21T04:06:27,Purchase,AMAZON.COM * Y28SE10Y3,  (200.00),CAD,Cash,,,,Karina Plazola,**** 2636,,,,,,,,5700 Office Expenses
2025-09-06T02:38:48,Purchase,AMAZON.COM * Y47WG3NM3,  (50.00),CAD,Cash,,,"This would be for food & beverage, events, prizes, awards etc.",Karina Plazola,**** 1865,,,,,,,,5700 Office Expenses
2025-02-19T05:54:07,Purchase,AMAZON.COM * Y63PM8TV3,  (33.58),CAD,Cash,,,"This would be for food & beverage, events, prizes, awards etc.",Karina Plazola,**** 1865,,,,,,,,5700 Office Expenses
2025-08-02T03:27:57,Purchase,AMAZON.COM * YL8LT8W53,  (150.00),CAD,Cash,,,,Karina Plazola,**** 2636,,,,,,,,5700 Office Expenses
2025-03-26T02:14:39,Purchase,AMAZON.COM * ZL1FD6OD3,  (80.00),CAD,Cash,,,,Karina Plazola,**** 2636,,,,,,,,5700 Office Expenses
2025-03-19T05:12:15,Purchase,AMAZON.COM * ZN8DW02K3,  (90.00),CAD,Cash,,,"This would be for food & beverage, events, prizes, awards etc.",Karina Plazola,**** 1865,,,,,,,,5700 Office Expenses
2025-02-23T01:04:15,Refund,AMZN Mktp CA,  3.87 ,CAD,Cash,,,,Erin Baile,**** 6084,,,,,,,,5700 Office Expenses
2025-03-03T01:13:53,Refund,AMZN Mktp CA,  2.41 ,CAD,Cash,,,,Erin Baile,**** 6084,,,,,,,,5700 Office Expenses
2025-09-03T02:17:21,Refund,AMZN Mktp CA,  110.63 ,CAD,Cash,,,,Erin Baile,**** 7197,,,,,,,,5700 Office Expenses
2025-08-14T06:45:40,Purchase,AMZN Mktp CA*0987Y02B3,  (88.46),CAD,Cash,,,,Erin Baile,**** 7197,,,,,,,,5700 Office Expenses
2025-08-12T02:04:54,Purchase,AMZN Mktp CA*2Q5V23MI3,  (43.66),CAD,Cash,,,,Erin Baile,**** 7197,,,,,,,,5700 Office Expenses
2025-08-15T02:15:04,Purchase,AMZN Mktp CA*4D0Y11SS3,  (23.68),CAD,Cash,,,,Erin Baile,**** 7197,,,,,,,,5700 Office Expenses
2025-03-13T02:15:07,Purchase,AMZN Mktp CA*8S7TG5XU3,  (18.69),CAD,Cash,,,"This would be for food & beverage, events, prizes, awards etc.",Karina Plazola,**** 1865,,,,,,,,5700 Office Expenses
2025-02-19T02:34:12,Purchase,AMZN Mktp CA*AG3848UO3,  (8.98),CAD,Cash,,,"This would be for food & beverage, events, prizes, awards etc.",Karina Plazola,**** 1865,,,,,,,,5700 Office Expenses
2025-08-21T02:13:38,Purchase,AMZN Mktp CA*LN1KE5V63,  (110.63),CAD,Cash,,,,Erin Baile,**** 7197,,,,,,,,5700 Office Expenses
2025-07-16T02:11:12,Purchase,AMZN Mktp CA*M40TE2ZS3,  (174.68),CAD,Cash,,,,Karina Plazola,**** 9909,,,,,,,,5700 Office Expenses
2025-05-03T02:19:10,Purchase,AMZN Mktp CA*N28TJ0RS0,  (36.94),CAD,Cash,,,,Erin Baile,**** 7197,,,,,,,,5700 Office Expenses
2025-08-15T02:14:53,Purchase,AMZN Mktp CA*N35171HV3,  (11.19),CAD,Cash,,,,Erin Baile,**** 7197,,,,,,,,5700 Office Expenses
2025-10-24T06:21:14,Purchase,AMZN Mktp CA*N48IC4FO1,  (201.08),CAD,Cash,,,,Erin Baile,**** 0067,,,,,,,,5700 Office Expenses
2025-10-24T06:21:15,Purchase,AMZN Mktp CA*N48L05Z70,  (101.95),CAD,Cash,,,,Erin Baile,**** 0067,,,,,,,,5700 Office Expenses
2025-06-14T02:21:08,Purchase,AMZN Mktp CA*NA2K62KK2,  (22.38),CAD,Cash,,,,Erin Baile,**** 7197,,,,,,,,5700 Office Expenses
2025-10-15T02:13:40,Purchase,AMZN Mktp CA*NF4BH8IF2,  (115.32),CAD,Cash,,,,Karina Plazola,**** 9909,,,,,,,,5700 Office Expenses
2025-10-17T02:09:05,Purchase,AMZN Mktp CA*NM04D0RV0,  (24.62),CAD,Cash,,,,Erin Baile,**** 0067,,,,,,,,5700 Office Expenses
2025-05-31T02:19:25,Purchase,AMZN Mktp CA*NN1GV58O0,  (67.20),CAD,Cash,,,"This would be for food & beverage, events, prizes, awards etc.",Karina Plazola,**** 1865,,,,,,,,5700 Office Expenses
2025-03-27T04:00:02,Purchase,AMZN Mktp CA*Q012X32H3,  (12.92),CAD,Cash,,,,Karina Plazola,**** 9909,,,,,,,,5700 Office Expenses
2025-08-14T02:10:37,Purchase,AMZN Mktp CA*WW4ZT43G3,  (58.95),CAD,Cash,,,,Erin Baile,**** 7197,,,,,,,,5700 Office Expenses
2025-08-11T02:12:24,Purchase,AMZN Mktp CA*YJ9CL4X73,  (24.26),CAD,Cash,,,,Erin Baile,**** 7197,,,,,,,,5700 Office Expenses
2025-06-25T05:02:26,Purchase,ACOL - WWW.ACOL.CA,  (8.75),CAD,Cash,,,"Passtime GPS renewals for the Spring Auto Financial product we manage for Cypress Hill.  Use Passtime platform to reduce risk and prevent losses on vehicles in the Cypress portfolio.

6/20/2022 - Updated Card Limit to $1000 needed to match renewal requirements",Emily Gardner,**** 9954,,,,,,,,5700 Office Expenses
2025-08-14T02:08:39,Purchase,AMZN Mktp CA*ZB7P43813,  (89.58),CAD,Cash,,,,Erin Baile,**** 7197,,,,,,,,5700 Office Expenses
2025-01-31T04:28:39,Purchase,AMZN Mktp CA*ZC7LN4061,  (31.91),CAD,Cash,,,"This would be for food & beverage, events, prizes, awards etc.",Karina Plazola,**** 1865,,,,,,,,5700 Office Expenses
2025-01-24T01:56:39,Purchase,AMZN Mktp CA*ZC9CA9Q22,  (16.96),CAD,Cash,,,"This would be for food & beverage, events, prizes, awards etc.",Karina Plazola,**** 1865,,,,,,,,5700 Office Expenses
2025-01-08T01:14:41,Purchase,AMZN Mktp CA*ZD3BC0TX0,  (40.22),CAD,Cash,,,,Kayla Symes,**** 0461,,,,,,,,5700 Office Expenses
2025-01-07T06:46:57,Purchase,AMZN Mktp CA*ZD4C70WD2,  (22.23),CAD,Cash,,,,Kayla Symes,**** 0461,,,,,,,,5700 Office Expenses
2025-01-25T01:05:12,Purchase,AMZN Mktp CA*ZG0ZZ99D0,  (155.87),CAD,Cash,,,"This would be for food & beverage, events, prizes, awards etc.",Karina Plazola,**** 1865,,,,,,,,5700 Office Expenses
2025-01-08T06:46:53,Purchase,AMZN Mktp CA*ZP88602X1,  (23.41),CAD,Cash,,,,Kayla Symes,**** 0461,,,,,,,,5700 Office Expenses
2025-09-04T02:20:21,Purchase,APPLE STORE #R280,  (424.48),CAD,Cash,,,,Karina Plazola,**** 9909,,,,,,,,5700 Office Expenses
2025-10-05T02:09:55,Purchase,APPLE STORE #R280,  (0.25),CAD,Cash,,,,Karina Plazola,**** 9909,,,,,,,,5700 Office Expenses
2025-10-05T02:11:01,Purchase,APPLE STORE #R280,  (279.27),CAD,Cash,,,,Karina Plazola,**** 9909,,,,,,,,5700 Office Expenses
2025-10-16T02:03:10,Purchase,APPLE STORE #R280,  (262.30),CAD,Cash,,,,Karina Plazola,**** 9909,,,,,,,,5700 Office Expenses
2025-08-23T05:20:23,Purchase,APPLE.COM/CA,  (383.88),CAD,Cash,,,"This would be for food & beverage, events, prizes, awards etc.",Karina Plazola,**** 1865,,,,,,,,5700 Office Expenses
2025-08-24T02:14:14,Purchase,APPLE.COM/CA,  (0.11),CAD,Cash,,,"This would be for food & beverage, events, prizes, awards etc.",Karina Plazola,**** 1865,,,,,,,,5700 Office Expenses
2025-12-18T03:54:41,Purchase,APPLE.COM/CA,  (378.27),CAD,Cash,,,2/2 Montreal staff winners for airpods ,Michael Galpin,**** 7387,,,,,,,,5700 Office Expenses
2025-12-18T21:54:46,Purchase,APPLE.COM/CA,  (378.27),CAD,Cash,,,Was 1/2 winners for apple airpods - from MTL christmas party,Michael Galpin,**** 7387,,,,,,,,5700 Office Expenses
2025-12-30T04:44:21,Purchase,APPLE.COM/CA,  (133.28),CAD,Cash,,,,Erin Baile,**** 8613,,,,,,,,5700 Office Expenses
2025-06-25T05:02:27,Purchase,ACOL - WWW.ACOL.CA,  (8.75),CAD,Cash,,,"Passtime GPS renewals for the Spring Auto Financial product we manage for Cypress Hill.  Use Passtime platform to reduce risk and prevent losses on vehicles in the Cypress portfolio.

6/20/2022 - Updated Card Limit to $1000 needed to match renewal requirements",Emily Gardner,**** 9954,,,,,,,,5700 Office Expenses
2025-09-05T02:02:06,Purchase,Alibaba.com,  (973.26),CAD,Cash,,,,Erin Baile,**** 7197,,,,,,,,5700 Office Expenses
2025-01-16T01:40:45,Purchase,ARVIN DESIGN INC,  (173.88),CAD,Cash,,,,Karina Plazola,**** 2024,,,,,,,,5700 Office Expenses
2025-04-27T05:05:22,Purchase,B2C LOBLAW- GIFT OF CH,  (500.00),CAD,Cash,,,,Karina Plazola,**** 2636,,,,,,,,5700 Office Expenses
2025-07-27T04:30:09,Purchase,B2C LOBLAW- GIFT OF CH,  (250.00),CAD,Cash,,,,Karina Plazola,**** 2636,,,,,,,,5700 Office Expenses
2025-12-11T05:58:38,Purchase,B2C LOBLAW- GIFT OF CH,  (50.00),CAD,Cash,,,,Karina Plazola,**** 2636,,,,,,,,5700 Office Expenses
2025-03-29T02:17:48,Purchase,Bake Wish Private Limite,  (31.41),CAD,Cash,,,Cake for birthday celebration ,Harjot Kaur,**** 9999,,,,,,,,5700 Office Expenses
2025-05-31T02:16:54,Purchase,Bake Wish Private Limite,  (27.94),CAD,Cash,,,,Harjot Kaur,**** 9999,,,,,,,,5700 Office Expenses
2025-08-15T02:13:26,Purchase,Bake Wish Private Limite,  (19.69),CAD,Cash,,,Cake for Monthly birthday celebration,Harjot Kaur,**** 9999,,,,,,,,5700 Office Expenses
2025-09-03T02:13:57,Purchase,BARRYS CAN* BARRYSBOOT,  (10.50),CAD,Cash,,,,Karina Plazola,**** 9909,,,,,,,,5700 Office Expenses
2025-11-11T23:57:47,Purchase,BC LIQUOR #129,  (740.08),CAD,Cash,,,,Karina Plazola,**** 9909,,,,,,,,5700 Office Expenses
2025-12-05T00:21:35,Purchase,BC LIQUOR #129,  (520.20),CAD,Cash,,,,Karina Plazola,**** 9909,,,,,,,,5700 Office Expenses
2025-12-05T00:21:35,Purchase,BC LIQUOR #129,  (764.22),CAD,Cash,,,,Karina Plazola,**** 9909,,,,,,,,5700 Office Expenses
2025-12-05T00:21:36,Purchase,BC LIQUOR #129,  (915.73),CAD,Cash,,,,Karina Plazola,**** 9909,,,,,,,,5700 Office Expenses
2025-12-06T23:49:37,Purchase,BC LIQUOR #129,"  (2,751.85)",CAD,Cash,,,,Erin Baile,**** 0067,,,,,,,,5700 Office Expenses
2025-12-05T03:15:49,Purchase,BEST BUY #705,"  (3,291.80)",CAD,Cash,,,Vancouver Xmas Party Receipt - prizes for staff ,Michael Galpin,**** 7387,,,,,,,,5700 Office Expenses
2025-04-19T04:17:20,Purchase,BEST BUY #953,  (560.49),CAD,Cash,,,"This would be for food & beverage, events, prizes, awards etc.",Karina Plazola,**** 1865,,,,,,,,5700 Office Expenses
2025-01-12T03:32:03,Purchase,BEST BUY MARKET PLACE,"  (2,279.07)",CAD,Cash,,,,Kayla Symes,**** 0461,,,,,,,,5700 Office Expenses
2025-05-31T02:15:38,Purchase,Big Basket,  (5.06),CAD,Cash,,,,Harjot Kaur,**** 9999,,,,,,,,5700 Office Expenses
2025-09-05T03:37:15,Purchase,Alibaba.com,"  (2,102.98)",CAD,Cash,,,,Erin Baile,**** 7197,,,,,,,,5700 Office Expenses
2025-09-09T02:09:01,Purchase,Alibaba.com,  (129.50),CAD,Cash,,,,Erin Baile,**** 7197,,,,,,,,5700 Office Expenses
2025-04-14T02:04:19,Purchase,AMAZON* 6D7PJ5223,  (31.86),CAD,Cash,,,"This would be for food & beverage, events, prizes, awards etc.",Karina Plazola,**** 1865,,,,,,,,5700 Office Expenses
2025-01-25T01:08:50,Purchase,AMAZON* ZG4IM5NP1,  (27.99),CAD,Cash,,,"This would be for food & beverage, events, prizes, awards etc.",Karina Plazola,**** 1865,,,,,,,,5700 Office Expenses
2025-12-10T04:51:19,Purchase,AMAZON.CA* 791FP90Q3,  (75.00),CAD,Cash,,,,Karina Plazola,**** 2636,,,,,,,,5700 Office Expenses
2025-03-05T01:07:55,Purchase,"BLACKHAWK NETWORK, INC.",  (365.90),CAD,Cash,,,"This would be for food & beverage, events, prizes, awards etc.",Karina Plazola,**** 1865,,,,,,,,5700 Office Expenses
2025-03-13T02:16:30,Purchase,"BLACKHAWK NETWORK, INC.",  (250.00),CAD,Cash,,,"This would be for food & beverage, events, prizes, awards etc.",Karina Plazola,**** 1865,,,,,,,,5700 Office Expenses
2025-03-15T02:15:42,Purchase,"BLACKHAWK NETWORK, INC.",  (65.00),CAD,Cash,,,,Karina Plazola,**** 2636,,,,,,,,5700 Office Expenses
2025-03-16T02:11:09,Purchase,"BLACKHAWK NETWORK, INC.",  (110.00),CAD,Cash,,,,Karina Plazola,**** 2636,,,,,,,,5700 Office Expenses
2025-03-20T02:21:12,Purchase,"BLACKHAWK NETWORK, INC.",  (45.00),CAD,Cash,,,,Karina Plazola,**** 2636,,,,,,,,5700 Office Expenses
2025-03-21T02:08:19,Purchase,"BLACKHAWK NETWORK, INC.",  (80.00),CAD,Cash,,,,Karina Plazola,**** 2636,,,,,,,,5700 Office Expenses
2025-03-22T02:20:45,Purchase,"BLACKHAWK NETWORK, INC.",  (110.00),CAD,Cash,,,"This would be for food & beverage, events, prizes, awards etc.",Karina Plazola,**** 1865,,,,,,,,5700 Office Expenses
2025-03-22T02:20:45,Purchase,"BLACKHAWK NETWORK, INC.",  (70.00),CAD,Cash,,,,Karina Plazola,**** 2636,,,,,,,,5700 Office Expenses
2025-03-26T02:20:07,Purchase,"BLACKHAWK NETWORK, INC.",  (150.00),CAD,Cash,,,,Karina Plazola,**** 2636,,,,,,,,5700 Office Expenses
2025-03-27T02:21:29,Purchase,"BLACKHAWK NETWORK, INC.",  (100.00),CAD,Cash,,,,Karina Plazola,**** 2636,,,,,,,,5700 Office Expenses
2025-03-28T02:20:22,Purchase,"BLACKHAWK NETWORK, INC.",  (120.00),CAD,Cash,,,,Karina Plazola,**** 2636,,,,,,,,5700 Office Expenses
2025-03-28T02:20:22,Purchase,"BLACKHAWK NETWORK, INC.",  (100.00),CAD,Cash,,,,Karina Plazola,**** 2636,,,,,,,,5700 Office Expenses
2025-03-28T02:20:23,Purchase,"BLACKHAWK NETWORK, INC.",  (170.00),CAD,Cash,,,,Karina Plazola,**** 2636,,,,,,,,5700 Office Expenses
2025-04-03T02:03:08,Purchase,"BLACKHAWK NETWORK, INC.",  (105.90),CAD,Cash,,,"This would be for food & beverage, events, prizes, awards etc.",Karina Plazola,**** 1865,,,,,,,,5700 Office Expenses
2025-04-04T02:02:27,Purchase,"BLACKHAWK NETWORK, INC.",  (70.00),CAD,Cash,,,,Karina Plazola,**** 2636,,,,,,,,5700 Office Expenses
2025-04-05T02:17:22,Purchase,"BLACKHAWK NETWORK, INC.",  (80.00),CAD,Cash,,,"This would be for food & beverage, events, prizes, awards etc.",Karina Plazola,**** 1865,,,,,,,,5700 Office Expenses
2025-04-05T02:17:22,Purchase,"BLACKHAWK NETWORK, INC.",  (75.00),CAD,Cash,,,"This would be for food & beverage, events, prizes, awards etc.",Karina Plazola,**** 1865,,,,,,,,5700 Office Expenses
2025-04-10T02:18:24,Purchase,"BLACKHAWK NETWORK, INC.",  (60.00),CAD,Cash,,,,Karina Plazola,**** 2636,,,,,,,,5700 Office Expenses
2025-04-13T02:02:25,Purchase,"BLACKHAWK NETWORK, INC.",  (70.00),CAD,Cash,,,,Karina Plazola,**** 2636,,,,,,,,5700 Office Expenses
2025-04-18T02:17:15,Purchase,"BLACKHAWK NETWORK, INC.",  (130.00),CAD,Cash,,,,Karina Plazola,**** 2636,,,,,,,,5700 Office Expenses
2025-04-18T02:17:15,Purchase,"BLACKHAWK NETWORK, INC.",  (10.00),CAD,Cash,,,,Karina Plazola,**** 2636,,,,,,,,5700 Office Expenses
2025-04-19T02:19:22,Purchase,"BLACKHAWK NETWORK, INC.",  (70.00),CAD,Cash,,,,Karina Plazola,**** 2636,,,,,,,,5700 Office Expenses
2025-04-19T02:19:23,Purchase,"BLACKHAWK NETWORK, INC.",  (100.00),CAD,Cash,,,,Karina Plazola,**** 2636,,,,,,,,5700 Office Expenses
2025-04-25T02:19:42,Purchase,"BLACKHAWK NETWORK, INC.",  (500.00),CAD,Cash,,,,Karina Plazola,**** 2636,,,,,,,,5700 Office Expenses
2025-04-25T02:19:42,Purchase,"BLACKHAWK NETWORK, INC.",  (80.00),CAD,Cash,,,,Karina Plazola,**** 2636,,,,,,,,5700 Office Expenses
2025-04-27T02:13:56,Purchase,"BLACKHAWK NETWORK, INC.",  (10.00),CAD,Cash,,,,Karina Plazola,**** 2636,,,,,,,,5700 Office Expenses
2025-05-01T02:19:51,Purchase,"BLACKHAWK NETWORK, INC.",  (100.00),CAD,Cash,,,,Karina Plazola,**** 2636,,,,,,,,5700 Office Expenses
2025-05-02T02:21:09,Purchase,"BLACKHAWK NETWORK, INC.",  (90.00),CAD,Cash,,,,Karina Plazola,**** 2636,,,,,,,,5700 Office Expenses
2025-05-02T02:21:09,Purchase,"BLACKHAWK NETWORK, INC.","  (1,500.00)",CAD,Cash,,,,Karina Plazola,**** 2636,,,,,,,,5700 Office Expenses
2025-05-03T02:19:57,Purchase,"BLACKHAWK NETWORK, INC.",  (100.00),CAD,Cash,,,,Karina Plazola,**** 2636,,,,,,,,5700 Office Expenses
2025-05-03T02:19:58,Purchase,"BLACKHAWK NETWORK, INC.",  (100.00),CAD,Cash,,,,Karina Plazola,**** 2636,,,,,,,,5700 Office Expenses
2025-05-04T02:10:22,Purchase,"BLACKHAWK NETWORK, INC.",  (100.00),CAD,Cash,,,,Karina Plazola,**** 2636,,,,,,,,5700 Office Expenses
2025-05-04T02:10:25,Purchase,"BLACKHAWK NETWORK, INC.",  (100.00),CAD,Cash,,,,Karina Plazola,**** 2636,,,,,,,,5700 Office Expenses
2025-05-07T02:21:36,Purchase,"BLACKHAWK NETWORK, INC.",  (500.00),CAD,Cash,,,,Karina Plazola,**** 2636,,,,,,,,5700 Office Expenses
2025-06-04T02:22:49,Purchase,"BLACKHAWK NETWORK, INC.",  (30.00),CAD,Cash,,,"This would be for food & beverage, events, prizes, awards etc.",Karina Plazola,**** 1865,,,,,,,,5700 Office Expenses
2025-06-14T02:20:19,Purchase,"BLACKHAWK NETWORK, INC.",  (235.00),CAD,Cash,,,"This would be for food & beverage, events, prizes, awards etc.",Karina Plazola,**** 1865,,,,,,,,5700 Office Expenses
2025-06-29T02:04:38,Purchase,"BLACKHAWK NETWORK, INC.","  (1,000.00)",CAD,Cash,,,,Karina Plazola,**** 2636,,,,,,,,5700 Office Expenses
2025-06-29T02:04:44,Purchase,"BLACKHAWK NETWORK, INC.","  (2,100.00)",CAD,Cash,,,,Karina Plazola,**** 2636,,,,,,,,5700 Office Expenses
2025-07-04T02:24:19,Purchase,"BLACKHAWK NETWORK, INC.",  (290.00),CAD,Cash,,,,Karina Plazola,**** 2636,,,,,,,,5700 Office Expenses
2025-07-05T02:06:31,Purchase,"BLACKHAWK NETWORK, INC.",  (140.00),CAD,Cash,,,,Karina Plazola,**** 2636,,,,,,,,5700 Office Expenses
2025-07-09T02:06:50,Purchase,"BLACKHAWK NETWORK, INC.",  (80.00),CAD,Cash,,,,Karina Plazola,**** 2636,,,,,,,,5700 Office Expenses
2025-07-27T02:05:18,Purchase,"BLACKHAWK NETWORK, INC.",  (250.00),CAD,Cash,,,,Karina Plazola,**** 2636,,,,,,,,5700 Office Expenses
2025-07-27T02:05:19,Purchase,"BLACKHAWK NETWORK, INC.",  (50.00),CAD,Cash,,,,Karina Plazola,**** 2636,,,,,,,,5700 Office Expenses
2025-08-03T02:16:02,Purchase,"BLACKHAWK NETWORK, INC.",  (55.00),CAD,Cash,,,,Karina Plazola,**** 2636,,,,,,,,5700 Office Expenses
2025-08-10T02:08:12,Purchase,"BLACKHAWK NETWORK, INC.",  (200.00),CAD,Cash,,,,Karina Plazola,**** 2636,,,,,,,,5700 Office Expenses
2025-08-16T02:14:58,Purchase,"BLACKHAWK NETWORK, INC.","  (1,031.80)",CAD,Cash,,,,Karina Plazola,**** 2636,,,,,,,,5700 Office Expenses
2025-08-17T02:07:13,Purchase,"BLACKHAWK NETWORK, INC.",  (257.95),CAD,Cash,,,"This would be for food & beverage, events, prizes, awards etc.",Karina Plazola,**** 1865,,,,,,,,5700 Office Expenses
2025-08-24T02:14:21,Purchase,"BLACKHAWK NETWORK, INC.",  (200.00),CAD,Cash,,,,Karina Plazola,**** 2636,,,,,,,,5700 Office Expenses
2025-08-24T02:14:26,Purchase,"BLACKHAWK NETWORK, INC.",  (25.00),CAD,Cash,,,,Karina Plazola,**** 2636,,,,,,,,5700 Office Expenses
2025-08-31T02:11:08,Purchase,"BLACKHAWK NETWORK, INC.",  (50.00),CAD,Cash,,,,Karina Plazola,**** 2636,,,,,,,,5700 Office Expenses
2025-09-07T02:08:27,Purchase,"BLACKHAWK NETWORK, INC.",  (100.00),CAD,Cash,,,"This would be for food & beverage, events, prizes, awards etc.",Karina Plazola,**** 1865,,,,,,,,5700 Office Expenses
2025-09-20T02:16:41,Purchase,"BLACKHAWK NETWORK, INC.",  (20.00),CAD,Cash,,,,Karina Plazola,**** 2636,,,,,,,,5700 Office Expenses
2025-10-05T02:10:56,Purchase,"BLACKHAWK NETWORK, INC.",  (20.00),CAD,Cash,,,"This would be for food & beverage, events, prizes, awards etc.",Karina Plazola,**** 1865,,,,,,,,5700 Office Expenses
2025-10-09T02:03:46,Purchase,"BLACKHAWK NETWORK, INC.",  (94.00),CAD,Cash,,,"This would be for food & beverage, events, prizes, awards etc.",Karina Plazola,**** 1865,,,,,,,,5700 Office Expenses
2025-11-06T00:04:51,Purchase,"BLACKHAWK NETWORK, INC.",  (257.95),CAD,Cash,,,,Karina Plazola,**** 2636,,,,,,,,5700 Office Expenses
2025-11-06T22:19:00,Purchase,"BLACKHAWK NETWORK, INC.",  (99.00),CAD,Cash,,,,Karina Plazola,**** 2636,,,,,,,,5700 Office Expenses
2025-11-14T22:12:40,Purchase,"BLACKHAWK NETWORK, INC.",  (90.00),CAD,Cash,,,,Karina Plazola,**** 2636,,,,,,,,5700 Office Expenses
2025-11-26T22:23:34,Purchase,"BLACKHAWK NETWORK, INC.",  (110.00),CAD,Cash,,,"This would be for food & beverage, events, prizes, awards etc.",Karina Plazola,**** 1865,,,,,,,,5700 Office Expenses
2025-12-11T22:42:27,Purchase,"BLACKHAWK NETWORK, INC.",  (355.00),CAD,Cash,,,,Karina Plazola,**** 2636,,,,,,,,5700 Office Expenses
2025-12-28T00:39:32,Purchase,"BLACKHAWK NETWORK, INC.",  (55.00),CAD,Cash,,,,Karina Plazola,**** 2636,,,,,,,,5700 Office Expenses
2025-04-17T04:26:43,Purchase,AMAZON.COM * 789FP2YC3,  (100.00),CAD,Cash,,,"This would be for food & beverage, events, prizes, awards etc.",Karina Plazola,**** 1865,,,,,,,,5700 Office Expenses
2025-04-18T03:56:52,Purchase,AMAZON.COM * HV5WX6263,  (550.00),CAD,Cash,,,"This would be for food & beverage, events, prizes, awards etc.",Karina Plazola,**** 1865,,,,,,,,5700 Office Expenses
2025-03-21T04:26:22,Purchase,APPLE.COM/CA,  (215.43),CAD,Cash,,,,Karina Plazola,**** 9909,,,,,,,,5700 Office Expenses
2025-04-06T03:56:48,Purchase,APPLE.COM/CA,  (550.00),CAD,Cash,,,,Karina Plazola,**** 9909,,,,,,,,5700 Office Expenses
2025-12-31T23:47:47,Purchase,BITLY.COM,  (48.71),CAD,Cash,35,USD,"Requesting funds, as discussed, for Marketing costs for things such as Zapier and Asana. Thanks!",Hector Alfonso Pertierra Marin,**** 3032,,,,,,,1.391714,5700 Office Expenses
2025-01-01T02:26:53,Purchase,"BLACKHAWK NETWORK, INC.",  (50.00),CAD,Cash,,,,Karina Plazola,**** 2636,,,,,,,,5700 Office Expenses
2025-01-01T02:26:54,Purchase,"BLACKHAWK NETWORK, INC.",  (60.00),CAD,Cash,,,,Karina Plazola,**** 2636,,,,,,,,5700 Office Expenses
2025-01-01T02:26:54,Purchase,"BLACKHAWK NETWORK, INC.",  (60.00),CAD,Cash,,,,Karina Plazola,**** 2636,,,,,,,,5700 Office Expenses
2025-01-01T02:26:55,Purchase,"BLACKHAWK NETWORK, INC.",  (65.00),CAD,Cash,,,,Karina Plazola,**** 2636,,,,,,,,5700 Office Expenses
2025-01-04T01:47:02,Purchase,"BLACKHAWK NETWORK, INC.",  (10.00),CAD,Cash,,,,Karina Plazola,**** 2636,,,,,,,,5700 Office Expenses
2025-01-08T03:01:41,Purchase,"BLACKHAWK NETWORK, INC.",  (90.00),CAD,Cash,,,,Karina Plazola,**** 2636,,,,,,,,5700 Office Expenses
2025-01-08T03:01:42,Purchase,"BLACKHAWK NETWORK, INC.",  (60.00),CAD,Cash,,,,Karina Plazola,**** 2636,,,,,,,,5700 Office Expenses
2025-01-08T03:01:43,Purchase,"BLACKHAWK NETWORK, INC.",  (50.00),CAD,Cash,,,,Karina Plazola,**** 2636,,,,,,,,5700 Office Expenses
2025-01-08T03:01:43,Purchase,"BLACKHAWK NETWORK, INC.",  (55.00),CAD,Cash,,,,Karina Plazola,**** 2636,,,,,,,,5700 Office Expenses
2025-01-10T01:32:18,Purchase,"BLACKHAWK NETWORK, INC.",  (90.00),CAD,Cash,,,"This would be for food & beverage, events, prizes, awards etc.",Karina Plazola,**** 1865,,,,,,,,5700 Office Expenses
2025-01-10T01:32:19,Purchase,"BLACKHAWK NETWORK, INC.",  (157.95),CAD,Cash,,,"This would be for food & beverage, events, prizes, awards etc.",Karina Plazola,**** 1865,,,,,,,,5700 Office Expenses
2025-08-26T02:14:26,Refund,Blink Commerce Private Li,  7.20 ,CAD,Cash,5.13,USD,,Harjot Kaur,**** 9999,,,,,,,1.403509,5700 Office Expenses
2025-08-26T02:16:16,Purchase,Blink Commerce Private Li,  (7.26),CAD,Cash,5.13,USD,Refunded,Harjot Kaur,**** 9999,,,,,,,1.415205,5700 Office Expenses
2025-08-29T03:44:42,Purchase,Blink Commerce Private Li,  (5.14),CAD,Cash,320,INR,Bouquet on Farewell of an employee,Harjot Kaur,**** 9999,,,,,,,0.016063,5700 Office Expenses
2025-02-08T01:16:12,Purchase,BLUE DART EXPRESS LIMI,  (53.50),CAD,Cash,3209,INR,,Harjot Kaur,**** 9999,,,,,,,0.016672,5700 Office Expenses
2025-02-18T01:49:19,Purchase,BLUE DART EXPRESS LIMI,  (53.31),CAD,Cash,3209,INR,,Harjot Kaur,**** 9999,,,,,,,0.016613,5700 Office Expenses
2025-04-18T02:15:46,Purchase,BLUE DART EXPRESS LIMI,  (37.17),CAD,Cash,2242,INR,Courier iPhone to Preksha for QA testing ,Harjot Kaur,**** 9999,,,,,,,0.016579,5700 Office Expenses
2025-04-18T02:15:46,Purchase,BLUE DART EXPRESS LIMI,  (60.66),CAD,Cash,3658,INR,Courier i phone to QA - Sapna mali for testing ,Harjot Kaur,**** 9999,,,,,,,0.016583,5700 Office Expenses
2025-05-16T02:19:39,Purchase,BLUE DART EXPRESS LIMI,  (59.69),CAD,Cash,3572,INR,,Harjot Kaur,**** 9999,,,,,,,0.016711,5700 Office Expenses
2025-10-16T02:16:15,Purchase,BLUE DART EXPRESS LIMI,  (40.01),CAD,Cash,2483,INR,Courier for dispatching laptop to an employee,Harjot Kaur,**** 9999,,,,,,,0.016114,5700 Office Expenses
2025-01-31T01:20:08,Purchase,CANADIAN BOAT SHOWS,  (27.00),CAD,Cash,,,"Passtime GPS renewals for the Spring Auto Financial product we manage for Cypress Hill.  Use Passtime platform to reduce risk and prevent losses on vehicles in the Cypress portfolio.

6/20/2022 - Updated Card Limit to $1000 needed to match renewal requirements",Emily Gardner,**** 9954,,,,,,,,5700 Office Expenses
2025-01-04T01:14:19,Purchase,CANADIAN TIRE,  (495.86),CAD,Cash,,,,Erin Baile,**** 7197,,,,,,,,5700 Office Expenses
2025-01-04T01:14:13,Purchase,CANADIAN TIRE #389,  (518.58),CAD,Cash,,,,Erin Baile,**** 7197,,,,,,,,5700 Office Expenses
2025-01-11T01:42:25,Purchase,"BLACKHAWK NETWORK, INC.",  (90.00),CAD,Cash,,,,Karina Plazola,**** 2636,,,,,,,,5700 Office Expenses
2025-11-18T04:16:49,Purchase,CARFAX *CARFAX.COM,  (64.16),CAD,Cash,44.99,USD,,Emily Gardner,**** 1021,,,,,,,1.426095,5700 Office Expenses
2025-08-02T06:16:45,Purchase,CARFAX CANADA ULC,  (73.45),CAD,Cash,,,"Passtime GPS renewals for the Spring Auto Financial product we manage for Cypress Hill.  Use Passtime platform to reduce risk and prevent losses on vehicles in the Cypress portfolio.

6/20/2022 - Updated Card Limit to $1000 needed to match renewal requirements",Emily Gardner,**** 9954,,,,,,,,5700 Office Expenses
2025-08-02T06:16:46,Purchase,CARFAX CANADA ULC,  (73.45),CAD,Cash,,,"Passtime GPS renewals for the Spring Auto Financial product we manage for Cypress Hill.  Use Passtime platform to reduce risk and prevent losses on vehicles in the Cypress portfolio.

6/20/2022 - Updated Card Limit to $1000 needed to match renewal requirements",Emily Gardner,**** 9954,,,,,,,,5700 Office Expenses
2025-08-07T04:25:13,Purchase,CARFAX CANADA ULC,  (73.45),CAD,Cash,,,"Passtime GPS renewals for the Spring Auto Financial product we manage for Cypress Hill.  Use Passtime platform to reduce risk and prevent losses on vehicles in the Cypress portfolio.

6/20/2022 - Updated Card Limit to $1000 needed to match renewal requirements",Emily Gardner,**** 9954,,,,,,,,5700 Office Expenses
2025-08-08T04:39:21,Purchase,CARFAX CANADA ULC,  (73.45),CAD,Cash,,,"Passtime GPS renewals for the Spring Auto Financial product we manage for Cypress Hill.  Use Passtime platform to reduce risk and prevent losses on vehicles in the Cypress portfolio.

6/20/2022 - Updated Card Limit to $1000 needed to match renewal requirements",Emily Gardner,**** 9954,,,,,,,,5700 Office Expenses
2025-08-09T04:00:44,Purchase,CARFAX CANADA ULC,  (94.45),CAD,Cash,,,"Passtime GPS renewals for the Spring Auto Financial product we manage for Cypress Hill.  Use Passtime platform to reduce risk and prevent losses on vehicles in the Cypress portfolio.

6/20/2022 - Updated Card Limit to $1000 needed to match renewal requirements",Emily Gardner,**** 9954,,,,,,,,5700 Office Expenses
2025-08-09T04:00:45,Purchase,CARFAX CANADA ULC,  (73.45),CAD,Cash,,,"Passtime GPS renewals for the Spring Auto Financial product we manage for Cypress Hill.  Use Passtime platform to reduce risk and prevent losses on vehicles in the Cypress portfolio.

6/20/2022 - Updated Card Limit to $1000 needed to match renewal requirements",Emily Gardner,**** 9954,,,,,,,,5700 Office Expenses
2025-08-12T05:34:44,Purchase,CARFAX CANADA ULC,  (73.45),CAD,Cash,,,"Passtime GPS renewals for the Spring Auto Financial product we manage for Cypress Hill.  Use Passtime platform to reduce risk and prevent losses on vehicles in the Cypress portfolio.

6/20/2022 - Updated Card Limit to $1000 needed to match renewal requirements",Emily Gardner,**** 9954,,,,,,,,5700 Office Expenses
2025-08-15T04:04:35,Purchase,CARFAX CANADA ULC,  (73.45),CAD,Cash,,,"Passtime GPS renewals for the Spring Auto Financial product we manage for Cypress Hill.  Use Passtime platform to reduce risk and prevent losses on vehicles in the Cypress portfolio.

6/20/2022 - Updated Card Limit to $1000 needed to match renewal requirements",Emily Gardner,**** 9954,,,,,,,,5700 Office Expenses
2025-08-15T04:04:35,Purchase,CARFAX CANADA ULC,  (73.45),CAD,Cash,,,"Passtime GPS renewals for the Spring Auto Financial product we manage for Cypress Hill.  Use Passtime platform to reduce risk and prevent losses on vehicles in the Cypress portfolio.

6/20/2022 - Updated Card Limit to $1000 needed to match renewal requirements",Emily Gardner,**** 9954,,,,,,,,5700 Office Expenses
2025-08-24T06:07:19,Purchase,CARFAX CANADA ULC,  (73.45),CAD,Cash,,,"Passtime GPS renewals for the Spring Auto Financial product we manage for Cypress Hill.  Use Passtime platform to reduce risk and prevent losses on vehicles in the Cypress portfolio.

6/20/2022 - Updated Card Limit to $1000 needed to match renewal requirements",Emily Gardner,**** 9954,,,,,,,,5700 Office Expenses
2025-08-25T05:58:54,Purchase,CARFAX CANADA ULC,  (73.45),CAD,Cash,,,"Passtime GPS renewals for the Spring Auto Financial product we manage for Cypress Hill.  Use Passtime platform to reduce risk and prevent losses on vehicles in the Cypress portfolio.

6/20/2022 - Updated Card Limit to $1000 needed to match renewal requirements",Emily Gardner,**** 9954,,,,,,,,5700 Office Expenses
2025-08-27T04:55:38,Purchase,CARFAX CANADA ULC,  (73.45),CAD,Cash,,,"Passtime GPS renewals for the Spring Auto Financial product we manage for Cypress Hill.  Use Passtime platform to reduce risk and prevent losses on vehicles in the Cypress portfolio.

6/20/2022 - Updated Card Limit to $1000 needed to match renewal requirements",Emily Gardner,**** 9954,,,,,,,,5700 Office Expenses
2025-08-28T04:12:41,Purchase,CARFAX CANADA ULC,  (73.45),CAD,Cash,,,"Passtime GPS renewals for the Spring Auto Financial product we manage for Cypress Hill.  Use Passtime platform to reduce risk and prevent losses on vehicles in the Cypress portfolio.

6/20/2022 - Updated Card Limit to $1000 needed to match renewal requirements",Emily Gardner,**** 9954,,,,,,,,5700 Office Expenses
2025-09-04T04:01:34,Purchase,CARFAX CANADA ULC,  (73.45),CAD,Cash,,,"Passtime GPS renewals for the Spring Auto Financial product we manage for Cypress Hill.  Use Passtime platform to reduce risk and prevent losses on vehicles in the Cypress portfolio.

6/20/2022 - Updated Card Limit to $1000 needed to match renewal requirements",Emily Gardner,**** 9954,,,,,,,,5700 Office Expenses
2025-09-05T05:51:03,Purchase,CARFAX CANADA ULC,  (73.45),CAD,Cash,,,"Passtime GPS renewals for the Spring Auto Financial product we manage for Cypress Hill.  Use Passtime platform to reduce risk and prevent losses on vehicles in the Cypress portfolio.

6/20/2022 - Updated Card Limit to $1000 needed to match renewal requirements",Emily Gardner,**** 9954,,,,,,,,5700 Office Expenses
2025-09-05T05:51:03,Purchase,CARFAX CANADA ULC,  (73.45),CAD,Cash,,,"Passtime GPS renewals for the Spring Auto Financial product we manage for Cypress Hill.  Use Passtime platform to reduce risk and prevent losses on vehicles in the Cypress portfolio.

6/20/2022 - Updated Card Limit to $1000 needed to match renewal requirements",Emily Gardner,**** 9954,,,,,,,,5700 Office Expenses
2025-09-06T05:53:27,Purchase,CARFAX CANADA ULC,  (73.45),CAD,Cash,,,"Passtime GPS renewals for the Spring Auto Financial product we manage for Cypress Hill.  Use Passtime platform to reduce risk and prevent losses on vehicles in the Cypress portfolio.

6/20/2022 - Updated Card Limit to $1000 needed to match renewal requirements",Emily Gardner,**** 9954,,,,,,,,5700 Office Expenses
2025-09-06T05:53:29,Purchase,CARFAX CANADA ULC,  (73.45),CAD,Cash,,,"Passtime GPS renewals for the Spring Auto Financial product we manage for Cypress Hill.  Use Passtime platform to reduce risk and prevent losses on vehicles in the Cypress portfolio.

6/20/2022 - Updated Card Limit to $1000 needed to match renewal requirements",Emily Gardner,**** 9954,,,,,,,,5700 Office Expenses
2025-09-06T05:53:31,Purchase,CARFAX CANADA ULC,  (73.45),CAD,Cash,,,"Passtime GPS renewals for the Spring Auto Financial product we manage for Cypress Hill.  Use Passtime platform to reduce risk and prevent losses on vehicles in the Cypress portfolio.

6/20/2022 - Updated Card Limit to $1000 needed to match renewal requirements",Emily Gardner,**** 9954,,,,,,,,5700 Office Expenses
2025-09-09T05:19:22,Purchase,CARFAX CANADA ULC,  (73.45),CAD,Cash,,,"Passtime GPS renewals for the Spring Auto Financial product we manage for Cypress Hill.  Use Passtime platform to reduce risk and prevent losses on vehicles in the Cypress portfolio.

6/20/2022 - Updated Card Limit to $1000 needed to match renewal requirements",Emily Gardner,**** 9954,,,,,,,,5700 Office Expenses
2025-09-09T05:19:23,Purchase,CARFAX CANADA ULC,  (73.45),CAD,Cash,,,"Passtime GPS renewals for the Spring Auto Financial product we manage for Cypress Hill.  Use Passtime platform to reduce risk and prevent losses on vehicles in the Cypress portfolio.

6/20/2022 - Updated Card Limit to $1000 needed to match renewal requirements",Emily Gardner,**** 9954,,,,,,,,5700 Office Expenses
2025-09-10T04:48:24,Purchase,CARFAX CANADA ULC,  (73.45),CAD,Cash,,,"Passtime GPS renewals for the Spring Auto Financial product we manage for Cypress Hill.  Use Passtime platform to reduce risk and prevent losses on vehicles in the Cypress portfolio.

6/20/2022 - Updated Card Limit to $1000 needed to match renewal requirements",Emily Gardner,**** 9954,,,,,,,,5700 Office Expenses
2025-09-10T04:48:25,Purchase,CARFAX CANADA ULC,  (94.45),CAD,Cash,,,"Passtime GPS renewals for the Spring Auto Financial product we manage for Cypress Hill.  Use Passtime platform to reduce risk and prevent losses on vehicles in the Cypress portfolio.

6/20/2022 - Updated Card Limit to $1000 needed to match renewal requirements",Emily Gardner,**** 9954,,,,,,,,5700 Office Expenses
2025-09-10T04:48:25,Purchase,CARFAX CANADA ULC,  (73.45),CAD,Cash,,,"Passtime GPS renewals for the Spring Auto Financial product we manage for Cypress Hill.  Use Passtime platform to reduce risk and prevent losses on vehicles in the Cypress portfolio.

6/20/2022 - Updated Card Limit to $1000 needed to match renewal requirements",Emily Gardner,**** 9954,,,,,,,,5700 Office Expenses
2025-09-10T04:48:25,Purchase,CARFAX CANADA ULC,  (94.45),CAD,Cash,,,"Passtime GPS renewals for the Spring Auto Financial product we manage for Cypress Hill.  Use Passtime platform to reduce risk and prevent losses on vehicles in the Cypress portfolio.

6/20/2022 - Updated Card Limit to $1000 needed to match renewal requirements",Emily Gardner,**** 9954,,,,,,,,5700 Office Expenses
2025-09-10T04:48:26,Purchase,CARFAX CANADA ULC,  (73.45),CAD,Cash,,,"Passtime GPS renewals for the Spring Auto Financial product we manage for Cypress Hill.  Use Passtime platform to reduce risk and prevent losses on vehicles in the Cypress portfolio.

6/20/2022 - Updated Card Limit to $1000 needed to match renewal requirements",Emily Gardner,**** 9954,,,,,,,,5700 Office Expenses
2025-09-11T04:01:20,Purchase,CARFAX CANADA ULC,  (73.45),CAD,Cash,,,"Passtime GPS renewals for the Spring Auto Financial product we manage for Cypress Hill.  Use Passtime platform to reduce risk and prevent losses on vehicles in the Cypress portfolio.

6/20/2022 - Updated Card Limit to $1000 needed to match renewal requirements",Emily Gardner,**** 9954,,,,,,,,5700 Office Expenses
2025-09-12T05:47:44,Purchase,CARFAX CANADA ULC,  (73.45),CAD,Cash,,,"Passtime GPS renewals for the Spring Auto Financial product we manage for Cypress Hill.  Use Passtime platform to reduce risk and prevent losses on vehicles in the Cypress portfolio.

6/20/2022 - Updated Card Limit to $1000 needed to match renewal requirements",Emily Gardner,**** 9954,,,,,,,,5700 Office Expenses
2025-09-13T05:57:19,Purchase,CARFAX CANADA ULC,  (73.45),CAD,Cash,,,"Passtime GPS renewals for the Spring Auto Financial product we manage for Cypress Hill.  Use Passtime platform to reduce risk and prevent losses on vehicles in the Cypress portfolio.

6/20/2022 - Updated Card Limit to $1000 needed to match renewal requirements",Emily Gardner,**** 9954,,,,,,,,5700 Office Expenses
2025-09-13T05:57:20,Purchase,CARFAX CANADA ULC,  (73.45),CAD,Cash,,,"Passtime GPS renewals for the Spring Auto Financial product we manage for Cypress Hill.  Use Passtime platform to reduce risk and prevent losses on vehicles in the Cypress portfolio.

6/20/2022 - Updated Card Limit to $1000 needed to match renewal requirements",Emily Gardner,**** 9954,,,,,,,,5700 Office Expenses
2025-09-16T05:23:24,Purchase,CARFAX CANADA ULC,  (73.45),CAD,Cash,,,"Passtime GPS renewals for the Spring Auto Financial product we manage for Cypress Hill.  Use Passtime platform to reduce risk and prevent losses on vehicles in the Cypress portfolio.

6/20/2022 - Updated Card Limit to $1000 needed to match renewal requirements",Emily Gardner,**** 9954,,,,,,,,5700 Office Expenses
2025-09-17T04:10:03,Purchase,CARFAX CANADA ULC,  (73.45),CAD,Cash,,,"Passtime GPS renewals for the Spring Auto Financial product we manage for Cypress Hill.  Use Passtime platform to reduce risk and prevent losses on vehicles in the Cypress portfolio.

6/20/2022 - Updated Card Limit to $1000 needed to match renewal requirements",Emily Gardner,**** 9954,,,,,,,,5700 Office Expenses
2025-09-17T04:10:04,Purchase,CARFAX CANADA ULC,  (73.45),CAD,Cash,,,"Passtime GPS renewals for the Spring Auto Financial product we manage for Cypress Hill.  Use Passtime platform to reduce risk and prevent losses on vehicles in the Cypress portfolio.

6/20/2022 - Updated Card Limit to $1000 needed to match renewal requirements",Emily Gardner,**** 9954,,,,,,,,5700 Office Expenses
2025-09-17T04:10:06,Purchase,CARFAX CANADA ULC,  (73.45),CAD,Cash,,,"Passtime GPS renewals for the Spring Auto Financial product we manage for Cypress Hill.  Use Passtime platform to reduce risk and prevent losses on vehicles in the Cypress portfolio.

6/20/2022 - Updated Card Limit to $1000 needed to match renewal requirements",Emily Gardner,**** 9954,,,,,,,,5700 Office Expenses
2025-09-18T03:54:49,Purchase,CARFAX CANADA ULC,  (73.45),CAD,Cash,,,,Emily Gardner,**** 1021,,,,,,,,5700 Office Expenses
2025-09-19T06:08:38,Purchase,CARFAX CANADA ULC,  (73.45),CAD,Cash,,,,Emily Gardner,**** 1021,,,,,,,,5700 Office Expenses
2025-09-23T05:15:15,Purchase,CARFAX CANADA ULC,  (73.45),CAD,Cash,,,,Emily Gardner,**** 1021,,,,,,,,5700 Office Expenses
2025-09-23T05:15:16,Purchase,CARFAX CANADA ULC,  (73.45),CAD,Cash,,,,Emily Gardner,**** 1021,,,,,,,,5700 Office Expenses
2025-09-23T05:15:17,Purchase,CARFAX CANADA ULC,  (73.45),CAD,Cash,,,,Emily Gardner,**** 1021,,,,,,,,5700 Office Expenses
2025-09-23T05:15:20,Purchase,CARFAX CANADA ULC,  (21.00),CAD,Cash,,,,Emily Gardner,**** 1021,,,,,,,,5700 Office Expenses
2025-09-24T04:30:05,Purchase,CARFAX CANADA ULC,  (73.45),CAD,Cash,,,,Emily Gardner,**** 1021,,,,,,,,5700 Office Expenses
2025-09-25T04:01:35,Purchase,CARFAX CANADA ULC,  (73.45),CAD,Cash,,,,Emily Gardner,**** 1021,,,,,,,,5700 Office Expenses
2025-09-25T04:01:37,Purchase,CARFAX CANADA ULC,  (73.45),CAD,Cash,,,,Emily Gardner,**** 1021,,,,,,,,5700 Office Expenses
2025-09-26T06:18:51,Purchase,CARFAX CANADA ULC,  (73.45),CAD,Cash,,,,Emily Gardner,**** 1021,,,,,,,,5700 Office Expenses
2025-09-26T06:18:54,Purchase,CARFAX CANADA ULC,  (73.45),CAD,Cash,,,,Emily Gardner,**** 1021,,,,,,,,5700 Office Expenses
2025-10-01T04:02:45,Purchase,CARFAX CANADA ULC,  (73.45),CAD,Cash,,,"Passtime GPS renewals for the Spring Auto Financial product we manage for Cypress Hill.  Use Passtime platform to reduce risk and prevent losses on vehicles in the Cypress portfolio.

6/20/2022 - Updated Card Limit to $1000 needed to match renewal requirements",Emily Gardner,**** 9954,,,,,,,,5700 Office Expenses
2025-10-03T05:58:17,Purchase,CARFAX CANADA ULC,  (102.85),CAD,Cash,,,,Emily Gardner,**** 1021,,,,,,,,5700 Office Expenses
2025-10-04T05:44:35,Purchase,CARFAX CANADA ULC,  (81.85),CAD,Cash,,,"Passtime GPS renewals for the Spring Auto Financial product we manage for Cypress Hill.  Use Passtime platform to reduce risk and prevent losses on vehicles in the Cypress portfolio.

6/20/2022 - Updated Card Limit to $1000 needed to match renewal requirements",Emily Gardner,**** 9954,,,,,,,,5700 Office Expenses
2025-10-07T05:13:21,Purchase,CARFAX CANADA ULC,  (81.85),CAD,Cash,,,"Passtime GPS renewals for the Spring Auto Financial product we manage for Cypress Hill.  Use Passtime platform to reduce risk and prevent losses on vehicles in the Cypress portfolio.

6/20/2022 - Updated Card Limit to $1000 needed to match renewal requirements",Emily Gardner,**** 9954,,,,,,,,5700 Office Expenses
2025-10-07T05:13:33,Purchase,CARFAX CANADA ULC,  (81.85),CAD,Cash,,,"Passtime GPS renewals for the Spring Auto Financial product we manage for Cypress Hill.  Use Passtime platform to reduce risk and prevent losses on vehicles in the Cypress portfolio.

6/20/2022 - Updated Card Limit to $1000 needed to match renewal requirements",Emily Gardner,**** 9954,,,,,,,,5700 Office Expenses
2025-10-08T04:08:35,Purchase,CARFAX CANADA ULC,  (81.85),CAD,Cash,,,"Passtime GPS renewals for the Spring Auto Financial product we manage for Cypress Hill.  Use Passtime platform to reduce risk and prevent losses on vehicles in the Cypress portfolio.

6/20/2022 - Updated Card Limit to $1000 needed to match renewal requirements",Emily Gardner,**** 9954,,,,,,,,5700 Office Expenses
2025-10-10T06:14:00,Purchase,CARFAX CANADA ULC,  (81.85),CAD,Cash,,,"Passtime GPS renewals for the Spring Auto Financial product we manage for Cypress Hill.  Use Passtime platform to reduce risk and prevent losses on vehicles in the Cypress portfolio.

6/20/2022 - Updated Card Limit to $1000 needed to match renewal requirements",Emily Gardner,**** 9954,,,,,,,,5700 Office Expenses
2025-10-16T03:59:36,Purchase,CARFAX CANADA ULC,  (81.85),CAD,Cash,,,"Passtime GPS renewals for the Spring Auto Financial product we manage for Cypress Hill.  Use Passtime platform to reduce risk and prevent losses on vehicles in the Cypress portfolio.

6/20/2022 - Updated Card Limit to $1000 needed to match renewal requirements",Emily Gardner,**** 9954,,,,,,,,5700 Office Expenses
2025-10-17T05:48:06,Purchase,CARFAX CANADA ULC,  (102.85),CAD,Cash,,,"Passtime GPS renewals for the Spring Auto Financial product we manage for Cypress Hill.  Use Passtime platform to reduce risk and prevent losses on vehicles in the Cypress portfolio.

6/20/2022 - Updated Card Limit to $1000 needed to match renewal requirements",Emily Gardner,**** 9954,,,,,,,,5700 Office Expenses
2025-10-17T05:48:06,Purchase,CARFAX CANADA ULC,  (102.85),CAD,Cash,,,"Passtime GPS renewals for the Spring Auto Financial product we manage for Cypress Hill.  Use Passtime platform to reduce risk and prevent losses on vehicles in the Cypress portfolio.

6/20/2022 - Updated Card Limit to $1000 needed to match renewal requirements",Emily Gardner,**** 9954,,,,,,,,5700 Office Expenses
2025-10-17T05:48:06,Purchase,CARFAX CANADA ULC,  (81.85),CAD,Cash,,,"Passtime GPS renewals for the Spring Auto Financial product we manage for Cypress Hill.  Use Passtime platform to reduce risk and prevent losses on vehicles in the Cypress portfolio.

6/20/2022 - Updated Card Limit to $1000 needed to match renewal requirements",Emily Gardner,**** 9954,,,,,,,,5700 Office Expenses
2025-10-18T05:47:34,Purchase,CARFAX CANADA ULC,  (81.85),CAD,Cash,,,"Passtime GPS renewals for the Spring Auto Financial product we manage for Cypress Hill.  Use Passtime platform to reduce risk and prevent losses on vehicles in the Cypress portfolio.

6/20/2022 - Updated Card Limit to $1000 needed to match renewal requirements",Emily Gardner,**** 9954,,,,,,,,5700 Office Expenses
2025-10-18T05:47:34,Purchase,CARFAX CANADA ULC,  (81.85),CAD,Cash,,,"Passtime GPS renewals for the Spring Auto Financial product we manage for Cypress Hill.  Use Passtime platform to reduce risk and prevent losses on vehicles in the Cypress portfolio.

6/20/2022 - Updated Card Limit to $1000 needed to match renewal requirements",Emily Gardner,**** 9954,,,,,,,,5700 Office Expenses
2025-10-18T05:47:35,Purchase,CARFAX CANADA ULC,  (102.85),CAD,Cash,,,"Passtime GPS renewals for the Spring Auto Financial product we manage for Cypress Hill.  Use Passtime platform to reduce risk and prevent losses on vehicles in the Cypress portfolio.

6/20/2022 - Updated Card Limit to $1000 needed to match renewal requirements",Emily Gardner,**** 9954,,,,,,,,5700 Office Expenses
2025-10-21T05:21:55,Purchase,CARFAX CANADA ULC,  (102.85),CAD,Cash,,,"Passtime GPS renewals for the Spring Auto Financial product we manage for Cypress Hill.  Use Passtime platform to reduce risk and prevent losses on vehicles in the Cypress portfolio.

6/20/2022 - Updated Card Limit to $1000 needed to match renewal requirements",Emily Gardner,**** 9954,,,,,,,,5700 Office Expenses
2025-10-21T05:21:56,Purchase,CARFAX CANADA ULC,  (81.85),CAD,Cash,,,"Passtime GPS renewals for the Spring Auto Financial product we manage for Cypress Hill.  Use Passtime platform to reduce risk and prevent losses on vehicles in the Cypress portfolio.

6/20/2022 - Updated Card Limit to $1000 needed to match renewal requirements",Emily Gardner,**** 9954,,,,,,,,5700 Office Expenses
2025-10-22T04:32:29,Purchase,CARFAX CANADA ULC,  (102.85),CAD,Cash,,,"Passtime GPS renewals for the Spring Auto Financial product we manage for Cypress Hill.  Use Passtime platform to reduce risk and prevent losses on vehicles in the Cypress portfolio.

6/20/2022 - Updated Card Limit to $1000 needed to match renewal requirements",Emily Gardner,**** 9954,,,,,,,,5700 Office Expenses
2025-10-22T04:32:29,Purchase,CARFAX CANADA ULC,  (81.85),CAD,Cash,,,"Passtime GPS renewals for the Spring Auto Financial product we manage for Cypress Hill.  Use Passtime platform to reduce risk and prevent losses on vehicles in the Cypress portfolio.

6/20/2022 - Updated Card Limit to $1000 needed to match renewal requirements",Emily Gardner,**** 9954,,,,,,,,5700 Office Expenses
2025-10-22T04:32:29,Purchase,CARFAX CANADA ULC,  (102.85),CAD,Cash,,,"Passtime GPS renewals for the Spring Auto Financial product we manage for Cypress Hill.  Use Passtime platform to reduce risk and prevent losses on vehicles in the Cypress portfolio.

6/20/2022 - Updated Card Limit to $1000 needed to match renewal requirements",Emily Gardner,**** 9954,,,,,,,,5700 Office Expenses
2025-10-24T04:05:08,Purchase,CARFAX CANADA ULC,  (81.85),CAD,Cash,,,"Passtime GPS renewals for the Spring Auto Financial product we manage for Cypress Hill.  Use Passtime platform to reduce risk and prevent losses on vehicles in the Cypress portfolio.

6/20/2022 - Updated Card Limit to $1000 needed to match renewal requirements",Emily Gardner,**** 9954,,,,,,,,5700 Office Expenses
2025-10-24T04:05:09,Purchase,CARFAX CANADA ULC,  (102.85),CAD,Cash,,,"Passtime GPS renewals for the Spring Auto Financial product we manage for Cypress Hill.  Use Passtime platform to reduce risk and prevent losses on vehicles in the Cypress portfolio.

6/20/2022 - Updated Card Limit to $1000 needed to match renewal requirements",Emily Gardner,**** 9954,,,,,,,,5700 Office Expenses
2025-10-24T04:05:09,Purchase,CARFAX CANADA ULC,  (81.85),CAD,Cash,,,"Passtime GPS renewals for the Spring Auto Financial product we manage for Cypress Hill.  Use Passtime platform to reduce risk and prevent losses on vehicles in the Cypress portfolio.

6/20/2022 - Updated Card Limit to $1000 needed to match renewal requirements",Emily Gardner,**** 9954,,,,,,,,5700 Office Expenses
2025-10-25T05:52:15,Purchase,CARFAX CANADA ULC,  (81.85),CAD,Cash,,,"Passtime GPS renewals for the Spring Auto Financial product we manage for Cypress Hill.  Use Passtime platform to reduce risk and prevent losses on vehicles in the Cypress portfolio.

6/20/2022 - Updated Card Limit to $1000 needed to match renewal requirements",Emily Gardner,**** 9954,,,,,,,,5700 Office Expenses
2025-10-25T05:52:16,Purchase,CARFAX CANADA ULC,  (81.85),CAD,Cash,,,"Passtime GPS renewals for the Spring Auto Financial product we manage for Cypress Hill.  Use Passtime platform to reduce risk and prevent losses on vehicles in the Cypress portfolio.

6/20/2022 - Updated Card Limit to $1000 needed to match renewal requirements",Emily Gardner,**** 9954,,,,,,,,5700 Office Expenses
2025-10-28T04:37:03,Purchase,CARFAX CANADA ULC,  (81.85),CAD,Cash,,,"Passtime GPS renewals for the Spring Auto Financial product we manage for Cypress Hill.  Use Passtime platform to reduce risk and prevent losses on vehicles in the Cypress portfolio.

6/20/2022 - Updated Card Limit to $1000 needed to match renewal requirements",Emily Gardner,**** 9954,,,,,,,,5700 Office Expenses
2025-10-29T04:14:56,Purchase,CARFAX CANADA ULC,  (102.85),CAD,Cash,,,,Emily Gardner,**** 1021,,,,,,,,5700 Office Expenses
2025-10-29T04:14:57,Purchase,CARFAX CANADA ULC,  (81.85),CAD,Cash,,,"Passtime GPS renewals for the Spring Auto Financial product we manage for Cypress Hill.  Use Passtime platform to reduce risk and prevent losses on vehicles in the Cypress portfolio.

6/20/2022 - Updated Card Limit to $1000 needed to match renewal requirements",Emily Gardner,**** 9954,,,,,,,,5700 Office Expenses
2025-10-30T04:18:19,Purchase,CARFAX CANADA ULC,  (81.85),CAD,Cash,,,,Emily Gardner,**** 1021,,,,,,,,5700 Office Expenses
2025-10-30T04:18:20,Purchase,CARFAX CANADA ULC,  (21.00),CAD,Cash,,,,Emily Gardner,**** 1021,,,,,,,,5700 Office Expenses
2025-10-30T04:18:20,Purchase,CARFAX CANADA ULC,  (102.85),CAD,Cash,,,,Emily Gardner,**** 1021,,,,,,,,5700 Office Expenses
2025-10-31T05:56:02,Purchase,CARFAX CANADA ULC,  (81.85),CAD,Cash,,,,Emily Gardner,**** 1021,,,,,,,,5700 Office Expenses
2025-10-31T05:56:03,Purchase,CARFAX CANADA ULC,  (81.85),CAD,Cash,,,,Emily Gardner,**** 1021,,,,,,,,5700 Office Expenses
2025-10-31T05:56:03,Purchase,CARFAX CANADA ULC,  (81.85),CAD,Cash,,,,Emily Gardner,**** 1021,,,,,,,,5700 Office Expenses
2025-10-31T05:56:03,Purchase,CARFAX CANADA ULC,  (81.85),CAD,Cash,,,,Emily Gardner,**** 1021,,,,,,,,5700 Office Expenses
2025-11-01T05:56:21,Purchase,CARFAX CANADA ULC,  (81.85),CAD,Cash,,,,Emily Gardner,**** 1021,,,,,,,,5700 Office Expenses
2025-11-01T05:56:22,Purchase,CARFAX CANADA ULC,  (102.85),CAD,Cash,,,,Emily Gardner,**** 1021,,,,,,,,5700 Office Expenses
2025-11-01T05:56:22,Purchase,CARFAX CANADA ULC,  (81.85),CAD,Cash,,,,Emily Gardner,**** 1021,,,,,,,,5700 Office Expenses
2025-11-04T04:36:13,Purchase,CARFAX CANADA ULC,  (81.85),CAD,Cash,,,"Passtime GPS renewals for the Spring Auto Financial product we manage for Cypress Hill.  Use Passtime platform to reduce risk and prevent losses on vehicles in the Cypress portfolio.

6/20/2022 - Updated Card Limit to $1000 needed to match renewal requirements",Emily Gardner,**** 9954,,,,,,,,5700 Office Expenses
2025-11-04T04:36:13,Purchase,CARFAX CANADA ULC,  (81.85),CAD,Cash,,,"Passtime GPS renewals for the Spring Auto Financial product we manage for Cypress Hill.  Use Passtime platform to reduce risk and prevent losses on vehicles in the Cypress portfolio.

6/20/2022 - Updated Card Limit to $1000 needed to match renewal requirements",Emily Gardner,**** 9954,,,,,,,,5700 Office Expenses
2025-11-04T04:36:13,Purchase,CARFAX CANADA ULC,  (81.85),CAD,Cash,,,"Passtime GPS renewals for the Spring Auto Financial product we manage for Cypress Hill.  Use Passtime platform to reduce risk and prevent losses on vehicles in the Cypress portfolio.

6/20/2022 - Updated Card Limit to $1000 needed to match renewal requirements",Emily Gardner,**** 9954,,,,,,,,5700 Office Expenses
2025-11-05T04:48:48,Purchase,CARFAX CANADA ULC,  (81.85),CAD,Cash,,,"Passtime GPS renewals for the Spring Auto Financial product we manage for Cypress Hill.  Use Passtime platform to reduce risk and prevent losses on vehicles in the Cypress portfolio.

6/20/2022 - Updated Card Limit to $1000 needed to match renewal requirements",Emily Gardner,**** 9954,,,,,,,,5700 Office Expenses
2025-11-05T04:48:48,Purchase,CARFAX CANADA ULC,  (81.85),CAD,Cash,,,"Passtime GPS renewals for the Spring Auto Financial product we manage for Cypress Hill.  Use Passtime platform to reduce risk and prevent losses on vehicles in the Cypress portfolio.

6/20/2022 - Updated Card Limit to $1000 needed to match renewal requirements",Emily Gardner,**** 9954,,,,,,,,5700 Office Expenses
2025-11-05T04:48:49,Purchase,CARFAX CANADA ULC,  (81.85),CAD,Cash,,,"Passtime GPS renewals for the Spring Auto Financial product we manage for Cypress Hill.  Use Passtime platform to reduce risk and prevent losses on vehicles in the Cypress portfolio.

6/20/2022 - Updated Card Limit to $1000 needed to match renewal requirements",Emily Gardner,**** 9954,,,,,,,,5700 Office Expenses
2025-11-06T04:45:04,Purchase,CARFAX CANADA ULC,  (81.85),CAD,Cash,,,"Passtime GPS renewals for the Spring Auto Financial product we manage for Cypress Hill.  Use Passtime platform to reduce risk and prevent losses on vehicles in the Cypress portfolio.

6/20/2022 - Updated Card Limit to $1000 needed to match renewal requirements",Emily Gardner,**** 9954,,,,,,,,5700 Office Expenses
2025-11-06T04:45:04,Purchase,CARFAX CANADA ULC,  (81.85),CAD,Cash,,,"Passtime GPS renewals for the Spring Auto Financial product we manage for Cypress Hill.  Use Passtime platform to reduce risk and prevent losses on vehicles in the Cypress portfolio.

6/20/2022 - Updated Card Limit to $1000 needed to match renewal requirements",Emily Gardner,**** 9954,,,,,,,,5700 Office Expenses
2025-11-06T04:45:05,Purchase,CARFAX CANADA ULC,  (81.85),CAD,Cash,,,"Passtime GPS renewals for the Spring Auto Financial product we manage for Cypress Hill.  Use Passtime platform to reduce risk and prevent losses on vehicles in the Cypress portfolio.

6/20/2022 - Updated Card Limit to $1000 needed to match renewal requirements",Emily Gardner,**** 9954,,,,,,,,5700 Office Expenses
2025-11-06T04:45:05,Purchase,CARFAX CANADA ULC,  (81.85),CAD,Cash,,,"Passtime GPS renewals for the Spring Auto Financial product we manage for Cypress Hill.  Use Passtime platform to reduce risk and prevent losses on vehicles in the Cypress portfolio.

6/20/2022 - Updated Card Limit to $1000 needed to match renewal requirements",Emily Gardner,**** 9954,,,,,,,,5700 Office Expenses
2025-11-07T05:53:47,Purchase,CARFAX CANADA ULC,  (81.85),CAD,Cash,,,"Passtime GPS renewals for the Spring Auto Financial product we manage for Cypress Hill.  Use Passtime platform to reduce risk and prevent losses on vehicles in the Cypress portfolio.

6/20/2022 - Updated Card Limit to $1000 needed to match renewal requirements",Emily Gardner,**** 9954,,,,,,,,5700 Office Expenses
2025-11-07T05:53:48,Purchase,CARFAX CANADA ULC,  (81.85),CAD,Cash,,,"Passtime GPS renewals for the Spring Auto Financial product we manage for Cypress Hill.  Use Passtime platform to reduce risk and prevent losses on vehicles in the Cypress portfolio.

6/20/2022 - Updated Card Limit to $1000 needed to match renewal requirements",Emily Gardner,**** 9954,,,,,,,,5700 Office Expenses
2025-11-08T05:43:52,Purchase,CARFAX CANADA ULC,  (81.85),CAD,Cash,,,"Passtime GPS renewals for the Spring Auto Financial product we manage for Cypress Hill.  Use Passtime platform to reduce risk and prevent losses on vehicles in the Cypress portfolio.

6/20/2022 - Updated Card Limit to $1000 needed to match renewal requirements",Emily Gardner,**** 9954,,,,,,,,5700 Office Expenses
2025-11-13T00:27:03,Purchase,CARFAX CANADA ULC,  (102.85),CAD,Cash,,,"Passtime GPS renewals for the Spring Auto Financial product we manage for Cypress Hill.  Use Passtime platform to reduce risk and prevent losses on vehicles in the Cypress portfolio.

6/20/2022 - Updated Card Limit to $1000 needed to match renewal requirements",Emily Gardner,**** 9954,,,,,,,,5700 Office Expenses
2025-11-13T00:27:04,Purchase,CARFAX CANADA ULC,  (81.85),CAD,Cash,,,"Passtime GPS renewals for the Spring Auto Financial product we manage for Cypress Hill.  Use Passtime platform to reduce risk and prevent losses on vehicles in the Cypress portfolio.

6/20/2022 - Updated Card Limit to $1000 needed to match renewal requirements",Emily Gardner,**** 9954,,,,,,,,5700 Office Expenses
2025-11-13T00:27:04,Purchase,CARFAX CANADA ULC,  (81.85),CAD,Cash,,,"Passtime GPS renewals for the Spring Auto Financial product we manage for Cypress Hill.  Use Passtime platform to reduce risk and prevent losses on vehicles in the Cypress portfolio.

6/20/2022 - Updated Card Limit to $1000 needed to match renewal requirements",Emily Gardner,**** 9954,,,,,,,,5700 Office Expenses
2025-11-13T00:27:05,Purchase,CARFAX CANADA ULC,  (81.85),CAD,Cash,,,"Passtime GPS renewals for the Spring Auto Financial product we manage for Cypress Hill.  Use Passtime platform to reduce risk and prevent losses on vehicles in the Cypress portfolio.

6/20/2022 - Updated Card Limit to $1000 needed to match renewal requirements",Emily Gardner,**** 9954,,,,,,,,5700 Office Expenses
2025-11-13T05:00:01,Purchase,CARFAX CANADA ULC,  (81.85),CAD,Cash,,,"Passtime GPS renewals for the Spring Auto Financial product we manage for Cypress Hill.  Use Passtime platform to reduce risk and prevent losses on vehicles in the Cypress portfolio.

6/20/2022 - Updated Card Limit to $1000 needed to match renewal requirements",Emily Gardner,**** 9954,,,,,,,,5700 Office Expenses
2025-11-14T05:51:58,Purchase,CARFAX CANADA ULC,  (81.85),CAD,Cash,,,"Passtime GPS renewals for the Spring Auto Financial product we manage for Cypress Hill.  Use Passtime platform to reduce risk and prevent losses on vehicles in the Cypress portfolio.

6/20/2022 - Updated Card Limit to $1000 needed to match renewal requirements",Emily Gardner,**** 9954,,,,,,,,5700 Office Expenses
2025-11-14T05:51:58,Purchase,CARFAX CANADA ULC,  (81.85),CAD,Cash,,,"Passtime GPS renewals for the Spring Auto Financial product we manage for Cypress Hill.  Use Passtime platform to reduce risk and prevent losses on vehicles in the Cypress portfolio.

6/20/2022 - Updated Card Limit to $1000 needed to match renewal requirements",Emily Gardner,**** 9954,,,,,,,,5700 Office Expenses
2025-11-15T05:52:00,Purchase,CARFAX CANADA ULC,  (81.85),CAD,Cash,,,"Passtime GPS renewals for the Spring Auto Financial product we manage for Cypress Hill.  Use Passtime platform to reduce risk and prevent losses on vehicles in the Cypress portfolio.

6/20/2022 - Updated Card Limit to $1000 needed to match renewal requirements",Emily Gardner,**** 9954,,,,,,,,5700 Office Expenses
2025-11-15T05:52:01,Purchase,CARFAX CANADA ULC,  (102.85),CAD,Cash,,,,Emily Gardner,**** 1021,,,,,,,,5700 Office Expenses
2025-11-15T05:52:01,Purchase,CARFAX CANADA ULC,  (81.85),CAD,Cash,,,,Emily Gardner,**** 1021,,,,,,,,5700 Office Expenses
2025-11-18T04:47:16,Purchase,CARFAX CANADA ULC,  (81.85),CAD,Cash,,,,Emily Gardner,**** 1021,,,,,,,,5700 Office Expenses
2025-11-18T04:47:16,Purchase,CARFAX CANADA ULC,  (81.85),CAD,Cash,,,,Emily Gardner,**** 1021,,,,,,,,5700 Office Expenses
2025-11-18T04:47:16,Purchase,CARFAX CANADA ULC,  (81.85),CAD,Cash,,,,Emily Gardner,**** 1021,,,,,,,,5700 Office Expenses
2025-11-19T04:35:31,Purchase,CARFAX CANADA ULC,  (81.85),CAD,Cash,,,,Emily Gardner,**** 1021,,,,,,,,5700 Office Expenses
2025-11-19T04:35:32,Purchase,CARFAX CANADA ULC,  (81.85),CAD,Cash,,,,Emily Gardner,**** 1021,,,,,,,,5700 Office Expenses
2025-11-19T04:35:32,Purchase,CARFAX CANADA ULC,  (21.00),CAD,Cash,,,,Emily Gardner,**** 1021,,,,,,,,5700 Office Expenses
2025-11-19T04:35:33,Purchase,CARFAX CANADA ULC,  (102.85),CAD,Cash,,,,Emily Gardner,**** 1021,,,,,,,,5700 Office Expenses
2025-11-19T04:35:33,Purchase,CARFAX CANADA ULC,  (81.85),CAD,Cash,,,,Emily Gardner,**** 1021,,,,,,,,5700 Office Expenses
2025-11-19T04:35:33,Purchase,CARFAX CANADA ULC,  (81.85),CAD,Cash,,,,Emily Gardner,**** 1021,,,,,,,,5700 Office Expenses
2025-11-20T04:36:37,Purchase,CARFAX CANADA ULC,  (81.85),CAD,Cash,,,,Emily Gardner,**** 1021,,,,,,,,5700 Office Expenses
2025-11-20T04:36:38,Purchase,CARFAX CANADA ULC,  (81.85),CAD,Cash,,,,Emily Gardner,**** 1021,,,,,,,,5700 Office Expenses
2025-11-20T04:36:38,Purchase,CARFAX CANADA ULC,  (102.85),CAD,Cash,,,,Emily Gardner,**** 1021,,,,,,,,5700 Office Expenses
2025-11-21T05:57:52,Purchase,CARFAX CANADA ULC,  (81.85),CAD,Cash,,,,Emily Gardner,**** 1021,,,,,,,,5700 Office Expenses
2025-11-21T05:57:53,Purchase,CARFAX CANADA ULC,  (81.85),CAD,Cash,,,,Emily Gardner,**** 1021,,,,,,,,5700 Office Expenses
2025-11-22T05:57:57,Purchase,CARFAX CANADA ULC,  (81.85),CAD,Cash,,,,Emily Gardner,**** 1021,,,,,,,,5700 Office Expenses
2025-11-22T05:57:57,Purchase,CARFAX CANADA ULC,  (81.85),CAD,Cash,,,,Emily Gardner,**** 1021,,,,,,,,5700 Office Expenses
2025-11-22T05:57:57,Purchase,CARFAX CANADA ULC,  (81.85),CAD,Cash,,,,Emily Gardner,**** 1021,,,,,,,,5700 Office Expenses
2025-11-25T04:43:16,Purchase,CARFAX CANADA ULC,  (81.85),CAD,Cash,,,,Emily Gardner,**** 1021,,,,,,,,5700 Office Expenses
2025-11-25T04:43:16,Purchase,CARFAX CANADA ULC,  (21.00),CAD,Cash,,,,Emily Gardner,**** 1021,,,,,,,,5700 Office Expenses
2025-11-26T04:23:54,Purchase,CARFAX CANADA ULC,  (81.85),CAD,Cash,,,,Emily Gardner,**** 1021,,,,,,,,5700 Office Expenses
2025-11-26T04:23:55,Purchase,CARFAX CANADA ULC,  (81.85),CAD,Cash,,,,Emily Gardner,**** 1021,,,,,,,,5700 Office Expenses
2025-11-26T04:23:55,Purchase,CARFAX CANADA ULC,  (81.85),CAD,Cash,,,,Emily Gardner,**** 1021,,,,,,,,5700 Office Expenses
2025-11-27T06:02:13,Purchase,CARFAX CANADA ULC,  (81.85),CAD,Cash,,,,Emily Gardner,**** 1021,,,,,,,,5700 Office Expenses
2025-11-28T05:53:32,Purchase,CARFAX CANADA ULC,  (81.85),CAD,Cash,,,,Emily Gardner,**** 1021,,,,,,,,5700 Office Expenses
2025-11-28T05:53:32,Purchase,CARFAX CANADA ULC,  (102.85),CAD,Cash,,,,Emily Gardner,**** 1021,,,,,,,,5700 Office Expenses
2025-11-28T05:53:33,Purchase,CARFAX CANADA ULC,  (81.85),CAD,Cash,,,,Emily Gardner,**** 1021,,,,,,,,5700 Office Expenses
2025-11-28T05:53:33,Purchase,CARFAX CANADA ULC,  (81.85),CAD,Cash,,,,Emily Gardner,**** 1021,,,,,,,,5700 Office Expenses
2025-11-28T05:53:34,Purchase,CARFAX CANADA ULC,  (102.85),CAD,Cash,,,,Emily Gardner,**** 1021,,,,,,,,5700 Office Expenses
2025-11-28T05:53:34,Purchase,CARFAX CANADA ULC,  (81.85),CAD,Cash,,,,Emily Gardner,**** 1021,,,,,,,,5700 Office Expenses
2025-11-29T05:54:48,Purchase,CARFAX CANADA ULC,  (81.85),CAD,Cash,,,,Emily Gardner,**** 1021,,,,,,,,5700 Office Expenses
2025-11-29T05:54:49,Purchase,CARFAX CANADA ULC,  (81.85),CAD,Cash,,,,Emily Gardner,**** 1021,,,,,,,,5700 Office Expenses
2025-11-29T05:54:49,Purchase,CARFAX CANADA ULC,  (81.85),CAD,Cash,,,,Emily Gardner,**** 1021,,,,,,,,5700 Office Expenses
2025-11-29T05:54:49,Purchase,CARFAX CANADA ULC,  (81.85),CAD,Cash,,,,Emily Gardner,**** 1021,,,,,,,,5700 Office Expenses
2025-11-29T05:54:50,Purchase,CARFAX CANADA ULC,  (102.85),CAD,Cash,,,,Emily Gardner,**** 1021,,,,,,,,5700 Office Expenses
2025-11-30T06:07:21,Purchase,CARFAX CANADA ULC,  (81.85),CAD,Cash,,,,Emily Gardner,**** 1021,,,,,,,,5700 Office Expenses
2025-12-02T04:45:52,Purchase,CARFAX CANADA ULC,  (102.85),CAD,Cash,,,"Passtime GPS renewals for the Spring Auto Financial product we manage for Cypress Hill.  Use Passtime platform to reduce risk and prevent losses on vehicles in the Cypress portfolio.

6/20/2022 - Updated Card Limit to $1000 needed to match renewal requirements",Emily Gardner,**** 9954,,,,,,,,5700 Office Expenses
2025-12-02T04:45:53,Purchase,CARFAX CANADA ULC,  (76.60),CAD,Cash,,,"Passtime GPS renewals for the Spring Auto Financial product we manage for Cypress Hill.  Use Passtime platform to reduce risk and prevent losses on vehicles in the Cypress portfolio.

6/20/2022 - Updated Card Limit to $1000 needed to match renewal requirements",Emily Gardner,**** 9954,,,,,,,,5700 Office Expenses
2025-12-04T04:30:44,Purchase,CARFAX CANADA ULC,  (81.85),CAD,Cash,,,"Passtime GPS renewals for the Spring Auto Financial product we manage for Cypress Hill.  Use Passtime platform to reduce risk and prevent losses on vehicles in the Cypress portfolio.

6/20/2022 - Updated Card Limit to $1000 needed to match renewal requirements",Emily Gardner,**** 9954,,,,,,,,5700 Office Expenses
2025-12-04T04:30:44,Purchase,CARFAX CANADA ULC,  (81.85),CAD,Cash,,,,Emily Gardner,**** 1021,,,,,,,,5700 Office Expenses
2025-12-04T04:30:44,Purchase,CARFAX CANADA ULC,  (81.85),CAD,Cash,,,"Passtime GPS renewals for the Spring Auto Financial product we manage for Cypress Hill.  Use Passtime platform to reduce risk and prevent losses on vehicles in the Cypress portfolio.

6/20/2022 - Updated Card Limit to $1000 needed to match renewal requirements",Emily Gardner,**** 9954,,,,,,,,5700 Office Expenses
2025-12-04T04:30:45,Purchase,CARFAX CANADA ULC,  (102.85),CAD,Cash,,,"Passtime GPS renewals for the Spring Auto Financial product we manage for Cypress Hill.  Use Passtime platform to reduce risk and prevent losses on vehicles in the Cypress portfolio.

6/20/2022 - Updated Card Limit to $1000 needed to match renewal requirements",Emily Gardner,**** 9954,,,,,,,,5700 Office Expenses
2025-12-04T04:30:45,Purchase,CARFAX CANADA ULC,  (81.85),CAD,Cash,,,"Passtime GPS renewals for the Spring Auto Financial product we manage for Cypress Hill.  Use Passtime platform to reduce risk and prevent losses on vehicles in the Cypress portfolio.

6/20/2022 - Updated Card Limit to $1000 needed to match renewal requirements",Emily Gardner,**** 9954,,,,,,,,5700 Office Expenses
2025-12-05T05:59:44,Purchase,CARFAX CANADA ULC,  (81.85),CAD,Cash,,,"Passtime GPS renewals for the Spring Auto Financial product we manage for Cypress Hill.  Use Passtime platform to reduce risk and prevent losses on vehicles in the Cypress portfolio.

6/20/2022 - Updated Card Limit to $1000 needed to match renewal requirements",Emily Gardner,**** 9954,,,,,,,,5700 Office Expenses
2025-12-05T05:59:45,Purchase,CARFAX CANADA ULC,  (81.85),CAD,Cash,,,"Passtime GPS renewals for the Spring Auto Financial product we manage for Cypress Hill.  Use Passtime platform to reduce risk and prevent losses on vehicles in the Cypress portfolio.

6/20/2022 - Updated Card Limit to $1000 needed to match renewal requirements",Emily Gardner,**** 9954,,,,,,,,5700 Office Expenses
2025-12-05T05:59:45,Purchase,CARFAX CANADA ULC,  (81.85),CAD,Cash,,,"Passtime GPS renewals for the Spring Auto Financial product we manage for Cypress Hill.  Use Passtime platform to reduce risk and prevent losses on vehicles in the Cypress portfolio.

6/20/2022 - Updated Card Limit to $1000 needed to match renewal requirements",Emily Gardner,**** 9954,,,,,,,,5700 Office Expenses
2025-12-05T05:59:46,Purchase,CARFAX CANADA ULC,  (81.85),CAD,Cash,,,"Passtime GPS renewals for the Spring Auto Financial product we manage for Cypress Hill.  Use Passtime platform to reduce risk and prevent losses on vehicles in the Cypress portfolio.

6/20/2022 - Updated Card Limit to $1000 needed to match renewal requirements",Emily Gardner,**** 9954,,,,,,,,5700 Office Expenses
2025-12-06T05:30:36,Purchase,CARFAX CANADA ULC,  (81.85),CAD,Cash,,,"Passtime GPS renewals for the Spring Auto Financial product we manage for Cypress Hill.  Use Passtime platform to reduce risk and prevent losses on vehicles in the Cypress portfolio.

6/20/2022 - Updated Card Limit to $1000 needed to match renewal requirements",Emily Gardner,**** 9954,,,,,,,,5700 Office Expenses
2025-12-06T05:30:37,Purchase,CARFAX CANADA ULC,  (81.85),CAD,Cash,,,"Passtime GPS renewals for the Spring Auto Financial product we manage for Cypress Hill.  Use Passtime platform to reduce risk and prevent losses on vehicles in the Cypress portfolio.

6/20/2022 - Updated Card Limit to $1000 needed to match renewal requirements",Emily Gardner,**** 9954,,,,,,,,5700 Office Expenses
2025-12-06T05:30:37,Purchase,CARFAX CANADA ULC,  (81.85),CAD,Cash,,,"Passtime GPS renewals for the Spring Auto Financial product we manage for Cypress Hill.  Use Passtime platform to reduce risk and prevent losses on vehicles in the Cypress portfolio.

6/20/2022 - Updated Card Limit to $1000 needed to match renewal requirements",Emily Gardner,**** 9954,,,,,,,,5700 Office Expenses
2025-12-09T04:47:10,Purchase,CARFAX CANADA ULC,  (81.85),CAD,Cash,,,"Passtime GPS renewals for the Spring Auto Financial product we manage for Cypress Hill.  Use Passtime platform to reduce risk and prevent losses on vehicles in the Cypress portfolio.

6/20/2022 - Updated Card Limit to $1000 needed to match renewal requirements",Emily Gardner,**** 9954,,,,,,,,5700 Office Expenses
2025-12-09T04:47:11,Purchase,CARFAX CANADA ULC,  (76.60),CAD,Cash,,,"Passtime GPS renewals for the Spring Auto Financial product we manage for Cypress Hill.  Use Passtime platform to reduce risk and prevent losses on vehicles in the Cypress portfolio.

6/20/2022 - Updated Card Limit to $1000 needed to match renewal requirements",Emily Gardner,**** 9954,,,,,,,,5700 Office Expenses
2025-12-09T04:47:11,Purchase,CARFAX CANADA ULC,  (76.60),CAD,Cash,,,"Passtime GPS renewals for the Spring Auto Financial product we manage for Cypress Hill.  Use Passtime platform to reduce risk and prevent losses on vehicles in the Cypress portfolio.

6/20/2022 - Updated Card Limit to $1000 needed to match renewal requirements",Emily Gardner,**** 9954,,,,,,,,5700 Office Expenses
2025-12-09T04:47:11,Purchase,CARFAX CANADA ULC,  (76.60),CAD,Cash,,,,Emily Gardner,**** 1021,,,,,,,,5700 Office Expenses
2025-12-10T04:57:25,Purchase,CARFAX CANADA ULC,  (76.60),CAD,Cash,,,"Passtime GPS renewals for the Spring Auto Financial product we manage for Cypress Hill.  Use Passtime platform to reduce risk and prevent losses on vehicles in the Cypress portfolio.

6/20/2022 - Updated Card Limit to $1000 needed to match renewal requirements",Emily Gardner,**** 9954,,,,,,,,5700 Office Expenses
2025-12-11T04:38:31,Purchase,CARFAX CANADA ULC,  (97.60),CAD,Cash,,,"Passtime GPS renewals for the Spring Auto Financial product we manage for Cypress Hill.  Use Passtime platform to reduce risk and prevent losses on vehicles in the Cypress portfolio.

6/20/2022 - Updated Card Limit to $1000 needed to match renewal requirements",Emily Gardner,**** 9954,,,,,,,,5700 Office Expenses
2025-12-11T04:38:31,Purchase,CARFAX CANADA ULC,  (76.60),CAD,Cash,,,"Passtime GPS renewals for the Spring Auto Financial product we manage for Cypress Hill.  Use Passtime platform to reduce risk and prevent losses on vehicles in the Cypress portfolio.

6/20/2022 - Updated Card Limit to $1000 needed to match renewal requirements",Emily Gardner,**** 9954,,,,,,,,5700 Office Expenses
2025-12-12T06:05:49,Purchase,CARFAX CANADA ULC,  (76.60),CAD,Cash,,,"Passtime GPS renewals for the Spring Auto Financial product we manage for Cypress Hill.  Use Passtime platform to reduce risk and prevent losses on vehicles in the Cypress portfolio.

6/20/2022 - Updated Card Limit to $1000 needed to match renewal requirements",Emily Gardner,**** 9954,,,,,,,,5700 Office Expenses
2025-12-16T06:40:02,Purchase,CARFAX CANADA ULC,  (76.60),CAD,Cash,,,,Emily Gardner,**** 1021,,,,,,,,5700 Office Expenses
2025-12-16T06:40:03,Purchase,CARFAX CANADA ULC,  (76.60),CAD,Cash,,,,Emily Gardner,**** 1021,,,,,,,,5700 Office Expenses
2025-12-16T06:40:03,Purchase,CARFAX CANADA ULC,  (76.60),CAD,Cash,,,"Passtime GPS renewals for the Spring Auto Financial product we manage for Cypress Hill.  Use Passtime platform to reduce risk and prevent losses on vehicles in the Cypress portfolio.

6/20/2022 - Updated Card Limit to $1000 needed to match renewal requirements",Emily Gardner,**** 9954,,,,,,,,5700 Office Expenses
2025-12-17T01:37:01,Purchase,CARFAX CANADA ULC,  (76.60),CAD,Cash,,,,Emily Gardner,**** 1021,,,,,,,,5700 Office Expenses
2025-12-17T04:41:07,Purchase,CARFAX CANADA ULC,  (76.60),CAD,Cash,,,,Emily Gardner,**** 1021,,,,,,,,5700 Office Expenses
2025-12-17T04:41:07,Purchase,CARFAX CANADA ULC,  (97.60),CAD,Cash,,,,Emily Gardner,**** 1021,,,,,,,,5700 Office Expenses
2025-12-18T04:29:06,Purchase,CARFAX CANADA ULC,  (76.60),CAD,Cash,,,,Emily Gardner,**** 1021,,,,,,,,5700 Office Expenses
2025-12-18T04:29:06,Purchase,CARFAX CANADA ULC,  (76.60),CAD,Cash,,,,Emily Gardner,**** 1021,,,,,,,,5700 Office Expenses
2025-12-18T04:29:07,Purchase,CARFAX CANADA ULC,  (76.60),CAD,Cash,,,,Emily Gardner,**** 1021,,,,,,,,5700 Office Expenses
2025-12-19T05:53:07,Purchase,CARFAX CANADA ULC,  (76.60),CAD,Cash,,,,Emily Gardner,**** 1021,,,,,,,,5700 Office Expenses
2025-12-19T05:53:08,Purchase,CARFAX CANADA ULC,  (76.60),CAD,Cash,,,,Emily Gardner,**** 1021,,,,,,,,5700 Office Expenses
2025-12-19T05:53:08,Purchase,CARFAX CANADA ULC,  (76.60),CAD,Cash,,,,Emily Gardner,**** 1021,,,,,,,,5700 Office Expenses
2025-12-19T05:53:09,Purchase,CARFAX CANADA ULC,  (76.60),CAD,Cash,,,,Emily Gardner,**** 1021,,,,,,,,5700 Office Expenses
2025-12-19T05:53:09,Purchase,CARFAX CANADA ULC,  (76.60),CAD,Cash,,,,Emily Gardner,**** 1021,,,,,,,,5700 Office Expenses
2025-12-20T06:11:17,Purchase,CARFAX CANADA ULC,  (76.60),CAD,Cash,,,,Emily Gardner,**** 1021,,,,,,,,5700 Office Expenses
2025-12-20T06:11:17,Purchase,CARFAX CANADA ULC,  (76.60),CAD,Cash,,,,Emily Gardner,**** 1021,,,,,,,,5700 Office Expenses
2025-12-20T06:11:17,Purchase,CARFAX CANADA ULC,  (76.60),CAD,Cash,,,,Emily Gardner,**** 1021,,,,,,,,5700 Office Expenses
2025-12-23T04:38:21,Purchase,CARFAX CANADA ULC,  (76.60),CAD,Cash,,,,Emily Gardner,**** 1021,,,,,,,,5700 Office Expenses
2025-12-24T04:20:09,Purchase,CARFAX CANADA ULC,  (76.60),CAD,Cash,,,,Emily Gardner,**** 1021,,,,,,,,5700 Office Expenses
2025-12-24T04:20:10,Purchase,CARFAX CANADA ULC,  (76.60),CAD,Cash,,,,Emily Gardner,**** 1021,,,,,,,,5700 Office Expenses
2025-12-25T03:38:53,Purchase,CARFAX CANADA ULC,  (76.60),CAD,Cash,,,,Emily Gardner,**** 1021,,,,,,,,5700 Office Expenses
2025-12-25T03:38:54,Purchase,CARFAX CANADA ULC,  (76.60),CAD,Cash,,,,Emily Gardner,**** 1021,,,,,,,,5700 Office Expenses
2025-12-25T03:38:54,Purchase,CARFAX CANADA ULC,  (76.60),CAD,Cash,,,,Emily Gardner,**** 1021,,,,,,,,5700 Office Expenses
2025-12-30T05:35:17,Purchase,CARFAX CANADA ULC,  (76.60),CAD,Cash,,,,Emily Gardner,**** 1021,,,,,,,,5700 Office Expenses
2025-12-30T05:35:18,Purchase,CARFAX CANADA ULC,  (76.60),CAD,Cash,,,,Emily Gardner,**** 1021,,,,,,,,5700 Office Expenses
2025-12-30T05:35:23,Purchase,CARFAX CANADA ULC,  (76.60),CAD,Cash,,,,Emily Gardner,**** 1021,,,,,,,,5700 Office Expenses
2025-12-31T04:32:48,Purchase,CARFAX CANADA ULC,  (76.60),CAD,Cash,,,,Emily Gardner,**** 1021,,,,,,,,5700 Office Expenses
2025-01-11T01:42:29,Purchase,"BLACKHAWK NETWORK, INC.",  (90.00),CAD,Cash,,,,Karina Plazola,**** 2636,,,,,,,,5700 Office Expenses
2025-02-11T02:22:43,Purchase,CASCADIA SHADING DESIGN,"  (1,386.00)",CAD,Cash,,,,Karina Plazola,**** 9909,,,,,,,,5700 Office Expenses
2025-01-12T03:31:34,Purchase,"BLACKHAWK NETWORK, INC.",  (100.00),CAD,Cash,,,,Karina Plazola,**** 2636,,,,,,,,5700 Office Expenses
2025-01-15T02:37:19,Purchase,"BLACKHAWK NETWORK, INC.",  (100.00),CAD,Cash,,,,Karina Plazola,**** 2636,,,,,,,,5700 Office Expenses
2025-01-15T02:37:22,Purchase,"BLACKHAWK NETWORK, INC.",  (65.00),CAD,Cash,,,"This would be for food & beverage, events, prizes, awards etc.",Karina Plazola,**** 1865,,,,,,,,5700 Office Expenses
2025-01-16T01:48:27,Purchase,"BLACKHAWK NETWORK, INC.",  (100.00),CAD,Cash,,,,Karina Plazola,**** 2636,,,,,,,,5700 Office Expenses
2025-08-20T02:12:51,Purchase,CFSHOPCARD.CA,  (108.77),CAD,Cash,,,"This would be for food & beverage, events, prizes, awards etc.",Karina Plazola,**** 1865,,,,,,,,5700 Office Expenses
2025-01-24T05:46:12,Purchase,CINEPLEX REC ROOM 1002,  (691.91),CAD,Cash,,,,Erin Baile,**** 7197,,,,,,,,5700 Office Expenses
2025-01-25T01:08:40,Purchase,CINEPLEX REC ROOM 1002,  (36.75),CAD,Cash,,,,Erin Baile,**** 7197,,,,,,,,5700 Office Expenses
2025-01-25T01:08:41,Purchase,CINEPLEX REC ROOM 1002,  (45.24),CAD,Cash,,,,Erin Baile,**** 7197,,,,,,,,5700 Office Expenses
2025-01-25T01:08:42,Purchase,CINEPLEX REC ROOM 1002,  (36.75),CAD,Cash,,,,Erin Baile,**** 7197,,,,,,,,5700 Office Expenses
2025-10-11T02:13:00,Purchase,COAL HARBOUR LIQUOR STORE,  (227.54),CAD,Cash,,,,Karina Plazola,**** 9909,,,,,,,,5700 Office Expenses
2025-10-11T02:13:03,Purchase,COAL HARBOUR LIQUOR STORE,  (66.88),CAD,Cash,,,,Karina Plazola,**** 9909,,,,,,,,5700 Office Expenses
2025-10-16T02:14:10,Purchase,COAL HARBOUR LIQUOR STORE,  (395.39),CAD,Cash,,,,Karina Plazola,**** 9909,,,,,,,,5700 Office Expenses
2025-11-04T23:28:38,Purchase,COAL HARBOUR LIQUOR STORE,  (349.58),CAD,Cash,,,,Erin Baile,**** 0067,,,,,,,,5700 Office Expenses
2025-01-17T01:02:30,Purchase,"BLACKHAWK NETWORK, INC.",  (20.00),CAD,Cash,,,,Karina Plazola,**** 2636,,,,,,,,5700 Office Expenses
2025-07-25T04:20:42,Purchase,COB - SWANGARD STADIUM,  (47.50),CAD,Cash,,,,Cory Eden,**** 7993,,,,,,,,5700 Office Expenses
2025-01-26T02:24:19,Purchase,COCONUT GROVE,"  (1,011.36)",CAD,Cash,,,Spring Financial CX-Gift cards ($10 Tim Horton cards).,Emilio Lagman,**** 1808,,,,,,,,5700 Office Expenses
2025-02-25T01:07:23,Purchase,COCONUT GROVE,  (820.96),CAD,Cash,,,Spring Financial CX-Gift cards ($10 Tim Horton cards).,Emilio Lagman,**** 1808,,,,,,,,5700 Office Expenses
2025-03-22T02:13:46,Purchase,COCONUT GROVE,  (820.96),CAD,Cash,,,Spring Financial CX-Gift cards ($10 Tim Horton cards).,Emilio Lagman,**** 1808,,,,,,,,5700 Office Expenses
2025-04-23T02:11:31,Purchase,COCONUT GROVE,  (820.96),CAD,Cash,,,Spring Financial CX-Gift cards ($10 Tim Horton cards).,Emilio Lagman,**** 1808,,,,,,,,5700 Office Expenses
2025-05-24T02:15:45,Purchase,COCONUT GROVE,  (820.96),CAD,Cash,,,Spring Financial CX-Gift cards ($10 Tim Horton cards).,Emilio Lagman,**** 1808,,,,,,,,5700 Office Expenses
2025-06-26T02:14:27,Purchase,COCONUT GROVE,  (820.96),CAD,Cash,,,Spring Financial CX-Gift cards ($10 Tim Horton cards).,Emilio Lagman,**** 1808,,,,,,,,5700 Office Expenses
2025-07-25T02:15:46,Purchase,COCONUT GROVE,  (820.96),CAD,Cash,,,Spring Financial CX-Gift cards ($10 Tim Horton cards).,Emilio Lagman,**** 1808,,,,,,,,5700 Office Expenses
2025-08-22T02:13:35,Purchase,COCONUT GROVE,  (820.96),CAD,Cash,,,Spring Financial CX-Gift cards ($10 Tim Horton cards).,Emilio Lagman,**** 1808,,,,,,,,5700 Office Expenses
2025-09-21T02:07:37,Purchase,COCONUT GROVE,  (820.96),CAD,Cash,,,Spring Financial CX-Gift cards ($10 Tim Horton cards).,Emilio Lagman,**** 1808,,,,,,,,5700 Office Expenses
2025-10-22T02:13:22,Purchase,COCONUT GROVE,  (820.96),CAD,Cash,,,Spring Financial CX-Gift cards ($10 Tim Horton cards).,Emilio Lagman,**** 1808,,,,,,,,5700 Office Expenses
2025-11-21T22:38:50,Purchase,COCONUT GROVE,  (820.96),CAD,Cash,,,Spring Financial CX-Gift cards ($10 Tim Horton cards).,Emilio Lagman,**** 1808,,,,,,,,5700 Office Expenses
2025-12-24T00:00:11,Purchase,COCONUT GROVE,  (820.96),CAD,Cash,,,Spring Financial CX-Gift cards ($10 Tim Horton cards).,Emilio Lagman,**** 1808,,,,,,,,5700 Office Expenses
2025-01-11T05:56:41,Purchase,CPC / SCP 645001,  (12.23),CAD,Cash,,,,Karina Plazola,**** 2024,,,,,,,,5700 Office Expenses
2025-01-18T04:24:52,Purchase,CPC / SCP 645001,  (15.32),CAD,Cash,,,,Erin Baile,**** 7197,,,,,,,,5700 Office Expenses
2025-01-23T06:01:41,Purchase,CPC / SCP 645001,  (15.32),CAD,Cash,,,,Erin Baile,**** 7197,,,,,,,,5700 Office Expenses
2025-01-28T05:50:46,Purchase,CPC / SCP 645001,  (25.43),CAD,Cash,,,License Renewals,Joyce Pong,**** 2640,,,,,,,,5700 Office Expenses
2025-02-13T05:49:12,Purchase,CPC / SCP 645001,  (27.01),CAD,Cash,,,,Karina Plazola,**** 9909,,,,,,,,5700 Office Expenses
2025-02-26T04:00:41,Purchase,CPC / SCP 645001,  (203.70),CAD,Cash,,,,Karina Plazola,**** 9909,,,,,,,,5700 Office Expenses
2025-02-26T04:00:41,Purchase,CPC / SCP 645001,  (228.27),CAD,Cash,,,,Karina Plazola,**** 9909,,,,,,,,5700 Office Expenses
2025-03-08T04:05:42,Purchase,CPC / SCP 645001,  (15.32),CAD,Cash,,,,Karina Plazola,**** 9909,,,,,,,,5700 Office Expenses
2025-03-08T04:05:43,Purchase,CPC / SCP 645001,  (34.42),CAD,Cash,,,,Karina Plazola,**** 9909,,,,,,,,5700 Office Expenses
2025-03-13T04:13:14,Purchase,CPC / SCP 645001,  (15.32),CAD,Cash,,,,Karina Plazola,**** 9909,,,,,,,,5700 Office Expenses
2025-03-15T03:56:54,Purchase,CPC / SCP 645001,  (88.39),CAD,Cash,,,,Karina Plazola,**** 9909,,,,,,,,5700 Office Expenses
2025-03-20T04:33:05,Purchase,CPC / SCP 645001,  (60.88),CAD,Cash,,,,Karina Plazola,**** 9909,,,,,,,,5700 Office Expenses
2025-03-25T05:41:01,Purchase,CPC / SCP 645001,  (128.95),CAD,Cash,,,,Karina Plazola,**** 9909,,,,,,,,5700 Office Expenses
2025-03-26T05:29:19,Purchase,CPC / SCP 645001,  (214.10),CAD,Cash,,,,Karina Plazola,**** 9909,,,,,,,,5700 Office Expenses
2025-04-02T04:18:51,Purchase,CPC / SCP 645001,  (237.33),CAD,Cash,,,,Karina Plazola,**** 9909,,,,,,,,5700 Office Expenses
2025-04-03T04:19:37,Purchase,CPC / SCP 645001,  (15.32),CAD,Cash,,,,Karina Plazola,**** 9909,,,,,,,,5700 Office Expenses
2025-04-05T04:14:05,Purchase,CPC / SCP 645001,  (143.88),CAD,Cash,,,,Karina Plazola,**** 9909,,,,,,,,5700 Office Expenses
2025-04-09T05:26:05,Purchase,CPC / SCP 645001,  (391.56),CAD,Cash,,,,Karina Plazola,**** 9909,,,,,,,,5700 Office Expenses
2025-04-11T04:05:48,Purchase,CPC / SCP 645001,  (126.57),CAD,Cash,,,Hardware Shipment to India office,Vishnu Gattu,**** 2875,,,,,,,,5700 Office Expenses
2025-04-12T04:14:34,Purchase,CPC / SCP 645001,  (15.32),CAD,Cash,,,,Karina Plazola,**** 9909,,,,,,,,5700 Office Expenses
2025-04-16T05:21:05,Purchase,CPC / SCP 645001,  (69.28),CAD,Cash,,,,Vishnu Gattu,**** 2875,,,,,,,,5700 Office Expenses
2025-04-16T05:21:05,Purchase,CPC / SCP 645001,  (15.94),CAD,Cash,,,Shipping boxes for IT hardware,Vishnu Gattu,**** 2875,,,,,,,,5700 Office Expenses
2025-04-16T05:21:05,Refund,CPC / SCP 645001,  69.28 ,CAD,Cash,,,,Vishnu Gattu,**** 2875,,,,,,,,5700 Office Expenses
2025-04-16T05:21:06,Purchase,CPC / SCP 645001,  (92.19),CAD,Cash,,,IT Hardware shipment,Vishnu Gattu,**** 2875,,,,,,,,5700 Office Expenses
2025-04-16T05:21:07,Purchase,CPC / SCP 645001,  (85.66),CAD,Cash,,,IT Hardware shipment,Vishnu Gattu,**** 2875,,,,,,,,5700 Office Expenses
2025-04-17T04:36:03,Purchase,CPC / SCP 645001,  (101.72),CAD,Cash,,,IT Hardware shipment - India,Vishnu Gattu,**** 2875,,,,,,,,5700 Office Expenses
2025-04-23T05:33:33,Purchase,CPC / SCP 645001,  (101.72),CAD,Cash,,,IT Hardware shipment,Vishnu Gattu,**** 2875,,,,,,,,5700 Office Expenses
2025-04-26T04:02:12,Purchase,CPC / SCP 645001,  (54.44),CAD,Cash,,,IT Hardware shipment,Vishnu Gattu,**** 2875,,,,,,,,5700 Office Expenses
2025-04-30T05:16:14,Purchase,CPC / SCP 645001,  (8.38),CAD,Cash,,,Hardware shipment box,Vishnu Gattu,**** 2875,,,,,,,,5700 Office Expenses
2025-04-30T05:16:15,Purchase,CPC / SCP 645001,  (34.98),CAD,Cash,,,IT Hardware Shipment,Vishnu Gattu,**** 2875,,,,,,,,5700 Office Expenses
2025-05-02T03:49:43,Purchase,CPC / SCP 645001,  (16.78),CAD,Cash,,,Hardware shipment boxes,Vishnu Gattu,**** 2875,,,,,,,,5700 Office Expenses
2025-05-03T03:52:41,Purchase,CPC / SCP 645001,  (86.02),CAD,Cash,,,IT Hardware shipment,Vishnu Gattu,**** 2875,,,,,,,,5700 Office Expenses
2025-05-03T03:52:41,Purchase,CPC / SCP 645001,  (90.05),CAD,Cash,,,IT Hardware shipment,Vishnu Gattu,**** 2875,,,,,,,,5700 Office Expenses
2025-05-14T05:29:03,Purchase,CPC / SCP 645001,  (15.32),CAD,Cash,,,,Karina Plazola,**** 9909,,,,,,,,5700 Office Expenses
2025-05-22T04:48:58,Purchase,CPC / SCP 645001,  (15.32),CAD,Cash,,,,Karina Plazola,**** 9909,,,,,,,,5700 Office Expenses
2025-05-28T06:04:25,Refund,CPC / SCP 645001,  8.38 ,CAD,Cash,,,,Vishnu Gattu,**** 2875,,,,,,,,5700 Office Expenses
2025-05-28T06:04:25,Purchase,CPC / SCP 645001,  (7.83),CAD,Cash,,,IT Hardware shipping box,Vishnu Gattu,**** 2875,,,,,,,,5700 Office Expenses
2025-05-28T06:04:26,Purchase,CPC / SCP 645001,  (8.95),CAD,Cash,,,IT Hardware shipment,Vishnu Gattu,**** 2875,,,,,,,,5700 Office Expenses
2025-05-28T06:04:27,Purchase,CPC / SCP 645001,  (0.55),CAD,Cash,,,,Vishnu Gattu,**** 2875,,,,,,,,5700 Office Expenses
2025-06-13T04:19:03,Purchase,CPC / SCP 645001,  (15.32),CAD,Cash,,,,Karina Plazola,**** 9909,,,,,,,,5700 Office Expenses
2025-06-17T05:44:13,Purchase,CPC / SCP 645001,  (8.95),CAD,Cash,,,Hardware shipment box,Vishnu Gattu,**** 2875,,,,,,,,5700 Office Expenses
2025-06-28T04:02:40,Purchase,CPC / SCP 645001,  (8.50),CAD,Cash,,,IT Hardware shipment box,Vishnu Gattu,**** 2875,,,,,,,,5700 Office Expenses
2025-07-09T05:21:44,Purchase,CPC / SCP 645001,  (15.32),CAD,Cash,,,,Erin Baile,**** 7197,,,,,,,,5700 Office Expenses
2025-07-23T05:35:21,Purchase,CPC / SCP 645001,  (160.84),CAD,Cash,,,,Karina Plazola,**** 9909,,,,,,,,5700 Office Expenses
2025-07-31T04:23:34,Purchase,CPC / SCP 645001,  (15.32),CAD,Cash,,,,Karina Plazola,**** 9909,,,,,,,,5700 Office Expenses
2025-08-07T07:13:01,Purchase,CPC / SCP 645001,  (8.50),CAD,Cash,,,,Karina Plazola,**** 9909,,,,,,,,5700 Office Expenses
2025-08-08T04:38:20,Purchase,CPC / SCP 645001,  (8.50),CAD,Cash,,,IT Hardware shipment box,Vishnu Gattu,**** 2875,,,,,,,,5700 Office Expenses
2025-08-14T04:32:11,Purchase,CPC / SCP 645001,  (15.32),CAD,Cash,,,,Karina Plazola,**** 9909,,,,,,,,5700 Office Expenses
2025-08-19T05:34:55,Purchase,CPC / SCP 645001,  (15.32),CAD,Cash,,,,Karina Plazola,**** 9909,,,,,,,,5700 Office Expenses
2025-08-27T04:54:55,Purchase,CPC / SCP 645001,  (17.00),CAD,Cash,,,IT Hardware shipment box,Vishnu Gattu,**** 2875,,,,,,,,5700 Office Expenses
2025-08-28T04:11:50,Purchase,CPC / SCP 645001,  (15.32),CAD,Cash,,,,Karina Plazola,**** 9909,,,,,,,,5700 Office Expenses
2025-09-03T05:42:49,Purchase,CPC / SCP 645001,  (15.32),CAD,Cash,,,,Karina Plazola,**** 9909,,,,,,,,5700 Office Expenses
2025-09-05T03:40:54,Purchase,CPC / SCP 645001,  (15.32),CAD,Cash,,,,Erin Baile,**** 7197,,,,,,,,5700 Office Expenses
2025-09-10T04:47:54,Purchase,CPC / SCP 645001,  (15.32),CAD,Cash,,,,Karina Plazola,**** 9909,,,,,,,,5700 Office Expenses
2025-09-11T04:00:46,Purchase,CPC / SCP 645001,  (15.32),CAD,Cash,,,,Karina Plazola,**** 9909,,,,,,,,5700 Office Expenses
2025-09-12T03:43:32,Purchase,CPC / SCP 645001,  (8.95),CAD,Cash,,,It Hardware shipment box,Vishnu Gattu,**** 2875,,,,,,,,5700 Office Expenses
2025-09-16T05:22:41,Purchase,CPC / SCP 645001,  (15.32),CAD,Cash,,,,Karina Plazola,**** 9909,,,,,,,,5700 Office Expenses
2025-09-24T04:29:27,Purchase,CPC / SCP 645001,  (8.95),CAD,Cash,,,,Karina Plazola,**** 9909,,,,,,,,5700 Office Expenses
2025-10-22T04:31:39,Purchase,CPC / SCP 645001,  (15.32),CAD,Cash,,,,Karina Plazola,**** 9909,,,,,,,,5700 Office Expenses
2025-10-29T04:14:02,Purchase,CPC / SCP 645001,  (14.13),CAD,Cash,,,,Karina Plazola,**** 9909,,,,,,,,5700 Office Expenses
2025-11-13T04:59:14,Purchase,CPC / SCP 645001,  (15.32),CAD,Cash,,,,Karina Plazola,**** 9909,,,,,,,,5700 Office Expenses
2025-11-14T05:51:07,Purchase,CPC / SCP 645001,  (15.32),CAD,Cash,,,,Karina Plazola,**** 9909,,,,,,,,5700 Office Expenses
2025-11-19T04:34:36,Purchase,CPC / SCP 645001,  (15.32),CAD,Cash,,,,Karina Plazola,**** 9909,,,,,,,,5700 Office Expenses
2025-11-20T04:35:36,Purchase,CPC / SCP 645001,  (15.32),CAD,Cash,,,,Karina Plazola,**** 9909,,,,,,,,5700 Office Expenses
2025-11-29T03:27:56,Purchase,CPC / SCP 645001,  (15.32),CAD,Cash,,,,Karina Plazola,**** 9909,,,,,,,,5700 Office Expenses
2025-12-10T04:56:35,Purchase,CPC / SCP 645001,  (15.32),CAD,Cash,,,,Karina Plazola,**** 9909,,,,,,,,5700 Office Expenses
2025-12-12T03:42:19,Purchase,CPC / SCP 645001,  (15.32),CAD,Cash,,,,Karina Plazola,**** 9909,,,,,,,,5700 Office Expenses
2025-12-16T06:32:59,Purchase,CPC / SCP 645001,  (15.32),CAD,Cash,,,,Karina Plazola,**** 9909,,,,,,,,5700 Office Expenses
2025-12-17T04:39:55,Purchase,CPC / SCP 645001,  (15.32),CAD,Cash,,,,Karina Plazola,**** 9909,,,,,,,,5700 Office Expenses
2025-12-20T06:11:49,Purchase,CPC / SCP 645001,  (15.32),CAD,Cash,,,,Karina Plazola,**** 9909,,,,,,,,5700 Office Expenses
2025-12-23T04:37:46,Purchase,CPC / SCP 645001,  (26.85),CAD,Cash,,,Computer shipment boxes,Vishnu Gattu,**** 2875,,,,,,,,5700 Office Expenses
2025-12-23T04:37:46,Purchase,CPC / SCP 645001,  (8.95),CAD,Cash,,,Computer shipment box,Vishnu Gattu,**** 2875,,,,,,,,5700 Office Expenses
2025-09-28T02:05:54,Purchase,CS *ARITZIA GC,  (25.00),CAD,Cash,,,"This would be for food & beverage, events, prizes, awards etc.",Karina Plazola,**** 1865,,,,,,,,5700 Office Expenses
2025-01-15T06:21:38,Purchase,CS *CASHSTAR GFT CRD,  (15.00),CAD,Cash,,,"This would be for food & beverage, events, prizes, awards etc.",Karina Plazola,**** 1865,,,,,,,,5700 Office Expenses
2025-11-15T06:41:22,Purchase,CS *CASHSTAR GFT CRD,  (150.00),CAD,Cash,,,,Erin Baile,**** 0067,,,,,,,,5700 Office Expenses
2025-11-18T06:47:18,Purchase,CS *CASHSTAR GFT CRD,  (200.00),CAD,Cash,,,,Erin Baile,**** 0067,,,,,,,,5700 Office Expenses
2025-11-18T06:47:18,Purchase,CS *CASHSTAR GFT CRD,  (400.00),CAD,Cash,,,,Erin Baile,**** 0067,,,,,,,,5700 Office Expenses
2025-04-18T02:17:29,Purchase,CS *LULULEMON GC,  (250.00),CAD,Cash,,,"This would be for food & beverage, events, prizes, awards etc.",Karina Plazola,**** 1865,,,,,,,,5700 Office Expenses
2025-10-05T02:10:14,Purchase,CS *LULULEMON GC,  (100.00),CAD,Cash,,,"This would be for food & beverage, events, prizes, awards etc.",Karina Plazola,**** 1865,,,,,,,,5700 Office Expenses
2025-10-08T06:43:10,Purchase,CS *SKIP GC,  (25.00),CAD,Cash,,,"This would be for food & beverage, events, prizes, awards etc.",Karina Plazola,**** 1865,,,,,,,,5700 Office Expenses
2025-06-22T02:05:03,Purchase,CS *THDCA GC,  (50.00),CAD,Cash,,,,Karina Plazola,**** 9909,,,,,,,,5700 Office Expenses
2025-11-06T00:03:08,Purchase,CS *TIMHORTONS GC,  (150.00),CAD,Cash,,,,Karina Plazola,**** 2636,,,,,,,,5700 Office Expenses
2025-11-13T02:56:07,Purchase,CS *TIMHORTONS GC,  (110.00),CAD,Cash,,,,Karina Plazola,**** 2636,,,,,,,,5700 Office Expenses
2025-11-13T22:21:27,Purchase,CS *TIMHORTONS GC,  (120.00),CAD,Cash,,,,Karina Plazola,**** 2636,,,,,,,,5700 Office Expenses
2025-11-15T22:51:00,Purchase,CS *TIMHORTONS GC,  (150.00),CAD,Cash,,,,Karina Plazola,**** 2636,,,,,,,,5700 Office Expenses
2025-11-15T22:51:05,Purchase,CS *TIMHORTONS GC,  (160.00),CAD,Cash,,,,Karina Plazola,**** 2636,,,,,,,,5700 Office Expenses
2025-11-18T23:41:16,Purchase,CS *TIMHORTONS GC,  (65.00),CAD,Cash,,,,Karina Plazola,**** 2636,,,,,,,,5700 Office Expenses
2025-11-20T22:42:26,Purchase,CS *TIMHORTONS GC,  (30.00),CAD,Cash,,,,Karina Plazola,**** 2636,,,,,,,,5700 Office Expenses
2025-11-20T22:42:27,Purchase,CS *TIMHORTONS GC,  (50.00),CAD,Cash,,,"This would be for food & beverage, events, prizes, awards etc.",Karina Plazola,**** 1865,,,,,,,,5700 Office Expenses
2025-11-21T22:12:38,Purchase,CS *TIMHORTONS GC,  (150.00),CAD,Cash,,,,Karina Plazola,**** 2636,,,,,,,,5700 Office Expenses
2025-11-25T23:02:31,Purchase,CS *TIMHORTONS GC,  (40.00),CAD,Cash,,,,Karina Plazola,**** 2636,,,,,,,,5700 Office Expenses
2025-11-25T23:02:31,Purchase,CS *TIMHORTONS GC,  (160.00),CAD,Cash,,,,Karina Plazola,**** 2636,,,,,,,,5700 Office Expenses
2025-12-02T23:20:52,Purchase,CS *TIMHORTONS GC,  (80.00),CAD,Cash,,,,Karina Plazola,**** 2636,,,,,,,,5700 Office Expenses
2025-01-18T01:14:50,Purchase,"BLACKHAWK NETWORK, INC.",  (20.00),CAD,Cash,,,,Karina Plazola,**** 2636,,,,,,,,5700 Office Expenses
2025-02-11T02:18:58,Purchase,DD/DOORDASHBOMBAYKITCH,  (171.75),CAD,Cash,,,,Erin Baile,**** 6811,,,,,,,,5700 Office Expenses
2025-01-10T05:42:12,Purchase,DD/DOORDASHNOFRILLS,  (13.42),CAD,Cash,,,,Kayla Symes,**** 0461,,,,,,,,5700 Office Expenses
2025-01-10T05:42:13,Purchase,DD/DOORDASHNOFRILLS,  (33.21),CAD,Cash,,,,Kayla Symes,**** 0461,,,,,,,,5700 Office Expenses
2025-01-08T02:27:04,Purchase,DD/DOORDASHWALMART,  (1.05),CAD,Cash,,,,Kayla Symes,**** 0461,,,,,,,,5700 Office Expenses
2025-01-08T02:27:05,Purchase,DD/DOORDASHWALMART,  (34.20),CAD,Cash,,,,Kayla Symes,**** 0461,,,,,,,,5700 Office Expenses
2025-06-14T04:32:29,Purchase,DOLLARAMA # 512,  (5.05),CAD,Cash,,,,Erin Baile,**** 7197,,,,,,,,5700 Office Expenses
2025-09-06T05:52:43,Purchase,DOLLARAMA # 512,  (12.60),CAD,Cash,,,,Erin Baile,**** 7197,,,,,,,,5700 Office Expenses
2025-04-25T04:03:43,Purchase,DOLLARAMA # 818,  (15.96),CAD,Cash,,,,Erin Baile,**** 7197,,,,,,,,5700 Office Expenses
2025-05-02T03:50:07,Purchase,DOLLARAMA # 818,  (19.04),CAD,Cash,,,,Karina Plazola,**** 9909,,,,,,,,5700 Office Expenses
2025-08-14T04:32:36,Purchase,DOLLARAMA # 818,  (9.80),CAD,Cash,,,,Karina Plazola,**** 9909,,,,,,,,5700 Office Expenses
2025-07-16T05:47:03,Purchase,DOLLARAMA # 846,  (11.48),CAD,Cash,,,,Erin Baile,**** 7197,,,,,,,,5700 Office Expenses
2025-08-15T04:04:03,Purchase,DOLLARAMA # 846,  (15.96),CAD,Cash,,,,Karina Plazola,**** 9909,,,,,,,,5700 Office Expenses
2025-08-13T05:12:22,Purchase,DOLLARAMA #1225,  (27.45),CAD,Cash,,,,Karina Plazola,**** 9909,,,,,,,,5700 Office Expenses
2025-02-04T05:49:04,Purchase,DOLLARAMA #1416,  (35.05),CAD,Cash,,,,Karina Plazola,**** 9909,,,,,,,,5700 Office Expenses
2025-05-30T04:17:10,Purchase,DOLLARAMA #1416,  (6.44),CAD,Cash,,,,Erin Baile,**** 7197,,,,,,,,5700 Office Expenses
2025-06-27T06:23:07,Purchase,DOLLARAMA #1416,  (10.49),CAD,Cash,,,,Erin Baile,**** 7197,,,,,,,,5700 Office Expenses
2025-07-18T04:20:30,Purchase,DOLLARAMA #1416,  (40.60),CAD,Cash,,,,Erin Baile,**** 7197,,,,,,,,5700 Office Expenses
2025-07-31T04:24:02,Purchase,DOLLARAMA #1416,  (38.92),CAD,Cash,,,,Karina Plazola,**** 9909,,,,,,,,5700 Office Expenses
2025-08-16T06:19:29,Purchase,DOLLARAMA #1416,  (38.95),CAD,Cash,,,,Karina Plazola,**** 9909,,,,,,,,5700 Office Expenses
2025-01-22T01:16:26,Purchase,"BLACKHAWK NETWORK, INC.",  (45.00),CAD,Cash,,,,Karina Plazola,**** 2636,,,,,,,,5700 Office Expenses
2025-04-18T02:09:23,Purchase,Dyson Canada,  (895.99),CAD,Cash,,,"This would be for food & beverage, events, prizes, awards etc.",Karina Plazola,**** 1865,,,,,,,,5700 Office Expenses
2025-05-02T02:08:35,Refund,Dyson Canada,  705.59 ,CAD,Cash,,,,Karina Plazola,**** 9909,,,,,,,,5700 Office Expenses
2025-07-19T06:18:41,Purchase,CARFAX CANADA ULC,  (73.45),CAD,Cash,,,"Passtime GPS renewals for the Spring Auto Financial product we manage for Cypress Hill.  Use Passtime platform to reduce risk and prevent losses on vehicles in the Cypress portfolio.

6/20/2022 - Updated Card Limit to $1000 needed to match renewal requirements",Emily Gardner,**** 9954,,,,,,,,5700 Office Expenses
2025-12-04T00:47:21,Purchase,EASYPARK CP9 (POS),  (5.38),CAD,Cash,,,Parking for Xmas party prizes pick up ,Karina Plazola,**** 9909,,,,,,,,5700 Office Expenses
2025-05-03T03:45:57,Purchase,EVENTBRITE/CANADIANFIN,"  (1,387.00)",CAD,Cash,,,,Victor Ko,**** 2003,,,,,,,,5700 Office Expenses
2025-09-27T02:11:23,Purchase,COAL HARBOUR LIQUOR STORE,  (351.55),CAD,Cash,,,,Karina Plazola,**** 9909,,,,,,,,5700 Office Expenses
2025-02-06T02:23:39,Purchase,CS *TIMHORTONS GC,  (120.00),CAD,Cash,,,,Karina Plazola,**** 2636,,,,,,,,5700 Office Expenses
2025-10-23T04:29:32,Purchase,EVERYTHING WINE/12424,  (599.27),CAD,Cash,,,,Karina Plazola,**** 9909,,,,,,,,5700 Office Expenses
2025-10-23T04:29:32,Refund,EVERYTHING WINE/12424,  23.03 ,CAD,Cash,,,,Karina Plazola,**** 9909,,,,,,,,5700 Office Expenses
2025-10-23T04:29:32,Purchase,EVERYTHING WINE/12424,  (812.79),CAD,Cash,,,,Karina Plazola,**** 9909,,,,,,,,5700 Office Expenses
2025-02-26T03:54:40,Purchase,F&F(FINISHING & FURNISH),  (500.00),CAD,Cash,,,,Erin Baile,**** 7197,,,,,,,,5700 Office Expenses
2025-04-26T02:13:57,Purchase,FA GIFTS PRIVATE LIMITED,  (36.00),CAD,Cash,2174,INR,,Harjot Kaur,**** 9999,,,,,,,0.016559,5700 Office Expenses
2025-06-20T04:29:48,Purchase,FA GIFTS PRIVATE LIMITED,  (36.68),CAD,Cash,2274,INR,,Harjot Kaur,**** 9999,,,,,,,0.01613,5700 Office Expenses
2025-04-10T02:13:26,Purchase,Dyson Canada,  (705.87),CAD,Cash,,,,Karina Plazola,**** 9909,,,,,,,,5700 Office Expenses
2025-09-05T02:03:28,Purchase,FH* CANADIAN WILDERNES,"  (1,610.39)",CAD,Cash,,,,Emily Gardner,**** 1021,,,,,,,,5700 Office Expenses
2025-09-11T02:11:57,Purchase,FH* CANADIAN WILDERNES,  (530.46),CAD,Cash,,,,Emily Gardner,**** 1021,,,,,,,,5700 Office Expenses
2025-02-15T04:57:09,Purchase,FINANCIAL AND CONSUMER AF,"  (8,500.00)",CAD,Cash,,,License Renewals,Joyce Pong,**** 2640,,,,,,,,5700 Office Expenses
2025-08-16T06:20:19,Purchase,GEARBASE CAMERA,  (80.64),CAD,Cash,,,,Karina Plazola,**** 9909,,,,,,,,5700 Office Expenses
2025-10-02T03:35:10,Purchase,EVENTBRITE/CANADIANLEN,"  (1,387.00)",CAD,Cash,,,,Emily Gardner,**** 1021,,,,,,,,5700 Office Expenses
2025-10-31T03:12:36,Purchase,EVENTBRITE/STANFORDDES,  (500.00),CAD,Cash,,,,Cory Eden,**** 7993,,,,,,,,5700 Office Expenses
2025-03-26T02:13:42,Purchase,GOV NL - LIEN CHECK,  (10.00),CAD,Cash,,,"Passtime GPS renewals for the Spring Auto Financial product we manage for Cypress Hill.  Use Passtime platform to reduce risk and prevent losses on vehicles in the Cypress portfolio.

6/20/2022 - Updated Card Limit to $1000 needed to match renewal requirements",Emily Gardner,**** 9954,,,,,,,,5700 Office Expenses
2025-07-20T02:16:33,Purchase,GOV NL - LIEN CHECK,  (10.00),CAD,Cash,,,"Passtime GPS renewals for the Spring Auto Financial product we manage for Cypress Hill.  Use Passtime platform to reduce risk and prevent losses on vehicles in the Cypress portfolio.

6/20/2022 - Updated Card Limit to $1000 needed to match renewal requirements",Emily Gardner,**** 9954,,,,,,,,5700 Office Expenses
2025-07-20T02:16:35,Purchase,GOV NL - LIEN CHECK,  (10.00),CAD,Cash,,,"Passtime GPS renewals for the Spring Auto Financial product we manage for Cypress Hill.  Use Passtime platform to reduce risk and prevent losses on vehicles in the Cypress portfolio.

6/20/2022 - Updated Card Limit to $1000 needed to match renewal requirements",Emily Gardner,**** 9954,,,,,,,,5700 Office Expenses
2025-08-02T02:09:31,Purchase,GOV NL - LIEN CHECK,  (10.00),CAD,Cash,,,"Passtime GPS renewals for the Spring Auto Financial product we manage for Cypress Hill.  Use Passtime platform to reduce risk and prevent losses on vehicles in the Cypress portfolio.

6/20/2022 - Updated Card Limit to $1000 needed to match renewal requirements",Emily Gardner,**** 9954,,,,,,,,5700 Office Expenses
2025-08-17T02:11:27,Purchase,GOV NL - LIEN CHECK,  (10.00),CAD,Cash,,,"Passtime GPS renewals for the Spring Auto Financial product we manage for Cypress Hill.  Use Passtime platform to reduce risk and prevent losses on vehicles in the Cypress portfolio.

6/20/2022 - Updated Card Limit to $1000 needed to match renewal requirements",Emily Gardner,**** 9954,,,,,,,,5700 Office Expenses
2025-08-17T02:11:29,Purchase,GOV NL - LIEN CHECK,  (10.00),CAD,Cash,,,"Passtime GPS renewals for the Spring Auto Financial product we manage for Cypress Hill.  Use Passtime platform to reduce risk and prevent losses on vehicles in the Cypress portfolio.

6/20/2022 - Updated Card Limit to $1000 needed to match renewal requirements",Emily Gardner,**** 9954,,,,,,,,5700 Office Expenses
2025-08-23T02:10:10,Purchase,GOV NL - LIEN CHECK,  (10.00),CAD,Cash,,,"Passtime GPS renewals for the Spring Auto Financial product we manage for Cypress Hill.  Use Passtime platform to reduce risk and prevent losses on vehicles in the Cypress portfolio.

6/20/2022 - Updated Card Limit to $1000 needed to match renewal requirements",Emily Gardner,**** 9954,,,,,,,,5700 Office Expenses
2025-09-07T02:12:39,Purchase,GOV NL - LIEN CHECK,  (10.00),CAD,Cash,,,"Passtime GPS renewals for the Spring Auto Financial product we manage for Cypress Hill.  Use Passtime platform to reduce risk and prevent losses on vehicles in the Cypress portfolio.

6/20/2022 - Updated Card Limit to $1000 needed to match renewal requirements",Emily Gardner,**** 9954,,,,,,,,5700 Office Expenses
2025-09-24T02:14:42,Purchase,GOV NL - LIEN CHECK,  (10.00),CAD,Cash,,,,Emily Gardner,**** 1021,,,,,,,,5700 Office Expenses
2025-04-23T02:06:24,Purchase,GOV NL - LIEN CHECK,  (10.00),CAD,Cash,,,"Passtime GPS renewals for the Spring Auto Financial product we manage for Cypress Hill.  Use Passtime platform to reduce risk and prevent losses on vehicles in the Cypress portfolio.

6/20/2022 - Updated Card Limit to $1000 needed to match renewal requirements",Emily Gardner,**** 9954,,,,,,,,5700 Office Expenses
2025-05-04T02:07:04,Purchase,GOV NL - LIEN CHECK,  (10.00),CAD,Cash,,,"Passtime GPS renewals for the Spring Auto Financial product we manage for Cypress Hill.  Use Passtime platform to reduce risk and prevent losses on vehicles in the Cypress portfolio.

6/20/2022 - Updated Card Limit to $1000 needed to match renewal requirements",Emily Gardner,**** 9954,,,,,,,,5700 Office Expenses
2025-05-07T02:05:23,Purchase,GOV NL - LIEN CHECK,  (10.00),CAD,Cash,,,"Passtime GPS renewals for the Spring Auto Financial product we manage for Cypress Hill.  Use Passtime platform to reduce risk and prevent losses on vehicles in the Cypress portfolio.

6/20/2022 - Updated Card Limit to $1000 needed to match renewal requirements",Emily Gardner,**** 9954,,,,,,,,5700 Office Expenses
2025-05-15T02:14:50,Purchase,GOV NL - LIEN CHECK,  (10.00),CAD,Cash,,,"Passtime GPS renewals for the Spring Auto Financial product we manage for Cypress Hill.  Use Passtime platform to reduce risk and prevent losses on vehicles in the Cypress portfolio.

6/20/2022 - Updated Card Limit to $1000 needed to match renewal requirements",Emily Gardner,**** 9954,,,,,,,,5700 Office Expenses
2025-05-28T02:14:01,Purchase,GOV NL - LIEN CHECK,  (10.00),CAD,Cash,,,"Passtime GPS renewals for the Spring Auto Financial product we manage for Cypress Hill.  Use Passtime platform to reduce risk and prevent losses on vehicles in the Cypress portfolio.

6/20/2022 - Updated Card Limit to $1000 needed to match renewal requirements",Emily Gardner,**** 9954,,,,,,,,5700 Office Expenses
2025-06-07T02:05:15,Purchase,GOV NL - LIEN CHECK,  (10.00),CAD,Cash,,,"Passtime GPS renewals for the Spring Auto Financial product we manage for Cypress Hill.  Use Passtime platform to reduce risk and prevent losses on vehicles in the Cypress portfolio.

6/20/2022 - Updated Card Limit to $1000 needed to match renewal requirements",Emily Gardner,**** 9954,,,,,,,,5700 Office Expenses
2025-06-07T02:05:20,Purchase,GOV NL - LIEN CHECK,  (10.00),CAD,Cash,,,"Passtime GPS renewals for the Spring Auto Financial product we manage for Cypress Hill.  Use Passtime platform to reduce risk and prevent losses on vehicles in the Cypress portfolio.

6/20/2022 - Updated Card Limit to $1000 needed to match renewal requirements",Emily Gardner,**** 9954,,,,,,,,5700 Office Expenses
2025-06-07T02:05:21,Purchase,GOV NL - LIEN CHECK,  (10.00),CAD,Cash,,,"Passtime GPS renewals for the Spring Auto Financial product we manage for Cypress Hill.  Use Passtime platform to reduce risk and prevent losses on vehicles in the Cypress portfolio.

6/20/2022 - Updated Card Limit to $1000 needed to match renewal requirements",Emily Gardner,**** 9954,,,,,,,,5700 Office Expenses
2025-06-27T02:15:23,Purchase,GOV NL - LIEN CHECK,  (10.00),CAD,Cash,,,"Passtime GPS renewals for the Spring Auto Financial product we manage for Cypress Hill.  Use Passtime platform to reduce risk and prevent losses on vehicles in the Cypress portfolio.

6/20/2022 - Updated Card Limit to $1000 needed to match renewal requirements",Emily Gardner,**** 9954,,,,,,,,5700 Office Expenses
2025-09-03T16:34:59,Purchase,HALLMARK BUS CONNECTIONS,  (644.77),CAD,Cash,461.49,USD,,Erin Baile,**** 7197,,,,,,,1.397148,5700 Office Expenses
2025-05-03T02:20:25,Purchase,GRAB,  (5.97),CAD,Cash,236.9,PHP,,Erin Baile,**** 7197,,,,,,,0.025201,5700 Office Expenses
2025-05-03T02:20:25,Purchase,GRAB,  (6.26),CAD,Cash,248.23,PHP,,Erin Baile,**** 7197,,,,,,,0.025219,5700 Office Expenses
2025-05-04T02:04:58,Purchase,GRAB,  (5.21),CAD,Cash,207.03,PHP,,Erin Baile,**** 7197,,,,,,,0.025165,5700 Office Expenses
2025-05-05T02:04:50,Purchase,GRAB,  (0.63),CAD,Cash,25,PHP,,Erin Baile,**** 7197,,,,,,,0.0252,5700 Office Expenses
2025-05-05T02:04:50,Purchase,GRAB,  (6.97),CAD,Cash,275.01,PHP,,Erin Baile,**** 7197,,,,,,,0.025345,5700 Office Expenses
2025-05-05T02:04:55,Purchase,GRAB,  (7.07),CAD,Cash,279.13,PHP,,Erin Baile,**** 7197,,,,,,,0.025329,5700 Office Expenses
2025-05-05T02:04:56,Purchase,GRAB,  (5.84),CAD,Cash,230.72,PHP,,Erin Baile,**** 7197,,,,,,,0.025312,5700 Office Expenses
2025-05-06T02:06:37,Purchase,GRAB,  (1.05),CAD,Cash,41.2,PHP,,Erin Baile,**** 7197,,,,,,,0.025485,5700 Office Expenses
2025-05-06T02:06:39,Purchase,GRAB,  (41.20),CAD,Cash,1628.17,PHP,,Erin Baile,**** 7197,,,,,,,0.025304,5700 Office Expenses
2025-05-06T02:06:42,Purchase,GRAB,  (8.30),CAD,Cash,327.54,PHP,,Erin Baile,**** 7197,,,,,,,0.02534,5700 Office Expenses
2025-05-06T02:06:47,Purchase,GRAB,  (147.55),CAD,Cash,5830.83,PHP,,Erin Baile,**** 7197,,,,,,,0.025305,5700 Office Expenses
2025-05-06T02:06:49,Purchase,GRAB,  (118.62),CAD,Cash,4687.53,PHP,,Erin Baile,**** 7197,,,,,,,0.025305,5700 Office Expenses
2025-05-07T02:22:19,Purchase,GRAB,  (5.27),CAD,Cash,208.06,PHP,,Erin Baile,**** 7197,,,,,,,0.025329,5700 Office Expenses
2025-05-07T02:22:20,Purchase,GRAB,  (5.98),CAD,Cash,236.9,PHP,,Erin Baile,**** 7197,,,,,,,0.025243,5700 Office Expenses
2025-05-07T02:22:20,Purchase,GRAB,  (63.27),CAD,Cash,2506.51,PHP,,Erin Baile,**** 7197,,,,,,,0.025242,5700 Office Expenses
2025-05-08T02:06:57,Purchase,GRAB,  (5.47),CAD,Cash,216.3,PHP,,Erin Baile,**** 7197,,,,,,,0.025289,5700 Office Expenses
2025-05-08T02:06:58,Purchase,GRAB,  (3.82),CAD,Cash,150.38,PHP,,Erin Baile,**** 7197,,,,,,,0.025402,5700 Office Expenses
2025-05-09T02:21:49,Purchase,GRAB,  (2.75),CAD,Cash,108.15,PHP,,Erin Baile,**** 7197,,,,,,,0.025428,5700 Office Expenses
2025-05-09T02:21:50,Purchase,GRAB,  (6.93),CAD,Cash,272.95,PHP,,Erin Baile,**** 7197,,,,,,,0.025389,5700 Office Expenses
2025-05-09T02:21:50,Purchase,GRAB,  (11.31),CAD,Cash,445.99,PHP,,Erin Baile,**** 7197,,,,,,,0.025359,5700 Office Expenses
2025-05-09T02:21:51,Purchase,GRAB,  (4.29),CAD,Cash,168.92,PHP,,Erin Baile,**** 7197,,,,,,,0.025397,5700 Office Expenses
2025-05-09T02:21:51,Purchase,GRAB,  (14.60),CAD,Cash,575.77,PHP,,Erin Baile,**** 7197,,,,,,,0.025357,5700 Office Expenses
2025-05-09T02:21:51,Purchase,GRAB,  (13.56),CAD,Cash,534.57,PHP,,Erin Baile,**** 7197,,,,,,,0.025366,5700 Office Expenses
2025-05-10T02:20:47,Purchase,GRAB,  (14.24),CAD,Cash,561.35,PHP,,Erin Baile,**** 7197,,,,,,,0.025367,5700 Office Expenses
2025-05-11T02:05:22,Purchase,GRAB,  (6.51),CAD,Cash,254.41,PHP,,Erin Baile,**** 7197,,,,,,,0.025589,5700 Office Expenses
2025-05-11T02:05:25,Purchase,GRAB,  (6.91),CAD,Cash,269.86,PHP,,Erin Baile,**** 7197,,,,,,,0.025606,5700 Office Expenses
2025-05-13T02:31:45,Purchase,GRAB,  (7.54),CAD,Cash,294.58,PHP,,Erin Baile,**** 7197,,,,,,,0.025596,5700 Office Expenses
2025-02-08T01:15:34,Purchase,IC* INSTACART,  (419.69),CAD,Cash,,,,Karina Plazola,**** 9909,,,,,,,,5700 Office Expenses
2025-01-04T01:16:13,Purchase,GROUPGREETING,  (140.00),CAD,Cash,,,,Janessa Ellis,**** 6500,,,,,,,,5700 Office Expenses
2025-09-09T02:08:22,Purchase,GROUPGREETING,  (140.00),CAD,Cash,,,,Janessa Ellis,**** 6500,,,,,,,,5700 Office Expenses
2025-04-23T06:21:27,Purchase,GYMSHARK,"  (2,501.94)",CAD,Cash,,,,Erin Baile,**** 7197,,,,,,,,5700 Office Expenses
2025-05-10T06:34:21,Refund,GYMSHARK,  338.10 ,CAD,Cash,,,,Erin Baile,**** 7197,,,,,,,,5700 Office Expenses
2025-05-10T06:34:21,Refund,GYMSHARK,  67.62 ,CAD,Cash,,,,Erin Baile,**** 7197,,,,,,,,5700 Office Expenses
2025-05-10T06:34:22,Refund,GYMSHARK,  980.49 ,CAD,Cash,,,,Erin Baile,**** 7197,,,,,,,,5700 Office Expenses
2025-05-13T06:24:30,Refund,GYMSHARK,"  1,115.73 ",CAD,Cash,,,,Erin Baile,**** 7197,,,,,,,,5700 Office Expenses
2025-08-15T02:13:21,Purchase,HALDIRAM,  (20.33),CAD,Cash,1268.94,INR,,Harjot Kaur,**** 9999,,,,,,,0.016021,5700 Office Expenses
2025-07-19T02:17:42,Purchase,IC* INSTACART,  (32.47),CAD,Cash,,,,Karina Plazola,**** 9909,,,,,,,,5700 Office Expenses
2025-07-25T02:11:49,Purchase,IC* INSTACART,  (34.37),CAD,Cash,,,,Erin Baile,**** 7197,,,,,,,,5700 Office Expenses
2025-03-26T16:55:10,Purchase,HALLMARK BUS CONNECTIONS,  (323.38),CAD,Cash,221.99,USD,,Erin Baile,**** 7197,,,,,,,1.456732,5700 Office Expenses
2025-07-31T02:19:45,Purchase,IC* INSTACART,  (39.33),CAD,Cash,,,,Erin Baile,**** 7197,,,,,,,,5700 Office Expenses
2025-12-20T03:07:32,Purchase,HAZELTONS,  (297.91),CAD,Cash,,,Christmas basket to business partner ,Michael Galpin,**** 7387,,,,,,,,5700 Office Expenses
2025-12-20T03:07:32,Purchase,HAZELTONS,  (243.59),CAD,Cash,,,Holiday gift basket to a partner ,Michael Galpin,**** 7387,,,,,,,,5700 Office Expenses
2025-07-31T02:20:50,Purchase,IC* INSTACART,  (3.00),CAD,Cash,,,,Erin Baile,**** 7197,,,,,,,,5700 Office Expenses
2025-10-16T03:57:45,Purchase,HM CA0037,  (36.73),CAD,Cash,,,,Karina Plazola,**** 9909,,,,,,,,5700 Office Expenses
2025-10-23T04:29:05,Purchase,HM CA0037,  (55.91),CAD,Cash,,,,Erin Baile,**** 0067,,,,,,,,5700 Office Expenses
2025-02-12T01:32:00,Purchase,HOME SWEET HOME CANDY CO,"  (1,491.96)",CAD,Cash,,,,Erin Baile,**** 7197,,,,,,,,5700 Office Expenses
2025-04-26T03:56:09,Purchase,HOULE GAMES,  (342.65),CAD,Cash,,,,Erin Baile,**** 7197,,,,,,,,5700 Office Expenses
2025-08-13T02:15:09,Purchase,HOULE GAMES,  (675.43),CAD,Cash,,,,Erin Baile,**** 7197,,,,,,,,5700 Office Expenses
2025-08-14T04:28:14,Purchase,HOULE GAMES,  (347.20),CAD,Cash,,,,Erin Baile,**** 7197,,,,,,,,5700 Office Expenses
2025-11-20T23:14:42,Purchase,IC* COSTCO BY INSTACAR,  (112.92),CAD,Cash,,,,Karina Plazola,**** 9909,,,,,,,,5700 Office Expenses
2025-12-03T00:55:05,Purchase,IC* COSTCO BY INSTACAR,  (276.43),CAD,Cash,,,,Karina Plazola,**** 9909,,,,,,,,5700 Office Expenses
2025-08-02T02:09:07,Purchase,IC* INSTACART,  (34.04),CAD,Cash,,,,Erin Baile,**** 7197,,,,,,,,5700 Office Expenses
2025-04-25T02:17:49,Purchase,IC* INSTACART,  (116.69),CAD,Cash,,,,Karina Plazola,**** 9909,,,,,,,,5700 Office Expenses
2025-06-28T02:15:57,Purchase,IC* INSTACART,  (243.33),CAD,Cash,,,,Karina Plazola,**** 9909,,,,,,,,5700 Office Expenses
2025-10-08T02:03:10,Purchase,IC* INSTACART,  (30.22),CAD,Cash,,,,Karina Plazola,**** 9909,,,,,,,,5700 Office Expenses
2025-10-10T02:13:00,Purchase,IC* INSTACART,  (122.89),CAD,Cash,,,,Karina Plazola,**** 9909,,,,,,,,5700 Office Expenses
2025-10-24T02:08:43,Purchase,IC* INSTACART,  (130.08),CAD,Cash,,,,Karina Plazola,**** 9909,,,,,,,,5700 Office Expenses
2025-10-28T23:55:17,Purchase,IC* INSTACART,  (81.03),CAD,Cash,,,,Karina Plazola,**** 9909,,,,,,,,5700 Office Expenses
2025-11-20T23:07:34,Purchase,IC* INSTACART,  (169.42),CAD,Cash,,,,Karina Plazola,**** 9909,,,,,,,,5700 Office Expenses
2025-12-02T01:23:04,Purchase,IC* INSTACART,  (46.45),CAD,Cash,,,,Karina Plazola,**** 9909,,,,,,,,5700 Office Expenses
2025-12-04T00:37:20,Purchase,IC* INSTACART,  (75.26),CAD,Cash,,,,Karina Plazola,**** 9909,,,,,,,,5700 Office Expenses
2025-08-08T02:07:45,Purchase,IC* INSTACART,  (42.18),CAD,Cash,,,,Erin Baile,**** 7197,,,,,,,,5700 Office Expenses
2025-08-23T02:04:43,Purchase,IC* INSTACART,  (44.57),CAD,Cash,,,,Erin Baile,**** 7197,,,,,,,,5700 Office Expenses
2025-09-06T02:15:35,Purchase,IC* INSTACART,  (44.87),CAD,Cash,,,,Erin Baile,**** 7197,,,,,,,,5700 Office Expenses
2025-09-26T02:05:09,Purchase,IC* INSTACART,  (41.01),CAD,Cash,,,,Karina Plazola,**** 9909,,,,,,,,5700 Office Expenses
2025-09-27T02:08:55,Purchase,IC* INSTACART,  (38.10),CAD,Cash,,,,Karina Plazola,**** 9909,,,,,,,,5700 Office Expenses
2025-05-03T02:16:16,Purchase,INDIGO PARK - PAY BY PHON,  (20.00),CAD,Cash,,,,Erin Baile,**** 7197,,,,,,,,5700 Office Expenses
2025-07-02T02:11:36,Purchase,INDIGO PARK - PAY BY PHON,  (20.00),CAD,Cash,,,,Erin Baile,**** 7197,,,,,,,,5700 Office Expenses
2025-06-04T05:12:59,Purchase,INDIGO PARK - V101/102 MO,  (830.87),CAD,Cash,,,,Karina Plazola,**** 9909,,,,,,,,5700 Office Expenses
2025-07-02T04:23:03,Purchase,INDIGO PARK - V101/102 MO,  (620.55),CAD,Cash,,,,Karina Plazola,**** 9909,,,,,,,,5700 Office Expenses
2025-08-02T03:24:31,Purchase,INDIGO PARK - V101/102 MO,  (645.49),CAD,Cash,,,,Karina Plazola,**** 9909,,,,,,,,5700 Office Expenses
2025-09-02T05:42:09,Purchase,INDIGO PARK - V101/102 MO,  (645.49),CAD,Cash,,,,Karina Plazola,**** 9909,,,,,,,,5700 Office Expenses
2025-10-02T03:37:44,Purchase,INDIGO PARK - V101/102 MO,  (645.49),CAD,Cash,,,,Karina Plazola,**** 9909,,,,,,,,5700 Office Expenses
2025-01-17T01:09:00,Purchase,MPBSD -SO PERSONAL PROPER,  (8.00),CAD,Cash,,,"Passtime GPS renewals for the Spring Auto Financial product we manage for Cypress Hill.  Use Passtime platform to reduce risk and prevent losses on vehicles in the Cypress portfolio.

6/20/2022 - Updated Card Limit to $1000 needed to match renewal requirements",Emily Gardner,**** 9954,,,,,,,,5700 Office Expenses
2025-05-18T02:05:15,Purchase,IN *INSTANT IMPRINTS,  (225.68),CAD,Cash,,,,Karina Plazola,**** 9909,,,,,,,,5700 Office Expenses
2025-11-12T23:58:33,Purchase,IN *PACIFIC BLUE MECHANIC,  (261.45),CAD,Cash,,,,Karina Plazola,**** 9909,,,,,,,,5700 Office Expenses
2025-11-20T22:45:32,Purchase,IN *PACIFIC BLUE MECHANIC,"  (1,438.50)",CAD,Cash,,,,Karina Plazola,**** 9909,,,,,,,,5700 Office Expenses
2025-12-02T00:05:06,Purchase,IN *PACIFIC BLUE MECHANIC,"  (1,701.00)",CAD,Cash,,,,Karina Plazola,**** 9909,,,,,,,,5700 Office Expenses
2025-01-22T01:11:10,Purchase,MPBSD -SO PERSONAL PROPER,  (8.00),CAD,Cash,,,"Passtime GPS renewals for the Spring Auto Financial product we manage for Cypress Hill.  Use Passtime platform to reduce risk and prevent losses on vehicles in the Cypress portfolio.

6/20/2022 - Updated Card Limit to $1000 needed to match renewal requirements",Emily Gardner,**** 9954,,,,,,,,5700 Office Expenses
2025-07-16T05:46:30,Purchase,INDIGO 789,  (113.07),CAD,Cash,,,,Erin Baile,**** 7197,,,,,,,,5700 Office Expenses
2025-07-16T05:46:31,Purchase,INDIGO 789,  (109.72),CAD,Cash,,,,Erin Baile,**** 7197,,,,,,,,5700 Office Expenses
2025-10-16T03:58:50,Purchase,INDIGO 975,  (43.10),CAD,Cash,,,,Karina Plazola,**** 9909,,,,,,,,5700 Office Expenses
2025-10-23T04:32:53,Purchase,INDIGO 975,  (10.50),CAD,Cash,,,,Erin Baile,**** 0067,,,,,,,,5700 Office Expenses
2025-03-16T06:17:42,Purchase,INDIGO ONLINE,  (103.82),CAD,Cash,,,,Erin Baile,**** 7197,,,,,,,,5700 Office Expenses
2025-07-09T02:25:40,Purchase,INDIGO ONLINE,  (84.62),CAD,Cash,,,,Erin Baile,**** 7197,,,,,,,,5700 Office Expenses
2025-07-16T05:30:40,Refund,INDIGO ONLINE,  10.47 ,CAD,Cash,,,,Erin Baile,**** 7197,,,,,,,,5700 Office Expenses
2025-10-24T04:01:26,Purchase,INDIGO ONLINE,  (262.85),CAD,Cash,,,,Erin Baile,**** 0067,,,,,,,,5700 Office Expenses
2025-01-29T01:42:28,Purchase,MPBSDP -SO PERSONAL PROPE,  (8.00),CAD,Cash,,,"Passtime GPS renewals for the Spring Auto Financial product we manage for Cypress Hill.  Use Passtime platform to reduce risk and prevent losses on vehicles in the Cypress portfolio.

6/20/2022 - Updated Card Limit to $1000 needed to match renewal requirements",Emily Gardner,**** 9954,,,,,,,,5700 Office Expenses
2025-01-30T01:32:42,Purchase,MPBSDP -SO PERSONAL PROPE,  (8.00),CAD,Cash,,,"Passtime GPS renewals for the Spring Auto Financial product we manage for Cypress Hill.  Use Passtime platform to reduce risk and prevent losses on vehicles in the Cypress portfolio.

6/20/2022 - Updated Card Limit to $1000 needed to match renewal requirements",Emily Gardner,**** 9954,,,,,,,,5700 Office Expenses
2025-02-23T01:07:39,Purchase,MPBSDP -SO PERSONAL PROPE,  (8.00),CAD,Cash,,,"Passtime GPS renewals for the Spring Auto Financial product we manage for Cypress Hill.  Use Passtime platform to reduce risk and prevent losses on vehicles in the Cypress portfolio.

6/20/2022 - Updated Card Limit to $1000 needed to match renewal requirements",Emily Gardner,**** 9954,,,,,,,,5700 Office Expenses
2025-02-27T01:10:03,Purchase,MPBSDP -SO PERSONAL PROPE,  (8.00),CAD,Cash,,,"Passtime GPS renewals for the Spring Auto Financial product we manage for Cypress Hill.  Use Passtime platform to reduce risk and prevent losses on vehicles in the Cypress portfolio.

6/20/2022 - Updated Card Limit to $1000 needed to match renewal requirements",Emily Gardner,**** 9954,,,,,,,,5700 Office Expenses
2025-03-01T01:11:27,Purchase,MPBSDP -SO PERSONAL PROPE,  (8.00),CAD,Cash,,,"Passtime GPS renewals for the Spring Auto Financial product we manage for Cypress Hill.  Use Passtime platform to reduce risk and prevent losses on vehicles in the Cypress portfolio.

6/20/2022 - Updated Card Limit to $1000 needed to match renewal requirements",Emily Gardner,**** 9954,,,,,,,,5700 Office Expenses
2025-03-05T01:11:52,Purchase,MPBSDP -SO PERSONAL PROPE,  (8.00),CAD,Cash,,,"Passtime GPS renewals for the Spring Auto Financial product we manage for Cypress Hill.  Use Passtime platform to reduce risk and prevent losses on vehicles in the Cypress portfolio.

6/20/2022 - Updated Card Limit to $1000 needed to match renewal requirements",Emily Gardner,**** 9954,,,,,,,,5700 Office Expenses
2025-03-05T01:11:53,Purchase,MPBSDP -SO PERSONAL PROPE,  (8.00),CAD,Cash,,,"Passtime GPS renewals for the Spring Auto Financial product we manage for Cypress Hill.  Use Passtime platform to reduce risk and prevent losses on vehicles in the Cypress portfolio.

6/20/2022 - Updated Card Limit to $1000 needed to match renewal requirements",Emily Gardner,**** 9954,,,,,,,,5700 Office Expenses
2025-11-02T05:12:13,Purchase,INDIGO PARK - V101/102 MO,  (645.49),CAD,Cash,,,,Karina Plazola,**** 9909,,,,,,,,5700 Office Expenses
2025-12-02T04:43:39,Purchase,INDIGO PARK - V101/102 MO,  (645.49),CAD,Cash,,,,Karina Plazola,**** 9909,,,,,,,,5700 Office Expenses
2025-03-05T01:11:53,Purchase,MPBSDP -SO PERSONAL PROPE,  (8.00),CAD,Cash,,,"Passtime GPS renewals for the Spring Auto Financial product we manage for Cypress Hill.  Use Passtime platform to reduce risk and prevent losses on vehicles in the Cypress portfolio.

6/20/2022 - Updated Card Limit to $1000 needed to match renewal requirements",Emily Gardner,**** 9954,,,,,,,,5700 Office Expenses
2025-01-05T03:17:55,Purchase,INSURANCE COUNCILS OF SAS,  (700.00),CAD,Cash,,,License Renewals,Joyce Pong,**** 2640,,,,,,,,5700 Office Expenses
2025-04-10T04:59:37,Purchase,INTERNATIONAL NEWS,  (6.20),CAD,Cash,,,,Erin Baile,**** 7197,,,,,,,,5700 Office Expenses
2025-05-09T04:23:25,Purchase,INTERNATIONAL NEWS,  (6.27),CAD,Cash,,,,Karina Plazola,**** 9909,,,,,,,,5700 Office Expenses
2025-05-17T04:12:34,Purchase,INTERNATIONAL NEWS,  (36.21),CAD,Cash,,,,Erin Baile,**** 7197,,,,,,,,5700 Office Expenses
2025-03-05T01:11:53,Purchase,MPBSDP -SO PERSONAL PROPE,  (8.00),CAD,Cash,,,"Passtime GPS renewals for the Spring Auto Financial product we manage for Cypress Hill.  Use Passtime platform to reduce risk and prevent losses on vehicles in the Cypress portfolio.

6/20/2022 - Updated Card Limit to $1000 needed to match renewal requirements",Emily Gardner,**** 9954,,,,,,,,5700 Office Expenses
2025-03-12T02:09:29,Purchase,MPBSDP -SO PERSONAL PROPE,  (8.00),CAD,Cash,,,"Passtime GPS renewals for the Spring Auto Financial product we manage for Cypress Hill.  Use Passtime platform to reduce risk and prevent losses on vehicles in the Cypress portfolio.

6/20/2022 - Updated Card Limit to $1000 needed to match renewal requirements",Emily Gardner,**** 9954,,,,,,,,5700 Office Expenses
2025-03-12T02:09:32,Purchase,MPBSDP -SO PERSONAL PROPE,  (8.00),CAD,Cash,,,"Passtime GPS renewals for the Spring Auto Financial product we manage for Cypress Hill.  Use Passtime platform to reduce risk and prevent losses on vehicles in the Cypress portfolio.

6/20/2022 - Updated Card Limit to $1000 needed to match renewal requirements",Emily Gardner,**** 9954,,,,,,,,5700 Office Expenses
2025-03-14T02:05:46,Purchase,MPBSDP -SO PERSONAL PROPE,  (8.00),CAD,Cash,,,"Passtime GPS renewals for the Spring Auto Financial product we manage for Cypress Hill.  Use Passtime platform to reduce risk and prevent losses on vehicles in the Cypress portfolio.

6/20/2022 - Updated Card Limit to $1000 needed to match renewal requirements",Emily Gardner,**** 9954,,,,,,,,5700 Office Expenses
2025-11-03T06:25:54,Purchase,KINSTA,  (163.87),CAD,Cash,115,USD,,Dillon Hall,**** 6151,,,,,,,1.424957,5700 Office Expenses
2025-03-15T02:06:29,Purchase,MPBSDP -SO PERSONAL PROPE,  (8.00),CAD,Cash,,,"Passtime GPS renewals for the Spring Auto Financial product we manage for Cypress Hill.  Use Passtime platform to reduce risk and prevent losses on vehicles in the Cypress portfolio.

6/20/2022 - Updated Card Limit to $1000 needed to match renewal requirements",Emily Gardner,**** 9954,,,,,,,,5700 Office Expenses
2025-03-16T02:03:24,Purchase,MPBSDP -SO PERSONAL PROPE,  (8.00),CAD,Cash,,,"Passtime GPS renewals for the Spring Auto Financial product we manage for Cypress Hill.  Use Passtime platform to reduce risk and prevent losses on vehicles in the Cypress portfolio.

6/20/2022 - Updated Card Limit to $1000 needed to match renewal requirements",Emily Gardner,**** 9954,,,,,,,,5700 Office Expenses
2025-03-23T02:07:58,Purchase,MPBSDP -SO PERSONAL PROPE,  (8.00),CAD,Cash,,,"Passtime GPS renewals for the Spring Auto Financial product we manage for Cypress Hill.  Use Passtime platform to reduce risk and prevent losses on vehicles in the Cypress portfolio.

6/20/2022 - Updated Card Limit to $1000 needed to match renewal requirements",Emily Gardner,**** 9954,,,,,,,,5700 Office Expenses
2025-03-23T02:07:59,Purchase,MPBSDP -SO PERSONAL PROPE,  (8.00),CAD,Cash,,,"Passtime GPS renewals for the Spring Auto Financial product we manage for Cypress Hill.  Use Passtime platform to reduce risk and prevent losses on vehicles in the Cypress portfolio.

6/20/2022 - Updated Card Limit to $1000 needed to match renewal requirements",Emily Gardner,**** 9954,,,,,,,,5700 Office Expenses
2025-03-23T02:08:03,Purchase,MPBSDP -SO PERSONAL PROPE,  (8.00),CAD,Cash,,,"Passtime GPS renewals for the Spring Auto Financial product we manage for Cypress Hill.  Use Passtime platform to reduce risk and prevent losses on vehicles in the Cypress portfolio.

6/20/2022 - Updated Card Limit to $1000 needed to match renewal requirements",Emily Gardner,**** 9954,,,,,,,,5700 Office Expenses
2025-03-26T02:09:53,Purchase,MPBSDP -SO PERSONAL PROPE,  (8.00),CAD,Cash,,,"Passtime GPS renewals for the Spring Auto Financial product we manage for Cypress Hill.  Use Passtime platform to reduce risk and prevent losses on vehicles in the Cypress portfolio.

6/20/2022 - Updated Card Limit to $1000 needed to match renewal requirements",Emily Gardner,**** 9954,,,,,,,,5700 Office Expenses
2025-03-26T02:09:54,Purchase,MPBSDP -SO PERSONAL PROPE,  (8.00),CAD,Cash,,,"Passtime GPS renewals for the Spring Auto Financial product we manage for Cypress Hill.  Use Passtime platform to reduce risk and prevent losses on vehicles in the Cypress portfolio.

6/20/2022 - Updated Card Limit to $1000 needed to match renewal requirements",Emily Gardner,**** 9954,,,,,,,,5700 Office Expenses
2025-12-18T04:19:32,Purchase,La Maison Simons,  (300.00),CAD,Cash,,,simons gift card for brodie marshall (won during MTL xmas party) ,Michael Galpin,**** 7387,,,,,,,,5700 Office Expenses
2025-02-04T01:59:11,Purchase,LAWINSIDER.COM,  (239.00),CAD,Cash,,,License Renewals,Joyce Pong,**** 2640,,,,,,,,5700 Office Expenses
2025-10-23T02:20:44,Purchase,LEGACY LIQUOR STORE,  (811.87),CAD,Cash,,,,Karina Plazola,**** 9909,,,,,,,,5700 Office Expenses
2025-08-07T06:48:39,Purchase,LOBLAWS CITY MARKET -,  (16.55),CAD,Cash,,,,Karina Plazola,**** 9909,,,,,,,,5700 Office Expenses
2025-10-29T04:14:31,Purchase,LONDON DRUGS 19,  (77.65),CAD,Cash,,,,Karina Plazola,**** 9909,,,,,,,,5700 Office Expenses
2025-05-06T02:17:42,Purchase,LUV COM,  (921.71),CAD,Cash,54855,INR,Two iPhones for flutter developer bloom,Harjot Kaur,**** 9999,,,,,,,0.016803,5700 Office Expenses
2025-03-26T02:09:55,Purchase,MPBSDP -SO PERSONAL PROPE,  (8.00),CAD,Cash,,,"Passtime GPS renewals for the Spring Auto Financial product we manage for Cypress Hill.  Use Passtime platform to reduce risk and prevent losses on vehicles in the Cypress portfolio.

6/20/2022 - Updated Card Limit to $1000 needed to match renewal requirements",Emily Gardner,**** 9954,,,,,,,,5700 Office Expenses
2025-07-17T04:23:36,Purchase,MICHAELS #3974,  (78.39),CAD,Cash,,,,Erin Baile,**** 7197,,,,,,,,5700 Office Expenses
2025-03-27T02:09:11,Purchase,MPBSDP -SO PERSONAL PROPE,  (8.00),CAD,Cash,,,"Passtime GPS renewals for the Spring Auto Financial product we manage for Cypress Hill.  Use Passtime platform to reduce risk and prevent losses on vehicles in the Cypress portfolio.

6/20/2022 - Updated Card Limit to $1000 needed to match renewal requirements",Emily Gardner,**** 9954,,,,,,,,5700 Office Expenses
2025-12-16T12:15:19,Bill Payment,Montreal CoWork,  (91.98),CAD,Cash,,,To Montreal CoWork,,,,Victor Ko,Victor Ko,MCW-019402,,,,5700 Office Expenses
2025-10-29T23:21:31,Purchase,MONTREAL COWORK INC,  (454.15),CAD,Cash,,,,Erin Baile,**** 0067,,,,,,,,5700 Office Expenses
2025-08-29T03:45:40,Purchase,MONTVR,  (303.54),CAD,Cash,,,,Karina Plazola,**** 9909,,,,,,,,5700 Office Expenses
2025-08-20T06:19:43,Purchase,MOVINGHELPCOM,  (239.95),CAD,Cash,,,,Erin Baile,**** 7197,,,,,,,,5700 Office Expenses
2025-09-04T04:00:25,Refund,MOVINGHELPCOM,  75.00 ,CAD,Cash,,,,Erin Baile,**** 7197,,,,,,,,5700 Office Expenses
2025-03-27T02:09:13,Purchase,MPBSDP -SO PERSONAL PROPE,  (8.00),CAD,Cash,,,"Passtime GPS renewals for the Spring Auto Financial product we manage for Cypress Hill.  Use Passtime platform to reduce risk and prevent losses on vehicles in the Cypress portfolio.

6/20/2022 - Updated Card Limit to $1000 needed to match renewal requirements",Emily Gardner,**** 9954,,,,,,,,5700 Office Expenses
2025-03-28T02:10:43,Purchase,MPBSDP -SO PERSONAL PROPE,  (8.00),CAD,Cash,,,"Passtime GPS renewals for the Spring Auto Financial product we manage for Cypress Hill.  Use Passtime platform to reduce risk and prevent losses on vehicles in the Cypress portfolio.

6/20/2022 - Updated Card Limit to $1000 needed to match renewal requirements",Emily Gardner,**** 9954,,,,,,,,5700 Office Expenses
2025-03-28T02:10:45,Purchase,MPBSDP -SO PERSONAL PROPE,  (8.00),CAD,Cash,,,"Passtime GPS renewals for the Spring Auto Financial product we manage for Cypress Hill.  Use Passtime platform to reduce risk and prevent losses on vehicles in the Cypress portfolio.

6/20/2022 - Updated Card Limit to $1000 needed to match renewal requirements",Emily Gardner,**** 9954,,,,,,,,5700 Office Expenses
2025-03-30T02:09:31,Purchase,MPBSDP -SO PERSONAL PROPE,  (8.00),CAD,Cash,,,"Passtime GPS renewals for the Spring Auto Financial product we manage for Cypress Hill.  Use Passtime platform to reduce risk and prevent losses on vehicles in the Cypress portfolio.

6/20/2022 - Updated Card Limit to $1000 needed to match renewal requirements",Emily Gardner,**** 9954,,,,,,,,5700 Office Expenses
2025-04-02T02:20:48,Purchase,MPBSDP -SO PERSONAL PROPE,  (8.00),CAD,Cash,,,"Passtime GPS renewals for the Spring Auto Financial product we manage for Cypress Hill.  Use Passtime platform to reduce risk and prevent losses on vehicles in the Cypress portfolio.

6/20/2022 - Updated Card Limit to $1000 needed to match renewal requirements",Emily Gardner,**** 9954,,,,,,,,5700 Office Expenses
2025-04-05T17:40:39,Purchase,MPBSDP -SO PERSONAL PROPE,  (8.00),CAD,Cash,,,"Passtime GPS renewals for the Spring Auto Financial product we manage for Cypress Hill.  Use Passtime platform to reduce risk and prevent losses on vehicles in the Cypress portfolio.

6/20/2022 - Updated Card Limit to $1000 needed to match renewal requirements",Emily Gardner,**** 9954,,,,,,,,5700 Office Expenses
2025-04-09T02:09:38,Purchase,MPBSDP -SO PERSONAL PROPE,  (8.00),CAD,Cash,,,"Passtime GPS renewals for the Spring Auto Financial product we manage for Cypress Hill.  Use Passtime platform to reduce risk and prevent losses on vehicles in the Cypress portfolio.

6/20/2022 - Updated Card Limit to $1000 needed to match renewal requirements",Emily Gardner,**** 9954,,,,,,,,5700 Office Expenses
2025-04-10T02:08:08,Purchase,MPBSDP -SO PERSONAL PROPE,  (8.00),CAD,Cash,,,"Passtime GPS renewals for the Spring Auto Financial product we manage for Cypress Hill.  Use Passtime platform to reduce risk and prevent losses on vehicles in the Cypress portfolio.

6/20/2022 - Updated Card Limit to $1000 needed to match renewal requirements",Emily Gardner,**** 9954,,,,,,,,5700 Office Expenses
2025-04-16T02:10:54,Purchase,MPBSDP -SO PERSONAL PROPE,  (8.00),CAD,Cash,,,"Passtime GPS renewals for the Spring Auto Financial product we manage for Cypress Hill.  Use Passtime platform to reduce risk and prevent losses on vehicles in the Cypress portfolio.

6/20/2022 - Updated Card Limit to $1000 needed to match renewal requirements",Emily Gardner,**** 9954,,,,,,,,5700 Office Expenses
2025-04-23T02:10:09,Purchase,MPBSDP -SO PERSONAL PROPE,  (8.00),CAD,Cash,,,"Passtime GPS renewals for the Spring Auto Financial product we manage for Cypress Hill.  Use Passtime platform to reduce risk and prevent losses on vehicles in the Cypress portfolio.

6/20/2022 - Updated Card Limit to $1000 needed to match renewal requirements",Emily Gardner,**** 9954,,,,,,,,5700 Office Expenses
2025-04-23T02:10:16,Purchase,MPBSDP -SO PERSONAL PROPE,  (8.00),CAD,Cash,,,"Passtime GPS renewals for the Spring Auto Financial product we manage for Cypress Hill.  Use Passtime platform to reduce risk and prevent losses on vehicles in the Cypress portfolio.

6/20/2022 - Updated Card Limit to $1000 needed to match renewal requirements",Emily Gardner,**** 9954,,,,,,,,5700 Office Expenses
2025-04-24T02:14:02,Purchase,MPBSDP -SO PERSONAL PROPE,  (8.00),CAD,Cash,,,"Passtime GPS renewals for the Spring Auto Financial product we manage for Cypress Hill.  Use Passtime platform to reduce risk and prevent losses on vehicles in the Cypress portfolio.

6/20/2022 - Updated Card Limit to $1000 needed to match renewal requirements",Emily Gardner,**** 9954,,,,,,,,5700 Office Expenses
2025-04-25T02:09:20,Purchase,MPBSDP -SO PERSONAL PROPE,  (8.00),CAD,Cash,,,"Passtime GPS renewals for the Spring Auto Financial product we manage for Cypress Hill.  Use Passtime platform to reduce risk and prevent losses on vehicles in the Cypress portfolio.

6/20/2022 - Updated Card Limit to $1000 needed to match renewal requirements",Emily Gardner,**** 9954,,,,,,,,5700 Office Expenses
2025-04-25T02:09:32,Purchase,MPBSDP -SO PERSONAL PROPE,  (8.00),CAD,Cash,,,"Passtime GPS renewals for the Spring Auto Financial product we manage for Cypress Hill.  Use Passtime platform to reduce risk and prevent losses on vehicles in the Cypress portfolio.

6/20/2022 - Updated Card Limit to $1000 needed to match renewal requirements",Emily Gardner,**** 9954,,,,,,,,5700 Office Expenses
2025-04-26T02:15:29,Purchase,MPBSDP -SO PERSONAL PROPE,  (8.00),CAD,Cash,,,"Passtime GPS renewals for the Spring Auto Financial product we manage for Cypress Hill.  Use Passtime platform to reduce risk and prevent losses on vehicles in the Cypress portfolio.

6/20/2022 - Updated Card Limit to $1000 needed to match renewal requirements",Emily Gardner,**** 9954,,,,,,,,5700 Office Expenses
2025-04-26T02:15:29,Purchase,MPBSDP -SO PERSONAL PROPE,  (8.00),CAD,Cash,,,"Passtime GPS renewals for the Spring Auto Financial product we manage for Cypress Hill.  Use Passtime platform to reduce risk and prevent losses on vehicles in the Cypress portfolio.

6/20/2022 - Updated Card Limit to $1000 needed to match renewal requirements",Emily Gardner,**** 9954,,,,,,,,5700 Office Expenses
2025-04-28T02:08:49,Purchase,MPBSDP -SO PERSONAL PROPE,  (8.00),CAD,Cash,,,"Passtime GPS renewals for the Spring Auto Financial product we manage for Cypress Hill.  Use Passtime platform to reduce risk and prevent losses on vehicles in the Cypress portfolio.

6/20/2022 - Updated Card Limit to $1000 needed to match renewal requirements",Emily Gardner,**** 9954,,,,,,,,5700 Office Expenses
2025-05-01T02:11:33,Purchase,MPBSDP -SO PERSONAL PROPE,  (8.00),CAD,Cash,,,"Passtime GPS renewals for the Spring Auto Financial product we manage for Cypress Hill.  Use Passtime platform to reduce risk and prevent losses on vehicles in the Cypress portfolio.

6/20/2022 - Updated Card Limit to $1000 needed to match renewal requirements",Emily Gardner,**** 9954,,,,,,,,5700 Office Expenses
2025-05-01T02:11:34,Purchase,MPBSDP -SO PERSONAL PROPE,  (8.00),CAD,Cash,,,"Passtime GPS renewals for the Spring Auto Financial product we manage for Cypress Hill.  Use Passtime platform to reduce risk and prevent losses on vehicles in the Cypress portfolio.

6/20/2022 - Updated Card Limit to $1000 needed to match renewal requirements",Emily Gardner,**** 9954,,,,,,,,5700 Office Expenses
2025-05-01T02:11:46,Purchase,MPBSDP -SO PERSONAL PROPE,  (8.00),CAD,Cash,,,"Passtime GPS renewals for the Spring Auto Financial product we manage for Cypress Hill.  Use Passtime platform to reduce risk and prevent losses on vehicles in the Cypress portfolio.

6/20/2022 - Updated Card Limit to $1000 needed to match renewal requirements",Emily Gardner,**** 9954,,,,,,,,5700 Office Expenses
2025-05-02T02:11:25,Purchase,MPBSDP -SO PERSONAL PROPE,  (8.00),CAD,Cash,,,"Passtime GPS renewals for the Spring Auto Financial product we manage for Cypress Hill.  Use Passtime platform to reduce risk and prevent losses on vehicles in the Cypress portfolio.

6/20/2022 - Updated Card Limit to $1000 needed to match renewal requirements",Emily Gardner,**** 9954,,,,,,,,5700 Office Expenses
2025-07-04T02:10:55,Purchase,MPBSDP -SO PERSONAL PROPE,  (8.00),CAD,Cash,,,"Passtime GPS renewals for the Spring Auto Financial product we manage for Cypress Hill.  Use Passtime platform to reduce risk and prevent losses on vehicles in the Cypress portfolio.

6/20/2022 - Updated Card Limit to $1000 needed to match renewal requirements",Emily Gardner,**** 9954,,,,,,,,5700 Office Expenses
2025-07-04T02:10:55,Purchase,MPBSDP -SO PERSONAL PROPE,  (8.00),CAD,Cash,,,"Passtime GPS renewals for the Spring Auto Financial product we manage for Cypress Hill.  Use Passtime platform to reduce risk and prevent losses on vehicles in the Cypress portfolio.

6/20/2022 - Updated Card Limit to $1000 needed to match renewal requirements",Emily Gardner,**** 9954,,,,,,,,5700 Office Expenses
2025-07-04T02:10:56,Purchase,MPBSDP -SO PERSONAL PROPE,  (8.00),CAD,Cash,,,"Passtime GPS renewals for the Spring Auto Financial product we manage for Cypress Hill.  Use Passtime platform to reduce risk and prevent losses on vehicles in the Cypress portfolio.

6/20/2022 - Updated Card Limit to $1000 needed to match renewal requirements",Emily Gardner,**** 9954,,,,,,,,5700 Office Expenses
2025-07-06T02:11:02,Purchase,MPBSDP -SO PERSONAL PROPE,  (8.00),CAD,Cash,,,"Passtime GPS renewals for the Spring Auto Financial product we manage for Cypress Hill.  Use Passtime platform to reduce risk and prevent losses on vehicles in the Cypress portfolio.

6/20/2022 - Updated Card Limit to $1000 needed to match renewal requirements",Emily Gardner,**** 9954,,,,,,,,5700 Office Expenses
2025-07-09T02:15:51,Purchase,MPBSDP -SO PERSONAL PROPE,  (8.00),CAD,Cash,,,"Passtime GPS renewals for the Spring Auto Financial product we manage for Cypress Hill.  Use Passtime platform to reduce risk and prevent losses on vehicles in the Cypress portfolio.

6/20/2022 - Updated Card Limit to $1000 needed to match renewal requirements",Emily Gardner,**** 9954,,,,,,,,5700 Office Expenses
2025-07-09T02:16:08,Purchase,MPBSDP -SO PERSONAL PROPE,  (8.00),CAD,Cash,,,"Passtime GPS renewals for the Spring Auto Financial product we manage for Cypress Hill.  Use Passtime platform to reduce risk and prevent losses on vehicles in the Cypress portfolio.

6/20/2022 - Updated Card Limit to $1000 needed to match renewal requirements",Emily Gardner,**** 9954,,,,,,,,5700 Office Expenses
2025-07-09T02:16:26,Purchase,MPBSDP -SO PERSONAL PROPE,  (8.00),CAD,Cash,,,"Passtime GPS renewals for the Spring Auto Financial product we manage for Cypress Hill.  Use Passtime platform to reduce risk and prevent losses on vehicles in the Cypress portfolio.

6/20/2022 - Updated Card Limit to $1000 needed to match renewal requirements",Emily Gardner,**** 9954,,,,,,,,5700 Office Expenses
2025-07-10T02:13:40,Purchase,MPBSDP -SO PERSONAL PROPE,  (8.00),CAD,Cash,,,"Passtime GPS renewals for the Spring Auto Financial product we manage for Cypress Hill.  Use Passtime platform to reduce risk and prevent losses on vehicles in the Cypress portfolio.

6/20/2022 - Updated Card Limit to $1000 needed to match renewal requirements",Emily Gardner,**** 9954,,,,,,,,5700 Office Expenses
2025-07-10T02:13:47,Purchase,MPBSDP -SO PERSONAL PROPE,  (8.00),CAD,Cash,,,"Passtime GPS renewals for the Spring Auto Financial product we manage for Cypress Hill.  Use Passtime platform to reduce risk and prevent losses on vehicles in the Cypress portfolio.

6/20/2022 - Updated Card Limit to $1000 needed to match renewal requirements",Emily Gardner,**** 9954,,,,,,,,5700 Office Expenses
2025-07-10T02:13:53,Purchase,MPBSDP -SO PERSONAL PROPE,  (8.00),CAD,Cash,,,"Passtime GPS renewals for the Spring Auto Financial product we manage for Cypress Hill.  Use Passtime platform to reduce risk and prevent losses on vehicles in the Cypress portfolio.

6/20/2022 - Updated Card Limit to $1000 needed to match renewal requirements",Emily Gardner,**** 9954,,,,,,,,5700 Office Expenses
2025-07-11T02:14:21,Purchase,MPBSDP -SO PERSONAL PROPE,  (8.00),CAD,Cash,,,"Passtime GPS renewals for the Spring Auto Financial product we manage for Cypress Hill.  Use Passtime platform to reduce risk and prevent losses on vehicles in the Cypress portfolio.

6/20/2022 - Updated Card Limit to $1000 needed to match renewal requirements",Emily Gardner,**** 9954,,,,,,,,5700 Office Expenses
2025-07-11T02:14:23,Purchase,MPBSDP -SO PERSONAL PROPE,  (8.00),CAD,Cash,,,"Passtime GPS renewals for the Spring Auto Financial product we manage for Cypress Hill.  Use Passtime platform to reduce risk and prevent losses on vehicles in the Cypress portfolio.

6/20/2022 - Updated Card Limit to $1000 needed to match renewal requirements",Emily Gardner,**** 9954,,,,,,,,5700 Office Expenses
2025-07-11T02:14:30,Purchase,MPBSDP -SO PERSONAL PROPE,  (8.00),CAD,Cash,,,"Passtime GPS renewals for the Spring Auto Financial product we manage for Cypress Hill.  Use Passtime platform to reduce risk and prevent losses on vehicles in the Cypress portfolio.

6/20/2022 - Updated Card Limit to $1000 needed to match renewal requirements",Emily Gardner,**** 9954,,,,,,,,5700 Office Expenses
2025-07-12T02:13:49,Purchase,MPBSDP -SO PERSONAL PROPE,  (8.00),CAD,Cash,,,"Passtime GPS renewals for the Spring Auto Financial product we manage for Cypress Hill.  Use Passtime platform to reduce risk and prevent losses on vehicles in the Cypress portfolio.

6/20/2022 - Updated Card Limit to $1000 needed to match renewal requirements",Emily Gardner,**** 9954,,,,,,,,5700 Office Expenses
2025-07-12T02:13:56,Purchase,MPBSDP -SO PERSONAL PROPE,  (8.00),CAD,Cash,,,"Passtime GPS renewals for the Spring Auto Financial product we manage for Cypress Hill.  Use Passtime platform to reduce risk and prevent losses on vehicles in the Cypress portfolio.

6/20/2022 - Updated Card Limit to $1000 needed to match renewal requirements",Emily Gardner,**** 9954,,,,,,,,5700 Office Expenses
2025-07-13T02:08:05,Purchase,MPBSDP -SO PERSONAL PROPE,  (8.00),CAD,Cash,,,"Passtime GPS renewals for the Spring Auto Financial product we manage for Cypress Hill.  Use Passtime platform to reduce risk and prevent losses on vehicles in the Cypress portfolio.

6/20/2022 - Updated Card Limit to $1000 needed to match renewal requirements",Emily Gardner,**** 9954,,,,,,,,5700 Office Expenses
2025-07-13T02:08:05,Purchase,MPBSDP -SO PERSONAL PROPE,  (8.00),CAD,Cash,,,"Passtime GPS renewals for the Spring Auto Financial product we manage for Cypress Hill.  Use Passtime platform to reduce risk and prevent losses on vehicles in the Cypress portfolio.

6/20/2022 - Updated Card Limit to $1000 needed to match renewal requirements",Emily Gardner,**** 9954,,,,,,,,5700 Office Expenses
2025-07-17T02:15:25,Purchase,MPBSDP -SO PERSONAL PROPE,  (8.00),CAD,Cash,,,"Passtime GPS renewals for the Spring Auto Financial product we manage for Cypress Hill.  Use Passtime platform to reduce risk and prevent losses on vehicles in the Cypress portfolio.

6/20/2022 - Updated Card Limit to $1000 needed to match renewal requirements",Emily Gardner,**** 9954,,,,,,,,5700 Office Expenses
2025-07-18T02:18:14,Purchase,MPBSDP -SO PERSONAL PROPE,  (8.00),CAD,Cash,,,"Passtime GPS renewals for the Spring Auto Financial product we manage for Cypress Hill.  Use Passtime platform to reduce risk and prevent losses on vehicles in the Cypress portfolio.

6/20/2022 - Updated Card Limit to $1000 needed to match renewal requirements",Emily Gardner,**** 9954,,,,,,,,5700 Office Expenses
2025-07-18T02:18:15,Purchase,MPBSDP -SO PERSONAL PROPE,  (8.00),CAD,Cash,,,"Passtime GPS renewals for the Spring Auto Financial product we manage for Cypress Hill.  Use Passtime platform to reduce risk and prevent losses on vehicles in the Cypress portfolio.

6/20/2022 - Updated Card Limit to $1000 needed to match renewal requirements",Emily Gardner,**** 9954,,,,,,,,5700 Office Expenses
2025-07-18T02:18:19,Purchase,MPBSDP -SO PERSONAL PROPE,  (8.00),CAD,Cash,,,"Passtime GPS renewals for the Spring Auto Financial product we manage for Cypress Hill.  Use Passtime platform to reduce risk and prevent losses on vehicles in the Cypress portfolio.

6/20/2022 - Updated Card Limit to $1000 needed to match renewal requirements",Emily Gardner,**** 9954,,,,,,,,5700 Office Expenses
2025-07-18T02:18:29,Purchase,MPBSDP -SO PERSONAL PROPE,  (8.00),CAD,Cash,,,"Passtime GPS renewals for the Spring Auto Financial product we manage for Cypress Hill.  Use Passtime platform to reduce risk and prevent losses on vehicles in the Cypress portfolio.

6/20/2022 - Updated Card Limit to $1000 needed to match renewal requirements",Emily Gardner,**** 9954,,,,,,,,5700 Office Expenses
2025-07-19T02:13:30,Purchase,MPBSDP -SO PERSONAL PROPE,  (8.00),CAD,Cash,,,"Passtime GPS renewals for the Spring Auto Financial product we manage for Cypress Hill.  Use Passtime platform to reduce risk and prevent losses on vehicles in the Cypress portfolio.

6/20/2022 - Updated Card Limit to $1000 needed to match renewal requirements",Emily Gardner,**** 9954,,,,,,,,5700 Office Expenses
2025-07-19T02:13:34,Purchase,MPBSDP -SO PERSONAL PROPE,  (8.00),CAD,Cash,,,"Passtime GPS renewals for the Spring Auto Financial product we manage for Cypress Hill.  Use Passtime platform to reduce risk and prevent losses on vehicles in the Cypress portfolio.

6/20/2022 - Updated Card Limit to $1000 needed to match renewal requirements",Emily Gardner,**** 9954,,,,,,,,5700 Office Expenses
2025-07-19T02:13:36,Purchase,MPBSDP -SO PERSONAL PROPE,  (8.00),CAD,Cash,,,"Passtime GPS renewals for the Spring Auto Financial product we manage for Cypress Hill.  Use Passtime platform to reduce risk and prevent losses on vehicles in the Cypress portfolio.

6/20/2022 - Updated Card Limit to $1000 needed to match renewal requirements",Emily Gardner,**** 9954,,,,,,,,5700 Office Expenses
2025-07-23T02:16:07,Purchase,MPBSDP -SO PERSONAL PROPE,  (8.00),CAD,Cash,,,"Passtime GPS renewals for the Spring Auto Financial product we manage for Cypress Hill.  Use Passtime platform to reduce risk and prevent losses on vehicles in the Cypress portfolio.

6/20/2022 - Updated Card Limit to $1000 needed to match renewal requirements",Emily Gardner,**** 9954,,,,,,,,5700 Office Expenses
2025-07-24T02:15:01,Purchase,MPBSDP -SO PERSONAL PROPE,  (8.00),CAD,Cash,,,,Emily Gardner,**** 8539,,,,,,,,5700 Office Expenses
2025-07-25T02:13:49,Purchase,MPBSDP -SO PERSONAL PROPE,  (8.00),CAD,Cash,,,"Passtime GPS renewals for the Spring Auto Financial product we manage for Cypress Hill.  Use Passtime platform to reduce risk and prevent losses on vehicles in the Cypress portfolio.

6/20/2022 - Updated Card Limit to $1000 needed to match renewal requirements",Emily Gardner,**** 9954,,,,,,,,5700 Office Expenses
2025-07-25T02:13:52,Purchase,MPBSDP -SO PERSONAL PROPE,  (8.00),CAD,Cash,,,"Passtime GPS renewals for the Spring Auto Financial product we manage for Cypress Hill.  Use Passtime platform to reduce risk and prevent losses on vehicles in the Cypress portfolio.

6/20/2022 - Updated Card Limit to $1000 needed to match renewal requirements",Emily Gardner,**** 9954,,,,,,,,5700 Office Expenses
2025-07-25T02:13:56,Purchase,MPBSDP -SO PERSONAL PROPE,  (8.00),CAD,Cash,,,"Passtime GPS renewals for the Spring Auto Financial product we manage for Cypress Hill.  Use Passtime platform to reduce risk and prevent losses on vehicles in the Cypress portfolio.

6/20/2022 - Updated Card Limit to $1000 needed to match renewal requirements",Emily Gardner,**** 9954,,,,,,,,5700 Office Expenses
2025-05-03T17:33:18,Purchase,MPBSDP -SO PERSONAL PROPE,  (8.00),CAD,Cash,,,"Passtime GPS renewals for the Spring Auto Financial product we manage for Cypress Hill.  Use Passtime platform to reduce risk and prevent losses on vehicles in the Cypress portfolio.

6/20/2022 - Updated Card Limit to $1000 needed to match renewal requirements",Emily Gardner,**** 9954,,,,,,,,5700 Office Expenses
2025-05-09T02:10:10,Purchase,MPBSDP -SO PERSONAL PROPE,  (8.00),CAD,Cash,,,"Passtime GPS renewals for the Spring Auto Financial product we manage for Cypress Hill.  Use Passtime platform to reduce risk and prevent losses on vehicles in the Cypress portfolio.

6/20/2022 - Updated Card Limit to $1000 needed to match renewal requirements",Emily Gardner,**** 9954,,,,,,,,5700 Office Expenses
2025-05-11T02:08:10,Purchase,MPBSDP -SO PERSONAL PROPE,  (8.00),CAD,Cash,,,"Passtime GPS renewals for the Spring Auto Financial product we manage for Cypress Hill.  Use Passtime platform to reduce risk and prevent losses on vehicles in the Cypress portfolio.

6/20/2022 - Updated Card Limit to $1000 needed to match renewal requirements",Emily Gardner,**** 9954,,,,,,,,5700 Office Expenses
2025-05-11T02:08:11,Purchase,MPBSDP -SO PERSONAL PROPE,  (8.00),CAD,Cash,,,"Passtime GPS renewals for the Spring Auto Financial product we manage for Cypress Hill.  Use Passtime platform to reduce risk and prevent losses on vehicles in the Cypress portfolio.

6/20/2022 - Updated Card Limit to $1000 needed to match renewal requirements",Emily Gardner,**** 9954,,,,,,,,5700 Office Expenses
2025-05-12T02:06:03,Purchase,MPBSDP -SO PERSONAL PROPE,  (8.00),CAD,Cash,,,"Passtime GPS renewals for the Spring Auto Financial product we manage for Cypress Hill.  Use Passtime platform to reduce risk and prevent losses on vehicles in the Cypress portfolio.

6/20/2022 - Updated Card Limit to $1000 needed to match renewal requirements",Emily Gardner,**** 9954,,,,,,,,5700 Office Expenses
2025-05-14T02:09:07,Purchase,MPBSDP -SO PERSONAL PROPE,  (8.00),CAD,Cash,,,"Passtime GPS renewals for the Spring Auto Financial product we manage for Cypress Hill.  Use Passtime platform to reduce risk and prevent losses on vehicles in the Cypress portfolio.

6/20/2022 - Updated Card Limit to $1000 needed to match renewal requirements",Emily Gardner,**** 9954,,,,,,,,5700 Office Expenses
2025-05-15T02:10:32,Purchase,MPBSDP -SO PERSONAL PROPE,  (8.00),CAD,Cash,,,"Passtime GPS renewals for the Spring Auto Financial product we manage for Cypress Hill.  Use Passtime platform to reduce risk and prevent losses on vehicles in the Cypress portfolio.

6/20/2022 - Updated Card Limit to $1000 needed to match renewal requirements",Emily Gardner,**** 9954,,,,,,,,5700 Office Expenses
2025-05-22T02:13:20,Purchase,MPBSDP -SO PERSONAL PROPE,  (8.00),CAD,Cash,,,"Passtime GPS renewals for the Spring Auto Financial product we manage for Cypress Hill.  Use Passtime platform to reduce risk and prevent losses on vehicles in the Cypress portfolio.

6/20/2022 - Updated Card Limit to $1000 needed to match renewal requirements",Emily Gardner,**** 9954,,,,,,,,5700 Office Expenses
2025-05-22T02:13:26,Purchase,MPBSDP -SO PERSONAL PROPE,  (8.00),CAD,Cash,,,"Passtime GPS renewals for the Spring Auto Financial product we manage for Cypress Hill.  Use Passtime platform to reduce risk and prevent losses on vehicles in the Cypress portfolio.

6/20/2022 - Updated Card Limit to $1000 needed to match renewal requirements",Emily Gardner,**** 9954,,,,,,,,5700 Office Expenses
2025-05-22T02:13:27,Purchase,MPBSDP -SO PERSONAL PROPE,  (8.00),CAD,Cash,,,"Passtime GPS renewals for the Spring Auto Financial product we manage for Cypress Hill.  Use Passtime platform to reduce risk and prevent losses on vehicles in the Cypress portfolio.

6/20/2022 - Updated Card Limit to $1000 needed to match renewal requirements",Emily Gardner,**** 9954,,,,,,,,5700 Office Expenses
2025-05-23T02:15:58,Purchase,MPBSDP -SO PERSONAL PROPE,  (8.00),CAD,Cash,,,"Passtime GPS renewals for the Spring Auto Financial product we manage for Cypress Hill.  Use Passtime platform to reduce risk and prevent losses on vehicles in the Cypress portfolio.

6/20/2022 - Updated Card Limit to $1000 needed to match renewal requirements",Emily Gardner,**** 9954,,,,,,,,5700 Office Expenses
2025-05-23T02:16:20,Purchase,MPBSDP -SO PERSONAL PROPE,  (8.00),CAD,Cash,,,"Passtime GPS renewals for the Spring Auto Financial product we manage for Cypress Hill.  Use Passtime platform to reduce risk and prevent losses on vehicles in the Cypress portfolio.

6/20/2022 - Updated Card Limit to $1000 needed to match renewal requirements",Emily Gardner,**** 9954,,,,,,,,5700 Office Expenses
2025-05-23T02:16:25,Purchase,MPBSDP -SO PERSONAL PROPE,  (8.00),CAD,Cash,,,"Passtime GPS renewals for the Spring Auto Financial product we manage for Cypress Hill.  Use Passtime platform to reduce risk and prevent losses on vehicles in the Cypress portfolio.

6/20/2022 - Updated Card Limit to $1000 needed to match renewal requirements",Emily Gardner,**** 9954,,,,,,,,5700 Office Expenses
2025-05-23T02:16:26,Purchase,MPBSDP -SO PERSONAL PROPE,  (8.00),CAD,Cash,,,"Passtime GPS renewals for the Spring Auto Financial product we manage for Cypress Hill.  Use Passtime platform to reduce risk and prevent losses on vehicles in the Cypress portfolio.

6/20/2022 - Updated Card Limit to $1000 needed to match renewal requirements",Emily Gardner,**** 9954,,,,,,,,5700 Office Expenses
2025-05-24T02:12:58,Purchase,MPBSDP -SO PERSONAL PROPE,  (8.00),CAD,Cash,,,"Passtime GPS renewals for the Spring Auto Financial product we manage for Cypress Hill.  Use Passtime platform to reduce risk and prevent losses on vehicles in the Cypress portfolio.

6/20/2022 - Updated Card Limit to $1000 needed to match renewal requirements",Emily Gardner,**** 9954,,,,,,,,5700 Office Expenses
2025-05-28T02:09:24,Purchase,MPBSDP -SO PERSONAL PROPE,  (8.00),CAD,Cash,,,"Passtime GPS renewals for the Spring Auto Financial product we manage for Cypress Hill.  Use Passtime platform to reduce risk and prevent losses on vehicles in the Cypress portfolio.

6/20/2022 - Updated Card Limit to $1000 needed to match renewal requirements",Emily Gardner,**** 9954,,,,,,,,5700 Office Expenses
2025-05-28T02:09:24,Purchase,MPBSDP -SO PERSONAL PROPE,  (8.00),CAD,Cash,,,"Passtime GPS renewals for the Spring Auto Financial product we manage for Cypress Hill.  Use Passtime platform to reduce risk and prevent losses on vehicles in the Cypress portfolio.

6/20/2022 - Updated Card Limit to $1000 needed to match renewal requirements",Emily Gardner,**** 9954,,,,,,,,5700 Office Expenses
2025-05-28T02:09:24,Purchase,MPBSDP -SO PERSONAL PROPE,  (8.00),CAD,Cash,,,"Passtime GPS renewals for the Spring Auto Financial product we manage for Cypress Hill.  Use Passtime platform to reduce risk and prevent losses on vehicles in the Cypress portfolio.

6/20/2022 - Updated Card Limit to $1000 needed to match renewal requirements",Emily Gardner,**** 9954,,,,,,,,5700 Office Expenses
2025-05-28T02:09:25,Purchase,MPBSDP -SO PERSONAL PROPE,  (8.00),CAD,Cash,,,"Passtime GPS renewals for the Spring Auto Financial product we manage for Cypress Hill.  Use Passtime platform to reduce risk and prevent losses on vehicles in the Cypress portfolio.

6/20/2022 - Updated Card Limit to $1000 needed to match renewal requirements",Emily Gardner,**** 9954,,,,,,,,5700 Office Expenses
2025-05-30T02:09:35,Purchase,MPBSDP -SO PERSONAL PROPE,  (8.00),CAD,Cash,,,"Passtime GPS renewals for the Spring Auto Financial product we manage for Cypress Hill.  Use Passtime platform to reduce risk and prevent losses on vehicles in the Cypress portfolio.

6/20/2022 - Updated Card Limit to $1000 needed to match renewal requirements",Emily Gardner,**** 9954,,,,,,,,5700 Office Expenses
2025-05-30T02:09:46,Purchase,MPBSDP -SO PERSONAL PROPE,  (8.00),CAD,Cash,,,"Passtime GPS renewals for the Spring Auto Financial product we manage for Cypress Hill.  Use Passtime platform to reduce risk and prevent losses on vehicles in the Cypress portfolio.

6/20/2022 - Updated Card Limit to $1000 needed to match renewal requirements",Emily Gardner,**** 9954,,,,,,,,5700 Office Expenses
2025-05-31T02:09:47,Purchase,MPBSDP -SO PERSONAL PROPE,  (8.00),CAD,Cash,,,"Passtime GPS renewals for the Spring Auto Financial product we manage for Cypress Hill.  Use Passtime platform to reduce risk and prevent losses on vehicles in the Cypress portfolio.

6/20/2022 - Updated Card Limit to $1000 needed to match renewal requirements",Emily Gardner,**** 9954,,,,,,,,5700 Office Expenses
2025-05-31T02:09:48,Purchase,MPBSDP -SO PERSONAL PROPE,  (8.00),CAD,Cash,,,"Passtime GPS renewals for the Spring Auto Financial product we manage for Cypress Hill.  Use Passtime platform to reduce risk and prevent losses on vehicles in the Cypress portfolio.

6/20/2022 - Updated Card Limit to $1000 needed to match renewal requirements",Emily Gardner,**** 9954,,,,,,,,5700 Office Expenses
2025-05-31T02:09:48,Purchase,MPBSDP -SO PERSONAL PROPE,  (8.00),CAD,Cash,,,"Passtime GPS renewals for the Spring Auto Financial product we manage for Cypress Hill.  Use Passtime platform to reduce risk and prevent losses on vehicles in the Cypress portfolio.

6/20/2022 - Updated Card Limit to $1000 needed to match renewal requirements",Emily Gardner,**** 9954,,,,,,,,5700 Office Expenses
2025-06-01T02:07:35,Purchase,MPBSDP -SO PERSONAL PROPE,  (8.00),CAD,Cash,,,"Passtime GPS renewals for the Spring Auto Financial product we manage for Cypress Hill.  Use Passtime platform to reduce risk and prevent losses on vehicles in the Cypress portfolio.

6/20/2022 - Updated Card Limit to $1000 needed to match renewal requirements",Emily Gardner,**** 9954,,,,,,,,5700 Office Expenses
2025-06-01T02:07:36,Purchase,MPBSDP -SO PERSONAL PROPE,  (8.00),CAD,Cash,,,"Passtime GPS renewals for the Spring Auto Financial product we manage for Cypress Hill.  Use Passtime platform to reduce risk and prevent losses on vehicles in the Cypress portfolio.

6/20/2022 - Updated Card Limit to $1000 needed to match renewal requirements",Emily Gardner,**** 9954,,,,,,,,5700 Office Expenses
2025-06-05T02:15:11,Purchase,MPBSDP -SO PERSONAL PROPE,  (8.00),CAD,Cash,,,"Passtime GPS renewals for the Spring Auto Financial product we manage for Cypress Hill.  Use Passtime platform to reduce risk and prevent losses on vehicles in the Cypress portfolio.

6/20/2022 - Updated Card Limit to $1000 needed to match renewal requirements",Emily Gardner,**** 9954,,,,,,,,5700 Office Expenses
2025-06-06T02:08:39,Purchase,MPBSDP -SO PERSONAL PROPE,  (8.00),CAD,Cash,,,"Passtime GPS renewals for the Spring Auto Financial product we manage for Cypress Hill.  Use Passtime platform to reduce risk and prevent losses on vehicles in the Cypress portfolio.

6/20/2022 - Updated Card Limit to $1000 needed to match renewal requirements",Emily Gardner,**** 9954,,,,,,,,5700 Office Expenses
2025-06-06T02:08:47,Purchase,MPBSDP -SO PERSONAL PROPE,  (8.00),CAD,Cash,,,"Passtime GPS renewals for the Spring Auto Financial product we manage for Cypress Hill.  Use Passtime platform to reduce risk and prevent losses on vehicles in the Cypress portfolio.

6/20/2022 - Updated Card Limit to $1000 needed to match renewal requirements",Emily Gardner,**** 9954,,,,,,,,5700 Office Expenses
2025-06-06T02:08:48,Purchase,MPBSDP -SO PERSONAL PROPE,  (8.00),CAD,Cash,,,"Passtime GPS renewals for the Spring Auto Financial product we manage for Cypress Hill.  Use Passtime platform to reduce risk and prevent losses on vehicles in the Cypress portfolio.

6/20/2022 - Updated Card Limit to $1000 needed to match renewal requirements",Emily Gardner,**** 9954,,,,,,,,5700 Office Expenses
2025-06-06T02:08:57,Purchase,MPBSDP -SO PERSONAL PROPE,  (8.00),CAD,Cash,,,"Passtime GPS renewals for the Spring Auto Financial product we manage for Cypress Hill.  Use Passtime platform to reduce risk and prevent losses on vehicles in the Cypress portfolio.

6/20/2022 - Updated Card Limit to $1000 needed to match renewal requirements",Emily Gardner,**** 9954,,,,,,,,5700 Office Expenses
2025-06-07T02:10:34,Purchase,MPBSDP -SO PERSONAL PROPE,  (8.00),CAD,Cash,,,"Passtime GPS renewals for the Spring Auto Financial product we manage for Cypress Hill.  Use Passtime platform to reduce risk and prevent losses on vehicles in the Cypress portfolio.

6/20/2022 - Updated Card Limit to $1000 needed to match renewal requirements",Emily Gardner,**** 9954,,,,,,,,5700 Office Expenses
2025-06-07T17:45:52,Purchase,MPBSDP -SO PERSONAL PROPE,  (8.00),CAD,Cash,,,"Passtime GPS renewals for the Spring Auto Financial product we manage for Cypress Hill.  Use Passtime platform to reduce risk and prevent losses on vehicles in the Cypress portfolio.

6/20/2022 - Updated Card Limit to $1000 needed to match renewal requirements",Emily Gardner,**** 9954,,,,,,,,5700 Office Expenses
2025-06-07T17:45:53,Purchase,MPBSDP -SO PERSONAL PROPE,  (8.00),CAD,Cash,,,"Passtime GPS renewals for the Spring Auto Financial product we manage for Cypress Hill.  Use Passtime platform to reduce risk and prevent losses on vehicles in the Cypress portfolio.

6/20/2022 - Updated Card Limit to $1000 needed to match renewal requirements",Emily Gardner,**** 9954,,,,,,,,5700 Office Expenses
2025-06-07T17:45:54,Purchase,MPBSDP -SO PERSONAL PROPE,  (8.00),CAD,Cash,,,"Passtime GPS renewals for the Spring Auto Financial product we manage for Cypress Hill.  Use Passtime platform to reduce risk and prevent losses on vehicles in the Cypress portfolio.

6/20/2022 - Updated Card Limit to $1000 needed to match renewal requirements",Emily Gardner,**** 9954,,,,,,,,5700 Office Expenses
2025-06-07T17:45:54,Purchase,MPBSDP -SO PERSONAL PROPE,  (8.00),CAD,Cash,,,"Passtime GPS renewals for the Spring Auto Financial product we manage for Cypress Hill.  Use Passtime platform to reduce risk and prevent losses on vehicles in the Cypress portfolio.

6/20/2022 - Updated Card Limit to $1000 needed to match renewal requirements",Emily Gardner,**** 9954,,,,,,,,5700 Office Expenses
2025-06-11T02:08:10,Purchase,MPBSDP -SO PERSONAL PROPE,  (8.00),CAD,Cash,,,"Passtime GPS renewals for the Spring Auto Financial product we manage for Cypress Hill.  Use Passtime platform to reduce risk and prevent losses on vehicles in the Cypress portfolio.

6/20/2022 - Updated Card Limit to $1000 needed to match renewal requirements",Emily Gardner,**** 9954,,,,,,,,5700 Office Expenses
2025-06-14T02:10:49,Purchase,MPBSDP -SO PERSONAL PROPE,  (8.00),CAD,Cash,,,"Passtime GPS renewals for the Spring Auto Financial product we manage for Cypress Hill.  Use Passtime platform to reduce risk and prevent losses on vehicles in the Cypress portfolio.

6/20/2022 - Updated Card Limit to $1000 needed to match renewal requirements",Emily Gardner,**** 9954,,,,,,,,5700 Office Expenses
2025-06-14T02:10:50,Purchase,MPBSDP -SO PERSONAL PROPE,  (8.00),CAD,Cash,,,"Passtime GPS renewals for the Spring Auto Financial product we manage for Cypress Hill.  Use Passtime platform to reduce risk and prevent losses on vehicles in the Cypress portfolio.

6/20/2022 - Updated Card Limit to $1000 needed to match renewal requirements",Emily Gardner,**** 9954,,,,,,,,5700 Office Expenses
2025-06-14T02:10:50,Purchase,MPBSDP -SO PERSONAL PROPE,  (8.00),CAD,Cash,,,"Passtime GPS renewals for the Spring Auto Financial product we manage for Cypress Hill.  Use Passtime platform to reduce risk and prevent losses on vehicles in the Cypress portfolio.

6/20/2022 - Updated Card Limit to $1000 needed to match renewal requirements",Emily Gardner,**** 9954,,,,,,,,5700 Office Expenses
2025-06-14T02:10:50,Purchase,MPBSDP -SO PERSONAL PROPE,  (8.00),CAD,Cash,,,"Passtime GPS renewals for the Spring Auto Financial product we manage for Cypress Hill.  Use Passtime platform to reduce risk and prevent losses on vehicles in the Cypress portfolio.

6/20/2022 - Updated Card Limit to $1000 needed to match renewal requirements",Emily Gardner,**** 9954,,,,,,,,5700 Office Expenses
2025-06-18T02:08:52,Purchase,MPBSDP -SO PERSONAL PROPE,  (8.00),CAD,Cash,,,"Passtime GPS renewals for the Spring Auto Financial product we manage for Cypress Hill.  Use Passtime platform to reduce risk and prevent losses on vehicles in the Cypress portfolio.

6/20/2022 - Updated Card Limit to $1000 needed to match renewal requirements",Emily Gardner,**** 9954,,,,,,,,5700 Office Expenses
2025-06-19T02:12:23,Purchase,MPBSDP -SO PERSONAL PROPE,  (8.00),CAD,Cash,,,"Passtime GPS renewals for the Spring Auto Financial product we manage for Cypress Hill.  Use Passtime platform to reduce risk and prevent losses on vehicles in the Cypress portfolio.

6/20/2022 - Updated Card Limit to $1000 needed to match renewal requirements",Emily Gardner,**** 9954,,,,,,,,5700 Office Expenses
2025-06-21T02:10:39,Purchase,MPBSDP -SO PERSONAL PROPE,  (8.00),CAD,Cash,,,"Passtime GPS renewals for the Spring Auto Financial product we manage for Cypress Hill.  Use Passtime platform to reduce risk and prevent losses on vehicles in the Cypress portfolio.

6/20/2022 - Updated Card Limit to $1000 needed to match renewal requirements",Emily Gardner,**** 9954,,,,,,,,5700 Office Expenses
2025-06-21T02:10:39,Purchase,MPBSDP -SO PERSONAL PROPE,  (8.00),CAD,Cash,,,"Passtime GPS renewals for the Spring Auto Financial product we manage for Cypress Hill.  Use Passtime platform to reduce risk and prevent losses on vehicles in the Cypress portfolio.

6/20/2022 - Updated Card Limit to $1000 needed to match renewal requirements",Emily Gardner,**** 9954,,,,,,,,5700 Office Expenses
2025-06-22T02:08:10,Purchase,MPBSDP -SO PERSONAL PROPE,  (8.00),CAD,Cash,,,"Passtime GPS renewals for the Spring Auto Financial product we manage for Cypress Hill.  Use Passtime platform to reduce risk and prevent losses on vehicles in the Cypress portfolio.

6/20/2022 - Updated Card Limit to $1000 needed to match renewal requirements",Emily Gardner,**** 9954,,,,,,,,5700 Office Expenses
2025-06-22T02:08:11,Purchase,MPBSDP -SO PERSONAL PROPE,  (8.00),CAD,Cash,,,"Passtime GPS renewals for the Spring Auto Financial product we manage for Cypress Hill.  Use Passtime platform to reduce risk and prevent losses on vehicles in the Cypress portfolio.

6/20/2022 - Updated Card Limit to $1000 needed to match renewal requirements",Emily Gardner,**** 9954,,,,,,,,5700 Office Expenses
2025-06-25T02:09:33,Purchase,MPBSDP -SO PERSONAL PROPE,  (8.00),CAD,Cash,,,"Passtime GPS renewals for the Spring Auto Financial product we manage for Cypress Hill.  Use Passtime platform to reduce risk and prevent losses on vehicles in the Cypress portfolio.

6/20/2022 - Updated Card Limit to $1000 needed to match renewal requirements",Emily Gardner,**** 9954,,,,,,,,5700 Office Expenses
2025-06-25T02:09:33,Purchase,MPBSDP -SO PERSONAL PROPE,  (8.00),CAD,Cash,,,"Passtime GPS renewals for the Spring Auto Financial product we manage for Cypress Hill.  Use Passtime platform to reduce risk and prevent losses on vehicles in the Cypress portfolio.

6/20/2022 - Updated Card Limit to $1000 needed to match renewal requirements",Emily Gardner,**** 9954,,,,,,,,5700 Office Expenses
2025-06-27T02:10:28,Purchase,MPBSDP -SO PERSONAL PROPE,  (8.00),CAD,Cash,,,"Passtime GPS renewals for the Spring Auto Financial product we manage for Cypress Hill.  Use Passtime platform to reduce risk and prevent losses on vehicles in the Cypress portfolio.

6/20/2022 - Updated Card Limit to $1000 needed to match renewal requirements",Emily Gardner,**** 9954,,,,,,,,5700 Office Expenses
2025-06-27T02:10:31,Purchase,MPBSDP -SO PERSONAL PROPE,  (8.00),CAD,Cash,,,"Passtime GPS renewals for the Spring Auto Financial product we manage for Cypress Hill.  Use Passtime platform to reduce risk and prevent losses on vehicles in the Cypress portfolio.

6/20/2022 - Updated Card Limit to $1000 needed to match renewal requirements",Emily Gardner,**** 9954,,,,,,,,5700 Office Expenses
2025-06-27T02:10:32,Purchase,MPBSDP -SO PERSONAL PROPE,  (8.00),CAD,Cash,,,"Passtime GPS renewals for the Spring Auto Financial product we manage for Cypress Hill.  Use Passtime platform to reduce risk and prevent losses on vehicles in the Cypress portfolio.

6/20/2022 - Updated Card Limit to $1000 needed to match renewal requirements",Emily Gardner,**** 9954,,,,,,,,5700 Office Expenses
2025-06-23T02:05:54,Purchase,PAYPAL *FLOWDELPNET,  (170.01),CAD,Cash,6985,PHP,,Erin Baile,**** 7197,,,,,,,0.024339,5700 Office Expenses
2025-01-23T02:07:15,Purchase,REGISTRYSEARCH.CA,  (10.00),CAD,Cash,,,"Passtime GPS renewals for the Spring Auto Financial product we manage for Cypress Hill.  Use Passtime platform to reduce risk and prevent losses on vehicles in the Cypress portfolio.

6/20/2022 - Updated Card Limit to $1000 needed to match renewal requirements",Emily Gardner,**** 9954,,,,,,,,5700 Office Expenses
2025-03-12T02:16:36,Purchase,REGISTRYSEARCH.CA,  (10.00),CAD,Cash,,,"Passtime GPS renewals for the Spring Auto Financial product we manage for Cypress Hill.  Use Passtime platform to reduce risk and prevent losses on vehicles in the Cypress portfolio.

6/20/2022 - Updated Card Limit to $1000 needed to match renewal requirements",Emily Gardner,**** 9954,,,,,,,,5700 Office Expenses
2025-03-12T05:25:16,Purchase,REGISTRYSEARCH.CA,  (10.00),CAD,Cash,,,"Passtime GPS renewals for the Spring Auto Financial product we manage for Cypress Hill.  Use Passtime platform to reduce risk and prevent losses on vehicles in the Cypress portfolio.

6/20/2022 - Updated Card Limit to $1000 needed to match renewal requirements",Emily Gardner,**** 9954,,,,,,,,5700 Office Expenses
2025-03-19T02:21:14,Purchase,REGISTRYSEARCH.CA,  (10.00),CAD,Cash,,,"Passtime GPS renewals for the Spring Auto Financial product we manage for Cypress Hill.  Use Passtime platform to reduce risk and prevent losses on vehicles in the Cypress portfolio.

6/20/2022 - Updated Card Limit to $1000 needed to match renewal requirements",Emily Gardner,**** 9954,,,,,,,,5700 Office Expenses
2025-04-02T04:12:50,Purchase,REGISTRYSEARCH.CA,  (10.00),CAD,Cash,,,"Passtime GPS renewals for the Spring Auto Financial product we manage for Cypress Hill.  Use Passtime platform to reduce risk and prevent losses on vehicles in the Cypress portfolio.

6/20/2022 - Updated Card Limit to $1000 needed to match renewal requirements",Emily Gardner,**** 9954,,,,,,,,5700 Office Expenses
2025-04-04T04:08:50,Purchase,REGISTRYSEARCH.CA,  (10.00),CAD,Cash,,,"Passtime GPS renewals for the Spring Auto Financial product we manage for Cypress Hill.  Use Passtime platform to reduce risk and prevent losses on vehicles in the Cypress portfolio.

6/20/2022 - Updated Card Limit to $1000 needed to match renewal requirements",Emily Gardner,**** 9954,,,,,,,,5700 Office Expenses
2025-04-09T05:24:52,Purchase,REGISTRYSEARCH.CA,  (10.00),CAD,Cash,,,"Passtime GPS renewals for the Spring Auto Financial product we manage for Cypress Hill.  Use Passtime platform to reduce risk and prevent losses on vehicles in the Cypress portfolio.

6/20/2022 - Updated Card Limit to $1000 needed to match renewal requirements",Emily Gardner,**** 9954,,,,,,,,5700 Office Expenses
2025-04-09T05:25:00,Purchase,REGISTRYSEARCH.CA,  (10.00),CAD,Cash,,,"Passtime GPS renewals for the Spring Auto Financial product we manage for Cypress Hill.  Use Passtime platform to reduce risk and prevent losses on vehicles in the Cypress portfolio.

6/20/2022 - Updated Card Limit to $1000 needed to match renewal requirements",Emily Gardner,**** 9954,,,,,,,,5700 Office Expenses
2025-04-12T04:07:20,Purchase,REGISTRYSEARCH.CA,  (10.00),CAD,Cash,,,"Passtime GPS renewals for the Spring Auto Financial product we manage for Cypress Hill.  Use Passtime platform to reduce risk and prevent losses on vehicles in the Cypress portfolio.

6/20/2022 - Updated Card Limit to $1000 needed to match renewal requirements",Emily Gardner,**** 9954,,,,,,,,5700 Office Expenses
2025-04-15T02:12:56,Purchase,REGISTRYSEARCH.CA,  (10.00),CAD,Cash,,,"Passtime GPS renewals for the Spring Auto Financial product we manage for Cypress Hill.  Use Passtime platform to reduce risk and prevent losses on vehicles in the Cypress portfolio.

6/20/2022 - Updated Card Limit to $1000 needed to match renewal requirements",Emily Gardner,**** 9954,,,,,,,,5700 Office Expenses
2025-04-17T02:18:27,Purchase,REGISTRYSEARCH.CA,  (10.00),CAD,Cash,,,"Passtime GPS renewals for the Spring Auto Financial product we manage for Cypress Hill.  Use Passtime platform to reduce risk and prevent losses on vehicles in the Cypress portfolio.

6/20/2022 - Updated Card Limit to $1000 needed to match renewal requirements",Emily Gardner,**** 9954,,,,,,,,5700 Office Expenses
2025-04-22T02:11:57,Purchase,REGISTRYSEARCH.CA,  (10.00),CAD,Cash,,,"Passtime GPS renewals for the Spring Auto Financial product we manage for Cypress Hill.  Use Passtime platform to reduce risk and prevent losses on vehicles in the Cypress portfolio.

6/20/2022 - Updated Card Limit to $1000 needed to match renewal requirements",Emily Gardner,**** 9954,,,,,,,,5700 Office Expenses
2025-04-23T02:16:50,Purchase,REGISTRYSEARCH.CA,  (10.00),CAD,Cash,,,"Passtime GPS renewals for the Spring Auto Financial product we manage for Cypress Hill.  Use Passtime platform to reduce risk and prevent losses on vehicles in the Cypress portfolio.

6/20/2022 - Updated Card Limit to $1000 needed to match renewal requirements",Emily Gardner,**** 9954,,,,,,,,5700 Office Expenses
2025-04-25T03:54:46,Purchase,REGISTRYSEARCH.CA,  (10.00),CAD,Cash,,,"Passtime GPS renewals for the Spring Auto Financial product we manage for Cypress Hill.  Use Passtime platform to reduce risk and prevent losses on vehicles in the Cypress portfolio.

6/20/2022 - Updated Card Limit to $1000 needed to match renewal requirements",Emily Gardner,**** 9954,,,,,,,,5700 Office Expenses
2025-05-01T02:17:46,Purchase,REGISTRYSEARCH.CA,  (10.00),CAD,Cash,,,"Passtime GPS renewals for the Spring Auto Financial product we manage for Cypress Hill.  Use Passtime platform to reduce risk and prevent losses on vehicles in the Cypress portfolio.

6/20/2022 - Updated Card Limit to $1000 needed to match renewal requirements",Emily Gardner,**** 9954,,,,,,,,5700 Office Expenses
2025-05-04T02:09:05,Purchase,REGISTRYSEARCH.CA,  (10.00),CAD,Cash,,,"Passtime GPS renewals for the Spring Auto Financial product we manage for Cypress Hill.  Use Passtime platform to reduce risk and prevent losses on vehicles in the Cypress portfolio.

6/20/2022 - Updated Card Limit to $1000 needed to match renewal requirements",Emily Gardner,**** 9954,,,,,,,,5700 Office Expenses
2025-05-09T04:14:58,Purchase,REGISTRYSEARCH.CA,  (10.00),CAD,Cash,,,"Passtime GPS renewals for the Spring Auto Financial product we manage for Cypress Hill.  Use Passtime platform to reduce risk and prevent losses on vehicles in the Cypress portfolio.

6/20/2022 - Updated Card Limit to $1000 needed to match renewal requirements",Emily Gardner,**** 9954,,,,,,,,5700 Office Expenses
2025-05-10T04:10:21,Purchase,REGISTRYSEARCH.CA,  (10.00),CAD,Cash,,,"Passtime GPS renewals for the Spring Auto Financial product we manage for Cypress Hill.  Use Passtime platform to reduce risk and prevent losses on vehicles in the Cypress portfolio.

6/20/2022 - Updated Card Limit to $1000 needed to match renewal requirements",Emily Gardner,**** 9954,,,,,,,,5700 Office Expenses
2025-05-11T02:13:51,Purchase,REGISTRYSEARCH.CA,  (10.00),CAD,Cash,,,"Passtime GPS renewals for the Spring Auto Financial product we manage for Cypress Hill.  Use Passtime platform to reduce risk and prevent losses on vehicles in the Cypress portfolio.

6/20/2022 - Updated Card Limit to $1000 needed to match renewal requirements",Emily Gardner,**** 9954,,,,,,,,5700 Office Expenses
2025-05-21T05:38:01,Purchase,REGISTRYSEARCH.CA,  (10.00),CAD,Cash,,,"Passtime GPS renewals for the Spring Auto Financial product we manage for Cypress Hill.  Use Passtime platform to reduce risk and prevent losses on vehicles in the Cypress portfolio.

6/20/2022 - Updated Card Limit to $1000 needed to match renewal requirements",Emily Gardner,**** 9954,,,,,,,,5700 Office Expenses
2025-05-24T04:20:11,Purchase,REGISTRYSEARCH.CA,  (10.00),CAD,Cash,,,"Passtime GPS renewals for the Spring Auto Financial product we manage for Cypress Hill.  Use Passtime platform to reduce risk and prevent losses on vehicles in the Cypress portfolio.

6/20/2022 - Updated Card Limit to $1000 needed to match renewal requirements",Emily Gardner,**** 9954,,,,,,,,5700 Office Expenses
2025-05-30T04:03:46,Purchase,REGISTRYSEARCH.CA,  (10.00),CAD,Cash,,,"Passtime GPS renewals for the Spring Auto Financial product we manage for Cypress Hill.  Use Passtime platform to reduce risk and prevent losses on vehicles in the Cypress portfolio.

6/20/2022 - Updated Card Limit to $1000 needed to match renewal requirements",Emily Gardner,**** 9954,,,,,,,,5700 Office Expenses
2025-07-26T02:14:40,Purchase,MPBSDPLIENSPPSR,  (8.00),CAD,Cash,,,"Passtime GPS renewals for the Spring Auto Financial product we manage for Cypress Hill.  Use Passtime platform to reduce risk and prevent losses on vehicles in the Cypress portfolio.

6/20/2022 - Updated Card Limit to $1000 needed to match renewal requirements",Emily Gardner,**** 9954,,,,,,,,5700 Office Expenses
2025-07-26T02:14:42,Purchase,MPBSDPLIENSPPSR,  (8.00),CAD,Cash,,,"Passtime GPS renewals for the Spring Auto Financial product we manage for Cypress Hill.  Use Passtime platform to reduce risk and prevent losses on vehicles in the Cypress portfolio.

6/20/2022 - Updated Card Limit to $1000 needed to match renewal requirements",Emily Gardner,**** 9954,,,,,,,,5700 Office Expenses
2025-07-26T02:14:43,Purchase,MPBSDPLIENSPPSR,  (8.00),CAD,Cash,,,"Passtime GPS renewals for the Spring Auto Financial product we manage for Cypress Hill.  Use Passtime platform to reduce risk and prevent losses on vehicles in the Cypress portfolio.

6/20/2022 - Updated Card Limit to $1000 needed to match renewal requirements",Emily Gardner,**** 9954,,,,,,,,5700 Office Expenses
2025-07-27T02:14:56,Purchase,MPBSDPLIENSPPSR,  (8.00),CAD,Cash,,,"Passtime GPS renewals for the Spring Auto Financial product we manage for Cypress Hill.  Use Passtime platform to reduce risk and prevent losses on vehicles in the Cypress portfolio.

6/20/2022 - Updated Card Limit to $1000 needed to match renewal requirements",Emily Gardner,**** 9954,,,,,,,,5700 Office Expenses
2025-07-30T02:18:00,Purchase,MPBSDPLIENSPPSR,  (8.00),CAD,Cash,,,"Passtime GPS renewals for the Spring Auto Financial product we manage for Cypress Hill.  Use Passtime platform to reduce risk and prevent losses on vehicles in the Cypress portfolio.

6/20/2022 - Updated Card Limit to $1000 needed to match renewal requirements",Emily Gardner,**** 9954,,,,,,,,5700 Office Expenses
2025-07-31T02:15:17,Purchase,MPBSDPLIENSPPSR,  (8.00),CAD,Cash,,,"Passtime GPS renewals for the Spring Auto Financial product we manage for Cypress Hill.  Use Passtime platform to reduce risk and prevent losses on vehicles in the Cypress portfolio.

6/20/2022 - Updated Card Limit to $1000 needed to match renewal requirements",Emily Gardner,**** 9954,,,,,,,,5700 Office Expenses
2025-08-01T02:16:24,Purchase,MPBSDPLIENSPPSR,  (8.00),CAD,Cash,,,,Emily Gardner,**** 1021,,,,,,,,5700 Office Expenses
2025-08-07T02:16:02,Purchase,MPBSDPLIENSPPSR,  (8.00),CAD,Cash,,,"Passtime GPS renewals for the Spring Auto Financial product we manage for Cypress Hill.  Use Passtime platform to reduce risk and prevent losses on vehicles in the Cypress portfolio.

6/20/2022 - Updated Card Limit to $1000 needed to match renewal requirements",Emily Gardner,**** 9954,,,,,,,,5700 Office Expenses
2025-08-07T02:16:24,Purchase,MPBSDPLIENSPPSR,  (8.00),CAD,Cash,,,"Passtime GPS renewals for the Spring Auto Financial product we manage for Cypress Hill.  Use Passtime platform to reduce risk and prevent losses on vehicles in the Cypress portfolio.

6/20/2022 - Updated Card Limit to $1000 needed to match renewal requirements",Emily Gardner,**** 9954,,,,,,,,5700 Office Expenses
2025-08-08T02:14:48,Purchase,MPBSDPLIENSPPSR,  (8.00),CAD,Cash,,,"Passtime GPS renewals for the Spring Auto Financial product we manage for Cypress Hill.  Use Passtime platform to reduce risk and prevent losses on vehicles in the Cypress portfolio.

6/20/2022 - Updated Card Limit to $1000 needed to match renewal requirements",Emily Gardner,**** 9954,,,,,,,,5700 Office Expenses
2025-08-09T18:43:56,Purchase,MPBSDPLIENSPPSR,  (8.00),CAD,Cash,,,"Passtime GPS renewals for the Spring Auto Financial product we manage for Cypress Hill.  Use Passtime platform to reduce risk and prevent losses on vehicles in the Cypress portfolio.

6/20/2022 - Updated Card Limit to $1000 needed to match renewal requirements",Emily Gardner,**** 9954,,,,,,,,5700 Office Expenses
2025-08-13T02:20:36,Purchase,MPBSDPLIENSPPSR,  (8.00),CAD,Cash,,,"Passtime GPS renewals for the Spring Auto Financial product we manage for Cypress Hill.  Use Passtime platform to reduce risk and prevent losses on vehicles in the Cypress portfolio.

6/20/2022 - Updated Card Limit to $1000 needed to match renewal requirements",Emily Gardner,**** 9954,,,,,,,,5700 Office Expenses
2025-08-14T02:16:03,Purchase,MPBSDPLIENSPPSR,  (8.00),CAD,Cash,,,"Passtime GPS renewals for the Spring Auto Financial product we manage for Cypress Hill.  Use Passtime platform to reduce risk and prevent losses on vehicles in the Cypress portfolio.

6/20/2022 - Updated Card Limit to $1000 needed to match renewal requirements",Emily Gardner,**** 9954,,,,,,,,5700 Office Expenses
2025-08-16T02:12:50,Purchase,MPBSDPLIENSPPSR,  (8.00),CAD,Cash,,,"Passtime GPS renewals for the Spring Auto Financial product we manage for Cypress Hill.  Use Passtime platform to reduce risk and prevent losses on vehicles in the Cypress portfolio.

6/20/2022 - Updated Card Limit to $1000 needed to match renewal requirements",Emily Gardner,**** 9954,,,,,,,,5700 Office Expenses
2025-08-16T02:12:58,Purchase,MPBSDPLIENSPPSR,  (8.00),CAD,Cash,,,"Passtime GPS renewals for the Spring Auto Financial product we manage for Cypress Hill.  Use Passtime platform to reduce risk and prevent losses on vehicles in the Cypress portfolio.

6/20/2022 - Updated Card Limit to $1000 needed to match renewal requirements",Emily Gardner,**** 9954,,,,,,,,5700 Office Expenses
2025-08-17T02:10:14,Purchase,MPBSDPLIENSPPSR,  (8.00),CAD,Cash,,,"Passtime GPS renewals for the Spring Auto Financial product we manage for Cypress Hill.  Use Passtime platform to reduce risk and prevent losses on vehicles in the Cypress portfolio.

6/20/2022 - Updated Card Limit to $1000 needed to match renewal requirements",Emily Gardner,**** 9954,,,,,,,,5700 Office Expenses
2025-08-17T02:10:21,Purchase,MPBSDPLIENSPPSR,  (8.00),CAD,Cash,,,"Passtime GPS renewals for the Spring Auto Financial product we manage for Cypress Hill.  Use Passtime platform to reduce risk and prevent losses on vehicles in the Cypress portfolio.

6/20/2022 - Updated Card Limit to $1000 needed to match renewal requirements",Emily Gardner,**** 9954,,,,,,,,5700 Office Expenses
2025-08-22T02:12:51,Purchase,MPBSDPLIENSPPSR,  (8.00),CAD,Cash,,,"Passtime GPS renewals for the Spring Auto Financial product we manage for Cypress Hill.  Use Passtime platform to reduce risk and prevent losses on vehicles in the Cypress portfolio.

6/20/2022 - Updated Card Limit to $1000 needed to match renewal requirements",Emily Gardner,**** 9954,,,,,,,,5700 Office Expenses
2025-08-22T02:12:51,Purchase,MPBSDPLIENSPPSR,  (8.00),CAD,Cash,,,"Passtime GPS renewals for the Spring Auto Financial product we manage for Cypress Hill.  Use Passtime platform to reduce risk and prevent losses on vehicles in the Cypress portfolio.

6/20/2022 - Updated Card Limit to $1000 needed to match renewal requirements",Emily Gardner,**** 9954,,,,,,,,5700 Office Expenses
2025-08-22T02:13:04,Purchase,MPBSDPLIENSPPSR,  (8.00),CAD,Cash,,,"Passtime GPS renewals for the Spring Auto Financial product we manage for Cypress Hill.  Use Passtime platform to reduce risk and prevent losses on vehicles in the Cypress portfolio.

6/20/2022 - Updated Card Limit to $1000 needed to match renewal requirements",Emily Gardner,**** 9954,,,,,,,,5700 Office Expenses
2025-08-23T02:08:20,Purchase,MPBSDPLIENSPPSR,  (8.00),CAD,Cash,,,"Passtime GPS renewals for the Spring Auto Financial product we manage for Cypress Hill.  Use Passtime platform to reduce risk and prevent losses on vehicles in the Cypress portfolio.

6/20/2022 - Updated Card Limit to $1000 needed to match renewal requirements",Emily Gardner,**** 9954,,,,,,,,5700 Office Expenses
2025-08-31T02:14:17,Purchase,MPBSDPLIENSPPSR,  (8.00),CAD,Cash,,,"Passtime GPS renewals for the Spring Auto Financial product we manage for Cypress Hill.  Use Passtime platform to reduce risk and prevent losses on vehicles in the Cypress portfolio.

6/20/2022 - Updated Card Limit to $1000 needed to match renewal requirements",Emily Gardner,**** 9954,,,,,,,,5700 Office Expenses
2025-08-31T02:14:19,Purchase,MPBSDPLIENSPPSR,  (8.00),CAD,Cash,,,"Passtime GPS renewals for the Spring Auto Financial product we manage for Cypress Hill.  Use Passtime platform to reduce risk and prevent losses on vehicles in the Cypress portfolio.

6/20/2022 - Updated Card Limit to $1000 needed to match renewal requirements",Emily Gardner,**** 9954,,,,,,,,5700 Office Expenses
2025-09-07T02:11:52,Purchase,MPBSDPLIENSPPSR,  (8.00),CAD,Cash,,,"Passtime GPS renewals for the Spring Auto Financial product we manage for Cypress Hill.  Use Passtime platform to reduce risk and prevent losses on vehicles in the Cypress portfolio.

6/20/2022 - Updated Card Limit to $1000 needed to match renewal requirements",Emily Gardner,**** 9954,,,,,,,,5700 Office Expenses
2025-09-10T02:10:20,Purchase,MPBSDPLIENSPPSR,  (8.00),CAD,Cash,,,"Passtime GPS renewals for the Spring Auto Financial product we manage for Cypress Hill.  Use Passtime platform to reduce risk and prevent losses on vehicles in the Cypress portfolio.

6/20/2022 - Updated Card Limit to $1000 needed to match renewal requirements",Emily Gardner,**** 9954,,,,,,,,5700 Office Expenses
2025-09-13T02:08:03,Purchase,MPBSDPLIENSPPSR,  (8.00),CAD,Cash,,,"Passtime GPS renewals for the Spring Auto Financial product we manage for Cypress Hill.  Use Passtime platform to reduce risk and prevent losses on vehicles in the Cypress portfolio.

6/20/2022 - Updated Card Limit to $1000 needed to match renewal requirements",Emily Gardner,**** 9954,,,,,,,,5700 Office Expenses
2025-09-19T02:10:24,Purchase,MPBSDPLIENSPPSR,  (8.00),CAD,Cash,,,"Passtime GPS renewals for the Spring Auto Financial product we manage for Cypress Hill.  Use Passtime platform to reduce risk and prevent losses on vehicles in the Cypress portfolio.

6/20/2022 - Updated Card Limit to $1000 needed to match renewal requirements",Emily Gardner,**** 9954,,,,,,,,5700 Office Expenses
2025-09-24T02:13:40,Purchase,MPBSDPLIENSPPSR,  (8.00),CAD,Cash,,,"Passtime GPS renewals for the Spring Auto Financial product we manage for Cypress Hill.  Use Passtime platform to reduce risk and prevent losses on vehicles in the Cypress portfolio.

6/20/2022 - Updated Card Limit to $1000 needed to match renewal requirements",Emily Gardner,**** 9954,,,,,,,,5700 Office Expenses
2025-09-24T02:13:45,Purchase,MPBSDPLIENSPPSR,  (8.00),CAD,Cash,,,,Emily Gardner,**** 1021,,,,,,,,5700 Office Expenses
2025-09-26T02:08:28,Purchase,MPBSDPLIENSPPSR,  (8.00),CAD,Cash,,,,Emily Gardner,**** 1021,,,,,,,,5700 Office Expenses
2025-12-03T00:46:08,Purchase,MPBSDPLIENSPPSR,  (8.00),CAD,Cash,,,"Passtime GPS renewals for the Spring Auto Financial product we manage for Cypress Hill.  Use Passtime platform to reduce risk and prevent losses on vehicles in the Cypress portfolio.

6/20/2022 - Updated Card Limit to $1000 needed to match renewal requirements",Emily Gardner,**** 9954,,,,,,,,5700 Office Expenses
2025-12-20T23:57:30,Purchase,MPBSDPLIENSPPSR,  (8.00),CAD,Cash,,,,Emily Gardner,**** 1021,,,,,,,,5700 Office Expenses
2025-05-12T02:44:38,Purchase,MUSIC PLAZA 21 QC,  (339.36),CAD,Cash,13265.89,PHP,,Erin Baile,**** 7197,,,,,,,0.025581,5700 Office Expenses
2025-06-05T02:21:34,Purchase,REGISTRYSEARCH.CA,  (10.00),CAD,Cash,,,"Passtime GPS renewals for the Spring Auto Financial product we manage for Cypress Hill.  Use Passtime platform to reduce risk and prevent losses on vehicles in the Cypress portfolio.

6/20/2022 - Updated Card Limit to $1000 needed to match renewal requirements",Emily Gardner,**** 9954,,,,,,,,5700 Office Expenses
2025-06-27T02:20:09,Purchase,NAME-CHEAP.COM* KBRGS1,  (9.75),CAD,Cash,6.98,USD,,Erin Baile,**** 6876,,,,,,,1.396848,5700 Office Expenses
2025-06-07T04:06:31,Purchase,REGISTRYSEARCH.CA,  (10.00),CAD,Cash,,,"Passtime GPS renewals for the Spring Auto Financial product we manage for Cypress Hill.  Use Passtime platform to reduce risk and prevent losses on vehicles in the Cypress portfolio.

6/20/2022 - Updated Card Limit to $1000 needed to match renewal requirements",Emily Gardner,**** 9954,,,,,,,,5700 Office Expenses
2025-03-06T01:14:02,Purchase,Nike-ESW-CAD,  (263.20),CAD,Cash,,,,Karina Plazola,**** 9909,,,,,,,,5700 Office Expenses
2025-02-14T05:17:50,Purchase,ONLY DEALS $1 PLUS STORE,  (114.08),CAD,Cash,,,Valentineâ€™s Day ,Karina Plazola,**** 9909,,,,,,,,5700 Office Expenses
2025-02-15T04:57:49,Purchase,ONLY DEALS $1 PLUS STORE,  (18.94),CAD,Cash,,,Valentineâ€™s Day ,Karina Plazola,**** 9909,,,,,,,,5700 Office Expenses
2025-03-11T05:30:45,Purchase,ONLY DEALS $1 PLUS STORE,  (58.74),CAD,Cash,,,,Karina Plazola,**** 9909,,,,,,,,5700 Office Expenses
2025-03-15T03:56:47,Purchase,ONLY DEALS $1 PLUS STORE,  (10.08),CAD,Cash,,,,Karina Plazola,**** 9909,,,,,,,,5700 Office Expenses
2025-04-11T04:05:41,Purchase,ONLY DEALS $1 PLUS STORE,  (15.67),CAD,Cash,,,,Karina Plazola,**** 9909,,,,,,,,5700 Office Expenses
2025-06-14T04:32:26,Purchase,ONLY DEALS $1 PLUS STORE,  (26.85),CAD,Cash,,,,Erin Baile,**** 7197,,,,,,,,5700 Office Expenses
2025-06-19T04:40:01,Purchase,ONLY DEALS $1 PLUS STORE,  (13.44),CAD,Cash,,,,Erin Baile,**** 7197,,,,,,,,5700 Office Expenses
2025-06-27T06:22:31,Purchase,ONLY DEALS $1 PLUS STORE,  (8.37),CAD,Cash,,,,Erin Baile,**** 7197,,,,,,,,5700 Office Expenses
2025-10-16T03:58:34,Purchase,ONLY DEALS $1 PLUS STORE,  (1.96),CAD,Cash,,,,Karina Plazola,**** 9909,,,,,,,,5700 Office Expenses
2025-10-17T05:47:07,Purchase,ONLY DEALS $1 PLUS STORE,  (10.08),CAD,Cash,,,,Erin Baile,**** 0067,,,,,,,,5700 Office Expenses
2025-11-29T03:27:47,Purchase,ONLY DEALS $1 PLUS STORE,  (26.82),CAD,Cash,,,,Karina Plazola,**** 9909,,,,,,,,5700 Office Expenses
2025-11-20T23:14:47,Purchase,OPENAI,  (790.13),CAD,Cash,551.7,USD,,Erin Baile,**** 8363,,,,,,,1.432173,5700 Office Expenses
2025-06-10T02:15:14,Purchase,REGISTRYSEARCH.CA,  (10.00),CAD,Cash,,,"Passtime GPS renewals for the Spring Auto Financial product we manage for Cypress Hill.  Use Passtime platform to reduce risk and prevent losses on vehicles in the Cypress portfolio.

6/20/2022 - Updated Card Limit to $1000 needed to match renewal requirements",Emily Gardner,**** 9954,,,,,,,,5700 Office Expenses
2025-06-13T04:09:54,Purchase,REGISTRYSEARCH.CA,  (10.00),CAD,Cash,,,"Passtime GPS renewals for the Spring Auto Financial product we manage for Cypress Hill.  Use Passtime platform to reduce risk and prevent losses on vehicles in the Cypress portfolio.

6/20/2022 - Updated Card Limit to $1000 needed to match renewal requirements",Emily Gardner,**** 9954,,,,,,,,5700 Office Expenses
2025-06-14T04:24:06,Purchase,REGISTRYSEARCH.CA,  (10.00),CAD,Cash,,,"Passtime GPS renewals for the Spring Auto Financial product we manage for Cypress Hill.  Use Passtime platform to reduce risk and prevent losses on vehicles in the Cypress portfolio.

6/20/2022 - Updated Card Limit to $1000 needed to match renewal requirements",Emily Gardner,**** 9954,,,,,,,,5700 Office Expenses
2025-06-17T02:18:55,Purchase,REGISTRYSEARCH.CA,  (10.00),CAD,Cash,,,"Passtime GPS renewals for the Spring Auto Financial product we manage for Cypress Hill.  Use Passtime platform to reduce risk and prevent losses on vehicles in the Cypress portfolio.

6/20/2022 - Updated Card Limit to $1000 needed to match renewal requirements",Emily Gardner,**** 9954,,,,,,,,5700 Office Expenses
2025-06-20T04:29:44,Purchase,REGISTRYSEARCH.CA,  (10.00),CAD,Cash,,,"Passtime GPS renewals for the Spring Auto Financial product we manage for Cypress Hill.  Use Passtime platform to reduce risk and prevent losses on vehicles in the Cypress portfolio.

6/20/2022 - Updated Card Limit to $1000 needed to match renewal requirements",Emily Gardner,**** 9954,,,,,,,,5700 Office Expenses
2025-06-20T04:30:31,Purchase,REGISTRYSEARCH.CA,  (10.00),CAD,Cash,,,"Passtime GPS renewals for the Spring Auto Financial product we manage for Cypress Hill.  Use Passtime platform to reduce risk and prevent losses on vehicles in the Cypress portfolio.

6/20/2022 - Updated Card Limit to $1000 needed to match renewal requirements",Emily Gardner,**** 9954,,,,,,,,5700 Office Expenses
2025-03-14T02:14:28,Purchase,PATIO IMPERFECTO,  (84.39),CAD,Cash,5000,INR,Holi Party ,Harjot Kaur,**** 9999,,,,,,,0.016878,5700 Office Expenses
2025-03-14T02:14:28,Purchase,PATIO IMPERFECTO,  (33.76),CAD,Cash,2000,INR,Holi Party,Harjot Kaur,**** 9999,,,,,,,0.01688,5700 Office Expenses
2025-03-14T02:14:29,Purchase,PATIO IMPERFECTO,  (84.39),CAD,Cash,5000,INR,Holi Party,Harjot Kaur,**** 9999,,,,,,,0.016878,5700 Office Expenses
2025-03-14T02:14:29,Purchase,PATIO IMPERFECTO,  (84.39),CAD,Cash,5000,INR,Holi party,Harjot Kaur,**** 9999,,,,,,,0.016878,5700 Office Expenses
2025-03-13T02:16:12,Purchase,PAYPAL *BULBSCANADA,  (58.50),CAD,Cash,,,,Karina Plazola,**** 9909,,,,,,,,5700 Office Expenses
2025-06-20T04:32:08,Purchase,REGISTRYSEARCH.CA,  (10.00),CAD,Cash,,,"Passtime GPS renewals for the Spring Auto Financial product we manage for Cypress Hill.  Use Passtime platform to reduce risk and prevent losses on vehicles in the Cypress portfolio.

6/20/2022 - Updated Card Limit to $1000 needed to match renewal requirements",Emily Gardner,**** 9954,,,,,,,,5700 Office Expenses
2025-02-05T01:25:49,Purchase,PHARMASAVE 1101,  (32.85),CAD,Cash,,,,Karina Plazola,**** 9909,,,,,,,,5700 Office Expenses
2025-02-08T01:16:59,Purchase,PHARMASAVE 1101,  (131.06),CAD,Cash,,,,Karina Plazola,**** 9909,,,,,,,,5700 Office Expenses
2025-02-11T02:15:43,Purchase,PHARMASAVE 1101,  (14.90),CAD,Cash,,,,Karina Plazola,**** 9909,,,,,,,,5700 Office Expenses
2025-02-14T01:15:01,Purchase,PHARMASAVE 1101,  (20.40),CAD,Cash,,,,Karina Plazola,**** 9909,,,,,,,,5700 Office Expenses
2025-02-28T01:17:50,Purchase,PHARMASAVE 1101,  (5.60),CAD,Cash,,,,Karina Plazola,**** 9909,,,,,,,,5700 Office Expenses
2025-03-01T01:18:22,Purchase,PHARMASAVE 1101,  (22.00),CAD,Cash,,,,Karina Plazola,**** 9909,,,,,,,,5700 Office Expenses
2025-03-14T02:13:48,Purchase,PHARMASAVE 1101,  (24.00),CAD,Cash,,,,Karina Plazola,**** 9909,,,,,,,,5700 Office Expenses
2025-03-15T02:13:57,Purchase,PHARMASAVE 1101,  (3.60),CAD,Cash,,,,Karina Plazola,**** 9909,,,,,,,,5700 Office Expenses
2025-03-18T02:10:32,Purchase,PHARMASAVE 1101,  (29.60),CAD,Cash,,,,Karina Plazola,**** 9909,,,,,,,,5700 Office Expenses
2025-03-21T02:20:15,Purchase,PHARMASAVE 1101,  (83.91),CAD,Cash,,,,Karina Plazola,**** 9909,,,,,,,,5700 Office Expenses
2025-04-02T02:25:13,Purchase,PHARMASAVE 1101,  (11.20),CAD,Cash,,,,Karina Plazola,**** 9909,,,,,,,,5700 Office Expenses
2025-06-06T02:18:04,Purchase,PHARMASAVE 1101,  (47.09),CAD,Cash,,,,Karina Plazola,**** 9909,,,,,,,,5700 Office Expenses
2025-06-19T02:21:40,Purchase,PHARMASAVE 1101,  (70.41),CAD,Cash,,,,Karina Plazola,**** 9909,,,,,,,,5700 Office Expenses
2025-07-10T02:23:14,Purchase,PHARMASAVE 1101,  (88.13),CAD,Cash,,,,Karina Plazola,**** 9909,,,,,,,,5700 Office Expenses
2025-07-12T02:22:19,Purchase,PHARMASAVE 1101,  (61.52),CAD,Cash,,,,Karina Plazola,**** 9909,,,,,,,,5700 Office Expenses
2025-07-15T02:18:37,Purchase,PHARMASAVE 1101,  (17.90),CAD,Cash,,,,Karina Plazola,**** 9909,,,,,,,,5700 Office Expenses
2025-07-18T02:23:12,Purchase,PHARMASAVE 1101,  (17.57),CAD,Cash,,,,Karina Plazola,**** 9909,,,,,,,,5700 Office Expenses
2025-07-25T02:22:20,Purchase,PHARMASAVE 1101,  (15.04),CAD,Cash,,,,Karina Plazola,**** 9909,,,,,,,,5700 Office Expenses
2025-08-01T02:23:39,Purchase,PHARMASAVE 1101,  (105.41),CAD,Cash,,,,Karina Plazola,**** 9909,,,,,,,,5700 Office Expenses
2025-08-09T02:18:43,Purchase,PHARMASAVE 1101,  (104.40),CAD,Cash,,,,Karina Plazola,**** 9909,,,,,,,,5700 Office Expenses
2025-08-15T02:14:13,Purchase,PHARMASAVE 1101,  (40.71),CAD,Cash,,,,Karina Plazola,**** 9909,,,,,,,,5700 Office Expenses
2025-08-16T02:14:10,Purchase,PHARMASAVE 1101,  (10.07),CAD,Cash,,,,Karina Plazola,**** 9909,,,,,,,,5700 Office Expenses
2025-08-16T02:14:10,Purchase,PHARMASAVE 1101,  (40.28),CAD,Cash,,,,Karina Plazola,**** 9909,,,,,,,,5700 Office Expenses
2025-09-03T02:15:12,Purchase,PHARMASAVE 1101,  (105.41),CAD,Cash,,,,Karina Plazola,**** 9909,,,,,,,,5700 Office Expenses
2025-09-10T02:13:39,Purchase,PHARMASAVE 1101,  (12.33),CAD,Cash,,,,Karina Plazola,**** 9909,,,,,,,,5700 Office Expenses
2025-09-11T02:14:45,Purchase,PHARMASAVE 1101,  (124.49),CAD,Cash,,,,Karina Plazola,**** 9909,,,,,,,,5700 Office Expenses
2025-09-26T02:11:18,Purchase,PHARMASAVE 1101,  (93.70),CAD,Cash,,,,Karina Plazola,**** 9909,,,,,,,,5700 Office Expenses
2025-10-04T02:15:45,Purchase,PHARMASAVE 1101,  (400.00),CAD,Cash,,,,Karina Plazola,**** 9909,,,,,,,,5700 Office Expenses
2025-10-23T02:21:39,Purchase,PHARMASAVE 1101,  (119.78),CAD,Cash,,,,Karina Plazola,**** 9909,,,,,,,,5700 Office Expenses
2025-10-28T00:14:15,Purchase,PHARMASAVE 1101,  (18.40),CAD,Cash,,,,Karina Plazola,**** 9909,,,,,,,,5700 Office Expenses
2025-11-13T23:08:07,Purchase,PHARMASAVE 1101,  (72.42),CAD,Cash,,,,Karina Plazola,**** 9909,,,,,,,,5700 Office Expenses
2025-12-02T01:24:01,Purchase,PHARMASAVE 1101,  (30.50),CAD,Cash,,,,Karina Plazola,**** 9909,,,,,,,,5700 Office Expenses
2025-12-09T00:36:25,Purchase,PHARMASAVE 1101,  (30.96),CAD,Cash,,,,Karina Plazola,**** 9909,,,,,,,,5700 Office Expenses
2025-06-21T04:42:14,Purchase,REGISTRYSEARCH.CA,  (10.00),CAD,Cash,,,"Passtime GPS renewals for the Spring Auto Financial product we manage for Cypress Hill.  Use Passtime platform to reduce risk and prevent losses on vehicles in the Cypress portfolio.

6/20/2022 - Updated Card Limit to $1000 needed to match renewal requirements",Emily Gardner,**** 9954,,,,,,,,5700 Office Expenses
2025-06-24T02:18:48,Purchase,REGISTRYSEARCH.CA,  (10.00),CAD,Cash,,,"Passtime GPS renewals for the Spring Auto Financial product we manage for Cypress Hill.  Use Passtime platform to reduce risk and prevent losses on vehicles in the Cypress portfolio.

6/20/2022 - Updated Card Limit to $1000 needed to match renewal requirements",Emily Gardner,**** 9954,,,,,,,,5700 Office Expenses
2025-04-01T05:33:42,Purchase,PRIVATE INTERNET ACCESS I,  (72.75),CAD,Cash,49.99,USD,Recurring monthly purchases and licenses,Erin Baile,**** 8472,,,,,,,1.455291,5700 Office Expenses
2025-05-26T04:00:41,Purchase,PURO/335426924197,  (202.99),CAD,Cash,,,,Karina Plazola,**** 9909,,,,,,,,5700 Office Expenses
2025-03-12T05:22:03,Purchase,PURO/6937215876,  (204.67),CAD,Cash,,,,Karina Plazola,**** 9909,,,,,,,,5700 Office Expenses
2025-04-09T05:18:59,Purchase,PURO/6937393385,  (204.67),CAD,Cash,,,,Karina Plazola,**** 9909,,,,,,,,5700 Office Expenses
2025-04-18T04:02:35,Purchase,PUROLATOR,  (433.44),CAD,Cash,,,"This would be for food & beverage, events, prizes, awards etc.",Karina Plazola,**** 1865,,,,,,,,5700 Office Expenses
2025-10-18T03:21:06,Purchase,PUROLATOR - ESO/335685,  (43.20),CAD,Cash,,,"This would be for food & beverage, events, prizes, awards etc.",Karina Plazola,**** 1865,,,,,,,,5700 Office Expenses
2025-10-24T04:01:30,Purchase,PUROLATOR - ESO/335690,  (49.37),CAD,Cash,,,,Karina Plazola,**** 9909,,,,,,,,5700 Office Expenses
2025-10-24T04:01:31,Purchase,PUROLATOR - ESO/335690,  (36.71),CAD,Cash,,,,Karina Plazola,**** 9909,,,,,,,,5700 Office Expenses
2025-10-24T04:01:31,Purchase,PUROLATOR - ESO/335690,  (55.91),CAD,Cash,,,,Karina Plazola,**** 9909,,,,,,,,5700 Office Expenses
2025-10-24T04:01:29,Purchase,PUROLATOR - ESO/335691,  (59.27),CAD,Cash,,,,Karina Plazola,**** 9909,,,,,,,,5700 Office Expenses
2025-10-24T04:01:30,Purchase,PUROLATOR - ESO/335691,  (55.91),CAD,Cash,,,,Karina Plazola,**** 9909,,,,,,,,5700 Office Expenses
2025-10-24T04:01:32,Purchase,PUROLATOR - ESO/335691,  (55.91),CAD,Cash,,,,Karina Plazola,**** 9909,,,,,,,,5700 Office Expenses
2025-10-25T02:45:40,Purchase,PUROLATOR - ESO/335691,  (49.37),CAD,Cash,,,,Karina Plazola,**** 9909,,,,,,,,5700 Office Expenses
2025-11-02T05:11:56,Purchase,PUROLATOR - ESO/335700,  (41.88),CAD,Cash,,,,Karina Plazola,**** 2636,,,,,,,,5700 Office Expenses
2025-11-20T04:32:26,Purchase,PUROLATOR - ESO/335706,  (175.50),CAD,Cash,,,,Karina Plazola,**** 9909,,,,,,,,5700 Office Expenses
2025-12-03T04:48:00,Purchase,PUROLATOR - ESO/335723,  (42.05),CAD,Cash,,,,Karina Plazola,**** 9909,,,,,,,,5700 Office Expenses
2025-12-05T03:38:53,Purchase,PUROLATOR - ESO/335725,  (42.22),CAD,Cash,,,,Karina Plazola,**** 9909,,,,,,,,5700 Office Expenses
2025-07-19T04:06:08,Purchase,PUROLATOR - ESO/693802,  (192.82),CAD,Cash,,,,Karina Plazola,**** 9909,,,,,,,,5700 Office Expenses
2025-05-31T02:16:50,Purchase,RAZ*Blinkit,  (4.50),CAD,Cash,,,,Harjot Kaur,**** 9999,,,,,,,,5700 Office Expenses
2025-06-04T02:20:31,Purchase,RAZ*Blinkit,  (21.16),CAD,Cash,,,Bouquet for Cory ,Harjot Kaur,**** 9999,,,,,,,,5700 Office Expenses
2025-08-29T02:17:02,Purchase,RAZ*Blinkit,  (5.44),CAD,Cash,,,Flower bouquet on farewell of an employee Siddhant Sharma,Harjot Kaur,**** 9999,,,,,,,,5700 Office Expenses
2025-06-04T02:20:34,Purchase,RAZ*Swiggy,  (10.76),CAD,Cash,,,Green Tea for office,Harjot Kaur,**** 9999,,,,,,,,5700 Office Expenses
2025-08-29T02:17:02,Purchase,RAZ*THEOBROMA FOODS PRIVA,  (23.38),CAD,Cash,,,Cake for Farewell of Siddhant sharma,Harjot Kaur,**** 9999,,,,,,,,5700 Office Expenses
2025-04-08T02:12:01,Purchase,RAZ*ZEPTO MARKETPLACE PRI,  (7.50),CAD,Cash,,,AAA batteries for Keyboard and zmouse for the staff,Harjot Kaur,**** 9999,,,,,,,,5700 Office Expenses
2025-09-24T02:17:21,Purchase,RAZ*Zomato Online Order,  (42.44),CAD,Cash,,,Cake for Birthday and Farewell,Harjot Kaur,**** 9999,,,,,,,,5700 Office Expenses
2025-05-08T02:06:56,Purchase,RED DYNASTY,  (29.31),CAD,Cash,1155,PHP,,Erin Baile,**** 7197,,,,,,,0.025377,5700 Office Expenses
2025-06-28T03:58:41,Purchase,REGISTRYSEARCH.CA,  (10.00),CAD,Cash,,,"Passtime GPS renewals for the Spring Auto Financial product we manage for Cypress Hill.  Use Passtime platform to reduce risk and prevent losses on vehicles in the Cypress portfolio.

6/20/2022 - Updated Card Limit to $1000 needed to match renewal requirements",Emily Gardner,**** 9954,,,,,,,,5700 Office Expenses
2025-06-28T03:59:57,Purchase,REGISTRYSEARCH.CA,  (10.00),CAD,Cash,,,"Passtime GPS renewals for the Spring Auto Financial product we manage for Cypress Hill.  Use Passtime platform to reduce risk and prevent losses on vehicles in the Cypress portfolio.

6/20/2022 - Updated Card Limit to $1000 needed to match renewal requirements",Emily Gardner,**** 9954,,,,,,,,5700 Office Expenses
2025-04-10T02:13:26,Purchase,SNAP SNAP ADS,  (161.26),CAD,Cash,,,,Hector Alfonso Pertierra Marin,**** 9160,,,,,,,,5700 Office Expenses
2025-04-12T02:12:02,Purchase,SNB/ACOL LIEN CHECK,  (10.00),CAD,Cash,,,"Passtime GPS renewals for the Spring Auto Financial product we manage for Cypress Hill.  Use Passtime platform to reduce risk and prevent losses on vehicles in the Cypress portfolio.

6/20/2022 - Updated Card Limit to $1000 needed to match renewal requirements",Emily Gardner,**** 9954,,,,,,,,5700 Office Expenses
2025-04-25T02:11:27,Purchase,SNB/ACOL LIEN CHECK,  (10.00),CAD,Cash,,,"Passtime GPS renewals for the Spring Auto Financial product we manage for Cypress Hill.  Use Passtime platform to reduce risk and prevent losses on vehicles in the Cypress portfolio.

6/20/2022 - Updated Card Limit to $1000 needed to match renewal requirements",Emily Gardner,**** 9954,,,,,,,,5700 Office Expenses
2025-06-07T02:10:28,Purchase,SNB/ACOL LIEN CHECK,  (10.00),CAD,Cash,,,"Passtime GPS renewals for the Spring Auto Financial product we manage for Cypress Hill.  Use Passtime platform to reduce risk and prevent losses on vehicles in the Cypress portfolio.

6/20/2022 - Updated Card Limit to $1000 needed to match renewal requirements",Emily Gardner,**** 9954,,,,,,,,5700 Office Expenses
2025-06-15T02:04:33,Purchase,SNB/ACOL LIEN CHECK,  (10.00),CAD,Cash,,,"Passtime GPS renewals for the Spring Auto Financial product we manage for Cypress Hill.  Use Passtime platform to reduce risk and prevent losses on vehicles in the Cypress portfolio.

6/20/2022 - Updated Card Limit to $1000 needed to match renewal requirements",Emily Gardner,**** 9954,,,,,,,,5700 Office Expenses
2025-06-15T02:04:35,Purchase,SNB/ACOL LIEN CHECK,  (10.00),CAD,Cash,,,"Passtime GPS renewals for the Spring Auto Financial product we manage for Cypress Hill.  Use Passtime platform to reduce risk and prevent losses on vehicles in the Cypress portfolio.

6/20/2022 - Updated Card Limit to $1000 needed to match renewal requirements",Emily Gardner,**** 9954,,,,,,,,5700 Office Expenses
2025-06-18T02:05:54,Purchase,SNB/ACOL LIEN CHECK,  (10.00),CAD,Cash,,,"Passtime GPS renewals for the Spring Auto Financial product we manage for Cypress Hill.  Use Passtime platform to reduce risk and prevent losses on vehicles in the Cypress portfolio.

6/20/2022 - Updated Card Limit to $1000 needed to match renewal requirements",Emily Gardner,**** 9954,,,,,,,,5700 Office Expenses
2025-01-21T03:13:12,Purchase,SPEEDY SEARCH & REGIST,  (24.68),CAD,Cash,,,"Passtime GPS renewals for the Spring Auto Financial product we manage for Cypress Hill.  Use Passtime platform to reduce risk and prevent losses on vehicles in the Cypress portfolio.

6/20/2022 - Updated Card Limit to $1000 needed to match renewal requirements",Emily Gardner,**** 9954,,,,,,,,5700 Office Expenses
2025-03-07T01:13:48,Purchase,SPEEDY SEARCH & REGIST,  (26.25),CAD,Cash,,,"Passtime GPS renewals for the Spring Auto Financial product we manage for Cypress Hill.  Use Passtime platform to reduce risk and prevent losses on vehicles in the Cypress portfolio.

6/20/2022 - Updated Card Limit to $1000 needed to match renewal requirements",Emily Gardner,**** 9954,,,,,,,,5700 Office Expenses
2025-03-07T03:55:06,Purchase,SPEEDY SEARCH & REGIST,  (52.50),CAD,Cash,,,"Passtime GPS renewals for the Spring Auto Financial product we manage for Cypress Hill.  Use Passtime platform to reduce risk and prevent losses on vehicles in the Cypress portfolio.

6/20/2022 - Updated Card Limit to $1000 needed to match renewal requirements",Emily Gardner,**** 9954,,,,,,,,5700 Office Expenses
2025-03-15T02:14:24,Purchase,SPEEDY SEARCH & REGIST,  (24.68),CAD,Cash,,,"Passtime GPS renewals for the Spring Auto Financial product we manage for Cypress Hill.  Use Passtime platform to reduce risk and prevent losses on vehicles in the Cypress portfolio.

6/20/2022 - Updated Card Limit to $1000 needed to match renewal requirements",Emily Gardner,**** 9954,,,,,,,,5700 Office Expenses
2025-03-20T02:18:00,Purchase,SPEEDY SEARCH & REGIST,  (78.75),CAD,Cash,,,"Passtime GPS renewals for the Spring Auto Financial product we manage for Cypress Hill.  Use Passtime platform to reduce risk and prevent losses on vehicles in the Cypress portfolio.

6/20/2022 - Updated Card Limit to $1000 needed to match renewal requirements",Emily Gardner,**** 9954,,,,,,,,5700 Office Expenses
2025-03-22T02:18:30,Purchase,SPEEDY SEARCH & REGIST,  (24.68),CAD,Cash,,,"Passtime GPS renewals for the Spring Auto Financial product we manage for Cypress Hill.  Use Passtime platform to reduce risk and prevent losses on vehicles in the Cypress portfolio.

6/20/2022 - Updated Card Limit to $1000 needed to match renewal requirements",Emily Gardner,**** 9954,,,,,,,,5700 Office Expenses
2025-03-27T02:17:45,Purchase,SPEEDY SEARCH & REGIST,  (24.68),CAD,Cash,,,"Passtime GPS renewals for the Spring Auto Financial product we manage for Cypress Hill.  Use Passtime platform to reduce risk and prevent losses on vehicles in the Cypress portfolio.

6/20/2022 - Updated Card Limit to $1000 needed to match renewal requirements",Emily Gardner,**** 9954,,,,,,,,5700 Office Expenses
2025-03-27T02:19:11,Purchase,SPEEDY SEARCH & REGIST,  (24.68),CAD,Cash,,,"Passtime GPS renewals for the Spring Auto Financial product we manage for Cypress Hill.  Use Passtime platform to reduce risk and prevent losses on vehicles in the Cypress portfolio.

6/20/2022 - Updated Card Limit to $1000 needed to match renewal requirements",Emily Gardner,**** 9954,,,,,,,,5700 Office Expenses
2025-03-28T04:25:45,Purchase,SPEEDY SEARCH & REGIST,  (24.68),CAD,Cash,,,"Passtime GPS renewals for the Spring Auto Financial product we manage for Cypress Hill.  Use Passtime platform to reduce risk and prevent losses on vehicles in the Cypress portfolio.

6/20/2022 - Updated Card Limit to $1000 needed to match renewal requirements",Emily Gardner,**** 9954,,,,,,,,5700 Office Expenses
2025-03-29T02:19:06,Purchase,SPEEDY SEARCH & REGIST,  (26.25),CAD,Cash,,,"Passtime GPS renewals for the Spring Auto Financial product we manage for Cypress Hill.  Use Passtime platform to reduce risk and prevent losses on vehicles in the Cypress portfolio.

6/20/2022 - Updated Card Limit to $1000 needed to match renewal requirements",Emily Gardner,**** 9954,,,,,,,,5700 Office Expenses
2025-04-03T02:19:17,Purchase,SPEEDY SEARCH & REGIST,  (24.68),CAD,Cash,,,"Passtime GPS renewals for the Spring Auto Financial product we manage for Cypress Hill.  Use Passtime platform to reduce risk and prevent losses on vehicles in the Cypress portfolio.

6/20/2022 - Updated Card Limit to $1000 needed to match renewal requirements",Emily Gardner,**** 9954,,,,,,,,5700 Office Expenses
2025-04-05T04:07:44,Purchase,SPEEDY SEARCH & REGIST,  (24.68),CAD,Cash,,,"Passtime GPS renewals for the Spring Auto Financial product we manage for Cypress Hill.  Use Passtime platform to reduce risk and prevent losses on vehicles in the Cypress portfolio.

6/20/2022 - Updated Card Limit to $1000 needed to match renewal requirements",Emily Gardner,**** 9954,,,,,,,,5700 Office Expenses
2025-04-09T02:16:51,Purchase,SPEEDY SEARCH & REGIST,  (24.68),CAD,Cash,,,"Passtime GPS renewals for the Spring Auto Financial product we manage for Cypress Hill.  Use Passtime platform to reduce risk and prevent losses on vehicles in the Cypress portfolio.

6/20/2022 - Updated Card Limit to $1000 needed to match renewal requirements",Emily Gardner,**** 9954,,,,,,,,5700 Office Expenses
2025-04-09T05:17:16,Purchase,SPEEDY SEARCH & REGIST,  (24.68),CAD,Cash,,,"Passtime GPS renewals for the Spring Auto Financial product we manage for Cypress Hill.  Use Passtime platform to reduce risk and prevent losses on vehicles in the Cypress portfolio.

6/20/2022 - Updated Card Limit to $1000 needed to match renewal requirements",Emily Gardner,**** 9954,,,,,,,,5700 Office Expenses
2025-04-11T02:18:24,Purchase,SPEEDY SEARCH & REGIST,  (49.36),CAD,Cash,,,"Passtime GPS renewals for the Spring Auto Financial product we manage for Cypress Hill.  Use Passtime platform to reduce risk and prevent losses on vehicles in the Cypress portfolio.

6/20/2022 - Updated Card Limit to $1000 needed to match renewal requirements",Emily Gardner,**** 9954,,,,,,,,5700 Office Expenses
2025-04-12T02:14:47,Purchase,SPEEDY SEARCH & REGIST,  (24.68),CAD,Cash,,,"Passtime GPS renewals for the Spring Auto Financial product we manage for Cypress Hill.  Use Passtime platform to reduce risk and prevent losses on vehicles in the Cypress portfolio.

6/20/2022 - Updated Card Limit to $1000 needed to match renewal requirements",Emily Gardner,**** 9954,,,,,,,,5700 Office Expenses
2025-04-22T02:09:19,Purchase,SPEEDY SEARCH & REGIST,  (24.68),CAD,Cash,,,"Passtime GPS renewals for the Spring Auto Financial product we manage for Cypress Hill.  Use Passtime platform to reduce risk and prevent losses on vehicles in the Cypress portfolio.

6/20/2022 - Updated Card Limit to $1000 needed to match renewal requirements",Emily Gardner,**** 9954,,,,,,,,5700 Office Expenses
2025-04-24T02:21:31,Purchase,SPEEDY SEARCH & REGIST,  (24.68),CAD,Cash,,,"Passtime GPS renewals for the Spring Auto Financial product we manage for Cypress Hill.  Use Passtime platform to reduce risk and prevent losses on vehicles in the Cypress portfolio.

6/20/2022 - Updated Card Limit to $1000 needed to match renewal requirements",Emily Gardner,**** 9954,,,,,,,,5700 Office Expenses
2025-04-24T04:21:26,Purchase,SPEEDY SEARCH & REGIST,  (24.68),CAD,Cash,,,"Passtime GPS renewals for the Spring Auto Financial product we manage for Cypress Hill.  Use Passtime platform to reduce risk and prevent losses on vehicles in the Cypress portfolio.

6/20/2022 - Updated Card Limit to $1000 needed to match renewal requirements",Emily Gardner,**** 9954,,,,,,,,5700 Office Expenses
2025-04-27T02:13:05,Purchase,SPEEDY SEARCH & REGIST,  (24.68),CAD,Cash,,,"Passtime GPS renewals for the Spring Auto Financial product we manage for Cypress Hill.  Use Passtime platform to reduce risk and prevent losses on vehicles in the Cypress portfolio.

6/20/2022 - Updated Card Limit to $1000 needed to match renewal requirements",Emily Gardner,**** 9954,,,,,,,,5700 Office Expenses
2025-02-04T02:00:36,Purchase,REGISTRYSEARCH.CA,  (10.00),CAD,Cash,,,"Passtime GPS renewals for the Spring Auto Financial product we manage for Cypress Hill.  Use Passtime platform to reduce risk and prevent losses on vehicles in the Cypress portfolio.

6/20/2022 - Updated Card Limit to $1000 needed to match renewal requirements",Emily Gardner,**** 9954,,,,,,,,5700 Office Expenses
2025-02-12T01:36:37,Purchase,REGISTRYSEARCH.CA,  (10.00),CAD,Cash,,,"Passtime GPS renewals for the Spring Auto Financial product we manage for Cypress Hill.  Use Passtime platform to reduce risk and prevent losses on vehicles in the Cypress portfolio.

6/20/2022 - Updated Card Limit to $1000 needed to match renewal requirements",Emily Gardner,**** 9954,,,,,,,,5700 Office Expenses
2025-07-01T02:20:09,Purchase,REGISTRYSEARCH.CA,  (10.00),CAD,Cash,,,"Passtime GPS renewals for the Spring Auto Financial product we manage for Cypress Hill.  Use Passtime platform to reduce risk and prevent losses on vehicles in the Cypress portfolio.

6/20/2022 - Updated Card Limit to $1000 needed to match renewal requirements",Emily Gardner,**** 9954,,,,,,,,5700 Office Expenses
2025-07-03T04:39:05,Purchase,REGISTRYSEARCH.CA,  (10.00),CAD,Cash,,,"Passtime GPS renewals for the Spring Auto Financial product we manage for Cypress Hill.  Use Passtime platform to reduce risk and prevent losses on vehicles in the Cypress portfolio.

6/20/2022 - Updated Card Limit to $1000 needed to match renewal requirements",Emily Gardner,**** 9954,,,,,,,,5700 Office Expenses
2025-07-04T04:02:05,Purchase,REGISTRYSEARCH.CA,  (10.00),CAD,Cash,,,"Passtime GPS renewals for the Spring Auto Financial product we manage for Cypress Hill.  Use Passtime platform to reduce risk and prevent losses on vehicles in the Cypress portfolio.

6/20/2022 - Updated Card Limit to $1000 needed to match renewal requirements",Emily Gardner,**** 9954,,,,,,,,5700 Office Expenses
2025-07-05T04:41:50,Purchase,REGISTRYSEARCH.CA,  (10.00),CAD,Cash,,,"Passtime GPS renewals for the Spring Auto Financial product we manage for Cypress Hill.  Use Passtime platform to reduce risk and prevent losses on vehicles in the Cypress portfolio.

6/20/2022 - Updated Card Limit to $1000 needed to match renewal requirements",Emily Gardner,**** 9954,,,,,,,,5700 Office Expenses
2025-07-08T02:33:45,Purchase,REGISTRYSEARCH.CA,  (10.00),CAD,Cash,,,"Passtime GPS renewals for the Spring Auto Financial product we manage for Cypress Hill.  Use Passtime platform to reduce risk and prevent losses on vehicles in the Cypress portfolio.

6/20/2022 - Updated Card Limit to $1000 needed to match renewal requirements",Emily Gardner,**** 9954,,,,,,,,5700 Office Expenses
2025-07-08T02:33:46,Purchase,REGISTRYSEARCH.CA,  (10.00),CAD,Cash,,,"Passtime GPS renewals for the Spring Auto Financial product we manage for Cypress Hill.  Use Passtime platform to reduce risk and prevent losses on vehicles in the Cypress portfolio.

6/20/2022 - Updated Card Limit to $1000 needed to match renewal requirements",Emily Gardner,**** 9954,,,,,,,,5700 Office Expenses
2025-07-09T02:29:15,Purchase,REGISTRYSEARCH.CA,  (10.00),CAD,Cash,,,"Passtime GPS renewals for the Spring Auto Financial product we manage for Cypress Hill.  Use Passtime platform to reduce risk and prevent losses on vehicles in the Cypress portfolio.

6/20/2022 - Updated Card Limit to $1000 needed to match renewal requirements",Emily Gardner,**** 9954,,,,,,,,5700 Office Expenses
2025-07-10T02:23:41,Purchase,REGISTRYSEARCH.CA,  (10.00),CAD,Cash,,,"Passtime GPS renewals for the Spring Auto Financial product we manage for Cypress Hill.  Use Passtime platform to reduce risk and prevent losses on vehicles in the Cypress portfolio.

6/20/2022 - Updated Card Limit to $1000 needed to match renewal requirements",Emily Gardner,**** 9954,,,,,,,,5700 Office Expenses
2025-07-12T03:59:14,Purchase,REGISTRYSEARCH.CA,  (10.00),CAD,Cash,,,"Passtime GPS renewals for the Spring Auto Financial product we manage for Cypress Hill.  Use Passtime platform to reduce risk and prevent losses on vehicles in the Cypress portfolio.

6/20/2022 - Updated Card Limit to $1000 needed to match renewal requirements",Emily Gardner,**** 9954,,,,,,,,5700 Office Expenses
2025-07-16T02:25:28,Purchase,REGISTRYSEARCH.CA,  (10.00),CAD,Cash,,,"Passtime GPS renewals for the Spring Auto Financial product we manage for Cypress Hill.  Use Passtime platform to reduce risk and prevent losses on vehicles in the Cypress portfolio.

6/20/2022 - Updated Card Limit to $1000 needed to match renewal requirements",Emily Gardner,**** 9954,,,,,,,,5700 Office Expenses
2025-07-16T02:27:33,Purchase,REGISTRYSEARCH.CA,  (10.00),CAD,Cash,,,"Passtime GPS renewals for the Spring Auto Financial product we manage for Cypress Hill.  Use Passtime platform to reduce risk and prevent losses on vehicles in the Cypress portfolio.

6/20/2022 - Updated Card Limit to $1000 needed to match renewal requirements",Emily Gardner,**** 9954,,,,,,,,5700 Office Expenses
2025-07-22T05:32:53,Purchase,REGISTRYSEARCH.CA,  (10.00),CAD,Cash,,,"Passtime GPS renewals for the Spring Auto Financial product we manage for Cypress Hill.  Use Passtime platform to reduce risk and prevent losses on vehicles in the Cypress portfolio.

6/20/2022 - Updated Card Limit to $1000 needed to match renewal requirements",Emily Gardner,**** 9954,,,,,,,,5700 Office Expenses
2025-07-23T02:23:34,Purchase,REGISTRYSEARCH.CA,  (10.00),CAD,Cash,,,"Passtime GPS renewals for the Spring Auto Financial product we manage for Cypress Hill.  Use Passtime platform to reduce risk and prevent losses on vehicles in the Cypress portfolio.

6/20/2022 - Updated Card Limit to $1000 needed to match renewal requirements",Emily Gardner,**** 9954,,,,,,,,5700 Office Expenses
2025-07-25T02:22:31,Purchase,REGISTRYSEARCH.CA,  (10.00),CAD,Cash,,,"Passtime GPS renewals for the Spring Auto Financial product we manage for Cypress Hill.  Use Passtime platform to reduce risk and prevent losses on vehicles in the Cypress portfolio.

6/20/2022 - Updated Card Limit to $1000 needed to match renewal requirements",Emily Gardner,**** 9954,,,,,,,,5700 Office Expenses
2025-07-30T02:21:40,Purchase,REGISTRYSEARCH.CA,  (10.00),CAD,Cash,,,"Passtime GPS renewals for the Spring Auto Financial product we manage for Cypress Hill.  Use Passtime platform to reduce risk and prevent losses on vehicles in the Cypress portfolio.

6/20/2022 - Updated Card Limit to $1000 needed to match renewal requirements",Emily Gardner,**** 9954,,,,,,,,5700 Office Expenses
2025-07-31T02:20:57,Purchase,REGISTRYSEARCH.CA,  (10.00),CAD,Cash,,,,Emily Gardner,**** 1021,,,,,,,,5700 Office Expenses
2025-08-07T04:23:55,Purchase,REGISTRYSEARCH.CA,  (10.00),CAD,Cash,,,"Passtime GPS renewals for the Spring Auto Financial product we manage for Cypress Hill.  Use Passtime platform to reduce risk and prevent losses on vehicles in the Cypress portfolio.

6/20/2022 - Updated Card Limit to $1000 needed to match renewal requirements",Emily Gardner,**** 9954,,,,,,,,5700 Office Expenses
2025-08-09T03:59:33,Purchase,REGISTRYSEARCH.CA,  (10.00),CAD,Cash,,,"Passtime GPS renewals for the Spring Auto Financial product we manage for Cypress Hill.  Use Passtime platform to reduce risk and prevent losses on vehicles in the Cypress portfolio.

6/20/2022 - Updated Card Limit to $1000 needed to match renewal requirements",Emily Gardner,**** 9954,,,,,,,,5700 Office Expenses
2025-08-16T03:09:54,Purchase,REGISTRYSEARCH.CA,  (10.00),CAD,Cash,,,"Passtime GPS renewals for the Spring Auto Financial product we manage for Cypress Hill.  Use Passtime platform to reduce risk and prevent losses on vehicles in the Cypress portfolio.

6/20/2022 - Updated Card Limit to $1000 needed to match renewal requirements",Emily Gardner,**** 9954,,,,,,,,5700 Office Expenses
2025-08-20T02:16:12,Purchase,REGISTRYSEARCH.CA,  (10.00),CAD,Cash,,,"Passtime GPS renewals for the Spring Auto Financial product we manage for Cypress Hill.  Use Passtime platform to reduce risk and prevent losses on vehicles in the Cypress portfolio.

6/20/2022 - Updated Card Limit to $1000 needed to match renewal requirements",Emily Gardner,**** 9954,,,,,,,,5700 Office Expenses
2025-08-21T02:18:58,Purchase,REGISTRYSEARCH.CA,  (10.00),CAD,Cash,,,"Passtime GPS renewals for the Spring Auto Financial product we manage for Cypress Hill.  Use Passtime platform to reduce risk and prevent losses on vehicles in the Cypress portfolio.

6/20/2022 - Updated Card Limit to $1000 needed to match renewal requirements",Emily Gardner,**** 9954,,,,,,,,5700 Office Expenses
2025-08-26T02:16:18,Purchase,REGISTRYSEARCH.CA,  (10.00),CAD,Cash,,,"Passtime GPS renewals for the Spring Auto Financial product we manage for Cypress Hill.  Use Passtime platform to reduce risk and prevent losses on vehicles in the Cypress portfolio.

6/20/2022 - Updated Card Limit to $1000 needed to match renewal requirements",Emily Gardner,**** 9954,,,,,,,,5700 Office Expenses
2025-08-28T02:15:59,Purchase,REGISTRYSEARCH.CA,  (10.00),CAD,Cash,,,"Passtime GPS renewals for the Spring Auto Financial product we manage for Cypress Hill.  Use Passtime platform to reduce risk and prevent losses on vehicles in the Cypress portfolio.

6/20/2022 - Updated Card Limit to $1000 needed to match renewal requirements",Emily Gardner,**** 9954,,,,,,,,5700 Office Expenses
2025-09-03T02:17:30,Purchase,REGISTRYSEARCH.CA,  (10.00),CAD,Cash,,,"Passtime GPS renewals for the Spring Auto Financial product we manage for Cypress Hill.  Use Passtime platform to reduce risk and prevent losses on vehicles in the Cypress portfolio.

6/20/2022 - Updated Card Limit to $1000 needed to match renewal requirements",Emily Gardner,**** 9954,,,,,,,,5700 Office Expenses
2025-09-09T02:12:10,Purchase,REGISTRYSEARCH.CA,  (10.00),CAD,Cash,,,"Passtime GPS renewals for the Spring Auto Financial product we manage for Cypress Hill.  Use Passtime platform to reduce risk and prevent losses on vehicles in the Cypress portfolio.

6/20/2022 - Updated Card Limit to $1000 needed to match renewal requirements",Emily Gardner,**** 9954,,,,,,,,5700 Office Expenses
2025-10-24T02:14:58,Purchase,REGISTRYSEARCH.CA,  (10.00),CAD,Cash,,,"Passtime GPS renewals for the Spring Auto Financial product we manage for Cypress Hill.  Use Passtime platform to reduce risk and prevent losses on vehicles in the Cypress portfolio.

6/20/2022 - Updated Card Limit to $1000 needed to match renewal requirements",Emily Gardner,**** 9954,,,,,,,,5700 Office Expenses
2025-05-04T02:06:58,Purchase,SPEEDY SEARCH & REGIST,  (24.68),CAD,Cash,,,"Passtime GPS renewals for the Spring Auto Financial product we manage for Cypress Hill.  Use Passtime platform to reduce risk and prevent losses on vehicles in the Cypress portfolio.

6/20/2022 - Updated Card Limit to $1000 needed to match renewal requirements",Emily Gardner,**** 9954,,,,,,,,5700 Office Expenses
2025-05-14T05:27:52,Purchase,SPEEDY SEARCH & REGIST,  (28.35),CAD,Cash,,,"Passtime GPS renewals for the Spring Auto Financial product we manage for Cypress Hill.  Use Passtime platform to reduce risk and prevent losses on vehicles in the Cypress portfolio.

6/20/2022 - Updated Card Limit to $1000 needed to match renewal requirements",Emily Gardner,**** 9954,,,,,,,,5700 Office Expenses
2025-05-15T02:18:45,Purchase,SPEEDY SEARCH & REGIST,  (24.68),CAD,Cash,,,"Passtime GPS renewals for the Spring Auto Financial product we manage for Cypress Hill.  Use Passtime platform to reduce risk and prevent losses on vehicles in the Cypress portfolio.

6/20/2022 - Updated Card Limit to $1000 needed to match renewal requirements",Emily Gardner,**** 9954,,,,,,,,5700 Office Expenses
2025-05-15T02:21:37,Purchase,SPEEDY SEARCH & REGIST,  (24.68),CAD,Cash,,,"Passtime GPS renewals for the Spring Auto Financial product we manage for Cypress Hill.  Use Passtime platform to reduce risk and prevent losses on vehicles in the Cypress portfolio.

6/20/2022 - Updated Card Limit to $1000 needed to match renewal requirements",Emily Gardner,**** 9954,,,,,,,,5700 Office Expenses
2025-05-21T02:14:10,Purchase,SPEEDY SEARCH & REGIST,  (24.68),CAD,Cash,,,"Passtime GPS renewals for the Spring Auto Financial product we manage for Cypress Hill.  Use Passtime platform to reduce risk and prevent losses on vehicles in the Cypress portfolio.

6/20/2022 - Updated Card Limit to $1000 needed to match renewal requirements",Emily Gardner,**** 9954,,,,,,,,5700 Office Expenses
2025-05-28T02:18:50,Purchase,SPEEDY SEARCH & REGIST,  (24.68),CAD,Cash,,,"Passtime GPS renewals for the Spring Auto Financial product we manage for Cypress Hill.  Use Passtime platform to reduce risk and prevent losses on vehicles in the Cypress portfolio.

6/20/2022 - Updated Card Limit to $1000 needed to match renewal requirements",Emily Gardner,**** 9954,,,,,,,,5700 Office Expenses
2025-03-26T02:16:32,Purchase,RETAIL FIESTA PRIVATE L,  (0.03),CAD,Cash,1,INR,This is test transaction,Harjot Kaur,**** 9999,,,,,,,0.03,5700 Office Expenses
2025-10-24T02:13:14,Purchase,REXALL PHARMACY #7149,  (12.63),CAD,Cash,,,,Erin Baile,**** 0067,,,,,,,,5700 Office Expenses
2025-07-03T02:07:53,Purchase,SAFEWAY #4908,  (115.43),CAD,Cash,,,,Karina Plazola,**** 9909,,,,,,,,5700 Office Expenses
2025-07-27T02:13:59,Purchase,SAFEWAY #4998,  (84.21),CAD,Cash,,,,Karina Plazola,**** 9909,,,,,,,,5700 Office Expenses
2025-10-04T05:45:07,Purchase,SEPHORA PACIFIC CENTRE,  (200.00),CAD,Cash,,,,Karina Plazola,**** 9909,,,,,,,,5700 Office Expenses
2025-11-05T06:45:57,Purchase,SHOPPERS DRUG MART #22,  (15.66),CAD,Cash,,,,Erin Baile,**** 0067,,,,,,,,5700 Office Expenses
2025-05-31T04:04:25,Purchase,SPEEDY SEARCH & REGIST,  (24.68),CAD,Cash,,,"Passtime GPS renewals for the Spring Auto Financial product we manage for Cypress Hill.  Use Passtime platform to reduce risk and prevent losses on vehicles in the Cypress portfolio.

6/20/2022 - Updated Card Limit to $1000 needed to match renewal requirements",Emily Gardner,**** 9954,,,,,,,,5700 Office Expenses
2025-06-03T02:17:13,Purchase,SPEEDY SEARCH & REGIST,  (24.68),CAD,Cash,,,"Passtime GPS renewals for the Spring Auto Financial product we manage for Cypress Hill.  Use Passtime platform to reduce risk and prevent losses on vehicles in the Cypress portfolio.

6/20/2022 - Updated Card Limit to $1000 needed to match renewal requirements",Emily Gardner,**** 9954,,,,,,,,5700 Office Expenses
2025-06-07T02:19:35,Purchase,SPEEDY SEARCH & REGIST,  (24.68),CAD,Cash,,,"Passtime GPS renewals for the Spring Auto Financial product we manage for Cypress Hill.  Use Passtime platform to reduce risk and prevent losses on vehicles in the Cypress portfolio.

6/20/2022 - Updated Card Limit to $1000 needed to match renewal requirements",Emily Gardner,**** 9954,,,,,,,,5700 Office Expenses
2025-06-11T02:17:18,Purchase,SPEEDY SEARCH & REGIST,  (26.25),CAD,Cash,,,"Passtime GPS renewals for the Spring Auto Financial product we manage for Cypress Hill.  Use Passtime platform to reduce risk and prevent losses on vehicles in the Cypress portfolio.

6/20/2022 - Updated Card Limit to $1000 needed to match renewal requirements",Emily Gardner,**** 9954,,,,,,,,5700 Office Expenses
2025-06-17T02:18:30,Purchase,SPEEDY SEARCH & REGIST,  (24.68),CAD,Cash,,,"Passtime GPS renewals for the Spring Auto Financial product we manage for Cypress Hill.  Use Passtime platform to reduce risk and prevent losses on vehicles in the Cypress portfolio.

6/20/2022 - Updated Card Limit to $1000 needed to match renewal requirements",Emily Gardner,**** 9954,,,,,,,,5700 Office Expenses
2025-06-20T04:29:28,Purchase,SPEEDY SEARCH & REGIST,  (24.68),CAD,Cash,,,"Passtime GPS renewals for the Spring Auto Financial product we manage for Cypress Hill.  Use Passtime platform to reduce risk and prevent losses on vehicles in the Cypress portfolio.

6/20/2022 - Updated Card Limit to $1000 needed to match renewal requirements",Emily Gardner,**** 9954,,,,,,,,5700 Office Expenses
2025-06-20T04:30:50,Purchase,SPEEDY SEARCH & REGIST,  (28.35),CAD,Cash,,,"Passtime GPS renewals for the Spring Auto Financial product we manage for Cypress Hill.  Use Passtime platform to reduce risk and prevent losses on vehicles in the Cypress portfolio.

6/20/2022 - Updated Card Limit to $1000 needed to match renewal requirements",Emily Gardner,**** 9954,,,,,,,,5700 Office Expenses
2025-07-06T02:15:29,Purchase,SNB/ACOL LIEN CHECK,  (10.00),CAD,Cash,,,"Passtime GPS renewals for the Spring Auto Financial product we manage for Cypress Hill.  Use Passtime platform to reduce risk and prevent losses on vehicles in the Cypress portfolio.

6/20/2022 - Updated Card Limit to $1000 needed to match renewal requirements",Emily Gardner,**** 9954,,,,,,,,5700 Office Expenses
2025-07-06T02:15:29,Purchase,SNB/ACOL LIEN CHECK,  (10.00),CAD,Cash,,,"Passtime GPS renewals for the Spring Auto Financial product we manage for Cypress Hill.  Use Passtime platform to reduce risk and prevent losses on vehicles in the Cypress portfolio.

6/20/2022 - Updated Card Limit to $1000 needed to match renewal requirements",Emily Gardner,**** 9954,,,,,,,,5700 Office Expenses
2025-07-06T02:15:30,Purchase,SNB/ACOL LIEN CHECK,  (10.00),CAD,Cash,,,"Passtime GPS renewals for the Spring Auto Financial product we manage for Cypress Hill.  Use Passtime platform to reduce risk and prevent losses on vehicles in the Cypress portfolio.

6/20/2022 - Updated Card Limit to $1000 needed to match renewal requirements",Emily Gardner,**** 9954,,,,,,,,5700 Office Expenses
2025-07-11T02:17:19,Purchase,SNB/ACOL LIEN CHECK,  (10.00),CAD,Cash,,,"Passtime GPS renewals for the Spring Auto Financial product we manage for Cypress Hill.  Use Passtime platform to reduce risk and prevent losses on vehicles in the Cypress portfolio.

6/20/2022 - Updated Card Limit to $1000 needed to match renewal requirements",Emily Gardner,**** 9954,,,,,,,,5700 Office Expenses
2025-07-16T02:15:36,Purchase,SNB/ACOL LIEN CHECK,  (10.00),CAD,Cash,,,"Passtime GPS renewals for the Spring Auto Financial product we manage for Cypress Hill.  Use Passtime platform to reduce risk and prevent losses on vehicles in the Cypress portfolio.

6/20/2022 - Updated Card Limit to $1000 needed to match renewal requirements",Emily Gardner,**** 9954,,,,,,,,5700 Office Expenses
2025-07-18T02:13:49,Purchase,SNB/ACOL LIEN CHECK,  (10.00),CAD,Cash,,,"Passtime GPS renewals for the Spring Auto Financial product we manage for Cypress Hill.  Use Passtime platform to reduce risk and prevent losses on vehicles in the Cypress portfolio.

6/20/2022 - Updated Card Limit to $1000 needed to match renewal requirements",Emily Gardner,**** 9954,,,,,,,,5700 Office Expenses
2025-07-23T02:20:23,Purchase,SNB/ACOL LIEN CHECK,  (10.00),CAD,Cash,,,"Passtime GPS renewals for the Spring Auto Financial product we manage for Cypress Hill.  Use Passtime platform to reduce risk and prevent losses on vehicles in the Cypress portfolio.

6/20/2022 - Updated Card Limit to $1000 needed to match renewal requirements",Emily Gardner,**** 9954,,,,,,,,5700 Office Expenses
2025-08-07T02:13:10,Purchase,SNB/ACOL LIEN CHECK,  (10.00),CAD,Cash,,,"Passtime GPS renewals for the Spring Auto Financial product we manage for Cypress Hill.  Use Passtime platform to reduce risk and prevent losses on vehicles in the Cypress portfolio.

6/20/2022 - Updated Card Limit to $1000 needed to match renewal requirements",Emily Gardner,**** 9954,,,,,,,,5700 Office Expenses
2025-08-09T02:12:58,Purchase,SNB/ACOL LIEN CHECK,  (10.00),CAD,Cash,,,"Passtime GPS renewals for the Spring Auto Financial product we manage for Cypress Hill.  Use Passtime platform to reduce risk and prevent losses on vehicles in the Cypress portfolio.

6/20/2022 - Updated Card Limit to $1000 needed to match renewal requirements",Emily Gardner,**** 9954,,,,,,,,5700 Office Expenses
2025-08-09T02:13:02,Purchase,SNB/ACOL LIEN CHECK,  (10.00),CAD,Cash,,,"Passtime GPS renewals for the Spring Auto Financial product we manage for Cypress Hill.  Use Passtime platform to reduce risk and prevent losses on vehicles in the Cypress portfolio.

6/20/2022 - Updated Card Limit to $1000 needed to match renewal requirements",Emily Gardner,**** 9954,,,,,,,,5700 Office Expenses
2025-08-15T02:12:02,Purchase,SNB/ACOL LIEN CHECK,  (10.00),CAD,Cash,,,"Passtime GPS renewals for the Spring Auto Financial product we manage for Cypress Hill.  Use Passtime platform to reduce risk and prevent losses on vehicles in the Cypress portfolio.

6/20/2022 - Updated Card Limit to $1000 needed to match renewal requirements",Emily Gardner,**** 9954,,,,,,,,5700 Office Expenses
2025-08-15T02:12:09,Purchase,SNB/ACOL LIEN CHECK,  (10.00),CAD,Cash,,,"Passtime GPS renewals for the Spring Auto Financial product we manage for Cypress Hill.  Use Passtime platform to reduce risk and prevent losses on vehicles in the Cypress portfolio.

6/20/2022 - Updated Card Limit to $1000 needed to match renewal requirements",Emily Gardner,**** 9954,,,,,,,,5700 Office Expenses
2025-08-15T02:12:10,Purchase,SNB/ACOL LIEN CHECK,  (10.00),CAD,Cash,,,"Passtime GPS renewals for the Spring Auto Financial product we manage for Cypress Hill.  Use Passtime platform to reduce risk and prevent losses on vehicles in the Cypress portfolio.

6/20/2022 - Updated Card Limit to $1000 needed to match renewal requirements",Emily Gardner,**** 9954,,,,,,,,5700 Office Expenses
2025-08-22T02:10:42,Purchase,SNB/ACOL LIEN CHECK,  (10.00),CAD,Cash,,,"Passtime GPS renewals for the Spring Auto Financial product we manage for Cypress Hill.  Use Passtime platform to reduce risk and prevent losses on vehicles in the Cypress portfolio.

6/20/2022 - Updated Card Limit to $1000 needed to match renewal requirements",Emily Gardner,**** 9954,,,,,,,,5700 Office Expenses
2025-08-27T02:14:24,Purchase,SNB/ACOL LIEN CHECK,  (10.00),CAD,Cash,,,"Passtime GPS renewals for the Spring Auto Financial product we manage for Cypress Hill.  Use Passtime platform to reduce risk and prevent losses on vehicles in the Cypress portfolio.

6/20/2022 - Updated Card Limit to $1000 needed to match renewal requirements",Emily Gardner,**** 9954,,,,,,,,5700 Office Expenses
2025-09-05T02:02:25,Purchase,SNB/ACOL LIEN CHECK,  (10.00),CAD,Cash,,,"Passtime GPS renewals for the Spring Auto Financial product we manage for Cypress Hill.  Use Passtime platform to reduce risk and prevent losses on vehicles in the Cypress portfolio.

6/20/2022 - Updated Card Limit to $1000 needed to match renewal requirements",Emily Gardner,**** 9954,,,,,,,,5700 Office Expenses
2025-09-12T02:03:55,Purchase,SNB/ACOL LIEN CHECK,  (10.00),CAD,Cash,,,"Passtime GPS renewals for the Spring Auto Financial product we manage for Cypress Hill.  Use Passtime platform to reduce risk and prevent losses on vehicles in the Cypress portfolio.

6/20/2022 - Updated Card Limit to $1000 needed to match renewal requirements",Emily Gardner,**** 9954,,,,,,,,5700 Office Expenses
2025-10-08T02:03:41,Purchase,SNB/ACOL LIEN CHECK,  (10.00),CAD,Cash,,,"Passtime GPS renewals for the Spring Auto Financial product we manage for Cypress Hill.  Use Passtime platform to reduce risk and prevent losses on vehicles in the Cypress portfolio.

6/20/2022 - Updated Card Limit to $1000 needed to match renewal requirements",Emily Gardner,**** 9954,,,,,,,,5700 Office Expenses
2025-11-08T23:55:40,Purchase,SNB/ACOL LIEN CHECK,  (10.00),CAD,Cash,,,"Passtime GPS renewals for the Spring Auto Financial product we manage for Cypress Hill.  Use Passtime platform to reduce risk and prevent losses on vehicles in the Cypress portfolio.

6/20/2022 - Updated Card Limit to $1000 needed to match renewal requirements",Emily Gardner,**** 9954,,,,,,,,5700 Office Expenses
2025-07-30T02:09:45,Purchase,SP BACKDROPSOURCE CA,  (497.00),CAD,Cash,,,,Karina Plazola,**** 9909,,,,,,,,5700 Office Expenses
2025-01-15T01:48:14,Purchase,SP HERSCHEL SUPPLY CO,  (25.00),CAD,Cash,,,"This would be for food & beverage, events, prizes, awards etc.",Karina Plazola,**** 1865,,,,,,,,5700 Office Expenses
2025-12-03T04:51:26,Purchase,SP SKY HELICOPTERS,  (640.50),CAD,Cash,,,Prizes for Christmas party ,Michael Galpin,**** 7387,,,,,,,,5700 Office Expenses
2025-12-19T22:47:14,Purchase,SP VYNO.CA,  (242.89),CAD,Cash,,,christmas holiday basket to partner ,Michael Galpin,**** 7387,,,,,,,,5700 Office Expenses
2025-12-19T22:51:46,Purchase,SP VYNO.CA,  (242.89),CAD,Cash,,,Holiday present to business partner ,Michael Galpin,**** 7387,,,,,,,,5700 Office Expenses
2025-12-19T22:51:46,Purchase,SP VYNO.CA,  (271.14),CAD,Cash,,,Holiday christmas present to partner ,Michael Galpin,**** 7387,,,,,,,,5700 Office Expenses
2025-12-19T22:51:46,Purchase,SP VYNO.CA,  (247.41),CAD,Cash,,,Holiday present to business partner ,Michael Galpin,**** 7387,,,,,,,,5700 Office Expenses
2025-06-24T02:18:31,Purchase,SPEEDY SEARCH & REGIST,  (26.25),CAD,Cash,,,"Passtime GPS renewals for the Spring Auto Financial product we manage for Cypress Hill.  Use Passtime platform to reduce risk and prevent losses on vehicles in the Cypress portfolio.

6/20/2022 - Updated Card Limit to $1000 needed to match renewal requirements",Emily Gardner,**** 9954,,,,,,,,5700 Office Expenses
2025-06-25T05:32:47,Purchase,SPEEDY SEARCH & REGIST,  (26.25),CAD,Cash,,,"Passtime GPS renewals for the Spring Auto Financial product we manage for Cypress Hill.  Use Passtime platform to reduce risk and prevent losses on vehicles in the Cypress portfolio.

6/20/2022 - Updated Card Limit to $1000 needed to match renewal requirements",Emily Gardner,**** 9954,,,,,,,,5700 Office Expenses
2025-01-04T17:42:25,Purchase,SPLINE.DESIGN,  (132.15),CAD,Cash,90,USD,,Dillon Hall,**** 6151,,,,,,,1.468333,5700 Office Expenses
2025-02-04T17:48:42,Purchase,SPLINE.DESIGN,  (134.93),CAD,Cash,90,USD,,Dillon Hall,**** 6151,,,,,,,1.499222,5700 Office Expenses
2025-03-05T01:19:31,Purchase,SPLINE.DESIGN,  (132.87),CAD,Cash,90,USD,,Dillon Hall,**** 6151,,,,,,,1.476333,5700 Office Expenses
2025-03-15T03:52:53,Purchase,SPLINE.DESIGN,  (44.90),CAD,Cash,30.6,USD,,Dillon Hall,**** 6151,,,,,,,1.46732,5700 Office Expenses
2025-04-05T04:14:35,Purchase,SPLINE.DESIGN,  (196.23),CAD,Cash,135,USD,,Dillon Hall,**** 6151,,,,,,,1.453556,5700 Office Expenses
2025-04-10T02:16:31,Purchase,SPLINE.DESIGN,  (54.23),CAD,Cash,37.42,USD,,Dillon Hall,**** 6151,,,,,,,1.449225,5700 Office Expenses
2025-05-05T02:08:57,Purchase,SPLINE.DESIGN,  (253.32),CAD,Cash,180,USD,,Dillon Hall,**** 6151,,,,,,,1.407333,5700 Office Expenses
2025-06-05T02:20:28,Purchase,SPLINE.DESIGN,  (251.13),CAD,Cash,180,USD,,Dillon Hall,**** 6151,,,,,,,1.395167,5700 Office Expenses
2025-07-05T04:43:03,Purchase,SPLINE.DESIGN,  (248.97),CAD,Cash,180,USD,,Dillon Hall,**** 6151,,,,,,,1.383167,5700 Office Expenses
2025-08-05T02:14:27,Purchase,SPLINE.DESIGN,  (253.63),CAD,Cash,180,USD,,Dillon Hall,**** 6151,,,,,,,1.409056,5700 Office Expenses
2025-09-05T02:14:49,Purchase,SPLINE.DESIGN,  (252.33),CAD,Cash,180,USD,,Dillon Hall,**** 6151,,,,,,,1.401833,5700 Office Expenses
2025-10-05T05:50:53,Purchase,SPLINE.DESIGN,  (255.29),CAD,Cash,180,USD,,Dillon Hall,**** 6151,,,,,,,1.418278,5700 Office Expenses
2025-11-04T23:31:24,Purchase,SPLINE.DESIGN,  (257.21),CAD,Cash,180,USD,,Dillon Hall,**** 6151,,,,,,,1.428944,5700 Office Expenses
2025-12-05T00:29:36,Purchase,SPLINE.DESIGN,  (255.40),CAD,Cash,180,USD,,Dillon Hall,**** 6151,,,,,,,1.418889,5700 Office Expenses
2025-09-30T05:06:10,Purchase,U-HAUL MOVE&STORAGE OF,  (124.24),CAD,Cash,,,,Erin Baile,**** 7197,,,,,,,,5700 Office Expenses
2025-09-30T05:06:11,Purchase,U-HAUL MOVE&STORAGE OF,  (293.68),CAD,Cash,,,,Erin Baile,**** 7197,,,,,,,,5700 Office Expenses
2025-01-22T01:15:18,Purchase,URBAN FARE #7615,  (38.60),CAD,Cash,,,,Erin Baile,**** 7197,,,,,,,,5700 Office Expenses
2025-02-08T01:15:29,Purchase,URBAN FARE #7615,  (50.83),CAD,Cash,,,Beer friday ,Karina Plazola,**** 9909,,,,,,,,5700 Office Expenses
2025-02-09T02:19:30,Purchase,URBAN FARE #7615,  (38.34),CAD,Cash,,,Birthday cake,Karina Plazola,**** 9909,,,,,,,,5700 Office Expenses
2025-07-25T02:19:28,Purchase,URBAN FARE #7615,  (29.99),CAD,Cash,,,,Karina Plazola,**** 9909,,,,,,,,5700 Office Expenses
2025-08-08T02:18:14,Purchase,URBAN FARE #7615,  (32.99),CAD,Cash,,,,Karina Plazola,**** 9909,,,,,,,,5700 Office Expenses
2025-09-12T02:09:24,Purchase,URBAN FARE #7615,  (21.99),CAD,Cash,,,,Karina Plazola,**** 9909,,,,,,,,5700 Office Expenses
2025-09-13T02:09:48,Purchase,URBAN FARE #7615,  (32.99),CAD,Cash,,,,Karina Plazola,**** 9909,,,,,,,,5700 Office Expenses
2025-09-18T02:10:15,Purchase,URBAN FARE #7615,  (60.26),CAD,Cash,,,,Karina Plazola,**** 9909,,,,,,,,5700 Office Expenses
2025-09-19T02:13:12,Purchase,URBAN FARE #7615,  (31.98),CAD,Cash,,,,Karina Plazola,**** 9909,,,,,,,,5700 Office Expenses
2025-09-20T02:11:27,Purchase,URBAN FARE #7615,  (48.98),CAD,Cash,,,,Karina Plazola,**** 9909,,,,,,,,5700 Office Expenses
2025-09-28T02:11:48,Purchase,URBAN FARE #7615,  (90.19),CAD,Cash,,,,Karina Plazola,**** 9909,,,,,,,,5700 Office Expenses
2025-01-23T02:22:35,Purchase,SPEEDY SEARCH & REGIST,  (24.68),CAD,Cash,,,License Renewals,Joyce Pong,**** 2640,,,,,,,,5700 Office Expenses
2025-01-28T02:28:21,Purchase,SPEEDY SEARCH & REGIST,  (49.36),CAD,Cash,,,"Passtime GPS renewals for the Spring Auto Financial product we manage for Cypress Hill.  Use Passtime platform to reduce risk and prevent losses on vehicles in the Cypress portfolio.

6/20/2022 - Updated Card Limit to $1000 needed to match renewal requirements",Emily Gardner,**** 9954,,,,,,,,5700 Office Expenses
2025-01-29T01:50:30,Purchase,SPEEDY SEARCH & REGIST,  (24.68),CAD,Cash,,,"Passtime GPS renewals for the Spring Auto Financial product we manage for Cypress Hill.  Use Passtime platform to reduce risk and prevent losses on vehicles in the Cypress portfolio.

6/20/2022 - Updated Card Limit to $1000 needed to match renewal requirements",Emily Gardner,**** 9954,,,,,,,,5700 Office Expenses
2025-01-29T01:52:08,Purchase,SPEEDY SEARCH & REGIST,  (26.25),CAD,Cash,,,"Passtime GPS renewals for the Spring Auto Financial product we manage for Cypress Hill.  Use Passtime platform to reduce risk and prevent losses on vehicles in the Cypress portfolio.

6/20/2022 - Updated Card Limit to $1000 needed to match renewal requirements",Emily Gardner,**** 9954,,,,,,,,5700 Office Expenses
2025-01-30T05:39:25,Purchase,SPEEDY SEARCH & REGIST,  (26.25),CAD,Cash,,,"Passtime GPS renewals for the Spring Auto Financial product we manage for Cypress Hill.  Use Passtime platform to reduce risk and prevent losses on vehicles in the Cypress portfolio.

6/20/2022 - Updated Card Limit to $1000 needed to match renewal requirements",Emily Gardner,**** 9954,,,,,,,,5700 Office Expenses
2025-02-06T01:48:26,Purchase,SPEEDY SEARCH & REGIST,  (26.25),CAD,Cash,,,"Passtime GPS renewals for the Spring Auto Financial product we manage for Cypress Hill.  Use Passtime platform to reduce risk and prevent losses on vehicles in the Cypress portfolio.

6/20/2022 - Updated Card Limit to $1000 needed to match renewal requirements",Emily Gardner,**** 9954,,,,,,,,5700 Office Expenses
2025-02-15T01:16:01,Purchase,SPEEDY SEARCH & REGIST,  (28.35),CAD,Cash,,,"Passtime GPS renewals for the Spring Auto Financial product we manage for Cypress Hill.  Use Passtime platform to reduce risk and prevent losses on vehicles in the Cypress portfolio.

6/20/2022 - Updated Card Limit to $1000 needed to match renewal requirements",Emily Gardner,**** 9954,,,,,,,,5700 Office Expenses
2025-02-21T01:16:56,Purchase,SPEEDY SEARCH & REGIST,  (26.25),CAD,Cash,,,"Passtime GPS renewals for the Spring Auto Financial product we manage for Cypress Hill.  Use Passtime platform to reduce risk and prevent losses on vehicles in the Cypress portfolio.

6/20/2022 - Updated Card Limit to $1000 needed to match renewal requirements",Emily Gardner,**** 9954,,,,,,,,5700 Office Expenses
2025-02-21T04:18:32,Purchase,SPEEDY SEARCH & REGIST,  (26.25),CAD,Cash,,,"Passtime GPS renewals for the Spring Auto Financial product we manage for Cypress Hill.  Use Passtime platform to reduce risk and prevent losses on vehicles in the Cypress portfolio.

6/20/2022 - Updated Card Limit to $1000 needed to match renewal requirements",Emily Gardner,**** 9954,,,,,,,,5700 Office Expenses
2025-02-26T01:19:08,Purchase,SPEEDY SEARCH & REGIST,  (28.35),CAD,Cash,,,"Passtime GPS renewals for the Spring Auto Financial product we manage for Cypress Hill.  Use Passtime platform to reduce risk and prevent losses on vehicles in the Cypress portfolio.

6/20/2022 - Updated Card Limit to $1000 needed to match renewal requirements",Emily Gardner,**** 9954,,,,,,,,5700 Office Expenses
2025-07-01T02:19:32,Purchase,SPEEDY SEARCH & REGIST,  (24.68),CAD,Cash,,,"Passtime GPS renewals for the Spring Auto Financial product we manage for Cypress Hill.  Use Passtime platform to reduce risk and prevent losses on vehicles in the Cypress portfolio.

6/20/2022 - Updated Card Limit to $1000 needed to match renewal requirements",Emily Gardner,**** 9954,,,,,,,,5700 Office Expenses
2025-07-01T02:19:57,Purchase,SPEEDY SEARCH & REGIST,  (24.68),CAD,Cash,,,"Passtime GPS renewals for the Spring Auto Financial product we manage for Cypress Hill.  Use Passtime platform to reduce risk and prevent losses on vehicles in the Cypress portfolio.

6/20/2022 - Updated Card Limit to $1000 needed to match renewal requirements",Emily Gardner,**** 9954,,,,,,,,5700 Office Expenses
2025-07-01T05:13:59,Purchase,SPEEDY SEARCH & REGIST,  (24.68),CAD,Cash,,,"Passtime GPS renewals for the Spring Auto Financial product we manage for Cypress Hill.  Use Passtime platform to reduce risk and prevent losses on vehicles in the Cypress portfolio.

6/20/2022 - Updated Card Limit to $1000 needed to match renewal requirements",Emily Gardner,**** 9954,,,,,,,,5700 Office Expenses
2025-07-03T04:38:45,Purchase,SPEEDY SEARCH & REGIST,  (24.68),CAD,Cash,,,"Passtime GPS renewals for the Spring Auto Financial product we manage for Cypress Hill.  Use Passtime platform to reduce risk and prevent losses on vehicles in the Cypress portfolio.

6/20/2022 - Updated Card Limit to $1000 needed to match renewal requirements",Emily Gardner,**** 9954,,,,,,,,5700 Office Expenses
2025-07-04T02:22:07,Purchase,SPEEDY SEARCH & REGIST,  (24.68),CAD,Cash,,,"Passtime GPS renewals for the Spring Auto Financial product we manage for Cypress Hill.  Use Passtime platform to reduce risk and prevent losses on vehicles in the Cypress portfolio.

6/20/2022 - Updated Card Limit to $1000 needed to match renewal requirements",Emily Gardner,**** 9954,,,,,,,,5700 Office Expenses
2025-07-04T02:23:03,Purchase,SPEEDY SEARCH & REGIST,  (24.68),CAD,Cash,,,"Passtime GPS renewals for the Spring Auto Financial product we manage for Cypress Hill.  Use Passtime platform to reduce risk and prevent losses on vehicles in the Cypress portfolio.

6/20/2022 - Updated Card Limit to $1000 needed to match renewal requirements",Emily Gardner,**** 9954,,,,,,,,5700 Office Expenses
2025-07-04T03:58:16,Purchase,SPEEDY SEARCH & REGIST,  (24.68),CAD,Cash,,,"Passtime GPS renewals for the Spring Auto Financial product we manage for Cypress Hill.  Use Passtime platform to reduce risk and prevent losses on vehicles in the Cypress portfolio.

6/20/2022 - Updated Card Limit to $1000 needed to match renewal requirements",Emily Gardner,**** 9954,,,,,,,,5700 Office Expenses
2025-07-05T02:23:50,Purchase,SPEEDY SEARCH & REGIST,  (24.68),CAD,Cash,,,"Passtime GPS renewals for the Spring Auto Financial product we manage for Cypress Hill.  Use Passtime platform to reduce risk and prevent losses on vehicles in the Cypress portfolio.

6/20/2022 - Updated Card Limit to $1000 needed to match renewal requirements",Emily Gardner,**** 9954,,,,,,,,5700 Office Expenses
2025-07-05T04:41:49,Purchase,SPEEDY SEARCH & REGIST,  (24.68),CAD,Cash,,,"Passtime GPS renewals for the Spring Auto Financial product we manage for Cypress Hill.  Use Passtime platform to reduce risk and prevent losses on vehicles in the Cypress portfolio.

6/20/2022 - Updated Card Limit to $1000 needed to match renewal requirements",Emily Gardner,**** 9954,,,,,,,,5700 Office Expenses
2025-07-05T04:41:49,Purchase,SPEEDY SEARCH & REGIST,  (24.68),CAD,Cash,,,"Passtime GPS renewals for the Spring Auto Financial product we manage for Cypress Hill.  Use Passtime platform to reduce risk and prevent losses on vehicles in the Cypress portfolio.

6/20/2022 - Updated Card Limit to $1000 needed to match renewal requirements",Emily Gardner,**** 9954,,,,,,,,5700 Office Expenses
2025-07-10T02:23:35,Purchase,SPEEDY SEARCH & REGIST,  (24.68),CAD,Cash,,,"Passtime GPS renewals for the Spring Auto Financial product we manage for Cypress Hill.  Use Passtime platform to reduce risk and prevent losses on vehicles in the Cypress portfolio.

6/20/2022 - Updated Card Limit to $1000 needed to match renewal requirements",Emily Gardner,**** 9954,,,,,,,,5700 Office Expenses
2025-07-10T02:24:48,Purchase,SPEEDY SEARCH & REGIST,  (24.68),CAD,Cash,,,"Passtime GPS renewals for the Spring Auto Financial product we manage for Cypress Hill.  Use Passtime platform to reduce risk and prevent losses on vehicles in the Cypress portfolio.

6/20/2022 - Updated Card Limit to $1000 needed to match renewal requirements",Emily Gardner,**** 9954,,,,,,,,5700 Office Expenses
2025-07-15T02:21:12,Purchase,SPEEDY SEARCH & REGIST,  (26.25),CAD,Cash,,,"Passtime GPS renewals for the Spring Auto Financial product we manage for Cypress Hill.  Use Passtime platform to reduce risk and prevent losses on vehicles in the Cypress portfolio.

6/20/2022 - Updated Card Limit to $1000 needed to match renewal requirements",Emily Gardner,**** 9954,,,,,,,,5700 Office Expenses
2025-07-15T02:21:27,Purchase,SPEEDY SEARCH & REGIST,  (24.68),CAD,Cash,,,"Passtime GPS renewals for the Spring Auto Financial product we manage for Cypress Hill.  Use Passtime platform to reduce risk and prevent losses on vehicles in the Cypress portfolio.

6/20/2022 - Updated Card Limit to $1000 needed to match renewal requirements",Emily Gardner,**** 9954,,,,,,,,5700 Office Expenses
2025-07-15T02:22:50,Purchase,SPEEDY SEARCH & REGIST,  (24.68),CAD,Cash,,,"Passtime GPS renewals for the Spring Auto Financial product we manage for Cypress Hill.  Use Passtime platform to reduce risk and prevent losses on vehicles in the Cypress portfolio.

6/20/2022 - Updated Card Limit to $1000 needed to match renewal requirements",Emily Gardner,**** 9954,,,,,,,,5700 Office Expenses
2025-07-19T04:03:47,Purchase,SPEEDY SEARCH & REGIST,  (24.68),CAD,Cash,,,"Passtime GPS renewals for the Spring Auto Financial product we manage for Cypress Hill.  Use Passtime platform to reduce risk and prevent losses on vehicles in the Cypress portfolio.

6/20/2022 - Updated Card Limit to $1000 needed to match renewal requirements",Emily Gardner,**** 9954,,,,,,,,5700 Office Expenses
2025-07-19T04:04:38,Purchase,SPEEDY SEARCH & REGIST,  (26.25),CAD,Cash,,,"Passtime GPS renewals for the Spring Auto Financial product we manage for Cypress Hill.  Use Passtime platform to reduce risk and prevent losses on vehicles in the Cypress portfolio.

6/20/2022 - Updated Card Limit to $1000 needed to match renewal requirements",Emily Gardner,**** 9954,,,,,,,,5700 Office Expenses
2025-07-22T02:16:54,Purchase,SPEEDY SEARCH & REGIST,  (24.68),CAD,Cash,,,"Passtime GPS renewals for the Spring Auto Financial product we manage for Cypress Hill.  Use Passtime platform to reduce risk and prevent losses on vehicles in the Cypress portfolio.

6/20/2022 - Updated Card Limit to $1000 needed to match renewal requirements",Emily Gardner,**** 9954,,,,,,,,5700 Office Expenses
2025-07-22T02:17:55,Purchase,SPEEDY SEARCH & REGIST,  (24.68),CAD,Cash,,,"Passtime GPS renewals for the Spring Auto Financial product we manage for Cypress Hill.  Use Passtime platform to reduce risk and prevent losses on vehicles in the Cypress portfolio.

6/20/2022 - Updated Card Limit to $1000 needed to match renewal requirements",Emily Gardner,**** 9954,,,,,,,,5700 Office Expenses
2025-07-24T02:25:54,Purchase,SPEEDY SEARCH & REGIST,  (24.68),CAD,Cash,,,"Passtime GPS renewals for the Spring Auto Financial product we manage for Cypress Hill.  Use Passtime platform to reduce risk and prevent losses on vehicles in the Cypress portfolio.

6/20/2022 - Updated Card Limit to $1000 needed to match renewal requirements",Emily Gardner,**** 9954,,,,,,,,5700 Office Expenses
2025-07-25T04:14:33,Purchase,SPEEDY SEARCH & REGIST,  (24.68),CAD,Cash,,,"Passtime GPS renewals for the Spring Auto Financial product we manage for Cypress Hill.  Use Passtime platform to reduce risk and prevent losses on vehicles in the Cypress portfolio.

6/20/2022 - Updated Card Limit to $1000 needed to match renewal requirements",Emily Gardner,**** 9954,,,,,,,,5700 Office Expenses
2025-07-26T04:23:51,Purchase,SPEEDY SEARCH & REGIST,  (24.68),CAD,Cash,,,"Passtime GPS renewals for the Spring Auto Financial product we manage for Cypress Hill.  Use Passtime platform to reduce risk and prevent losses on vehicles in the Cypress portfolio.

6/20/2022 - Updated Card Limit to $1000 needed to match renewal requirements",Emily Gardner,**** 9954,,,,,,,,5700 Office Expenses
2025-07-26T04:23:52,Purchase,SPEEDY SEARCH & REGIST,  (24.68),CAD,Cash,,,"Passtime GPS renewals for the Spring Auto Financial product we manage for Cypress Hill.  Use Passtime platform to reduce risk and prevent losses on vehicles in the Cypress portfolio.

6/20/2022 - Updated Card Limit to $1000 needed to match renewal requirements",Emily Gardner,**** 9954,,,,,,,,5700 Office Expenses
2025-07-30T02:22:07,Purchase,SPEEDY SEARCH & REGIST,  (49.36),CAD,Cash,,,"Passtime GPS renewals for the Spring Auto Financial product we manage for Cypress Hill.  Use Passtime platform to reduce risk and prevent losses on vehicles in the Cypress portfolio.

6/20/2022 - Updated Card Limit to $1000 needed to match renewal requirements",Emily Gardner,**** 9954,,,,,,,,5700 Office Expenses
2025-07-30T05:13:39,Purchase,SPEEDY SEARCH & REGIST,  (49.36),CAD,Cash,,,,Emily Gardner,**** 1021,,,,,,,,5700 Office Expenses
2025-07-31T02:20:30,Purchase,SPEEDY SEARCH & REGIST,  (26.25),CAD,Cash,,,,Emily Gardner,**** 1021,,,,,,,,5700 Office Expenses
2025-07-31T02:20:34,Purchase,SPEEDY SEARCH & REGIST,  (28.35),CAD,Cash,,,,Emily Gardner,**** 1021,,,,,,,,5700 Office Expenses
2025-08-07T02:21:31,Purchase,SPEEDY SEARCH & REGIST,  (24.68),CAD,Cash,,,"Passtime GPS renewals for the Spring Auto Financial product we manage for Cypress Hill.  Use Passtime platform to reduce risk and prevent losses on vehicles in the Cypress portfolio.

6/20/2022 - Updated Card Limit to $1000 needed to match renewal requirements",Emily Gardner,**** 9954,,,,,,,,5700 Office Expenses
2025-08-09T02:18:34,Purchase,SPEEDY SEARCH & REGIST,  (24.68),CAD,Cash,,,"Passtime GPS renewals for the Spring Auto Financial product we manage for Cypress Hill.  Use Passtime platform to reduce risk and prevent losses on vehicles in the Cypress portfolio.

6/20/2022 - Updated Card Limit to $1000 needed to match renewal requirements",Emily Gardner,**** 9954,,,,,,,,5700 Office Expenses
2025-08-12T02:17:50,Purchase,SPEEDY SEARCH & REGIST,  (24.68),CAD,Cash,,,"Passtime GPS renewals for the Spring Auto Financial product we manage for Cypress Hill.  Use Passtime platform to reduce risk and prevent losses on vehicles in the Cypress portfolio.

6/20/2022 - Updated Card Limit to $1000 needed to match renewal requirements",Emily Gardner,**** 9954,,,,,,,,5700 Office Expenses
2025-08-13T05:10:52,Purchase,SPEEDY SEARCH & REGIST,  (24.68),CAD,Cash,,,"Passtime GPS renewals for the Spring Auto Financial product we manage for Cypress Hill.  Use Passtime platform to reduce risk and prevent losses on vehicles in the Cypress portfolio.

6/20/2022 - Updated Card Limit to $1000 needed to match renewal requirements",Emily Gardner,**** 9954,,,,,,,,5700 Office Expenses
2025-08-14T02:18:43,Purchase,SPEEDY SEARCH & REGIST,  (24.68),CAD,Cash,,,"Passtime GPS renewals for the Spring Auto Financial product we manage for Cypress Hill.  Use Passtime platform to reduce risk and prevent losses on vehicles in the Cypress portfolio.

6/20/2022 - Updated Card Limit to $1000 needed to match renewal requirements",Emily Gardner,**** 9954,,,,,,,,5700 Office Expenses
2025-08-16T02:13:53,Purchase,SPEEDY SEARCH & REGIST,  (24.68),CAD,Cash,,,"Passtime GPS renewals for the Spring Auto Financial product we manage for Cypress Hill.  Use Passtime platform to reduce risk and prevent losses on vehicles in the Cypress portfolio.

6/20/2022 - Updated Card Limit to $1000 needed to match renewal requirements",Emily Gardner,**** 9954,,,,,,,,5700 Office Expenses
2025-08-16T03:04:00,Purchase,SPEEDY SEARCH & REGIST,  (24.68),CAD,Cash,,,"Passtime GPS renewals for the Spring Auto Financial product we manage for Cypress Hill.  Use Passtime platform to reduce risk and prevent losses on vehicles in the Cypress portfolio.

6/20/2022 - Updated Card Limit to $1000 needed to match renewal requirements",Emily Gardner,**** 9954,,,,,,,,5700 Office Expenses
2025-08-16T03:04:45,Purchase,SPEEDY SEARCH & REGIST,  (26.25),CAD,Cash,,,"Passtime GPS renewals for the Spring Auto Financial product we manage for Cypress Hill.  Use Passtime platform to reduce risk and prevent losses on vehicles in the Cypress portfolio.

6/20/2022 - Updated Card Limit to $1000 needed to match renewal requirements",Emily Gardner,**** 9954,,,,,,,,5700 Office Expenses
2025-08-19T02:15:53,Purchase,SPEEDY SEARCH & REGIST,  (24.68),CAD,Cash,,,"Passtime GPS renewals for the Spring Auto Financial product we manage for Cypress Hill.  Use Passtime platform to reduce risk and prevent losses on vehicles in the Cypress portfolio.

6/20/2022 - Updated Card Limit to $1000 needed to match renewal requirements",Emily Gardner,**** 9954,,,,,,,,5700 Office Expenses
2025-08-22T04:32:50,Purchase,SPEEDY SEARCH & REGIST,  (24.68),CAD,Cash,,,"Passtime GPS renewals for the Spring Auto Financial product we manage for Cypress Hill.  Use Passtime platform to reduce risk and prevent losses on vehicles in the Cypress portfolio.

6/20/2022 - Updated Card Limit to $1000 needed to match renewal requirements",Emily Gardner,**** 9954,,,,,,,,5700 Office Expenses
2025-08-26T02:16:06,Purchase,SPEEDY SEARCH & REGIST,  (24.68),CAD,Cash,,,"Passtime GPS renewals for the Spring Auto Financial product we manage for Cypress Hill.  Use Passtime platform to reduce risk and prevent losses on vehicles in the Cypress portfolio.

6/20/2022 - Updated Card Limit to $1000 needed to match renewal requirements",Emily Gardner,**** 9954,,,,,,,,5700 Office Expenses
2025-08-26T02:16:09,Purchase,SPEEDY SEARCH & REGIST,  (24.68),CAD,Cash,,,"Passtime GPS renewals for the Spring Auto Financial product we manage for Cypress Hill.  Use Passtime platform to reduce risk and prevent losses on vehicles in the Cypress portfolio.

6/20/2022 - Updated Card Limit to $1000 needed to match renewal requirements",Emily Gardner,**** 9954,,,,,,,,5700 Office Expenses
2025-08-28T02:16:31,Purchase,SPEEDY SEARCH & REGIST,  (24.68),CAD,Cash,,,"Passtime GPS renewals for the Spring Auto Financial product we manage for Cypress Hill.  Use Passtime platform to reduce risk and prevent losses on vehicles in the Cypress portfolio.

6/20/2022 - Updated Card Limit to $1000 needed to match renewal requirements",Emily Gardner,**** 9954,,,,,,,,5700 Office Expenses
2025-09-09T02:12:09,Purchase,SPEEDY SEARCH & REGIST,  (24.68),CAD,Cash,,,"Passtime GPS renewals for the Spring Auto Financial product we manage for Cypress Hill.  Use Passtime platform to reduce risk and prevent losses on vehicles in the Cypress portfolio.

6/20/2022 - Updated Card Limit to $1000 needed to match renewal requirements",Emily Gardner,**** 9954,,,,,,,,5700 Office Expenses
2025-09-19T03:38:33,Purchase,SPEEDY SEARCH & REGIST,  (24.68),CAD,Cash,,,"Passtime GPS renewals for the Spring Auto Financial product we manage for Cypress Hill.  Use Passtime platform to reduce risk and prevent losses on vehicles in the Cypress portfolio.

6/20/2022 - Updated Card Limit to $1000 needed to match renewal requirements",Emily Gardner,**** 9954,,,,,,,,5700 Office Expenses
2025-09-27T03:13:35,Purchase,SPEEDY SEARCH & REGIST,  (24.68),CAD,Cash,,,,Erin Baile,**** 7197,,,,,,,,5700 Office Expenses
2025-10-17T03:13:33,Purchase,SPEEDY SEARCH & REGIST,  (24.68),CAD,Cash,,,"Passtime GPS renewals for the Spring Auto Financial product we manage for Cypress Hill.  Use Passtime platform to reduce risk and prevent losses on vehicles in the Cypress portfolio.

6/20/2022 - Updated Card Limit to $1000 needed to match renewal requirements",Emily Gardner,**** 9954,,,,,,,,5700 Office Expenses
2025-10-31T03:11:43,Purchase,SPEEDY SEARCH & REGIST,  (24.68),CAD,Cash,,,,Emily Gardner,**** 1021,,,,,,,,5700 Office Expenses
2025-06-01T02:14:30,Purchase,URBAN FARE #7618,  (46.90),CAD,Cash,,,,Erin Baile,**** 7197,,,,,,,,5700 Office Expenses
2025-07-17T02:20:27,Purchase,URBAN FARE #7618,  (31.42),CAD,Cash,,,,Erin Baile,**** 7197,,,,,,,,5700 Office Expenses
2025-07-19T02:19:00,Purchase,URBAN FARE #7618,  (59.98),CAD,Cash,,,,Erin Baile,**** 7197,,,,,,,,5700 Office Expenses
2025-07-19T02:19:07,Purchase,URBAN FARE #7618,  (26.99),CAD,Cash,,,,Erin Baile,**** 7197,,,,,,,,5700 Office Expenses
2025-07-26T02:19:55,Purchase,URBAN FARE #7618,  (32.99),CAD,Cash,,,,Karina Plazola,**** 9909,,,,,,,,5700 Office Expenses
2025-07-27T02:18:20,Purchase,URBAN FARE #7618,  (32.99),CAD,Cash,,,,Karina Plazola,**** 9909,,,,,,,,5700 Office Expenses
2025-07-31T02:19:22,Purchase,URBAN FARE #7618,  (65.56),CAD,Cash,,,,Karina Plazola,**** 9909,,,,,,,,5700 Office Expenses
2025-08-02T02:19:05,Purchase,URBAN FARE #7618,  (66.45),CAD,Cash,,,,Karina Plazola,**** 9909,,,,,,,,5700 Office Expenses
2025-08-07T02:18:36,Purchase,URBAN FARE #7618,  (70.45),CAD,Cash,,,,Karina Plazola,**** 9909,,,,,,,,5700 Office Expenses
2025-08-09T02:18:07,Purchase,URBAN FARE #7618,  (26.99),CAD,Cash,,,,Karina Plazola,**** 9909,,,,,,,,5700 Office Expenses
2025-08-13T02:13:55,Purchase,URBAN FARE #7618,  (32.99),CAD,Cash,,,,Karina Plazola,**** 9909,,,,,,,,5700 Office Expenses
2025-08-16T02:07:48,Purchase,URBAN FARE #7618,  (21.99),CAD,Cash,,,,Karina Plazola,**** 9909,,,,,,,,5700 Office Expenses
2025-08-17T02:12:28,Purchase,URBAN FARE #7618,  (65.98),CAD,Cash,,,,Karina Plazola,**** 9909,,,,,,,,5700 Office Expenses
2025-08-20T02:15:14,Purchase,URBAN FARE #7618,  (60.98),CAD,Cash,,,,Karina Plazola,**** 9909,,,,,,,,5700 Office Expenses
2025-08-23T02:11:55,Purchase,URBAN FARE #7618,  (22.99),CAD,Cash,,,,Karina Plazola,**** 9909,,,,,,,,5700 Office Expenses
2025-08-23T02:11:56,Purchase,URBAN FARE #7618,  (32.99),CAD,Cash,,,,Karina Plazola,**** 9909,,,,,,,,5700 Office Expenses
2025-08-28T02:14:58,Purchase,URBAN FARE #7618,  (26.99),CAD,Cash,,,,Karina Plazola,**** 9909,,,,,,,,5700 Office Expenses
2025-08-29T02:16:27,Purchase,URBAN FARE #7618,  (26.99),CAD,Cash,,,,Karina Plazola,**** 9909,,,,,,,,5700 Office Expenses
2025-09-04T02:15:12,Purchase,URBAN FARE #7618,  (76.97),CAD,Cash,,,,Karina Plazola,**** 9909,,,,,,,,5700 Office Expenses
2025-09-06T02:15:21,Purchase,URBAN FARE #7618,  (60.98),CAD,Cash,,,,Erin Baile,**** 7197,,,,,,,,5700 Office Expenses
2025-09-07T02:13:49,Purchase,URBAN FARE #7618,  (29.99),CAD,Cash,,,,Erin Baile,**** 7197,,,,,,,,5700 Office Expenses
2025-05-15T04:44:58,Purchase,VT-CANTEENVAN-58073,"  (2,303.13)",CAD,Cash,,,,Karina Plazola,**** 9909,,,,,,,,5700 Office Expenses
2025-03-04T04:31:11,Purchase,STAPLES STORE #254,  (36.31),CAD,Cash,,,,Karina Plazola,**** 9909,,,,,,,,5700 Office Expenses
2025-03-26T05:29:45,Purchase,STAPLES STORE #254,  (24.59),CAD,Cash,,,,Karina Plazola,**** 9909,,,,,,,,5700 Office Expenses
2025-03-29T04:12:45,Purchase,STAPLES STORE #254,  (19.54),CAD,Cash,,,,Karina Plazola,**** 9909,,,,,,,,5700 Office Expenses
2025-04-01T05:35:07,Purchase,STAPLES STORE #254,  (72.78),CAD,Cash,,,,Karina Plazola,**** 9909,,,,,,,,5700 Office Expenses
2025-04-08T05:37:49,Purchase,STAPLES STORE #254,  (57.09),CAD,Cash,,,,Karina Plazola,**** 9909,,,,,,,,5700 Office Expenses
2025-04-26T04:02:33,Purchase,STAPLES STORE #254,  (46.43),CAD,Cash,,,,Karina Plazola,**** 9909,,,,,,,,5700 Office Expenses
2025-04-30T05:16:35,Purchase,STAPLES STORE #254,  (9.85),CAD,Cash,,,,Erin Baile,**** 7197,,,,,,,,5700 Office Expenses
2025-05-28T06:04:54,Purchase,STAPLES STORE #254,  (187.65),CAD,Cash,,,IT Hardware shipment,Vishnu Gattu,**** 2875,,,,,,,,5700 Office Expenses
2025-06-17T05:44:46,Purchase,STAPLES STORE #254,  (133.68),CAD,Cash,,,IT Hardware shipment,Vishnu Gattu,**** 2875,,,,,,,,5700 Office Expenses
2025-06-28T04:03:08,Purchase,STAPLES STORE #254,  (191.54),CAD,Cash,,,IT Hardware shipment,Vishnu Gattu,**** 2875,,,,,,,,5700 Office Expenses
2025-07-17T04:57:23,Purchase,STAPLES STORE #254,  (87.13),CAD,Cash,,,,Karina Plazola,**** 9909,,,,,,,,5700 Office Expenses
2025-08-07T07:13:41,Purchase,STAPLES STORE #254,  (224.73),CAD,Cash,,,,Karina Plazola,**** 9909,,,,,,,,5700 Office Expenses
2025-08-08T04:38:57,Purchase,STAPLES STORE #254,  (223.85),CAD,Cash,,,IT Hardware shipment,Vishnu Gattu,**** 2875,,,,,,,,5700 Office Expenses
2025-08-09T04:00:31,Purchase,STAPLES STORE #254,  (60.89),CAD,Cash,,,,Karina Plazola,**** 9909,,,,,,,,5700 Office Expenses
2025-08-27T04:55:26,Purchase,STAPLES STORE #254,  (178.31),CAD,Cash,,,IT Hardware shipment,Vishnu Gattu,**** 2875,,,,,,,,5700 Office Expenses
2025-08-27T04:55:26,Purchase,STAPLES STORE #254,  (178.31),CAD,Cash,,,IT Hardware shipment,Vishnu Gattu,**** 2875,,,,,,,,5700 Office Expenses
2025-09-05T03:41:21,Purchase,STAPLES STORE #254,  (95.72),CAD,Cash,,,,Karina Plazola,**** 9909,,,,,,,,5700 Office Expenses
2025-09-12T03:44:01,Purchase,STAPLES STORE #254,  (205.71),CAD,Cash,,,,Vishnu Gattu,**** 2875,,,,,,,,5700 Office Expenses
2025-09-24T04:29:54,Purchase,STAPLES STORE #254,  (179.43),CAD,Cash,,,,Karina Plazola,**** 9909,,,,,,,,5700 Office Expenses
2025-10-07T05:13:09,Purchase,STAPLES STORE #254,  (4.25),CAD,Cash,,,,Karina Plazola,**** 9909,,,,,,,,5700 Office Expenses
2025-10-07T05:13:20,Purchase,STAPLES STORE #254,  (126.60),CAD,Cash,,,,Karina Plazola,**** 9909,,,,,,,,5700 Office Expenses
2025-10-09T04:04:33,Purchase,STAPLES STORE #254,  (4.47),CAD,Cash,,,,Karina Plazola,**** 9909,,,,,,,,5700 Office Expenses
2025-10-09T04:05:07,Purchase,STAPLES STORE #254,  (234.21),CAD,Cash,,,,Karina Plazola,**** 9909,,,,,,,,5700 Office Expenses
2025-10-16T03:59:19,Purchase,STAPLES STORE #254,  (27.75),CAD,Cash,,,,Karina Plazola,**** 9909,,,,,,,,5700 Office Expenses
2025-11-26T04:23:46,Purchase,STAPLES STORE #254,  (57.39),CAD,Cash,,,,Karina Plazola,**** 9909,,,,,,,,5700 Office Expenses
2025-12-19T04:03:07,Purchase,STAPLES STORE #254,  (48.67),CAD,Cash,,,,Karina Plazola,**** 9909,,,,,,,,5700 Office Expenses
2025-12-24T04:19:58,Purchase,STAPLES STORE #254,  (235.05),CAD,Cash,,,IT Hardware shipment,Vishnu Gattu,**** 2875,,,,,,,,5700 Office Expenses
2025-07-11T04:10:31,Purchase,STAPLES.CA/43546171125,  (174.62),CAD,Cash,,,"This would be for food & beverage, events, prizes, awards etc.",Karina Plazola,**** 1865,,,,,,,,5700 Office Expenses
2025-07-29T02:20:28,Purchase,STAPLES.CA/43733039125,  (251.86),CAD,Cash,,,"This would be for food & beverage, events, prizes, awards etc.",Karina Plazola,**** 1865,,,,,,,,5700 Office Expenses
2025-08-02T03:24:59,Purchase,STAPLES.CA/43733039125,  (48.15),CAD,Cash,,,"This would be for food & beverage, events, prizes, awards etc.",Karina Plazola,**** 1865,,,,,,,,5700 Office Expenses
2025-08-30T02:21:56,Refund,STAPLES.CA/43733039157,  48.15 ,CAD,Cash,,,"This would be for food & beverage, events, prizes, awards etc.",Karina Plazola,**** 1865,,,,,,,,5700 Office Expenses
2025-09-16T05:17:52,Purchase,STAPLES.CA/44438250126,  (117.58),CAD,Cash,,,"This would be for food & beverage, events, prizes, awards etc.",Karina Plazola,**** 1865,,,,,,,,5700 Office Expenses
2025-12-17T01:37:51,Purchase,STAPLES.CA/45790473227,  (470.31),CAD,Cash,,,"This would be for food & beverage, events, prizes, awards etc.",Karina Plazola,**** 1865,,,,,,,,5700 Office Expenses
2025-12-04T04:20:53,Purchase,STAPLESPRINT.CA/79KMYT,  (6.89),CAD,Cash,,,printing materials for christmas party,Michael Galpin,**** 7387,,,,,,,,5700 Office Expenses
2025-10-17T02:15:13,Purchase,STARBUCKS 04370,  (23.52),CAD,Cash,,,,Karina Plazola,**** 9909,,,,,,,,5700 Office Expenses
2025-06-07T04:12:57,Purchase,VT-CANTEENVAN-58073/BC,"  (2,019.73)",CAD,Cash,,,,Karina Plazola,**** 9909,,,,,,,,5700 Office Expenses
2025-07-11T04:13:54,Purchase,VT-CANTEENVAN-58073/BC,"  (2,555.28)",CAD,Cash,,,,Karina Plazola,**** 9909,,,,,,,,5700 Office Expenses
2025-09-20T02:14:22,Purchase,STEAMGAMES.COM 4259522985,  (50.00),CAD,Cash,,,"This would be for food & beverage, events, prizes, awards etc.",Karina Plazola,**** 1865,,,,,,,,5700 Office Expenses
2025-01-16T01:48:43,Purchase,STERICYCLE ULC,  (170.40),CAD,Cash,,,"This would be for food & beverage, events, prizes, awards etc.",Karina Plazola,**** 1865,,,,,,,,5700 Office Expenses
2025-02-18T02:38:55,Purchase,STERICYCLE ULC,  (172.29),CAD,Cash,,,"This would be for food & beverage, events, prizes, awards etc.",Karina Plazola,**** 1865,,,,,,,,5700 Office Expenses
2025-03-21T02:08:37,Purchase,STERICYCLE ULC,  (172.29),CAD,Cash,,,"This would be for food & beverage, events, prizes, awards etc.",Karina Plazola,**** 1865,,,,,,,,5700 Office Expenses
2025-04-18T02:17:57,Purchase,STERICYCLE ULC,  (350.25),CAD,Cash,,,"This would be for food & beverage, events, prizes, awards etc.",Karina Plazola,**** 1865,,,,,,,,5700 Office Expenses
2025-05-20T02:04:18,Purchase,STERICYCLE ULC CAD,  (173.55),CAD,Cash,,,"This would be for food & beverage, events, prizes, awards etc.",Karina Plazola,**** 1865,,,,,,,,5700 Office Expenses
2025-06-19T02:24:43,Purchase,STERICYCLE ULC CAD,  (180.32),CAD,Cash,,,"This would be for food & beverage, events, prizes, awards etc.",Karina Plazola,**** 1865,,,,,,,,5700 Office Expenses
2025-07-20T02:19:24,Purchase,STERICYCLE ULC CAD,  (175.60),CAD,Cash,,,"This would be for food & beverage, events, prizes, awards etc.",Karina Plazola,**** 1865,,,,,,,,5700 Office Expenses
2025-08-19T02:16:54,Purchase,STERICYCLE ULC CAD,  (175.60),CAD,Cash,,,"This would be for food & beverage, events, prizes, awards etc.",Karina Plazola,**** 1865,,,,,,,,5700 Office Expenses
2025-09-19T02:06:28,Purchase,STERICYCLE ULC CAD,  (175.86),CAD,Cash,,,"This would be for food & beverage, events, prizes, awards etc.",Karina Plazola,**** 1865,,,,,,,,5700 Office Expenses
2025-11-19T22:54:47,Purchase,STERICYCLE ULC CAD,  (356.84),CAD,Cash,,,"This would be for food & beverage, events, prizes, awards etc.",Karina Plazola,**** 1865,,,,,,,,5700 Office Expenses
2025-12-19T22:01:26,Purchase,STERICYCLE ULC CAD,  (172.28),CAD,Cash,,,"This would be for food & beverage, events, prizes, awards etc.",Karina Plazola,**** 1865,,,,,,,,5700 Office Expenses
2025-10-16T06:12:37,Purchase,SUYO MODERN PERUVIAN,  (150.00),CAD,Cash,,,"This would be for food & beverage, events, prizes, awards etc.",Karina Plazola,**** 1865,,,,,,,,5700 Office Expenses
2025-07-22T02:24:03,Purchase,T SHIRT CA,  (114.47),CAD,Cash,,,,Erin Baile,**** 7197,,,,,,,,5700 Office Expenses
2025-01-16T01:37:07,Purchase,TASKER ON TASKRABBIT,  (123.27),CAD,Cash,,,,Karina Plazola,**** 2024,,,,,,,,5700 Office Expenses
2025-02-10T01:04:42,Purchase,TASKER ON TASKRABBIT,  (250.73),CAD,Cash,,,,Karina Plazola,**** 9909,,,,,,,,5700 Office Expenses
2025-06-20T12:30:00,Bill Payment,Test,  (1.05),CAD,Cash,,,To Test,,,,,,Float-001,,,,5700 Office Expenses
2025-08-17T02:07:03,Purchase,THE HOME DEPOT #7042,  (100.00),CAD,Cash,,,,Karina Plazola,**** 9909,,,,,,,,5700 Office Expenses
2025-08-18T02:12:54,Purchase,THE HOME DEPOT #7042,  (9.87),CAD,Cash,,,,Karina Plazola,**** 9909,,,,,,,,5700 Office Expenses
2025-08-05T02:14:19,Purchase,TIMEZONE ENTERTAINMENT,  (129.36),CAD,Cash,8000,INR,Team outing and engagement activity,Harjot Kaur,**** 9999,,,,,,,0.01617,5700 Office Expenses
2025-11-28T00:30:02,Purchase,TIMEZONE ENTERTAINMENT,  (56.24),CAD,Cash,3500,INR,Employee Engagement activity,Harjot Kaur,**** 9999,,,,,,,0.016069,5700 Office Expenses
2025-03-05T04:26:24,Purchase,VT-CANTEENVAN-58073/BR,"  (1,858.58)",CAD,Cash,,,,Karina Plazola,**** 9909,,,,,,,,5700 Office Expenses
2025-04-04T04:07:56,Purchase,VT-CANTEENVAN-58073/BR,"  (2,226.54)",CAD,Cash,,,,Karina Plazola,**** 9909,,,,,,,,5700 Office Expenses
2025-10-02T03:37:21,Purchase,WAVE - *STARTUPTIVE,  (100.57),CAD,Cash,,,"This is for a virtual office space in Toronto. There is an initial deposit of 1 month (79+HST), and we'll be on a promo with 30% discount off the $89.27 for the first 3 months. The initial charge is $144.64 (79+49+HST (Ontario)).",Hector Alfonso Pertierra Marin,**** 1663,,,,,,,,5700 Office Expenses
2025-11-02T05:10:53,Purchase,WAVE - *STARTUPTIVE,  (100.57),CAD,Cash,,,"This is for a virtual office space in Toronto. There is an initial deposit of 1 month (79+HST), and we'll be on a promo with 30% discount off the $89.27 for the first 3 months. The initial charge is $144.64 (79+49+HST (Ontario)).",Hector Alfonso Pertierra Marin,**** 1663,,,,,,,,5700 Office Expenses
2025-09-05T02:14:03,Purchase,TURKEY'S PARTY MAKERS,  (742.28),CAD,Cash,,,,Erin Baile,**** 7197,,,,,,,,5700 Office Expenses
2025-04-18T02:01:58,Purchase,YG PPSR LIEN SEARCH ACOL,  (10.00),CAD,Cash,,,"Passtime GPS renewals for the Spring Auto Financial product we manage for Cypress Hill.  Use Passtime platform to reduce risk and prevent losses on vehicles in the Cypress portfolio.

6/20/2022 - Updated Card Limit to $1000 needed to match renewal requirements",Emily Gardner,**** 9954,,,,,,,,5700 Office Expenses
2025-05-04T02:07:37,Purchase,YG PPSR LIEN SEARCH ACOL,  (10.00),CAD,Cash,,,"Passtime GPS renewals for the Spring Auto Financial product we manage for Cypress Hill.  Use Passtime platform to reduce risk and prevent losses on vehicles in the Cypress portfolio.

6/20/2022 - Updated Card Limit to $1000 needed to match renewal requirements",Emily Gardner,**** 9954,,,,,,,,5700 Office Expenses
2025-06-05T02:11:43,Purchase,YG PPSR LIEN SEARCH ACOL,  (10.00),CAD,Cash,,,"Passtime GPS renewals for the Spring Auto Financial product we manage for Cypress Hill.  Use Passtime platform to reduce risk and prevent losses on vehicles in the Cypress portfolio.

6/20/2022 - Updated Card Limit to $1000 needed to match renewal requirements",Emily Gardner,**** 9954,,,,,,,,5700 Office Expenses
2025-03-29T04:05:16,Purchase,Zepto Marketplace Private,  (3.85),CAD,Cash,227,INR,Cold drinks for Employee engagement activity,Harjot Kaur,**** 9999,,,,,,,0.01696,5700 Office Expenses
2025-10-04T02:43:34,Refund,U-HAUL MOVE&STORAGE OF,  124.24 ,CAD,Cash,,,,Erin Baile,**** 7197,,,,,,,,5700 Office Expenses
2025-03-05T01:16:20,Purchase,URBAN FARE #7615,  (32.99),CAD,Cash,,,Birthday cake,Karina Plazola,**** 9909,,,,,,,,5700 Office Expenses
2025-03-28T02:15:46,Purchase,URBAN FARE #7615,  (32.99),CAD,Cash,,,Emily Gardner birthday cake ,Karina Plazola,**** 9909,,,,,,,,5700 Office Expenses
2025-10-04T02:14:05,Purchase,URBAN FARE #7615,  (70.97),CAD,Cash,,,,Karina Plazola,**** 9909,,,,,,,,5700 Office Expenses
2025-11-05T23:16:32,Purchase,URBAN FARE #7615,  (21.99),CAD,Cash,,,,Karina Plazola,**** 9909,,,,,,,,5700 Office Expenses
2025-11-11T23:59:27,Purchase,URBAN FARE #7615,  (21.99),CAD,Cash,,,,Karina Plazola,**** 9909,,,,,,,,5700 Office Expenses
2025-11-28T23:09:40,Purchase,URBAN FARE #7615,  (65.97),CAD,Cash,,,,Karina Plazola,**** 9909,,,,,,,,5700 Office Expenses
2025-11-30T00:24:47,Purchase,URBAN FARE #7615,  (53.98),CAD,Cash,,,,Karina Plazola,**** 9909,,,,,,,,5700 Office Expenses
2025-12-04T00:44:35,Purchase,URBAN FARE #7615,  (49.98),CAD,Cash,,,,Karina Plazola,**** 9909,,,,,,,,5700 Office Expenses
2025-12-05T00:28:09,Purchase,URBAN FARE #7615,  (26.99),CAD,Cash,,,,Karina Plazola,**** 9909,,,,,,,,5700 Office Expenses
2025-12-11T00:04:10,Purchase,URBAN FARE #7615,  (110.96),CAD,Cash,,,,Karina Plazola,**** 9909,,,,,,,,5700 Office Expenses
2025-12-12T23:07:32,Purchase,URBAN FARE #7615,  (115.96),CAD,Cash,,,,Karina Plazola,**** 9909,,,,,,,,5700 Office Expenses
2025-12-18T00:37:48,Purchase,URBAN FARE #7615,  (23.27),CAD,Cash,,,,Karina Plazola,**** 9909,,,,,,,,5700 Office Expenses
2025-12-19T00:45:51,Purchase,URBAN FARE #7615,  (21.99),CAD,Cash,,,,Karina Plazola,**** 9909,,,,,,,,5700 Office Expenses
2025-04-30T02:16:30,Purchase,URBAN FARE #7618,  (26.99),CAD,Cash,,,,Erin Baile,**** 7197,,,,,,,,5700 Office Expenses
2025-10-11T02:12:58,Purchase,URBAN FARE #7618,  (70.97),CAD,Cash,,,,Karina Plazola,**** 9909,,,,,,,,5700 Office Expenses
2025-10-16T02:13:54,Purchase,URBAN FARE #7618,  (19.99),CAD,Cash,,,,Karina Plazola,**** 9909,,,,,,,,5700 Office Expenses
2025-10-16T02:14:03,Purchase,URBAN FARE #7618,  (26.46),CAD,Cash,,,,Karina Plazola,**** 9909,,,,,,,,5700 Office Expenses
2025-10-18T02:12:26,Purchase,URBAN FARE #7618,  (98.97),CAD,Cash,,,,Erin Baile,**** 0067,,,,,,,,5700 Office Expenses
2025-10-19T02:08:11,Purchase,URBAN FARE #7618,  (65.98),CAD,Cash,,,,Erin Baile,**** 0067,,,,,,,,5700 Office Expenses
2025-10-22T02:13:54,Purchase,URBAN FARE #7618,  (21.99),CAD,Cash,,,,Erin Baile,**** 0067,,,,,,,,5700 Office Expenses
2025-10-23T02:14:34,Purchase,URBAN FARE #7618,  (43.98),CAD,Cash,,,,Erin Baile,**** 0067,,,,,,,,5700 Office Expenses
2025-10-26T00:10:49,Purchase,URBAN FARE #7618,  (65.98),CAD,Cash,,,,Karina Plazola,**** 9909,,,,,,,,5700 Office Expenses
2025-10-29T00:01:28,Purchase,URBAN FARE #7618,  (21.99),CAD,Cash,,,,Erin Baile,**** 0067,,,,,,,,5700 Office Expenses
2025-10-29T00:01:28,Purchase,URBAN FARE #7618,  (32.99),CAD,Cash,,,,Erin Baile,**** 0067,,,,,,,,5700 Office Expenses
2025-10-29T23:18:40,Purchase,URBAN FARE #7618,  (54.98),CAD,Cash,,,,Karina Plazola,**** 9909,,,,,,,,5700 Office Expenses
2025-11-02T00:00:09,Purchase,URBAN FARE #7618,  (65.98),CAD,Cash,,,,Erin Baile,**** 0067,,,,,,,,5700 Office Expenses
2025-11-04T23:28:31,Purchase,URBAN FARE #7618,  (32.99),CAD,Cash,,,,Erin Baile,**** 0067,,,,,,,,5700 Office Expenses
2025-11-07T22:40:50,Purchase,URBAN FARE #7618,  (32.99),CAD,Cash,,,,Erin Baile,**** 0067,,,,,,,,5700 Office Expenses
2025-11-08T23:56:54,Purchase,URBAN FARE #7618,  (32.99),CAD,Cash,,,,Erin Baile,**** 0067,,,,,,,,5700 Office Expenses
2025-11-13T23:05:45,Purchase,URBAN FARE #7618,  (21.99),CAD,Cash,,,,Erin Baile,**** 0067,,,,,,,,5700 Office Expenses
2025-11-16T03:46:20,Purchase,URBAN FARE #7618,  (32.99),CAD,Cash,,,,Erin Baile,**** 0067,,,,,,,,5700 Office Expenses
2025-11-18T23:05:37,Purchase,URBAN FARE #7618,  (98.97),CAD,Cash,,,,Erin Baile,**** 0067,,,,,,,,5700 Office Expenses
2025-11-19T23:41:02,Purchase,URBAN FARE #7618,  (32.99),CAD,Cash,,,,Karina Plazola,**** 9909,,,,,,,,5700 Office Expenses
2025-11-20T23:13:53,Purchase,URBAN FARE #7618,  (65.98),CAD,Cash,,,,Erin Baile,**** 0067,,,,,,,,5700 Office Expenses
2025-11-21T22:44:17,Purchase,URBAN FARE #7618,  (32.99),CAD,Cash,,,,Erin Baile,**** 0067,,,,,,,,5700 Office Expenses
2025-11-22T23:51:11,Purchase,URBAN FARE #7618,  (32.99),CAD,Cash,,,,Erin Baile,**** 0067,,,,,,,,5700 Office Expenses
2025-09-24T07:06:42,Purchase,VANCOUVER PARTYWORKS,"  (3,825.94)",CAD,Cash,,,,Karina Plazola,**** 9909,,,,,,,,5700 Office Expenses
2025-12-05T06:00:16,Purchase,VANCOUVER PARTYWORKS,"  (3,825.94)",CAD,Cash,,,,Karina Plazola,**** 9909,,,,,,,,5700 Office Expenses
2025-02-15T04:54:40,Purchase,VANCOUVER PB RECREATIO,  (746.55),CAD,Cash,,,,Erin Baile,**** 7197,,,,,,,,5700 Office Expenses
2025-06-28T04:18:17,Purchase,VANCOUVER RISE,  (411.74),CAD,Cash,,,,Cory Eden,**** 7993,,,,,,,,5700 Office Expenses
2025-07-29T02:27:16,Purchase,Vistaprint Canada Corp,  (404.30),CAD,Cash,,,,Karina Plazola,**** 9909,,,,,,,,5700 Office Expenses
2025-09-03T02:17:31,Purchase,VT-CANTEENVAN-58073/BC,"  (2,612.18)",CAD,Cash,,,,Karina Plazola,**** 9909,,,,,,,,5700 Office Expenses
2025-09-20T03:20:03,Purchase,VT-CANTEENVAN-58073/BC,  (361.14),CAD,Cash,,,"This would be for food & beverage, events, prizes, awards etc.",Karina Plazola,**** 1865,,,,,,,,5700 Office Expenses
2025-09-20T03:20:04,Purchase,VT-CANTEENVAN-58073/BC,  (219.00),CAD,Cash,,,"This would be for food & beverage, events, prizes, awards etc.",Karina Plazola,**** 1865,,,,,,,,5700 Office Expenses
2025-12-02T04:43:21,Purchase,VT-CANTEENVAN-58073/BC,"  (5,834.47)",CAD,Cash,,,,Karina Plazola,**** 9909,,,,,,,,5700 Office Expenses
2025-01-24T05:44:18,Purchase,VT-CANTEENVAN-58073/BR,"  (2,060.85)",CAD,Cash,,,,Karina Plazola,**** 1264,,,,,,,,5700 Office Expenses
2025-08-16T03:10:03,Purchase,WALMART CAN GIFTCARD,  (140.00),CAD,Cash,,,,Karina Plazola,**** 2636,,,,,,,,5700 Office Expenses
2025-03-12T02:08:09,Purchase,WAL-MART SUPERCENTER#1104,  (35.66),CAD,Cash,,,,Karina Plazola,**** 9909,,,,,,,,5700 Office Expenses
2025-04-15T02:04:58,Purchase,WAL-MART SUPERCENTER#1104,  (138.39),CAD,Cash,,,,Karina Plazola,**** 9909,,,,,,,,5700 Office Expenses
2025-10-22T02:11:51,Purchase,WAL-MART SUPERCENTER#1213,  (1.97),CAD,Cash,,,,Karina Plazola,**** 9909,,,,,,,,5700 Office Expenses
2025-08-03T02:15:57,Purchase,WALMART.CA,  (42.31),CAD,Cash,,,,Erin Baile,**** 7197,,,,,,,,5700 Office Expenses
2025-10-29T00:14:34,Refund,WALMART.CA,  31.72 ,CAD,Cash,,,,Erin Baile,**** 0067,,,,,,,,5700 Office Expenses
2025-10-29T00:15:09,Refund,WALMART.CA,  31.66 ,CAD,Cash,,,,Erin Baile,**** 0067,,,,,,,,5700 Office Expenses
2025-10-30T04:30:19,Purchase,WALMART.CA,  (116.46),CAD,Cash,,,,Erin Baile,**** 0067,,,,,,,,5700 Office Expenses
2025-01-02T03:33:15,Purchase,WAVE - *STARTUPTIVE,  (100.57),CAD,Cash,,,"This is for a virtual office space in Toronto. There is an initial deposit of 1 month (79+HST), and we'll be on a promo with 30% discount off the $89.27 for the first 3 months. The initial charge is $144.64 (79+49+HST (Ontario)).",Hector Alfonso Pertierra Marin,**** 1663,,,,,,,,5700 Office Expenses
2025-02-02T06:08:28,Purchase,WAVE - *STARTUPTIVE,  (100.57),CAD,Cash,,,"This is for a virtual office space in Toronto. There is an initial deposit of 1 month (79+HST), and we'll be on a promo with 30% discount off the $89.27 for the first 3 months. The initial charge is $144.64 (79+49+HST (Ontario)).",Hector Alfonso Pertierra Marin,**** 1663,,,,,,,,5700 Office Expenses
2025-03-02T05:36:53,Purchase,WAVE - *STARTUPTIVE,  (100.57),CAD,Cash,,,"This is for a virtual office space in Toronto. There is an initial deposit of 1 month (79+HST), and we'll be on a promo with 30% discount off the $89.27 for the first 3 months. The initial charge is $144.64 (79+49+HST (Ontario)).",Hector Alfonso Pertierra Marin,**** 1663,,,,,,,,5700 Office Expenses
2025-04-02T04:17:49,Purchase,WAVE - *STARTUPTIVE,  (100.57),CAD,Cash,,,"This is for a virtual office space in Toronto. There is an initial deposit of 1 month (79+HST), and we'll be on a promo with 30% discount off the $89.27 for the first 3 months. The initial charge is $144.64 (79+49+HST (Ontario)).",Hector Alfonso Pertierra Marin,**** 1663,,,,,,,,5700 Office Expenses
2025-05-02T03:49:04,Purchase,WAVE - *STARTUPTIVE,  (100.57),CAD,Cash,,,"This is for a virtual office space in Toronto. There is an initial deposit of 1 month (79+HST), and we'll be on a promo with 30% discount off the $89.27 for the first 3 months. The initial charge is $144.64 (79+49+HST (Ontario)).",Hector Alfonso Pertierra Marin,**** 1663,,,,,,,,5700 Office Expenses
2025-06-02T03:49:25,Purchase,WAVE - *STARTUPTIVE,  (100.57),CAD,Cash,,,"This is for a virtual office space in Toronto. There is an initial deposit of 1 month (79+HST), and we'll be on a promo with 30% discount off the $89.27 for the first 3 months. The initial charge is $144.64 (79+49+HST (Ontario)).",Hector Alfonso Pertierra Marin,**** 1663,,,,,,,,5700 Office Expenses
2025-07-02T04:23:21,Purchase,WAVE - *STARTUPTIVE,  (100.57),CAD,Cash,,,"This is for a virtual office space in Toronto. There is an initial deposit of 1 month (79+HST), and we'll be on a promo with 30% discount off the $89.27 for the first 3 months. The initial charge is $144.64 (79+49+HST (Ontario)).",Hector Alfonso Pertierra Marin,**** 1663,,,,,,,,5700 Office Expenses
2025-08-02T03:26:40,Purchase,WAVE - *STARTUPTIVE,  (100.57),CAD,Cash,,,"This is for a virtual office space in Toronto. There is an initial deposit of 1 month (79+HST), and we'll be on a promo with 30% discount off the $89.27 for the first 3 months. The initial charge is $144.64 (79+49+HST (Ontario)).",Hector Alfonso Pertierra Marin,**** 1663,,,,,,,,5700 Office Expenses
2025-09-02T05:41:02,Purchase,WAVE - *STARTUPTIVE,  (100.57),CAD,Cash,,,"This is for a virtual office space in Toronto. There is an initial deposit of 1 month (79+HST), and we'll be on a promo with 30% discount off the $89.27 for the first 3 months. The initial charge is $144.64 (79+49+HST (Ontario)).",Hector Alfonso Pertierra Marin,**** 1663,,,,,,,,5700 Office Expenses
2025-12-02T01:26:49,Purchase,WAVE - *STARTUPTIVE,  (100.57),CAD,Cash,,,"This is for a virtual office space in Toronto. There is an initial deposit of 1 month (79+HST), and we'll be on a promo with 30% discount off the $89.27 for the first 3 months. The initial charge is $144.64 (79+49+HST (Ontario)).",Hector Alfonso Pertierra Marin,**** 1663,,,,,,,,5700 Office Expenses
2025-02-20T05:44:06,Purchase,WEISS OFFICE,"  (1,060.70)",CAD,Cash,,,,Karina Plazola,**** 9909,,,,,,,,5700 Office Expenses
2025-09-24T02:18:43,Purchase,WWW AWFIS COM,  (159.37),CAD,Cash,10000,INR,Gift voucher for work anniversary and star of the month employee,Harjot Kaur,**** 9999,,,,,,,0.015937,5700 Office Expenses
2025-10-04T02:15:27,Purchase,WWW AWFIS COM,  (824.11),CAD,Cash,51448,INR,Diwali Outing payment ,Harjot Kaur,**** 9999,,,,,,,0.016018,5700 Office Expenses
2025-10-08T02:12:14,Purchase,WWW AWFIS COM,  (655.50),CAD,Cash,40987,INR,Diwali party advance,Harjot Kaur,**** 9999,,,,,,,0.015993,5700 Office Expenses
2025-11-13T00:26:45,Purchase,WWW AWFIS COM,  (112.75),CAD,Cash,6962,INR,,Harjot Kaur,**** 9999,,,,,,,0.016195,5700 Office Expenses
2025-01-15T01:40:20,Purchase,WWW.CANADIANTIRE.CA,  (280.44),CAD,Cash,,,,Karina Plazola,**** 2024,,,,,,,,5700 Office Expenses
2025-01-15T01:40:20,Purchase,WWW.CANADIANTIRE.CA,  (285.08),CAD,Cash,,,,Karina Plazola,**** 2024,,,,,,,,5700 Office Expenses
2025-05-14T05:27:43,Purchase,YETI 1-833-225-9384,  (241.92),CAD,Cash,,,,Erin Baile,**** 7197,,,,,,,,5700 Office Expenses
2025-09-05T02:03:09,Purchase,YETI 1-833-225-9384,  (120.96),CAD,Cash,,,,Erin Baile,**** 7197,,,,,,,,5700 Office Expenses
2025-01-22T01:14:53,Purchase,Zara.com,  (45.00),CAD,Cash,,,"This would be for food & beverage, events, prizes, awards etc.",Karina Plazola,**** 1865,,,,,,,,5700 Office Expenses
2025-10-08T04:01:50,Purchase,Zepto Marketplace Private,  (14.29),CAD,Cash,10.07,USD,Stationary for office,Harjot Kaur,**** 9999,,,,,,,1.419067,5700 Office Expenses
2025-08-27T02:09:19,Purchase,AMAZON PAY INDIA PRIVATE,  (722.36),CAD,Cash,44782,INR,20 headphones for India staff and 2 whiteboard for Tech Managers,Harjot Kaur,**** 9999,,,,,,,0.016131,5772 Computers
2025-05-07T02:20:47,Refund,Amazon.ca,  24.36 ,CAD,Cash,,,Miscellaneous IT purchases - Hardware / Hardgoods,Dillon Hall,**** 4799,,,,,,,,5772 Computers
2025-09-09T02:03:51,Purchase,Amazon.ca*016GW0JM3,  (956.70),CAD,Cash,,,Miscellaneous IT purchases - Hardware / Hardgoods,Dillon Hall,**** 4799,,,,,,,,5772 Computers
2025-02-19T05:28:37,Purchase,Amazon.ca*0F9D40SH3,  (56.38),CAD,Cash,,,Miscellaneous IT purchases - Hardware / Hardgoods,Dillon Hall,**** 4799,,,,,,,,5772 Computers
2025-08-12T06:38:21,Purchase,Amazon.ca*1R8GX0WL3,  (74.40),CAD,Cash,,,Miscellaneous IT purchases - Hardware / Hardgoods,Dillon Hall,**** 4799,,,,,,,,5772 Computers
2025-08-28T02:17:49,Purchase,Amazon.ca*6Q11671Q3,  (24.36),CAD,Cash,,,Miscellaneous IT purchases - Hardware / Hardgoods,Dillon Hall,**** 4799,,,,,,,,5772 Computers
2025-04-09T02:17:32,Purchase,Amazon.ca*AE9J116Y3,  (17.23),CAD,Cash,,,Miscellaneous IT purchases - Hardware / Hardgoods,Dillon Hall,**** 4799,,,,,,,,5772 Computers
2025-04-30T02:21:47,Purchase,Amazon.ca*B148I4ZA3,  (55.20),CAD,Cash,,,Miscellaneous IT purchases - Hardware / Hardgoods,Dillon Hall,**** 4799,,,,,,,,5772 Computers
2025-11-12T23:56:13,Purchase,Amazon.ca*B893Z1TC1,  (655.05),CAD,Cash,,,Miscellaneous IT purchases - Hardware / Hardgoods,Dillon Hall,**** 4799,,,,,,,,5772 Computers
2025-12-02T06:40:48,Purchase,Amazon.ca*BB52B9MJ0,  (22.62),CAD,Cash,,,Miscellaneous IT purchases - Hardware / Hardgoods,Dillon Hall,**** 4799,,,,,,,,5772 Computers
2025-12-04T22:26:26,Purchase,Amazon.ca*BI9710DV2,  (43.96),CAD,Cash,,,Miscellaneous IT purchases - Hardware / Hardgoods,Dillon Hall,**** 4799,,,,,,,,5772 Computers
2025-11-13T00:37:45,Purchase,Amazon.ca*BT7JU9WW0,  (335.99),CAD,Cash,,,Miscellaneous IT purchases - Hardware / Hardgoods,Dillon Hall,**** 4799,,,,,,,,5772 Computers
2025-11-13T00:37:51,Purchase,Amazon.ca*BT7R22VJ2,  (335.99),CAD,Cash,,,Miscellaneous IT purchases - Hardware / Hardgoods,Dillon Hall,**** 4799,,,,,,,,5772 Computers
2025-11-13T00:37:46,Purchase,Amazon.ca*BT7RE2Y11,  (335.99),CAD,Cash,,,Miscellaneous IT purchases - Hardware / Hardgoods,Dillon Hall,**** 4799,,,,,,,,5772 Computers
2025-11-13T00:37:19,Purchase,Amazon.ca*BT87L5VC2,  (115.04),CAD,Cash,,,Miscellaneous IT purchases - Hardware / Hardgoods,Dillon Hall,**** 4799,,,,,,,,5772 Computers
2025-12-27T02:24:08,Purchase,Amazon.ca*BU6WD5MF3,  (81.16),CAD,Cash,,,Miscellaneous IT purchases - Hardware / Hardgoods,Dillon Hall,**** 4799,,,,,,,,5772 Computers
2025-02-08T06:48:26,Purchase,Amazon.ca*C24P14933,  (285.60),CAD,Cash,,,Miscellaneous IT purchases - Hardware / Hardgoods,Dillon Hall,**** 4799,,,,,,,,5772 Computers
2025-04-17T02:03:42,Purchase,Amazon.ca*CB3YR3EC3,  (103.29),CAD,Cash,,,Miscellaneous IT purchases - Hardware / Hardgoods,Dillon Hall,**** 4799,,,,,,,,5772 Computers
2025-04-16T06:31:38,Purchase,Amazon.ca*D59F14AZ3,  (144.90),CAD,Cash,,,Miscellaneous IT purchases - Hardware / Hardgoods,Dillon Hall,**** 4799,,,,,,,,5772 Computers
2025-04-24T06:54:13,Purchase,Amazon.ca*DV9DA24S3,  (451.35),CAD,Cash,,,Miscellaneous IT purchases - Hardware / Hardgoods,Dillon Hall,**** 4799,,,,,,,,5772 Computers
2025-08-22T06:26:23,Purchase,Amazon.ca*ES2IZ3VL3,  (937.25),CAD,Cash,,,Miscellaneous IT purchases - Hardware / Hardgoods,Dillon Hall,**** 4799,,,,,,,,5772 Computers
2025-09-13T02:12:24,Purchase,Amazon.ca*FZ78I0AS3,  (24.36),CAD,Cash,,,Miscellaneous IT purchases - Hardware / Hardgoods,Dillon Hall,**** 4799,,,,,,,,5772 Computers
2025-09-03T02:21:11,Purchase,Amazon.ca*GE3NZ5MY3,  (148.80),CAD,Cash,,,Miscellaneous IT purchases - Hardware / Hardgoods,Dillon Hall,**** 4799,,,,,,,,5772 Computers
2025-04-15T06:31:41,Purchase,Amazon.ca*H09AX3LQ3,  (338.52),CAD,Cash,,,Miscellaneous IT purchases - Hardware / Hardgoods,Dillon Hall,**** 4799,,,,,,,,5772 Computers
2025-08-27T05:06:09,Purchase,Amazon.ca*IJ2LL7VO3,  (24.36),CAD,Cash,,,Miscellaneous IT purchases - Hardware / Hardgoods,Dillon Hall,**** 4799,,,,,,,,5772 Computers
2025-04-09T02:17:26,Purchase,Amazon.ca*IP05P2BR3,  (17.23),CAD,Cash,,,Miscellaneous IT purchases - Hardware / Hardgoods,Dillon Hall,**** 4799,,,,,,,,5772 Computers
2025-08-22T02:18:41,Purchase,Amazon.ca*MB52D80E3,  (78.35),CAD,Cash,,,Miscellaneous IT purchases - Hardware / Hardgoods,Dillon Hall,**** 4799,,,,,,,,5772 Computers
2025-07-01T05:31:30,Purchase,Amazon.ca*N31O03CF0,  (24.36),CAD,Cash,,,Miscellaneous IT purchases - Hardware / Hardgoods,Dillon Hall,**** 4799,,,,,,,,5772 Computers
2025-10-28T06:52:32,Purchase,Amazon.ca*N43JS9SB1,  (40.93),CAD,Cash,,,Miscellaneous IT purchases - Hardware / Hardgoods,Dillon Hall,**** 4799,,,,,,,,5772 Computers
2025-04-30T06:39:05,Purchase,Amazon.ca*NB72G0QE2,  (425.59),CAD,Cash,,,Miscellaneous IT purchases - Hardware / Hardgoods,Dillon Hall,**** 4799,,,,,,,,5772 Computers
2025-06-10T02:01:51,Purchase,Amazon.ca*NH7467AA0,  (55.20),CAD,Cash,,,Miscellaneous IT purchases - Hardware / Hardgoods,Dillon Hall,**** 4799,,,,,,,,5772 Computers
2025-05-14T02:20:06,Purchase,Amazon.ca*NI2UT97F0,  (55.20),CAD,Cash,,,Miscellaneous IT purchases - Hardware / Hardgoods,Dillon Hall,**** 4799,,,,,,,,5772 Computers
2025-07-08T02:36:32,Purchase,Amazon.ca*NL0399FR1,  (179.58),CAD,Cash,,,Miscellaneous IT purchases - Hardware / Hardgoods,Dillon Hall,**** 4799,,,,,,,,5772 Computers
2025-06-26T02:03:32,Purchase,Amazon.ca*NO05G0Y40,  (54.95),CAD,Cash,,,Miscellaneous IT purchases - Hardware / Hardgoods,Dillon Hall,**** 4799,,,,,,,,5772 Computers
2025-07-29T02:28:31,Purchase,Amazon.ca*NS64G8GQ3,  (30.10),CAD,Cash,,,Miscellaneous IT purchases - Hardware / Hardgoods,Dillon Hall,**** 4799,,,,,,,,5772 Computers
2025-05-19T03:49:33,Purchase,Amazon.ca*NW7QZ3SI1,  (851.18),CAD,Cash,,,Miscellaneous IT purchases - Hardware / Hardgoods,Dillon Hall,**** 4799,,,,,,,,5772 Computers
2025-05-13T02:30:58,Purchase,Amazon.ca*NW9V18882,  (449.86),CAD,Cash,,,Miscellaneous IT purchases - Hardware / Hardgoods,Dillon Hall,**** 4799,,,,,,,,5772 Computers
2025-05-19T03:49:33,Purchase,Amazon.ca*NZ2EH8602,  (425.59),CAD,Cash,,,Miscellaneous IT purchases - Hardware / Hardgoods,Dillon Hall,**** 4799,,,,,,,,5772 Computers
2025-04-30T06:39:05,Purchase,Amazon.ca*RB5HZ8IL3,  (425.59),CAD,Cash,,,Miscellaneous IT purchases - Hardware / Hardgoods,Dillon Hall,**** 4799,,,,,,,,5772 Computers
2025-04-24T06:54:13,Purchase,Amazon.ca*RD8TX8NU3,  (451.35),CAD,Cash,,,Miscellaneous IT purchases - Hardware / Hardgoods,Dillon Hall,**** 4799,,,,,,,,5772 Computers
2025-08-19T02:16:34,Purchase,Amazon.ca*S882U7663,  (557.70),CAD,Cash,,,Miscellaneous IT purchases - Hardware / Hardgoods,Dillon Hall,**** 4799,,,,,,,,5772 Computers
2025-04-16T06:31:45,Purchase,Amazon.ca*SE4G131Z3,  (24.23),CAD,Cash,,,Miscellaneous IT purchases - Hardware / Hardgoods,Dillon Hall,**** 4799,,,,,,,,5772 Computers
2025-04-30T06:39:04,Purchase,Amazon.ca*SQ1CI99L3,  (425.59),CAD,Cash,,,Miscellaneous IT purchases - Hardware / Hardgoods,Dillon Hall,**** 4799,,,,,,,,5772 Computers
2025-07-25T02:07:57,Purchase,Amazon.ca*SU0H74Q33,  (40.29),CAD,Cash,,,Miscellaneous IT purchases - Hardware / Hardgoods,Dillon Hall,**** 4799,,,,,,,,5772 Computers
2025-03-27T02:20:25,Purchase,Amazon.ca*TL9UI7W13,  (191.46),CAD,Cash,,,Miscellaneous IT purchases - Hardware / Hardgoods,Dillon Hall,**** 4799,,,,,,,,5772 Computers
2025-04-17T04:02:12,Purchase,Amazon.ca*UZ8A270K3,  (24.36),CAD,Cash,,,Miscellaneous IT purchases - Hardware / Hardgoods,Dillon Hall,**** 4799,,,,,,,,5772 Computers
2025-04-14T02:02:12,Purchase,Amazon.ca*XH0RE4VC3,  (17.23),CAD,Cash,,,Miscellaneous IT purchases - Hardware / Hardgoods,Dillon Hall,**** 4799,,,,,,,,5772 Computers
2025-09-11T02:03:09,Purchase,Amazon.ca*XK2JD4IV3,  (43.70),CAD,Cash,,,Miscellaneous IT purchases - Hardware / Hardgoods,Dillon Hall,**** 4799,,,,,,,,5772 Computers
2025-01-14T06:47:00,Purchase,Amazon.ca*Z55WK4AZ0,  (116.30),CAD,Cash,,,"Velcro sticky strips, pretty office supply-ey",Dillon Hall,**** 4799,,,,,,,,5772 Computers
2025-01-15T06:21:44,Purchase,Amazon.ca*Z573N0GA0,  (199.06),CAD,Cash,,,Miscellaneous IT purchases - Hardware / Hardgoods,Dillon Hall,**** 4799,,,,,,,,5772 Computers
2025-02-07T01:19:01,Purchase,Amazon.ca*Z724042X0,  (266.56),CAD,Cash,,,Miscellaneous IT purchases - Hardware / Hardgoods,Dillon Hall,**** 4799,,,,,,,,5772 Computers
2025-02-01T01:16:48,Purchase,Amazon.ca*Z76FB17C2,  (73.86),CAD,Cash,,,Miscellaneous IT purchases - Hardware / Hardgoods,Dillon Hall,**** 4799,,,,,,,,5772 Computers
2025-02-15T01:16:19,Purchase,Amazon.ca*ZV7LU59Q3,"  (1,261.22)",CAD,Cash,,,Miscellaneous IT purchases - Hardware / Hardgoods,Dillon Hall,**** 4799,,,,,,,,5772 Computers
2025-01-17T01:02:28,Refund,AMZN Mktp CA,  210.62 ,CAD,Cash,,,Miscellaneous IT purchases - Hardware / Hardgoods,Dillon Hall,**** 4799,,,,,,,,5772 Computers
2025-01-18T15:46:21,Refund,AMZN Mktp CA,  221.64 ,CAD,Cash,,,Miscellaneous IT purchases - Hardware / Hardgoods,Dillon Hall,**** 4799,,,,,,,,5772 Computers
2025-01-18T15:46:22,Refund,AMZN Mktp CA,  221.64 ,CAD,Cash,,,Miscellaneous IT purchases - Hardware / Hardgoods,Dillon Hall,**** 4799,,,,,,,,5772 Computers
2025-01-25T01:05:22,Refund,AMZN Mktp CA,  210.56 ,CAD,Cash,,,Miscellaneous IT purchases - Hardware / Hardgoods,Dillon Hall,**** 4799,,,,,,,,5772 Computers
2025-02-11T02:33:45,Refund,AMZN Mktp CA,  221.64 ,CAD,Cash,,,Miscellaneous IT purchases - Hardware / Hardgoods,Dillon Hall,**** 4799,,,,,,,,5772 Computers
2025-02-11T02:33:46,Refund,AMZN Mktp CA,  221.64 ,CAD,Cash,,,Miscellaneous IT purchases - Hardware / Hardgoods,Dillon Hall,**** 4799,,,,,,,,5772 Computers
2025-02-11T02:33:46,Refund,AMZN Mktp CA,  221.64 ,CAD,Cash,,,Miscellaneous IT purchases - Hardware / Hardgoods,Dillon Hall,**** 4799,,,,,,,,5772 Computers
2025-02-11T02:33:46,Refund,AMZN Mktp CA,  221.64 ,CAD,Cash,,,Miscellaneous IT purchases - Hardware / Hardgoods,Dillon Hall,**** 4799,,,,,,,,5772 Computers
2025-02-11T02:33:47,Refund,AMZN Mktp CA,  221.64 ,CAD,Cash,,,Miscellaneous IT purchases - Hardware / Hardgoods,Dillon Hall,**** 4799,,,,,,,,5772 Computers
2025-02-11T02:33:47,Refund,AMZN Mktp CA,  221.64 ,CAD,Cash,,,Miscellaneous IT purchases - Hardware / Hardgoods,Dillon Hall,**** 4799,,,,,,,,5772 Computers
2025-02-11T02:33:47,Refund,AMZN Mktp CA,  221.64 ,CAD,Cash,,,Miscellaneous IT purchases - Hardware / Hardgoods,Dillon Hall,**** 4799,,,,,,,,5772 Computers
2025-02-11T02:33:48,Refund,AMZN Mktp CA,  221.64 ,CAD,Cash,,,Miscellaneous IT purchases - Hardware / Hardgoods,Dillon Hall,**** 4799,,,,,,,,5772 Computers
2025-02-11T02:33:48,Refund,AMZN Mktp CA,  221.64 ,CAD,Cash,,,Miscellaneous IT purchases - Hardware / Hardgoods,Dillon Hall,**** 4799,,,,,,,,5772 Computers
2025-02-11T02:33:49,Refund,AMZN Mktp CA,  221.64 ,CAD,Cash,,,Miscellaneous IT purchases - Hardware / Hardgoods,Dillon Hall,**** 4799,,,,,,,,5772 Computers
2025-04-21T02:08:25,Refund,AMZN Mktp CA,  221.64 ,CAD,Cash,,,Miscellaneous IT purchases - Hardware / Hardgoods,Dillon Hall,**** 4799,,,,,,,,5772 Computers
2025-04-21T02:08:26,Refund,AMZN Mktp CA,  221.64 ,CAD,Cash,,,Miscellaneous IT purchases - Hardware / Hardgoods,Dillon Hall,**** 4799,,,,,,,,5772 Computers
2025-04-21T02:08:26,Refund,AMZN Mktp CA,  221.64 ,CAD,Cash,,,Miscellaneous IT purchases - Hardware / Hardgoods,Dillon Hall,**** 4799,,,,,,,,5772 Computers
2025-04-21T02:08:26,Refund,AMZN Mktp CA,  221.64 ,CAD,Cash,,,Miscellaneous IT purchases - Hardware / Hardgoods,Dillon Hall,**** 4799,,,,,,,,5772 Computers
2025-04-21T02:08:26,Refund,AMZN Mktp CA,  221.64 ,CAD,Cash,,,Miscellaneous IT purchases - Hardware / Hardgoods,Dillon Hall,**** 4799,,,,,,,,5772 Computers
2025-04-21T02:08:40,Refund,AMZN Mktp CA,  221.64 ,CAD,Cash,,,Miscellaneous IT purchases - Hardware / Hardgoods,Dillon Hall,**** 4799,,,,,,,,5772 Computers
2025-04-21T02:08:40,Refund,AMZN Mktp CA,  221.64 ,CAD,Cash,,,Miscellaneous IT purchases - Hardware / Hardgoods,Dillon Hall,**** 4799,,,,,,,,5772 Computers
2025-04-21T02:08:43,Refund,AMZN Mktp CA,  221.64 ,CAD,Cash,,,Miscellaneous IT purchases - Hardware / Hardgoods,Dillon Hall,**** 4799,,,,,,,,5772 Computers
2025-05-09T02:21:48,Refund,AMZN Mktp CA,  7.40 ,CAD,Cash,,,Miscellaneous IT purchases - Hardware / Hardgoods,Dillon Hall,**** 4799,,,,,,,,5772 Computers
2025-05-11T02:04:11,Refund,AMZN Mktp CA,  7.37 ,CAD,Cash,,,Miscellaneous IT purchases - Hardware / Hardgoods,Dillon Hall,**** 4799,,,,,,,,5772 Computers
2025-06-12T04:19:46,Refund,AMZN Mktp CA,  298.72 ,CAD,Cash,,,Miscellaneous IT purchases - Hardware / Hardgoods,Dillon Hall,**** 4799,,,,,,,,5772 Computers
2025-08-29T02:02:56,Refund,AMZN Mktp CA,  173.61 ,CAD,Cash,,,Miscellaneous IT purchases - Hardware / Hardgoods,Dillon Hall,**** 4799,,,,,,,,5772 Computers
2025-12-17T22:25:11,Refund,AMZN Mktp CA,  172.45 ,CAD,Cash,,,Miscellaneous IT purchases - Hardware / Hardgoods,Dillon Hall,**** 4799,,,,,,,,5772 Computers
2025-07-20T03:50:16,Purchase,AMZN Mktp CA*0H4U86Y63,  (155.68),CAD,Cash,,,Miscellaneous IT purchases - Hardware / Hardgoods,Dillon Hall,**** 4799,,,,,,,,5772 Computers
2025-04-07T02:09:16,Purchase,AMZN Mktp CA*1H8JV4SH3,  (32.47),CAD,Cash,,,Miscellaneous IT purchases - Hardware / Hardgoods,Dillon Hall,**** 4799,,,,,,,,5772 Computers
2025-03-26T02:19:57,Purchase,AMZN Mktp CA*1K8MI05G3,  (47.03),CAD,Cash,,,Miscellaneous IT purchases - Hardware / Hardgoods,Dillon Hall,**** 4799,,,,,,,,5772 Computers
2025-07-20T03:50:14,Purchase,AMZN Mktp CA*1Q8PQ5033,  (155.68),CAD,Cash,,,Miscellaneous IT purchases - Hardware / Hardgoods,Dillon Hall,**** 4799,,,,,,,,5772 Computers
2025-12-18T06:32:53,Purchase,AMZN Mktp CA*2682V5Q63,  (38.95),CAD,Cash,,,Miscellaneous IT purchases - Hardware / Hardgoods,Dillon Hall,**** 4799,,,,,,,,5772 Computers
2025-04-16T02:01:50,Purchase,AMZN Mktp CA*282C00ZN3,  (247.97),CAD,Cash,,,Miscellaneous IT purchases - Hardware / Hardgoods,Dillon Hall,**** 4799,,,,,,,,5772 Computers
2025-04-22T05:25:47,Purchase,AMZN Mktp CA*2B4XS4L93,  (38.64),CAD,Cash,,,Miscellaneous IT purchases - Hardware / Hardgoods,Dillon Hall,**** 4799,,,,,,,,5772 Computers
2025-07-20T03:50:13,Purchase,AMZN Mktp CA*2C2UA8Z03,  (155.68),CAD,Cash,,,Miscellaneous IT purchases - Hardware / Hardgoods,Dillon Hall,**** 4799,,,,,,,,5772 Computers
2025-09-25T06:52:36,Purchase,AMZN Mktp CA*2Q91W1EE3,  (51.74),CAD,Cash,,,Miscellaneous IT purchases - Hardware / Hardgoods,Dillon Hall,**** 4799,,,,,,,,5772 Computers
2025-08-09T05:03:17,Purchase,AMZN Mktp CA*3L7S14NS3,  (184.35),CAD,Cash,,,Miscellaneous IT purchases - Hardware / Hardgoods,Dillon Hall,**** 4799,,,,,,,,5772 Computers
2025-08-28T02:17:20,Purchase,AMZN Mktp CA*3M5UX3R93,  (173.61),CAD,Cash,,,Miscellaneous IT purchases - Hardware / Hardgoods,Dillon Hall,**** 4799,,,,,,,,5772 Computers
2025-07-26T02:04:52,Purchase,AMZN Mktp CA*482EK1CQ3,  (92.25),CAD,Cash,,,Miscellaneous IT purchases - Hardware / Hardgoods,Dillon Hall,**** 4799,,,,,,,,5772 Computers
2025-04-20T06:41:45,Purchase,AMZN Mktp CA*618GH4VV3,  (166.29),CAD,Cash,,,Miscellaneous IT purchases - Hardware / Hardgoods,Dillon Hall,**** 4799,,,,,,,,5772 Computers
2025-02-06T02:24:01,Purchase,AMZN Mktp CA*6O85Y4ZM3,  (128.75),CAD,Cash,,,Miscellaneous IT purchases - Hardware / Hardgoods,Dillon Hall,**** 4799,,,,,,,,5772 Computers
2025-08-08T04:10:08,Purchase,AMZN Mktp CA*8D9OZ7W63,  (20.70),CAD,Cash,,,Miscellaneous IT purchases - Hardware / Hardgoods,Dillon Hall,**** 4799,,,,,,,,5772 Computers
2025-03-30T02:05:51,Purchase,AMZN Mktp CA*8F79Q4DN3,  (29.11),CAD,Cash,,,Miscellaneous IT purchases - Hardware / Hardgoods,Dillon Hall,**** 4799,,,,,,,,5772 Computers
2025-03-26T02:19:13,Purchase,AMZN Mktp CA*8T82290I3,  (72.68),CAD,Cash,,,Miscellaneous IT purchases - Hardware / Hardgoods,Dillon Hall,**** 4799,,,,,,,,5772 Computers
2025-07-27T02:05:56,Purchase,AMZN Mktp CA*8Y6BU8JK3,  (18.69),CAD,Cash,,,Miscellaneous IT purchases - Hardware / Hardgoods,Dillon Hall,**** 4799,,,,,,,,5772 Computers
2025-02-21T01:18:26,Purchase,AMZN Mktp CA*A92B55D13,  (597.44),CAD,Cash,,,Miscellaneous IT purchases - Hardware / Hardgoods,Dillon Hall,**** 4799,,,,,,,,5772 Computers
2025-07-23T02:11:31,Purchase,AMZN Mktp CA*A95WF59C3,"  (1,976.94)",CAD,Cash,,,Miscellaneous IT purchases - Hardware / Hardgoods,Dillon Hall,**** 4799,,,,,,,,5772 Computers
2025-07-16T02:10:32,Purchase,AMZN Mktp CA*AK62O31R3,  (39.19),CAD,Cash,,,Miscellaneous IT purchases - Hardware / Hardgoods,Dillon Hall,**** 4799,,,,,,,,5772 Computers
2025-11-18T23:41:17,Purchase,AMZN Mktp CA*B024O9400,  (63.34),CAD,Cash,,,Miscellaneous IT purchases - Hardware / Hardgoods,Dillon Hall,**** 4799,,,,,,,,5772 Computers
2025-11-25T06:53:01,Purchase,AMZN Mktp CA*B227N2JZ0,  (168.00),CAD,Cash,,,Miscellaneous IT purchases - Hardware / Hardgoods,Dillon Hall,**** 4799,,,,,,,,5772 Computers
2025-11-28T00:45:28,Purchase,AMZN Mktp CA*B23OZ1W01,  (157.49),CAD,Cash,,,Miscellaneous IT purchases - Hardware / Hardgoods,Dillon Hall,**** 4799,,,,,,,,5772 Computers
2025-11-26T22:24:33,Purchase,AMZN Mktp CA*B28E41IG2,  (564.84),CAD,Cash,,,Miscellaneous IT purchases - Hardware / Hardgoods,Dillon Hall,**** 4799,,,,,,,,5772 Computers
2025-04-15T02:27:31,Purchase,AMZN Mktp CA*B339I6AF3,  (106.21),CAD,Cash,,,Miscellaneous IT purchases - Hardware / Hardgoods,Dillon Hall,**** 4799,,,,,,,,5772 Computers
2025-09-26T04:08:46,Purchase,AMZN Mktp CA*BA1MV5CY3,  (200.06),CAD,Cash,,,Miscellaneous IT purchases - Hardware / Hardgoods,Dillon Hall,**** 4799,,,,,,,,5772 Computers
2025-11-28T20:55:14,Purchase,AMZN Mktp CA*BB0DA3L62,  (172.45),CAD,Cash,,,Miscellaneous IT purchases - Hardware / Hardgoods,Dillon Hall,**** 4799,,,,,,,,5772 Computers
2025-12-03T22:47:55,Purchase,AMZN Mktp CA*BB2X659O0,  (128.90),CAD,Cash,,,Miscellaneous IT purchases - Hardware / Hardgoods,Dillon Hall,**** 4799,,,,,,,,5772 Computers
2025-12-07T23:10:27,Purchase,AMZN Mktp CA*BI4AK7WQ1,  (69.40),CAD,Cash,,,Miscellaneous IT purchases - Hardware / Hardgoods,Dillon Hall,**** 4799,,,,,,,,5772 Computers
2025-03-13T02:15:10,Purchase,AMZN Mktp CA*BN8WM3073,  (11.49),CAD,Cash,,,Miscellaneous IT purchases - Hardware / Hardgoods,Dillon Hall,**** 4799,,,,,,,,5772 Computers
2025-11-12T23:56:12,Purchase,AMZN Mktp CA*BT7J35S32,  (119.58),CAD,Cash,,,Miscellaneous IT purchases - Hardware / Hardgoods,Dillon Hall,**** 4799,,,,,,,,5772 Computers
2025-08-28T04:38:51,Purchase,AMZN Mktp CA*CL8RE6EZ3,  (19.55),CAD,Cash,,,Miscellaneous IT purchases - Hardware / Hardgoods,Dillon Hall,**** 4799,,,,,,,,5772 Computers
2025-04-13T02:02:40,Purchase,AMZN Mktp CA*CW76A5EE3,  (119.15),CAD,Cash,,,Miscellaneous IT purchases - Hardware / Hardgoods,Dillon Hall,**** 4799,,,,,,,,5772 Computers
2025-07-16T02:10:30,Purchase,AMZN Mktp CA*CX0P755R3,  (20.04),CAD,Cash,,,Miscellaneous IT purchases - Hardware / Hardgoods,Dillon Hall,**** 4799,,,,,,,,5772 Computers
2025-09-18T02:04:33,Purchase,AMZN Mktp CA*DD9TJ6MM3,  (288.23),CAD,Cash,,,Miscellaneous IT purchases - Hardware / Hardgoods,Dillon Hall,**** 4799,,,,,,,,5772 Computers
2025-07-20T03:50:15,Purchase,AMZN Mktp CA*DQ9YJ2GA3,  (155.68),CAD,Cash,,,Miscellaneous IT purchases - Hardware / Hardgoods,Dillon Hall,**** 4799,,,,,,,,5772 Computers
2025-08-08T02:22:32,Purchase,AMZN Mktp CA*F33OC9SQ3,  (183.70),CAD,Cash,,,Miscellaneous IT purchases - Hardware / Hardgoods,Dillon Hall,**** 4799,,,,,,,,5772 Computers
2025-04-08T02:15:58,Purchase,AMZN Mktp CA*FP2688353,"  (1,194.88)",CAD,Cash,,,Miscellaneous IT purchases - Hardware / Hardgoods,Dillon Hall,**** 4799,,,,,,,,5772 Computers
2025-07-30T02:03:14,Purchase,AMZN Mktp CA*GF9QF1X33,  (155.68),CAD,Cash,,,Miscellaneous IT purchases - Hardware / Hardgoods,Dillon Hall,**** 4799,,,,,,,,5772 Computers
2025-09-12T02:10:48,Purchase,AMZN Mktp CA*GL62H44G3,  (119.58),CAD,Cash,,,Miscellaneous IT purchases - Hardware / Hardgoods,Dillon Hall,**** 4799,,,,,,,,5772 Computers
2025-08-28T02:17:28,Purchase,AMZN Mktp CA*GO41R4ZA3,  (173.61),CAD,Cash,,,Miscellaneous IT purchases - Hardware / Hardgoods,Dillon Hall,**** 4799,,,,,,,,5772 Computers
2025-08-18T02:11:25,Purchase,AMZN Mktp CA*HC7Z42GZ3,  (12.41),CAD,Cash,,,Miscellaneous IT purchases - Hardware / Hardgoods,Dillon Hall,**** 4799,,,,,,,,5772 Computers
2025-02-26T06:34:33,Purchase,AMZN Mktp CA*HH8EH5QG3,  (29.78),CAD,Cash,,,Miscellaneous IT purchases - Hardware / Hardgoods,Dillon Hall,**** 4799,,,,,,,,5772 Computers
2025-07-25T06:35:35,Purchase,AMZN Mktp CA*HW4BO8UW3,  (246.34),CAD,Cash,,,Miscellaneous IT purchases - Hardware / Hardgoods,Dillon Hall,**** 4799,,,,,,,,5772 Computers
2025-07-20T03:50:16,Purchase,AMZN Mktp CA*HZ7236723,  (155.68),CAD,Cash,,,Miscellaneous IT purchases - Hardware / Hardgoods,Dillon Hall,**** 4799,,,,,,,,5772 Computers
2025-08-19T02:17:09,Purchase,AMZN Mktp CA*IT8Z67I93,"  (1,412.10)",CAD,Cash,,,Miscellaneous IT purchases - Hardware / Hardgoods,Dillon Hall,**** 4799,,,,,,,,5772 Computers
2025-09-09T02:03:59,Purchase,AMZN Mktp CA*J21J65ER3,  (36.84),CAD,Cash,,,Miscellaneous IT purchases - Hardware / Hardgoods,Dillon Hall,**** 4799,,,,,,,,5772 Computers
2025-02-17T01:11:42,Purchase,AMZN Mktp CA*JE3YV5MH3,  (162.35),CAD,Cash,,,Miscellaneous IT purchases - Hardware / Hardgoods,Dillon Hall,**** 4799,,,,,,,,5772 Computers
2025-09-18T02:02:18,Purchase,AMZN Mktp CA*KB3OM9U13,  (54.39),CAD,Cash,,,Miscellaneous IT purchases - Hardware / Hardgoods,Dillon Hall,**** 4799,,,,,,,,5772 Computers
2025-07-20T03:50:14,Purchase,AMZN Mktp CA*KF4RF1PF3,  (155.68),CAD,Cash,,,Miscellaneous IT purchases - Hardware / Hardgoods,Dillon Hall,**** 4799,,,,,,,,5772 Computers
2025-02-20T06:04:55,Purchase,AMZN Mktp CA*L10JF1Q33,  (896.16),CAD,Cash,,,Miscellaneous IT purchases - Hardware / Hardgoods,Dillon Hall,**** 4799,,,,,,,,5772 Computers
2025-07-25T02:09:55,Purchase,AMZN Mktp CA*LF3PM9ZG3,  (307.92),CAD,Cash,,,Miscellaneous IT purchases - Hardware / Hardgoods,Dillon Hall,**** 4799,,,,,,,,5772 Computers
2025-04-15T06:31:35,Purchase,AMZN Mktp CA*LF41A56U3,  (27.56),CAD,Cash,,,Miscellaneous IT purchases - Hardware / Hardgoods,Dillon Hall,**** 4799,,,,,,,,5772 Computers
2025-04-23T02:18:37,Purchase,AMZN Mktp CA*M09OW8HL3,"  (1,493.60)",CAD,Cash,,,Miscellaneous IT purchases - Hardware / Hardgoods,Dillon Hall,**** 4799,,,,,,,,5772 Computers
2025-09-11T02:06:52,Purchase,AMZN Mktp CA*MW1GZ1IM3,  (172.45),CAD,Cash,,,Miscellaneous IT purchases - Hardware / Hardgoods,Dillon Hall,**** 4799,,,,,,,,5772 Computers
2025-05-01T02:19:44,Purchase,AMZN Mktp CA*N26O252L1,  (110.87),CAD,Cash,,,Miscellaneous IT purchases - Hardware / Hardgoods,Dillon Hall,**** 4799,,,,,,,,5772 Computers
2025-07-07T02:14:54,Purchase,AMZN Mktp CA*N30OJ79E1,  (452.08),CAD,Cash,,,Miscellaneous IT purchases - Hardware / Hardgoods,Dillon Hall,**** 4799,,,,,,,,5772 Computers
2025-07-01T02:21:00,Purchase,AMZN Mktp CA*N316R1CR1,  (34.70),CAD,Cash,,,Miscellaneous IT purchases - Hardware / Hardgoods,Dillon Hall,**** 4799,,,,,,,,5772 Computers
2025-07-01T05:31:36,Purchase,AMZN Mktp CA*N34PD6BD2,  (23.00),CAD,Cash,,,Miscellaneous IT purchases - Hardware / Hardgoods,Dillon Hall,**** 4799,,,,,,,,5772 Computers
2025-07-07T02:14:20,Purchase,AMZN Mktp CA*N37H269X0,  (569.10),CAD,Cash,,,Miscellaneous IT purchases - Hardware / Hardgoods,Dillon Hall,**** 4799,,,,,,,,5772 Computers
2025-07-01T05:31:30,Purchase,AMZN Mktp CA*N39EF6HP2,  (155.20),CAD,Cash,,,Miscellaneous IT purchases - Hardware / Hardgoods,Dillon Hall,**** 4799,,,,,,,,5772 Computers
2025-10-30T22:33:03,Purchase,AMZN Mktp CA*N43KN7Q22,  (21.94),CAD,Cash,,,Miscellaneous IT purchases - Hardware / Hardgoods,Dillon Hall,**** 4799,,,,,,,,5772 Computers
2025-06-03T06:35:04,Purchase,AMZN Mktp CA*N63O34W62,  (33.59),CAD,Cash,,,Miscellaneous IT purchases - Hardware / Hardgoods,Dillon Hall,**** 4799,,,,,,,,5772 Computers
2025-06-01T02:16:52,Purchase,AMZN Mktp CA*N63YW15K2,"  (2,795.10)",CAD,Cash,,,Miscellaneous IT purchases - Hardware / Hardgoods,Dillon Hall,**** 4799,,,,,,,,5772 Computers
2025-06-18T06:43:49,Purchase,AMZN Mktp CA*NA3Y27KL0,"  (1,397.55)",CAD,Cash,,,Miscellaneous IT purchases - Hardware / Hardgoods,Dillon Hall,**** 4799,,,,,,,,5772 Computers
2025-06-17T06:43:09,Purchase,AMZN Mktp CA*NA9IF1SM1,  (179.56),CAD,Cash,,,Miscellaneous IT purchases - Hardware / Hardgoods,Dillon Hall,**** 4799,,,,,,,,5772 Computers
2025-05-03T03:25:27,Purchase,AMZN Mktp CA*NB14P24R1,  (160.95),CAD,Cash,,,Miscellaneous IT purchases - Hardware / Hardgoods,Dillon Hall,**** 4799,,,,,,,,5772 Computers
2025-05-07T02:22:08,Purchase,AMZN Mktp CA*NB1JO5SS0,  (42.52),CAD,Cash,,,Miscellaneous IT purchases - Hardware / Hardgoods,Dillon Hall,**** 4799,,,,,,,,5772 Computers
2025-05-04T03:59:45,Purchase,AMZN Mktp CA*NB1YX8JZ0,  (24.09),CAD,Cash,,,Miscellaneous IT purchases - Hardware / Hardgoods,Dillon Hall,**** 4799,,,,,,,,5772 Computers
2025-05-04T02:04:55,Purchase,AMZN Mktp CA*NB4GN9NF0,  (32.19),CAD,Cash,,,Miscellaneous IT purchases - Hardware / Hardgoods,Dillon Hall,**** 4799,,,,,,,,5772 Computers
2025-05-02T04:15:43,Purchase,AMZN Mktp CA*NB5301WK2,  (11.49),CAD,Cash,,,Miscellaneous IT purchases - Hardware / Hardgoods,Dillon Hall,**** 4799,,,,,,,,5772 Computers
2025-05-03T02:18:41,Purchase,AMZN Mktp CA*NB77Q7C81,  (157.87),CAD,Cash,,,Miscellaneous IT purchases - Hardware / Hardgoods,Dillon Hall,**** 4799,,,,,,,,5772 Computers
2025-04-29T04:49:24,Purchase,AMZN Mktp CA*NB7F77VA2,  (32.19),CAD,Cash,,,Miscellaneous IT purchases - Hardware / Hardgoods,Dillon Hall,**** 4799,,,,,,,,5772 Computers
2025-05-05T05:34:02,Purchase,AMZN Mktp CA*NB8208PJ0,  (32.19),CAD,Cash,,,Miscellaneous IT purchases - Hardware / Hardgoods,Dillon Hall,**** 4799,,,,,,,,5772 Computers
2025-04-30T04:44:34,Purchase,AMZN Mktp CA*NB9K278B2,  (24.36),CAD,Cash,,,Miscellaneous IT purchases - Hardware / Hardgoods,Dillon Hall,**** 4799,,,,,,,,5772 Computers
2025-10-07T02:14:47,Purchase,AMZN Mktp CA*NF00O2L10,  (128.10),CAD,Cash,,,Miscellaneous IT purchases - Hardware / Hardgoods,Dillon Hall,**** 4799,,,,,,,,5772 Computers
2025-10-14T02:11:13,Purchase,AMZN Mktp CA*NF20B66F2,  (125.99),CAD,Cash,,,Miscellaneous IT purchases - Hardware / Hardgoods,Dillon Hall,**** 4799,,,,,,,,5772 Computers
2025-10-07T02:13:29,Purchase,AMZN Mktp CA*NF8RM9ZQ0,"  (1,679.90)",CAD,Cash,,,Miscellaneous IT purchases - Hardware / Hardgoods,Dillon Hall,**** 4799,,,,,,,,5772 Computers
2025-10-14T02:12:16,Purchase,AMZN Mktp CA*NF9LM2SV2,  (44.61),CAD,Cash,,,Miscellaneous IT purchases - Hardware / Hardgoods,Dillon Hall,**** 4799,,,,,,,,5772 Computers
2025-06-08T02:01:31,Purchase,AMZN Mktp CA*NH2BD2CZ1,"  (2,795.10)",CAD,Cash,,,Miscellaneous IT purchases - Hardware / Hardgoods,Dillon Hall,**** 4799,,,,,,,,5772 Computers
2025-05-07T04:34:36,Purchase,AMZN Mktp CA*NI2GN92Y2,  (160.95),CAD,Cash,,,Miscellaneous IT purchases - Hardware / Hardgoods,Dillon Hall,**** 4799,,,,,,,,5772 Computers
2025-05-04T02:10:06,Purchase,AMZN Mktp CA*NI2PU2N12,  (24.09),CAD,Cash,,,Miscellaneous IT purchases - Hardware / Hardgoods,Dillon Hall,**** 4799,,,,,,,,5772 Computers
2025-05-03T03:25:47,Purchase,AMZN Mktp CA*NI5074LY2,  (32.19),CAD,Cash,,,Miscellaneous IT purchases - Hardware / Hardgoods,Dillon Hall,**** 4799,,,,,,,,5772 Computers
2025-05-11T05:04:46,Purchase,AMZN Mktp CA*NI9EP6XV0,  (46.29),CAD,Cash,,,Miscellaneous IT purchases - Hardware / Hardgoods,Dillon Hall,**** 4799,,,,,,,,5772 Computers
2025-09-26T02:12:40,Purchase,AMZN Mktp CA*NJ92F0XT0,  (24.36),CAD,Cash,,,Miscellaneous IT purchases - Hardware / Hardgoods,Dillon Hall,**** 4799,,,,,,,,5772 Computers
2025-10-03T02:16:01,Purchase,AMZN Mktp CA*NJ9IU0WZ1,  (89.59),CAD,Cash,,,Miscellaneous IT purchases - Hardware / Hardgoods,Dillon Hall,**** 4799,,,,,,,,5772 Computers
2025-11-06T00:02:50,Purchase,AMZN Mktp CA*NK9VV1QG2,  (26.82),CAD,Cash,,,Miscellaneous IT purchases - Hardware / Hardgoods,Dillon Hall,**** 4799,,,,,,,,5772 Computers
2025-10-21T02:24:07,Purchase,AMZN Mktp CA*NM3XI3792,  (16.45),CAD,Cash,,,Miscellaneous IT purchases - Hardware / Hardgoods,Dillon Hall,**** 4799,,,,,,,,5772 Computers
2025-10-22T04:45:15,Purchase,AMZN Mktp CA*NM5195WH2,  (17.91),CAD,Cash,,,Miscellaneous IT purchases - Hardware / Hardgoods,Dillon Hall,**** 4799,,,,,,,,5772 Computers
2025-10-20T02:08:26,Purchase,AMZN Mktp CA*NM6MG2DG2,  (126.25),CAD,Cash,,,Miscellaneous IT purchases - Hardware / Hardgoods,Dillon Hall,**** 4799,,,,,,,,5772 Computers
2025-05-30T04:24:40,Purchase,AMZN Mktp CA*NN2BC45L0,  (179.56),CAD,Cash,,,Miscellaneous IT purchases - Hardware / Hardgoods,Dillon Hall,**** 4799,,,,,,,,5772 Computers
2025-05-30T04:25:11,Purchase,AMZN Mktp CA*NN6TU06N1,  (32.19),CAD,Cash,,,Miscellaneous IT purchases - Hardware / Hardgoods,Dillon Hall,**** 4799,,,,,,,,5772 Computers
2025-06-17T06:43:01,Purchase,AMZN Mktp CA*NO1825AB2,  (32.19),CAD,Cash,,,Miscellaneous IT purchases - Hardware / Hardgoods,Dillon Hall,**** 4799,,,,,,,,5772 Computers
2025-06-20T02:06:45,Purchase,AMZN Mktp CA*NO1WO63A1,"  (1,397.55)",CAD,Cash,,,Miscellaneous IT purchases - Hardware / Hardgoods,Dillon Hall,**** 4799,,,,,,,,5772 Computers
2025-06-25T02:04:04,Purchase,AMZN Mktp CA*NQ2J99HN2,  (27.58),CAD,Cash,,,Miscellaneous IT purchases - Hardware / Hardgoods,Dillon Hall,**** 4799,,,,,,,,5772 Computers
2025-06-30T02:11:18,Purchase,AMZN Mktp CA*NQ4ED4SS0,  (559.02),CAD,Cash,,,Miscellaneous IT purchases - Hardware / Hardgoods,Dillon Hall,**** 4799,,,,,,,,5772 Computers
2025-06-29T02:05:07,Purchase,AMZN Mktp CA*NQ7GM7631,"  (2,236.08)",CAD,Cash,,,Miscellaneous IT purchases - Hardware / Hardgoods,Dillon Hall,**** 4799,,,,,,,,5772 Computers
2025-10-26T17:37:28,Purchase,AMZN Mktp CA*NU1EL17I2,  (80.60),CAD,Cash,,,Miscellaneous IT purchases - Hardware / Hardgoods,Dillon Hall,**** 4799,,,,,,,,5772 Computers
2025-10-06T02:11:03,Purchase,AMZN Mktp CA*NV2GM7NK2,  (58.72),CAD,Cash,,,Miscellaneous IT purchases - Hardware / Hardgoods,Dillon Hall,**** 4799,,,,,,,,5772 Computers
2025-10-07T02:13:39,Purchase,AMZN Mktp CA*NV6X61TW2,  (112.33),CAD,Cash,,,Miscellaneous IT purchases - Hardware / Hardgoods,Dillon Hall,**** 4799,,,,,,,,5772 Computers
2025-05-20T02:04:14,Purchase,AMZN Mktp CA*NW05J8730,  (597.44),CAD,Cash,,,Miscellaneous IT purchases - Hardware / Hardgoods,Dillon Hall,**** 4799,,,,,,,,5772 Computers
2025-05-14T02:21:38,Purchase,AMZN Mktp CA*NW44F6I92,  (17.01),CAD,Cash,,,Miscellaneous IT purchases - Hardware / Hardgoods,Dillon Hall,**** 4799,,,,,,,,5772 Computers
2025-05-20T02:04:10,Purchase,AMZN Mktp CA*NW7NN19O1,  (896.16),CAD,Cash,,,Miscellaneous IT purchases - Hardware / Hardgoods,Dillon Hall,**** 4799,,,,,,,,5772 Computers
2025-05-14T02:21:25,Purchase,AMZN Mktp CA*NW7R42ID2,  (67.47),CAD,Cash,,,Miscellaneous IT purchases - Hardware / Hardgoods,Dillon Hall,**** 4799,,,,,,,,5772 Computers
2025-08-28T04:38:47,Purchase,AMZN Mktp CA*NW7U88RZ3,  (19.55),CAD,Cash,,,Miscellaneous IT purchases - Hardware / Hardgoods,Dillon Hall,**** 4799,,,,,,,,5772 Computers
2025-05-20T02:04:10,Purchase,AMZN Mktp CA*NZ2F72KY2,  (23.04),CAD,Cash,,,Miscellaneous IT purchases - Hardware / Hardgoods,Dillon Hall,**** 4799,,,,,,,,5772 Computers
2025-05-26T02:04:56,Purchase,AMZN Mktp CA*NZ6WU6R41,  (97.41),CAD,Cash,,,Miscellaneous IT purchases - Hardware / Hardgoods,Dillon Hall,**** 4799,,,,,,,,5772 Computers
2025-07-29T06:38:48,Purchase,AMZN Mktp CA*O65XZ7YT3,  (62.48),CAD,Cash,,,Miscellaneous IT purchases - Hardware / Hardgoods,Dillon Hall,**** 4799,,,,,,,,5772 Computers
2025-04-30T04:43:55,Purchase,AMZN Mktp CA*OB05B9IL3,  (160.95),CAD,Cash,,,Miscellaneous IT purchases - Hardware / Hardgoods,Dillon Hall,**** 4799,,,,,,,,5772 Computers
2025-07-20T03:50:14,Purchase,AMZN Mktp CA*OS8KL9JV3,  (155.68),CAD,Cash,,,Miscellaneous IT purchases - Hardware / Hardgoods,Dillon Hall,**** 4799,,,,,,,,5772 Computers
2025-12-11T22:41:22,Purchase,AMZN Mktp CA*OW1AI9VM3,  (73.53),CAD,Cash,,,Miscellaneous IT purchases - Hardware / Hardgoods,Dillon Hall,**** 4799,,,,,,,,5772 Computers
2025-08-07T04:28:36,Purchase,AMZN Mktp CA*PI45J8US3,  (20.70),CAD,Cash,,,Miscellaneous IT purchases - Hardware / Hardgoods,Dillon Hall,**** 4799,,,,,,,,5772 Computers
2025-04-08T02:15:59,Purchase,AMZN Mktp CA*Q67BE5873,  (49.16),CAD,Cash,,,Miscellaneous IT purchases - Hardware / Hardgoods,Dillon Hall,**** 4799,,,,,,,,5772 Computers
2025-04-15T02:27:36,Purchase,AMZN Mktp CA*QL7RS11D3,  (99.75),CAD,Cash,,,Miscellaneous IT purchases - Hardware / Hardgoods,Dillon Hall,**** 4799,,,,,,,,5772 Computers
2025-09-16T02:12:08,Purchase,AMZN Mktp CA*RA60W9D63,  (14.00),CAD,Cash,,,Miscellaneous IT purchases - Hardware / Hardgoods,Dillon Hall,**** 4799,,,,,,,,5772 Computers
2025-09-26T06:23:43,Purchase,AMZN Mktp CA*RI5Z58BS3,  (288.23),CAD,Cash,,,Miscellaneous IT purchases - Hardware / Hardgoods,Dillon Hall,**** 4799,,,,,,,,5772 Computers
2025-04-02T06:50:25,Purchase,AMZN Mktp CA*RM37I39T3,"  (1,511.51)",CAD,Cash,,,Miscellaneous IT purchases - Hardware / Hardgoods,Dillon Hall,**** 4799,,,,,,,,5772 Computers
2025-04-17T02:02:41,Purchase,AMZN Mktp CA*RT00B7IK3,  (156.56),CAD,Cash,,,Miscellaneous IT purchases - Hardware / Hardgoods,Dillon Hall,**** 4799,,,,,,,,5772 Computers
2025-08-20T05:34:55,Purchase,AMZN Mktp CA*RV5KP5N13,  (20.70),CAD,Cash,,,Miscellaneous IT purchases - Hardware / Hardgoods,Dillon Hall,**** 4799,,,,,,,,5772 Computers
2025-04-17T02:02:31,Purchase,AMZN Mktp CA*RY2VE8ND3,  (159.30),CAD,Cash,,,Miscellaneous IT purchases - Hardware / Hardgoods,Dillon Hall,**** 4799,,,,,,,,5772 Computers
2025-07-20T03:50:15,Purchase,AMZN Mktp CA*RZ71V4YZ3,  (155.68),CAD,Cash,,,Miscellaneous IT purchases - Hardware / Hardgoods,Dillon Hall,**** 4799,,,,,,,,5772 Computers
2025-03-17T06:41:57,Purchase,AMZN Mktp CA*SB3LU0K13,  (39.18),CAD,Cash,,,Miscellaneous IT purchases - Hardware / Hardgoods,Dillon Hall,**** 4799,,,,,,,,5772 Computers
2025-03-14T02:15:20,Purchase,AMZN Mktp CA*SD4HD7AQ3,  (18.08),CAD,Cash,,,Miscellaneous IT purchases - Hardware / Hardgoods,Dillon Hall,**** 4799,,,,,,,,5772 Computers
2025-09-13T02:13:02,Purchase,AMZN Mktp CA*T638Q1GZ3,  (200.83),CAD,Cash,,,Miscellaneous IT purchases - Hardware / Hardgoods,Dillon Hall,**** 4799,,,,,,,,5772 Computers
2025-09-17T02:11:51,Purchase,AMZN Mktp CA*TQ6XZ9MF3,"  (1,541.00)",CAD,Cash,,,Miscellaneous IT purchases - Hardware / Hardgoods,Dillon Hall,**** 4799,,,,,,,,5772 Computers
2025-03-03T06:29:49,Purchase,AMZN Mktp CA*TT4OD11O3,  (896.16),CAD,Cash,,,Miscellaneous IT purchases - Hardware / Hardgoods,Dillon Hall,**** 4799,,,,,,,,5772 Computers
2025-04-16T04:51:35,Purchase,AMZN Mktp CA*WM83Y9323,  (32.19),CAD,Cash,,,Miscellaneous IT purchases - Hardware / Hardgoods,Dillon Hall,**** 4799,,,,,,,,5772 Computers
2025-03-02T01:15:56,Purchase,AMZN Mktp CA*WU5EZ9LW3,  (684.29),CAD,Cash,,,Miscellaneous IT purchases - Hardware / Hardgoods,Dillon Hall,**** 4799,,,,,,,,5772 Computers
2025-04-16T02:03:33,Purchase,AMZN Mktp CA*WY5WO0UK3,  (159.31),CAD,Cash,,,Miscellaneous IT purchases - Hardware / Hardgoods,Dillon Hall,**** 4799,,,,,,,,5772 Computers
2025-03-20T02:20:08,Purchase,AMZN Mktp CA*X769980D3,  (39.19),CAD,Cash,,,Miscellaneous IT purchases - Hardware / Hardgoods,Dillon Hall,**** 4799,,,,,,,,5772 Computers
2025-04-16T02:03:47,Purchase,AMZN Mktp CA*YD3Y92DV3,  (31.64),CAD,Cash,,,Miscellaneous IT purchases - Hardware / Hardgoods,Dillon Hall,**** 4799,,,,,,,,5772 Computers
2025-09-07T02:07:56,Purchase,AMZN Mktp CA*Z247I3EB3,"  (1,412.10)",CAD,Cash,,,Miscellaneous IT purchases - Hardware / Hardgoods,Dillon Hall,**** 4799,,,,,,,,5772 Computers
2025-01-10T01:31:31,Purchase,AMZN Mktp CA*Z56B79EB2,  (353.34),CAD,Cash,,,Miscellaneous IT purchases - Hardware / Hardgoods,Dillon Hall,**** 4799,,,,,,,,5772 Computers
2025-01-09T02:17:39,Purchase,AMZN Mktp CA*Z58SK0JI2,  (97.41),CAD,Cash,,,Miscellaneous IT purchases - Hardware / Hardgoods,Dillon Hall,**** 4799,,,,,,,,5772 Computers
2025-02-06T02:24:08,Purchase,AMZN Mktp CA*Z72T08BR0,  (70.45),CAD,Cash,,,Miscellaneous IT purchases - Hardware / Hardgoods,Dillon Hall,**** 4799,,,,,,,,5772 Computers
2025-01-28T01:04:42,Purchase,AMZN Mktp CA*Z73QB9ZZ2,  (193.70),CAD,Cash,,,Miscellaneous IT purchases - Hardware / Hardgoods,Dillon Hall,**** 4799,,,,,,,,5772 Computers
2025-01-30T01:11:14,Purchase,AMZN Mktp CA*ZC7OE34Y1,  (896.16),CAD,Cash,,,Miscellaneous IT purchases - Hardware / Hardgoods,Dillon Hall,**** 4799,,,,,,,,5772 Computers
2025-01-14T06:46:28,Purchase,AMZN Mktp CA*ZD09Y8QB1,  (10.62),CAD,Cash,,,Miscellaneous IT purchases - Hardware / Hardgoods,Dillon Hall,**** 4799,,,,,,,,5772 Computers
2025-01-08T01:14:40,Purchase,AMZN Mktp CA*ZD6I57TE0,  (842.24),CAD,Cash,,,Miscellaneous IT purchases - Hardware / Hardgoods,Dillon Hall,**** 4799,,,,,,,,5772 Computers
2025-01-18T01:14:26,Purchase,AMZN Mktp CA*ZG61L8QM2,  (304.86),CAD,Cash,,,Miscellaneous IT purchases - Hardware / Hardgoods,Dillon Hall,**** 4799,,,,,,,,5772 Computers
2025-01-16T01:47:26,Purchase,AMZN Mktp CA*ZG8414132,  (210.62),CAD,Cash,,,Miscellaneous IT purchases - Hardware / Hardgoods,Dillon Hall,**** 4799,,,,,,,,5772 Computers
2025-01-16T01:47:17,Purchase,AMZN Mktp CA*ZG94X50Y2,  (218.39),CAD,Cash,,,Miscellaneous IT purchases - Hardware / Hardgoods,Dillon Hall,**** 4799,,,,,,,,5772 Computers
2025-09-06T02:06:52,Purchase,AMZN Mktp CA*ZL29J99I3,  (167.99),CAD,Cash,,,Miscellaneous IT purchases - Hardware / Hardgoods,Dillon Hall,**** 4799,,,,,,,,5772 Computers
2025-03-17T06:41:53,Purchase,AMZN Mktp CA*ZL8112ZJ3,  (140.90),CAD,Cash,,,Miscellaneous IT purchases - Hardware / Hardgoods,Dillon Hall,**** 4799,,,,,,,,5772 Computers
2025-01-10T01:31:57,Purchase,AMZN Mktp CA*ZP2M84YM1,  (44.36),CAD,Cash,,,Miscellaneous IT purchases - Hardware / Hardgoods,Dillon Hall,**** 4799,,,,,,,,5772 Computers
2025-01-09T02:17:35,Purchase,AMZN Mktp CA*ZP3B65US1,  (200.47),CAD,Cash,,,Miscellaneous IT purchases - Hardware / Hardgoods,Dillon Hall,**** 4799,,,,,,,,5772 Computers
2025-02-12T02:13:33,Purchase,AMZN Mktp CA*ZX8N76D93,  (32.99),CAD,Cash,,,Miscellaneous IT purchases - Hardware / Hardgoods,Dillon Hall,**** 4799,,,,,,,,5772 Computers
2025-02-14T01:16:53,Purchase,APPLE.COM/BILL,  (20.15),CAD,Cash,,,,Dillon Hall,**** 6151,,,,,,,,5772 Computers
2025-01-16T04:47:20,Purchase,APPLE.COM/CA,  (70.35),CAD,Cash,,,Miscellaneous IT purchases - Hardware / Hardgoods,Dillon Hall,**** 4799,,,,,,,,5772 Computers
2025-01-16T04:47:20,Purchase,APPLE.COM/CA,  (559.38),CAD,Cash,,,Miscellaneous IT purchases - Hardware / Hardgoods,Dillon Hall,**** 4799,,,,,,,,5772 Computers
2025-01-16T04:47:21,Purchase,APPLE.COM/CA,  (189.28),CAD,Cash,,,Miscellaneous IT purchases - Hardware / Hardgoods,Dillon Hall,**** 4799,,,,,,,,5772 Computers
2025-01-20T04:26:17,Purchase,APPLE.COM/CA,  (559.38),CAD,Cash,,,Miscellaneous IT purchases - Hardware / Hardgoods,Dillon Hall,**** 4799,,,,,,,,5772 Computers
2025-01-20T04:26:17,Purchase,APPLE.COM/CA,  (70.35),CAD,Cash,,,Miscellaneous IT purchases - Hardware / Hardgoods,Dillon Hall,**** 4799,,,,,,,,5772 Computers
2025-02-16T04:33:58,Purchase,APPLE.COM/CA,"  (6,493.54)",CAD,Cash,,,Miscellaneous IT purchases - Hardware / Hardgoods,Dillon Hall,**** 4799,,,,,,,,5772 Computers
2025-04-15T04:51:58,Purchase,APPLE.COM/CA,  (240.45),CAD,Cash,,,Miscellaneous IT purchases - Hardware / Hardgoods,Dillon Hall,**** 4799,,,,,,,,5772 Computers
2025-04-15T04:51:59,Purchase,APPLE.COM/CA,"  (1,903.38)",CAD,Cash,,,Miscellaneous IT purchases - Hardware / Hardgoods,Dillon Hall,**** 4799,,,,,,,,5772 Computers
2025-05-30T04:25:13,Purchase,APPLE.COM/CA,  (266.70),CAD,Cash,,,Miscellaneous IT purchases - Hardware / Hardgoods,Dillon Hall,**** 4799,,,,,,,,5772 Computers
2025-08-08T04:10:20,Purchase,APPLE.COM/CA,  (480.90),CAD,Cash,,,Miscellaneous IT purchases - Hardware / Hardgoods,Dillon Hall,**** 4799,,,,,,,,5772 Computers
2025-08-08T04:10:20,Purchase,APPLE.COM/CA,"  (4,478.77)",CAD,Cash,,,Miscellaneous IT purchases - Hardware / Hardgoods,Dillon Hall,**** 4799,,,,,,,,5772 Computers
2025-08-27T05:06:03,Purchase,APPLE.COM/CA,  (79.80),CAD,Cash,,,Miscellaneous IT purchases - Hardware / Hardgoods,Dillon Hall,**** 4799,,,,,,,,5772 Computers
2025-08-27T05:06:03,Purchase,APPLE.COM/CA,  (559.38),CAD,Cash,,,Miscellaneous IT purchases - Hardware / Hardgoods,Dillon Hall,**** 4799,,,,,,,,5772 Computers
2025-09-25T04:12:18,Refund,APPLE.COM/CA,  79.80 ,CAD,Cash,,,Miscellaneous IT purchases - Hardware / Hardgoods,Dillon Hall,**** 4799,,,,,,,,5772 Computers
2025-09-25T04:12:19,Refund,APPLE.COM/CA,  559.38 ,CAD,Cash,,,Miscellaneous IT purchases - Hardware / Hardgoods,Dillon Hall,**** 4799,,,,,,,,5772 Computers
2025-01-02T01:10:31,Purchase,Business Prime,  (558.88),CAD,Cash,,,Miscellaneous IT purchases - Hardware / Hardgoods,Dillon Hall,**** 4799,,,,,,,,5772 Computers
2025-07-19T02:22:09,Purchase,CROMA,  (110.85),CAD,Cash,6800,INR,Headphones for the India team ,Harjot Kaur,**** 9999,,,,,,,0.016301,5772 Computers
2025-08-13T02:22:00,Purchase,DELL CANADA INC (CAD-L,  (88.48),CAD,Cash,,,Miscellaneous IT purchases - Hardware / Hardgoods,Dillon Hall,**** 4799,,,,,,,,5772 Computers
2025-08-23T02:12:39,Purchase,DELL CANADA INC (CAD-L,  (451.66),CAD,Cash,,,Miscellaneous IT purchases - Hardware / Hardgoods,Dillon Hall,**** 4799,,,,,,,,5772 Computers
2025-10-11T02:16:26,Refund,DELL CANADA INC (CAD-L,  451.66 ,CAD,Cash,,,Miscellaneous IT purchases - Hardware / Hardgoods,Dillon Hall,**** 4799,,,,,,,,5772 Computers
2025-09-30T02:13:07,Purchase,FAIRDEAL ELECTRONICS,"  (2,024.54)",CAD,Cash,126600,INR,Balance payment of monitors for India employees,Harjot Kaur,**** 9999,,,,,,,0.015992,5772 Computers
2025-04-22T06:40:16,Purchase,FiverrEU,  (20.60),CAD,Cash,,,Miscellaneous IT purchases - Hardware / Hardgoods,Dillon Hall,**** 4799,,,,,,,,5772 Computers
2025-04-23T06:21:03,Purchase,FiverrEU,  (36.66),CAD,Cash,,,Miscellaneous IT purchases - Hardware / Hardgoods,Dillon Hall,**** 4799,,,,,,,,5772 Computers
2025-04-24T06:39:36,Refund,FiverrEU,  20.60 ,CAD,Cash,,,Miscellaneous IT purchases - Hardware / Hardgoods,Dillon Hall,**** 4799,,,,,,,,5772 Computers
2025-04-24T06:39:36,Refund,FiverrEU,  36.66 ,CAD,Cash,,,Miscellaneous IT purchases - Hardware / Hardgoods,Dillon Hall,**** 4799,,,,,,,,5772 Computers
2025-05-02T06:29:13,Purchase,FiverrEU,  (68.72),CAD,Cash,,,,Dillon Hall,**** 6151,,,,,,,,5772 Computers
2025-05-03T06:40:28,Purchase,FiverrEU,  (68.86),CAD,Cash,,,,Dillon Hall,**** 6151,,,,,,,,5772 Computers
2025-07-14T03:43:59,Purchase,Infiniti Retail Limited,  (276.24),CAD,Cash,16999,INR,,Harjot Kaur,**** 9999,,,,,,,0.01625,5772 Computers
2025-07-14T03:44:00,Purchase,Infiniti Retail Limited,  (263.19),CAD,Cash,16196.4,INR,Headphones for India Team,Harjot Kaur,**** 9999,,,,,,,0.01625,5772 Computers
2025-04-18T04:22:05,Purchase,SOURCE OFFICE FURNISHI,  (78.40),CAD,Cash,,,Miscellaneous IT purchases - Hardware / Hardgoods,Dillon Hall,**** 4799,,,,,,,,5772 Computers
2025-05-15T02:07:57,Purchase,SOURCE OFFICE FURNISHI,  (456.96),CAD,Cash,,,Miscellaneous IT purchases - Hardware / Hardgoods,Dillon Hall,**** 4799,,,,,,,,5772 Computers
2025-10-07T02:11:47,Purchase,SP ELECTRONIQUE HI-FI,"  (3,050.25)",CAD,Cash,,,Miscellaneous IT purchases - Hardware / Hardgoods,Dillon Hall,**** 4799,,,,,,,,5772 Computers
2025-10-11T06:34:39,Purchase,TEMU CA,  (165.85),CAD,Cash,,,Miscellaneous IT purchases - Hardware / Hardgoods,Dillon Hall,**** 4799,,,,,,,,5772 Computers
2025-09-12T02:07:47,Purchase,TEMU.COM,  (42.27),CAD,Cash,,,Under desk mount for YVR Office - IT Hardware,Vishnu Gattu,**** 2875,,,,,,,,5772 Computers
2025-08-20T02:14:22,Purchase,UBIQUITI CANADA,  (562.24),CAD,Cash,,,Miscellaneous IT purchases - Hardware / Hardgoods,Dillon Hall,**** 4799,,,,,,,,5772 Computers
2025-07-30T04:42:35,Purchase,ULINE,  (443.16),CAD,Cash,,,Miscellaneous IT purchases - Hardware / Hardgoods,Dillon Hall,**** 4799,,,,,,,,5772 Computers
2025-02-06T02:23:39,Purchase,AMZN Mktp CA*Z74SM63Y1,  (266.56),CAD,Cash,,,Miscellaneous IT purchases - Hardware / Hardgoods,Dillon Hall,**** 4799,,,,,,,,5772 Computers
2025-09-16T02:10:08,Purchase,Vns International Private,"  (4,028.57)",CAD,Cash,252520,INR,Bought Docker for IT inventory,Harjot Kaur,**** 9999,,,,,,,0.015953,5772 Computers
2025-09-16T02:10:13,Purchase,Vns International Private,  (718.71),CAD,Cash,45050,INR,Bought docker for IT inventory ( 17 in numbers),Harjot Kaur,**** 9999,,,,,,,0.015954,5772 Computers
2025-09-25T02:13:02,Purchase,Vns International Private,"  (1,826.91)",CAD,Cash,114868,INR,Partial payment for Monitors and connectors,Harjot Kaur,**** 9999,,,,,,,0.015904,5772 Computers
2025-12-25T03:36:24,Purchase,AHREFS.COM,  (387.66),CAD,Cash,278.88,USD,,Hector Alfonso Pertierra Marin,**** 2672,,,,,,,1.39006,5773 Software License
2025-03-11T02:05:45,Purchase,AMAZON PAY INDIA PRIVATE,  (185.52),CAD,Cash,10999,INR,Android for QA testing -Mihir,Harjot Kaur,**** 9999,,,,,,,0.016867,5773 Software License
2025-03-18T02:01:36,Purchase,AMAZON PAY INDIA PRIVATE,  (194.19),CAD,Cash,11499,INR,Android mobile bought for QA testing (Preksha Shukla),Harjot Kaur,**** 9999,,,,,,,0.016888,5773 Software License
2025-03-18T02:01:37,Purchase,AMAZON PAY INDIA PRIVATE,  (194.19),CAD,Cash,11499,INR,Samsung Android for Sapana Mali QA testing ,Harjot Kaur,**** 9999,,,,,,,0.016888,5773 Software License
2025-01-02T03:52:14,Purchase,Amazon Web Services,  (72.71),CAD,Cash,,,Spring vendor card for i) Amazon Web Services and ii) Google Cloud Platform,Erin Baile,**** 4494,,,,,,,,5773 Software License
2025-01-07T02:46:59,Purchase,Amazon Web Services,"  (75,621.45)",CAD,Cash,,,Spring vendor card for i) Amazon Web Services and ii) Google Cloud Platform,Erin Baile,**** 4494,,,,,,,,5773 Software License
2025-02-02T01:06:22,Purchase,Amazon Web Services,  (70.45),CAD,Cash,,,Spring vendor card for i) Amazon Web Services and ii) Google Cloud Platform,Erin Baile,**** 4494,,,,,,,,5773 Software License
2025-02-07T01:19:25,Purchase,Amazon Web Services,"  (84,293.20)",CAD,Cash,,,Spring vendor card for i) Amazon Web Services and ii) Google Cloud Platform,Erin Baile,**** 4494,,,,,,,,5773 Software License
2025-03-02T04:49:49,Purchase,Amazon Web Services,  (62.35),CAD,Cash,,,Spring vendor card for i) Amazon Web Services and ii) Google Cloud Platform,Erin Baile,**** 4494,,,,,,,,5773 Software License
2025-03-02T04:50:16,Purchase,Amazon Web Services,"  (80,475.09)",CAD,Cash,,,Spring vendor card for i) Amazon Web Services and ii) Google Cloud Platform,Erin Baile,**** 4494,,,,,,,,5773 Software License
2025-04-02T02:10:41,Purchase,Amazon Web Services,  (93.32),CAD,Cash,,,Spring vendor card for i) Amazon Web Services and ii) Google Cloud Platform,Erin Baile,**** 4494,,,,,,,,5773 Software License
2025-04-09T02:17:20,Purchase,Amazon Web Services,"  (87,729.28)",CAD,Cash,,,Spring vendor card for i) Amazon Web Services and ii) Google Cloud Platform,Erin Baile,**** 4494,,,,,,,,5773 Software License
2025-05-02T04:15:43,Purchase,Amazon Web Services,"  (89,245.54)",CAD,Cash,,,Spring vendor card for i) Amazon Web Services and ii) Google Cloud Platform,Erin Baile,**** 4494,,,,,,,,5773 Software License
2025-05-02T04:15:44,Purchase,Amazon Web Services,  (61.15),CAD,Cash,,,Spring vendor card for i) Amazon Web Services and ii) Google Cloud Platform,Erin Baile,**** 4494,,,,,,,,5773 Software License
2025-06-02T02:05:24,Purchase,Amazon Web Services,  (60.01),CAD,Cash,,,Spring vendor card for i) Amazon Web Services and ii) Google Cloud Platform,Erin Baile,**** 4494,,,,,,,,5773 Software License
2025-06-06T06:58:29,Purchase,Amazon Web Services,"  (96,304.57)",CAD,Cash,,,Spring vendor card for i) Amazon Web Services and ii) Google Cloud Platform,Erin Baile,**** 4494,,,,,,,,5773 Software License
2025-07-02T02:20:00,Purchase,Amazon Web Services,"  (94,776.76)",CAD,Cash,,,Spring vendor card for i) Amazon Web Services and ii) Google Cloud Platform,Erin Baile,**** 4494,,,,,,,,5773 Software License
2025-07-02T02:20:01,Purchase,Amazon Web Services,  (68.24),CAD,Cash,,,Spring vendor card for i) Amazon Web Services and ii) Google Cloud Platform,Erin Baile,**** 4494,,,,,,,,5773 Software License
2025-08-02T02:05:09,Purchase,Amazon Web Services,  (58.83),CAD,Cash,,,Spring vendor card for i) Amazon Web Services and ii) Google Cloud Platform,Erin Baile,**** 4494,,,,,,,,5773 Software License
2025-08-10T02:07:59,Purchase,Amazon Web Services,"  (101,619.59)",CAD,Cash,,,Spring vendor card for i) Amazon Web Services and ii) Google Cloud Platform,Erin Baile,**** 4494,,,,,,,,5773 Software License
2025-09-02T02:05:24,Purchase,Amazon Web Services,"  (103,562.77)",CAD,Cash,,,Spring vendor card for i) Amazon Web Services and ii) Google Cloud Platform,Erin Baile,**** 4494,,,,,,,,5773 Software License
2025-09-02T02:05:49,Purchase,Amazon Web Services,  (67.69),CAD,Cash,,,Spring vendor card for i) Amazon Web Services and ii) Google Cloud Platform,Erin Baile,**** 4494,,,,,,,,5773 Software License
2025-10-02T02:19:54,Purchase,Amazon Web Services,  (104.32),CAD,Cash,,,Spring vendor card for i) Amazon Web Services and ii) Google Cloud Platform,Erin Baile,**** 4494,,,,,,,,5773 Software License
2025-10-02T02:20:03,Purchase,Amazon Web Services,"  (105,543.85)",CAD,Cash,,,Spring vendor card for i) Amazon Web Services and ii) Google Cloud Platform,Erin Baile,**** 4494,,,,,,,,5773 Software License
2025-11-01T23:32:02,Purchase,Amazon Web Services,  (148.02),CAD,Cash,,,Spring vendor card for i) Amazon Web Services and ii) Google Cloud Platform,Erin Baile,**** 4494,,,,,,,,5773 Software License
2025-11-01T23:32:35,Purchase,Amazon Web Services,"  (118,143.04)",CAD,Cash,,,Spring vendor card for i) Amazon Web Services and ii) Google Cloud Platform,Erin Baile,**** 4494,,,,,,,,5773 Software License
2025-12-02T04:20:11,Purchase,Amazon Web Services,"  (110,914.35)",CAD,Cash,,,Spring vendor card for i) Amazon Web Services and ii) Google Cloud Platform,Erin Baile,**** 4494,,,,,,,,5773 Software License
2025-12-02T04:20:18,Purchase,Amazon Web Services,  (89.06),CAD,Cash,,,Spring vendor card for i) Amazon Web Services and ii) Google Cloud Platform,Erin Baile,**** 4494,,,,,,,,5773 Software License
2025-08-28T02:04:32,Purchase,ANTHROPIC,  (135.59),CAD,Cash,96.3,USD,,Cory Eden,**** 7993,,,,,,,1.407996,5773 Software License
2025-05-25T02:04:14,Purchase,APPLE STORE #R280,"  (2,553.33)",CAD,Cash,,,,Erin Baile,**** 7197,,,,,,,,5773 Software License
2025-02-24T03:34:03,Purchase,ASANA.COM,"  (1,095.92)",CAD,Cash,,,,Dillon Hall,**** 6151,,,,,,,,5773 Software License
2025-06-24T02:18:31,Purchase,ASANA.COM,  (484.25),CAD,Cash,,,,Dillon Hall,**** 6151,,,,,,,,5773 Software License
2025-01-14T01:02:27,Purchase,ATLASSIAN,"  (8,287.87)",CAD,Cash,5651.96,USD,"~$5350USD Atlassian monthly invoice (Jira, Confluence).  Rounding up to $5500USD, converting to CAD is ~$7500CAD.",Dillon Hall,**** 2826,,,,,,,1.466371,5773 Software License
2025-01-20T04:47:31,Purchase,ATLASSIAN,  (59.81),CAD,Cash,40.66,USD,Recurring monthly purchases and licenses,Erin Baile,**** 8472,,,,,,,1.470979,5773 Software License
2025-01-29T05:46:15,Purchase,ATLASSIAN,"  (1,171.68)",CAD,Cash,800.36,USD,"~$5350USD Atlassian monthly invoice (Jira, Confluence).  Rounding up to $5500USD, converting to CAD is ~$7500CAD.",Dillon Hall,**** 2826,,,,,,,1.463941,5773 Software License
2025-02-13T16:43:31,Purchase,ATLASSIAN,"  (8,414.18)",CAD,Cash,5778.91,USD,"~$5350USD Atlassian monthly invoice (Jira, Confluence).  Rounding up to $5500USD, converting to CAD is ~$7500CAD.",Dillon Hall,**** 2826,,,,,,,1.456015,5773 Software License
2025-02-20T05:45:16,Purchase,ATLASSIAN,  (53.45),CAD,Cash,36.96,USD,Recurring monthly purchases and licenses,Erin Baile,**** 8472,,,,,,,1.446158,5773 Software License
2025-03-01T06:01:57,Purchase,ATLASSIAN,"  (1,194.68)",CAD,Cash,813.2,USD,"~$5350USD Atlassian monthly invoice (Jira, Confluence).  Rounding up to $5500USD, converting to CAD is ~$7500CAD.",Dillon Hall,**** 2826,,,,,,,1.46911,5773 Software License
2025-03-13T16:26:28,Purchase,ATLASSIAN,"  (8,518.13)",CAD,Cash,5792.55,USD,"~$5350USD Atlassian monthly invoice (Jira, Confluence).  Rounding up to $5500USD, converting to CAD is ~$7500CAD.",Dillon Hall,**** 2826,,,,,,,1.470532,5773 Software License
2025-03-20T07:00:32,Purchase,ATLASSIAN,  (53.84),CAD,Cash,36.96,USD,Recurring monthly purchases and licenses,Erin Baile,**** 8472,,,,,,,1.45671,5773 Software License
2025-04-03T02:07:15,Purchase,ATLASSIAN,"  (1,202.59)",CAD,Cash,821.76,USD,"~$5350USD Atlassian monthly invoice (Jira, Confluence).  Rounding up to $5500USD, converting to CAD is ~$7500CAD.",Dillon Hall,**** 2826,,,,,,,1.463432,5773 Software License
2025-04-13T13:26:39,Purchase,ATLASSIAN,"  (8,307.77)",CAD,Cash,5848.52,USD,"~$5350USD Atlassian monthly invoice (Jira, Confluence).  Rounding up to $5500USD, converting to CAD is ~$7500CAD.",Dillon Hall,**** 2826,,,,,,,1.420491,5773 Software License
2025-04-20T06:08:03,Purchase,ATLASSIAN,  (41.65),CAD,Cash,29.57,USD,Recurring monthly purchases and licenses,Erin Baile,**** 8472,,,,,,,1.408522,5773 Software License
2025-04-29T06:59:25,Purchase,ATLASSIAN,"  (1,177.08)",CAD,Cash,834.6,USD,"~$5350USD Atlassian monthly invoice (Jira, Confluence).  Rounding up to $5500USD, converting to CAD is ~$7500CAD.",Dillon Hall,**** 2826,,,,,,,1.410352,5773 Software License
2025-05-13T16:59:02,Purchase,ATLASSIAN,"  (8,133.04)",CAD,Cash,5716.11,USD,"~$5350USD Atlassian monthly invoice (Jira, Confluence).  Rounding up to $5500USD, converting to CAD is ~$7500CAD.",Dillon Hall,**** 2826,,,,,,,1.422828,5773 Software License
2025-05-20T05:35:30,Purchase,ATLASSIAN,  (41.98),CAD,Cash,29.57,USD,Recurring monthly purchases and licenses,Erin Baile,**** 8472,,,,,,,1.419682,5773 Software License
2025-05-29T07:08:41,Purchase,ATLASSIAN,"  (1,185.04)",CAD,Cash,843.16,USD,"~$5350USD Atlassian monthly invoice (Jira, Confluence).  Rounding up to $5500USD, converting to CAD is ~$7500CAD.",Dillon Hall,**** 2826,,,,,,,1.405475,5773 Software License
2025-05-30T15:48:20,Purchase,ATLASSIAN,  (27.52),CAD,Cash,19.55,USD,"~$5350USD Atlassian monthly invoice (Jira, Confluence).  Rounding up to $5500USD, converting to CAD is ~$7500CAD.",Dillon Hall,**** 2826,,,,,,,1.407673,5773 Software License
2025-06-13T16:18:00,Purchase,ATLASSIAN,"  (8,880.17)",CAD,Cash,6396.36,USD,"~$5350USD Atlassian monthly invoice (Jira, Confluence).  Rounding up to $5500USD, converting to CAD is ~$7500CAD.",Dillon Hall,**** 2826,,,,,,,1.388316,5773 Software License
2025-06-20T06:19:55,Purchase,ATLASSIAN,  (41.27),CAD,Cash,29.57,USD,Recurring monthly purchases and licenses,Erin Baile,**** 8472,,,,,,,1.395671,5773 Software License
2025-06-29T13:17:28,Purchase,ATLASSIAN,"  (1,147.88)",CAD,Cash,821.76,USD,"~$5350USD Atlassian monthly invoice (Jira, Confluence).  Rounding up to $5500USD, converting to CAD is ~$7500CAD.",Dillon Hall,**** 2826,,,,,,,1.396856,5773 Software License
2025-07-13T13:33:44,Purchase,ATLASSIAN,"  (8,950.09)",CAD,Cash,6420.91,USD,"~$5350USD Atlassian monthly invoice (Jira, Confluence).  Rounding up to $5500USD, converting to CAD is ~$7500CAD.",Dillon Hall,**** 2826,,,,,,,1.393897,5773 Software License
2025-07-20T06:04:26,Purchase,ATLASSIAN,  (41.32),CAD,Cash,29.57,USD,Recurring monthly purchases and licenses,Erin Baile,**** 8472,,,,,,,1.397362,5773 Software License
2025-07-25T16:58:44,Purchase,ATLASSIAN,  (27.19),CAD,Cash,19.61,USD,"~$5350USD Atlassian monthly invoice (Jira, Confluence).  Rounding up to $5500USD, converting to CAD is ~$7500CAD.",Dillon Hall,**** 2826,,,,,,,1.386537,5773 Software License
2025-07-29T05:47:16,Purchase,ATLASSIAN,"  (1,164.37)",CAD,Cash,834.6,USD,"~$5350USD Atlassian monthly invoice (Jira, Confluence).  Rounding up to $5500USD, converting to CAD is ~$7500CAD.",Dillon Hall,**** 2826,,,,,,,1.395123,5773 Software License
2025-08-13T16:35:20,Purchase,ATLASSIAN,"  (9,436.43)",CAD,Cash,6732.55,USD,"~$5350USD Atlassian monthly invoice (Jira, Confluence).  Rounding up to $5500USD, converting to CAD is ~$7500CAD.",Dillon Hall,**** 2826,,,,,,,1.401613,5773 Software License
2025-08-20T16:14:28,Purchase,ATLASSIAN,  (41.64),CAD,Cash,29.57,USD,Recurring monthly purchases and licenses,Erin Baile,**** 8472,,,,,,,1.408184,5773 Software License
2025-08-29T05:55:41,Purchase,ATLASSIAN,"  (1,186.67)",CAD,Cash,847.44,USD,"~$5350USD Atlassian monthly invoice (Jira, Confluence).  Rounding up to $5500USD, converting to CAD is ~$7500CAD.",Dillon Hall,**** 2826,,,,,,,1.4003,5773 Software License
2025-09-13T16:32:08,Purchase,ATLASSIAN,"  (9,627.09)",CAD,Cash,6839.85,USD,"~$5350USD Atlassian monthly invoice (Jira, Confluence).  Rounding up to $5500USD, converting to CAD is ~$7500CAD.",Dillon Hall,**** 2826,,,,,,,1.4075,5773 Software License
2025-09-20T16:27:21,Purchase,ATLASSIAN,  (41.51),CAD,Cash,29.57,USD,Recurring monthly purchases and licenses,Erin Baile,**** 8472,,,,,,,1.403788,5773 Software License
2025-09-29T06:44:36,Purchase,ATLASSIAN,"  (1,207.01)",CAD,Cash,851.72,USD,"~$5350USD Atlassian monthly invoice (Jira, Confluence).  Rounding up to $5500USD, converting to CAD is ~$7500CAD.",Dillon Hall,**** 2826,,,,,,,1.417144,5773 Software License
2025-10-13T16:43:53,Purchase,ATLASSIAN,"  (9,857.39)",CAD,Cash,6918.66,USD,"~$5350USD Atlassian monthly invoice (Jira, Confluence).  Rounding up to $5500USD, converting to CAD is ~$7500CAD.",Dillon Hall,**** 2826,,,,,,,1.424754,5773 Software License
2025-10-21T00:31:55,Purchase,ATLASSIAN,  (46.71),CAD,Cash,32.7,USD,Recurring monthly purchases and licenses,Erin Baile,**** 8472,,,,,,,1.42844,5773 Software License
2025-10-29T06:12:55,Purchase,ATLASSIAN,"  (1,271.55)",CAD,Cash,894.31,USD,"~$5350USD Atlassian monthly invoice (Jira, Confluence).  Rounding up to $5500USD, converting to CAD is ~$7500CAD.",Dillon Hall,**** 2826,,,,,,,1.421822,5773 Software License
2025-11-13T15:55:53,Purchase,ATLASSIAN,"  (10,088.32)",CAD,Cash,7086.8,USD,"~$5350USD Atlassian monthly invoice (Jira, Confluence).  Rounding up to $5500USD, converting to CAD is ~$7500CAD.",Dillon Hall,**** 2826,,,,,,,1.423537,5773 Software License
2025-11-20T04:35:19,Purchase,ATLASSIAN,  (46.69),CAD,Cash,32.7,USD,Recurring monthly purchases and licenses,Erin Baile,**** 8472,,,,,,,1.427829,5773 Software License
2025-11-29T05:55:48,Purchase,ATLASSIAN,"  (1,256.56)",CAD,Cash,880.82,USD,"~$5350USD Atlassian monthly invoice (Jira, Confluence).  Rounding up to $5500USD, converting to CAD is ~$7500CAD.",Dillon Hall,**** 2826,,,,,,,1.42658,5773 Software License
2025-12-06T17:49:28,Purchase,ATLASSIAN,  (87.36),CAD,Cash,61.63,USD,"~$5350USD Atlassian monthly invoice (Jira, Confluence).  Rounding up to $5500USD, converting to CAD is ~$7500CAD.",Dillon Hall,**** 2826,,,,,,,1.417491,5773 Software License
2025-12-13T16:37:55,Purchase,ATLASSIAN,"  (10,338.19)",CAD,Cash,7382.34,USD,"~$5350USD Atlassian monthly invoice (Jira, Confluence).  Rounding up to $5500USD, converting to CAD is ~$7500CAD.",Dillon Hall,**** 2826,,,,,,,1.400395,5773 Software License
2025-12-20T06:11:06,Purchase,ATLASSIAN,  (40.12),CAD,Cash,28.62,USD,Recurring monthly purchases and licenses,Erin Baile,**** 8472,,,,,,,1.401817,5773 Software License
2025-12-29T05:59:20,Purchase,ATLASSIAN,"  (1,209.52)",CAD,Cash,870.32,USD,"~$5350USD Atlassian monthly invoice (Jira, Confluence).  Rounding up to $5500USD, converting to CAD is ~$7500CAD.",Dillon Hall,**** 2826,,,,,,,1.389742,5773 Software License
2025-01-08T03:02:04,Purchase,AUTOPAL SOFTWARE,  (876.52),CAD,Cash,596.96,USD,,Victor Ko,**** 2003,,,,,,,1.468306,5773 Software License
2025-02-04T02:19:22,Purchase,AUTOPAL SOFTWARE,  (884.47),CAD,Cash,598.36,USD,,Victor Ko,**** 2003,,,,,,,1.478157,5773 Software License
2025-04-03T02:05:18,Purchase,AUTOPAL SOFTWARE,  (844.84),CAD,Cash,578.06,USD,,Victor Ko,**** 2003,,,,,,,1.461509,5773 Software License
2025-05-03T03:24:23,Purchase,AUTOPAL SOFTWARE,  (810.20),CAD,Cash,575.96,USD,,Victor Ko,**** 2003,,,,,,,1.406695,5773 Software License
2025-06-04T02:24:46,Purchase,AUTOPAL SOFTWARE,  (800.82),CAD,Cash,570.36,USD,,Victor Ko,**** 2003,,,,,,,1.404061,5773 Software License
2025-07-03T04:01:10,Purchase,AUTOPAL SOFTWARE,  (784.84),CAD,Cash,564.41,USD,,Victor Ko,**** 2003,,,,,,,1.390549,5773 Software License
2025-08-21T02:13:33,Purchase,AUTOPAL SOFTWARE,  (796.46),CAD,Cash,567.21,USD,Auto Pal (LMS Software),Erin Baile,**** 6486,,,,,,,1.404171,5773 Software License
2025-09-03T02:21:16,Purchase,AUTOPAL SOFTWARE,  (782.19),CAD,Cash,559.16,USD,Auto Pal (LMS Software),Erin Baile,**** 6486,,,,,,,1.398866,5773 Software License
2025-10-03T03:53:08,Purchase,AUTOPAL SOFTWARE,  (787.09),CAD,Cash,556.36,USD,Auto Pal (LMS Software),Erin Baile,**** 6486,,,,,,,1.414713,5773 Software License
2025-11-04T00:48:14,Purchase,AUTOPAL SOFTWARE,  (793.73),CAD,Cash,557.06,USD,Auto Pal (LMS Software),Erin Baile,**** 6486,,,,,,,1.424855,5773 Software License
2025-12-02T23:23:03,Purchase,AUTOPAL SOFTWARE,  (785.71),CAD,Cash,550.76,USD,Auto Pal (LMS Software),Erin Baile,**** 6486,,,,,,,1.426592,5773 Software License
2025-05-09T02:11:56,Purchase,BC LIQUOR #129,  (274.78),CAD,Cash,,,,Karina Plazola,**** 9909,,,,,,,,5773 Software License
2025-01-22T06:16:12,Purchase,BILLO.APP,"  (7,352.65)",CAD,Cash,5000,USD,,Hector Alfonso Pertierra Marin,**** 3066,,,,,,,1.47053,5773 Software License
2025-01-17T05:31:34,Purchase,BROWSERSTACK.COM,  (80.24),CAD,Cash,54.88,USD,BrowserStack is a browser compatibility testing software,Erin Baile,**** 8167,,,,,,,1.462099,5773 Software License
2025-02-16T14:38:37,Purchase,BROWSERSTACK.COM,  (79.12),CAD,Cash,54.88,USD,BrowserStack is a browser compatibility testing software,Erin Baile,**** 8167,,,,,,,1.441691,5773 Software License
2025-03-16T13:06:37,Purchase,BROWSERSTACK.COM,  (80.51),CAD,Cash,54.88,USD,BrowserStack is a browser compatibility testing software,Erin Baile,**** 8167,,,,,,,1.467019,5773 Software License
2025-04-16T16:26:42,Purchase,BROWSERSTACK.COM,  (77.89),CAD,Cash,54.88,USD,BrowserStack is a browser compatibility testing software,Erin Baile,**** 8167,,,,,,,1.419278,5773 Software License
2025-05-16T16:19:03,Purchase,BROWSERSTACK.COM,  (78.03),CAD,Cash,54.88,USD,BrowserStack is a browser compatibility testing software,Erin Baile,**** 8167,,,,,,,1.421829,5773 Software License
2025-06-16T18:08:06,Purchase,BROWSERSTACK.COM,  (76.07),CAD,Cash,54.88,USD,BrowserStack is a browser compatibility testing software,Erin Baile,**** 8167,,,,,,,1.386115,5773 Software License
2025-06-16T18:08:12,Purchase,BROWSERSTACK.COM,"  (1,041.06)",CAD,Cash,751.13,USD,,Dillon Hall,**** 6151,,,,,,,1.385992,5773 Software License
2025-07-16T16:43:46,Purchase,BROWSERSTACK.COM,  (76.51),CAD,Cash,54.88,USD,BrowserStack is a browser compatibility testing software,Erin Baile,**** 8167,,,,,,,1.394133,5773 Software License
2025-08-16T16:08:56,Purchase,BROWSERSTACK.COM,  (77.00),CAD,Cash,54.88,USD,BrowserStack is a browser compatibility testing software,Erin Baile,**** 8167,,,,,,,1.403061,5773 Software License
2025-09-16T16:20:01,Purchase,BROWSERSTACK.COM,  (77.16),CAD,Cash,54.88,USD,BrowserStack is a browser compatibility testing software,Erin Baile,**** 8167,,,,,,,1.405977,5773 Software License
2025-10-16T16:27:11,Purchase,BROWSERSTACK.COM,  (78.34),CAD,Cash,54.88,USD,BrowserStack is a browser compatibility testing software,Erin Baile,**** 8167,,,,,,,1.427478,5773 Software License
2025-11-16T14:16:08,Purchase,BROWSERSTACK.COM,  (78.26),CAD,Cash,54.88,USD,BrowserStack is a browser compatibility testing software,Erin Baile,**** 8167,,,,,,,1.42602,5773 Software License
2025-12-16T16:42:55,Purchase,BROWSERSTACK.COM,  (76.83),CAD,Cash,54.88,USD,BrowserStack is a browser compatibility testing software,Erin Baile,**** 8167,,,,,,,1.399964,5773 Software License
2025-03-04T01:06:46,Purchase,CLICK STUDIOS,"  (2,132.85)",CAD,Cash,1451.8,USD,,Dillon Hall,**** 6151,,,,,,,1.469107,5773 Software License
2025-01-02T17:21:13,Purchase,CLOUDFLARE,  (133.05),CAD,Cash,90.95,USD,Recurring monthly purchases and licenses,Erin Baile,**** 8472,,,,,,,1.462892,5773 Software License
2025-02-02T14:58:19,Purchase,CLOUDFLARE,  (134.44),CAD,Cash,90.95,USD,Recurring monthly purchases and licenses,Erin Baile,**** 8472,,,,,,,1.478175,5773 Software License
2025-03-02T12:44:46,Purchase,CLOUDFLARE,  (133.62),CAD,Cash,90.95,USD,Recurring monthly purchases and licenses,Erin Baile,**** 8472,,,,,,,1.469159,5773 Software License
2025-03-07T16:09:44,Purchase,CLOUDFLARE,  (749.59),CAD,Cash,513.6,USD,Recurring monthly purchases and licenses,Erin Baile,**** 8472,,,,,,,1.459482,5773 Software License
2025-04-02T16:31:35,Purchase,CLOUDFLARE,  (133.10),CAD,Cash,90.95,USD,Recurring monthly purchases and licenses,Erin Baile,**** 8472,,,,,,,1.463441,5773 Software License
2025-05-02T16:09:01,Purchase,CLOUDFLARE,  (128.01),CAD,Cash,90.95,USD,Recurring monthly purchases and licenses,Erin Baile,**** 8472,,,,,,,1.407477,5773 Software License
2025-06-02T18:19:55,Purchase,CLOUDFLARE,  (127.70),CAD,Cash,90.95,USD,Recurring monthly purchases and licenses,Erin Baile,**** 8472,,,,,,,1.404068,5773 Software License
2025-07-02T16:26:14,Purchase,CLOUDFLARE,  (126.20),CAD,Cash,90.95,USD,Recurring monthly purchases and licenses,Erin Baile,**** 8472,,,,,,,1.387576,5773 Software License
2025-08-02T18:27:14,Purchase,CLOUDFLARE,  (128.16),CAD,Cash,90.95,USD,Recurring monthly purchases and licenses,Erin Baile,**** 8472,,,,,,,1.409126,5773 Software License
2025-08-20T02:15:31,Purchase,CLOUDFLARE,  (197.60),CAD,Cash,140.72,USD,Recurring monthly purchases and licenses,Erin Baile,**** 8472,,,,,,,1.404207,5773 Software License
2025-08-25T17:47:38,Purchase,CLOUDFLARE,  (192.98),CAD,Cash,136.5,USD,Recurring monthly purchases and licenses,Erin Baile,**** 8472,,,,,,,1.413773,5773 Software License
2025-09-02T18:17:17,Purchase,CLOUDFLARE,  (127.07),CAD,Cash,90.95,USD,Recurring monthly purchases and licenses,Erin Baile,**** 8472,,,,,,,1.397141,5773 Software License
2025-10-02T16:08:07,Purchase,CLOUDFLARE,  (128.88),CAD,Cash,90.95,USD,Recurring monthly purchases and licenses,Erin Baile,**** 8472,,,,,,,1.417042,5773 Software License
2025-10-28T00:14:39,Purchase,CLOUDFLARE,  (131.10),CAD,Cash,92.16,USD,Recurring monthly purchases and licenses,Erin Baile,**** 8472,,,,,,,1.422526,5773 Software License
2025-11-02T15:05:21,Purchase,CLOUDFLARE,  (129.60),CAD,Cash,90.95,USD,Recurring monthly purchases and licenses,Erin Baile,**** 8472,,,,,,,1.424959,5773 Software License
2025-12-02T16:24:22,Purchase,CLOUDFLARE,  (129.30),CAD,Cash,90.95,USD,,Erin Baile,**** 3003,,,,,,,1.42166,5773 Software License
2025-01-23T01:01:05,Purchase,CONNECTWISE,  (284.76),CAD,Cash,,,,Dillon Hall,**** 6151,,,,,,,,5773 Software License
2025-02-23T01:03:42,Purchase,CONNECTWISE,  (284.76),CAD,Cash,,,,Dillon Hall,**** 6151,,,,,,,,5773 Software License
2025-03-22T06:55:44,Purchase,CONNECTWISE,  (284.76),CAD,Cash,,,,Dillon Hall,**** 6151,,,,,,,,5773 Software License
2025-04-22T06:45:06,Purchase,CONNECTWISE,  (297.70),CAD,Cash,,,,Dillon Hall,**** 6151,,,,,,,,5773 Software License
2025-05-03T06:34:53,Purchase,CONNECTWISE,  (67.12),CAD,Cash,,,,Dillon Hall,**** 6151,,,,,,,,5773 Software License
2025-05-22T07:29:14,Purchase,CONNECTWISE,  (398.37),CAD,Cash,,,,Dillon Hall,**** 6151,,,,,,,,5773 Software License
2025-06-22T06:59:52,Purchase,CONNECTWISE,  (398.37),CAD,Cash,,,,Dillon Hall,**** 6151,,,,,,,,5773 Software License
2025-07-22T06:32:59,Purchase,CONNECTWISE,  (398.37),CAD,Cash,,,,Dillon Hall,**** 6151,,,,,,,,5773 Software License
2025-08-23T02:12:57,Purchase,CONNECTWISE,  (398.37),CAD,Cash,,,,Dillon Hall,**** 6151,,,,,,,,5773 Software License
2025-09-22T07:05:57,Purchase,CONNECTWISE,  (398.37),CAD,Cash,,,,Dillon Hall,**** 6151,,,,,,,,5773 Software License
2025-10-23T02:07:20,Purchase,CONNECTWISE,  (398.37),CAD,Cash,,,,Dillon Hall,**** 6151,,,,,,,,5773 Software License
2025-11-22T06:47:10,Purchase,CONNECTWISE,  (398.37),CAD,Cash,,,,Dillon Hall,**** 6151,,,,,,,,5773 Software License
2025-12-22T22:46:06,Purchase,CONNECTWISE,  (398.37),CAD,Cash,,,,Dillon Hall,**** 6151,,,,,,,,5773 Software License
2025-10-10T02:14:12,Purchase,"DATADOG, INC.","  (7,092.07)",CAD,Cash,5000.19,USD,,Erin Baile,**** 9433,,,,,,,1.41836,5773 Software License
2025-11-05T16:13:52,Purchase,"DATADOG, INC.","  (7,918.13)",CAD,Cash,5528,USD,,Erin Baile,**** 9433,,,,,,,1.432368,5773 Software License
2025-11-12T00:01:58,Purchase,"DATADOG, INC.","  (7,215.37)",CAD,Cash,5051.33,USD,,Erin Baile,**** 9433,,,,,,,1.42841,5773 Software License
2025-12-09T17:44:42,Purchase,"DATADOG, INC.","  (6,741.66)",CAD,Cash,4791.19,USD,,Erin Baile,**** 9433,,,,,,,1.407095,5773 Software License
2025-09-17T03:57:15,Purchase,DBT CLOUD SUBSCRIPTION,  (351.45),CAD,Cash,250,USD,DW Project DBT licenses 5 users,Erin Baile,**** 8168,,,,,,,1.4058,5773 Software License
2025-10-02T06:09:14,Purchase,DBT CLOUD SUBSCRIPTION,  (708.47),CAD,Cash,500,USD,DW Project DBT licenses 5 users,Erin Baile,**** 8168,,,,,,,1.41694,5773 Software License
2025-11-04T00:11:36,Purchase,DBT CLOUD SUBSCRIPTION,  (712.43),CAD,Cash,500,USD,DW Project DBT licenses 5 users,Erin Baile,**** 8168,,,,,,,1.42486,5773 Software License
2025-12-02T04:43:00,Purchase,DBT CLOUD SUBSCRIPTION,  (710.76),CAD,Cash,500,USD,DW Project DBT licenses 5 users,Erin Baile,**** 8168,,,,,,,1.42152,5773 Software License
2025-04-04T02:15:42,Purchase,Dropbox 1N7TBHLW947R,  (17.91),CAD,Cash,,,Dropbox Plus Subscription - use by F&A team,Victor Ko,**** 6606,,,,,,,,5773 Software License
2025-01-04T01:12:09,Purchase,Dropbox 326TXG34MTLG,  (17.91),CAD,Cash,,,Dropbox Plus Subscription - use by F&A team,Victor Ko,**** 6606,,,,,,,,5773 Software License
2025-10-30T22:59:53,Purchase,Dropbox 32XNHP57XT1R,  (17.91),CAD,Cash,,,,Emilio Lagman,**** 4162,,,,,,,,5773 Software License
2025-06-28T02:10:23,Purchase,Dropbox 4113QNQX18M3,  (17.91),CAD,Cash,,,New Card for Dropbox for Spring Financial email (to cancel CD email card),Victor Ko,**** 3207,,,,,,,,5773 Software License
2025-09-20T02:14:41,Purchase,Dropbox 4SDNDXJLB5PG,  (17.91),CAD,Cash,,,Spring Dropbox Account - Will pause and then cancel CD Dropbox Account Float Card for Angela,Victor Ko,**** 8770,,,,,,,,5773 Software License
2025-04-28T02:11:56,Purchase,Dropbox 4XPFBL4Y1947,  (17.91),CAD,Cash,,,New Card for Dropbox for Spring Financial email (to cancel CD email card),Victor Ko,**** 3207,,,,,,,,5773 Software License
2025-05-28T02:14:00,Purchase,Dropbox 5DTMWYFS181V,  (17.91),CAD,Cash,,,New Card for Dropbox for Spring Financial email (to cancel CD email card),Victor Ko,**** 3207,,,,,,,,5773 Software License
2025-03-04T01:09:14,Purchase,Dropbox 6CDDXBRRNK8K,  (17.91),CAD,Cash,,,Dropbox Plus Subscription - use by F&A team,Victor Ko,**** 6606,,,,,,,,5773 Software License
2025-03-02T01:13:55,Purchase,Dropbox 7P86CM63H3DF,  (17.91),CAD,Cash,,,Monthly Dropbox Subscription,Emilio Lagman,**** 7649,,,,,,,,5773 Software License
2025-03-28T02:15:57,Purchase,Dropbox 7TVDGBLWRYNZ,  (17.91),CAD,Cash,,,New Card for Dropbox for Spring Financial email (to cancel CD email card),Victor Ko,**** 3207,,,,,,,,5773 Software License
2025-08-20T02:16:00,Purchase,Dropbox 7WQ6TNSCD5S7,  (17.91),CAD,Cash,,,Spring Dropbox Account - Will pause and then cancel CD Dropbox Account Float Card for Angela,Victor Ko,**** 8770,,,,,,,,5773 Software License
2025-07-20T02:17:35,Purchase,Dropbox 7WTFJF1F1G9C,  (17.91),CAD,Cash,,,Spring Dropbox Account - Will pause and then cancel CD Dropbox Account Float Card for Angela,Victor Ko,**** 8770,,,,,,,,5773 Software License
2025-11-19T23:44:02,Purchase,Dropbox 85VB1TJQRMVH,  (17.91),CAD,Cash,,,Spring Dropbox Account - Will pause and then cancel CD Dropbox Account Float Card for Angela,Victor Ko,**** 8770,,,,,,,,5773 Software License
2025-12-20T03:06:11,Purchase,Dropbox B8X2MSM5317W,  (17.91),CAD,Cash,,,Spring Dropbox Account - Will pause and then cancel CD Dropbox Account Float Card for Angela,Victor Ko,**** 8770,,,,,,,,5773 Software License
2025-08-04T02:11:46,Purchase,Dropbox BBQ7873SV6LL,  (17.91),CAD,Cash,,,Dropbox Plus Subscription - use by F&A team,Victor Ko,**** 6606,,,,,,,,5773 Software License
2025-06-20T02:22:22,Purchase,Dropbox BRTZYK7XQD9L,  (17.91),CAD,Cash,,,Spring Dropbox Account - Will pause and then cancel CD Dropbox Account Float Card for Angela,Victor Ko,**** 8770,,,,,,,,5773 Software License
2025-07-04T02:18:18,Purchase,Dropbox BWQ8CWHMXTN6,  (17.91),CAD,Cash,,,Dropbox Plus Subscription - use by F&A team,Victor Ko,**** 6606,,,,,,,,5773 Software License
2025-10-28T00:12:23,Purchase,Dropbox DZX4PWK8918N,  (17.91),CAD,Cash,,,New Card for Dropbox for Spring Financial email (to cancel CD email card),Victor Ko,**** 3207,,,,,,,,5773 Software License
2025-05-20T02:11:47,Purchase,Dropbox G5BPHMNNNTL7,  (17.91),CAD,Cash,,,Spring Dropbox Account - Will pause and then cancel CD Dropbox Account Float Card for Angela,Victor Ko,**** 8770,,,,,,,,5773 Software License
2025-12-31T00:03:46,Purchase,Dropbox HB1KHNW93VDL,  (17.91),CAD,Cash,,,,Emilio Lagman,**** 4162,,,,,,,,5773 Software License
2025-10-20T02:08:44,Purchase,Dropbox HRR7BTFCDVT4,  (17.91),CAD,Cash,,,Spring Dropbox Account - Will pause and then cancel CD Dropbox Account Float Card for Angela,Victor Ko,**** 8770,,,,,,,,5773 Software License
2025-11-28T00:20:44,Purchase,Dropbox HW84V14D5WK1,  (17.91),CAD,Cash,,,New Card for Dropbox for Spring Financial email (to cancel CD email card),Victor Ko,**** 3207,,,,,,,,5773 Software License
2025-09-10T04:48:29,Purchase,Dropbox J5GCHLBM2FLM,  (17.91),CAD,Cash,,,,Emilio Lagman,**** 0465,,,,,,,,5773 Software License
2025-05-04T02:07:14,Purchase,Dropbox JTKM6VVN2Q21,  (17.91),CAD,Cash,,,Dropbox Plus Subscription - use by F&A team,Victor Ko,**** 6606,,,,,,,,5773 Software License
2025-12-04T00:45:31,Purchase,Dropbox LZJKRSDZSCBZ,  (17.91),CAD,Cash,,,Dropbox Plus Subscription - use by F&A team,Victor Ko,**** 6606,,,,,,,,5773 Software License
2025-08-28T02:13:26,Purchase,Dropbox M1PFGHG1CZVV,  (17.91),CAD,Cash,,,New Card for Dropbox for Spring Financial email (to cancel CD email card),Victor Ko,**** 3207,,,,,,,,5773 Software License
2025-10-10T06:13:50,Purchase,Dropbox MBZZD1TKB6K4,  (17.91),CAD,Cash,,,,Emilio Lagman,**** 0465,,,,,,,,5773 Software License
2025-11-04T00:10:48,Purchase,Dropbox N7C1LMLZ8JY7,  (17.91),CAD,Cash,,,Dropbox Plus Subscription - use by F&A team,Victor Ko,**** 6606,,,,,,,,5773 Software License
2025-03-20T02:18:51,Purchase,Dropbox NR14SW25H25S,  (17.91),CAD,Cash,,,Spring Dropbox Account - Will pause and then cancel CD Dropbox Account Float Card for Angela,Victor Ko,**** 8770,,,,,,,,5773 Software License
2025-07-28T02:17:04,Purchase,Dropbox PC7592SF6HJ5,  (17.91),CAD,Cash,,,New Card for Dropbox for Spring Financial email (to cancel CD email card),Victor Ko,**** 3207,,,,,,,,5773 Software License
2025-11-30T21:59:58,Purchase,Dropbox PMSGD13HVD2W,  (17.91),CAD,Cash,,,,Emilio Lagman,**** 4162,,,,,,,,5773 Software License
2025-09-04T02:15:13,Purchase,Dropbox Q6PW4338CFKS,  (17.91),CAD,Cash,,,Dropbox Plus Subscription - use by F&A team,Victor Ko,**** 6606,,,,,,,,5773 Software License
2025-12-10T04:57:42,Purchase,Dropbox RNZ8LXF6W6LS,  (17.91),CAD,Cash,,,,Emilio Lagman,**** 0465,,,,,,,,5773 Software License
2025-02-28T01:14:46,Purchase,Dropbox STH4GQ2VJF7X,  (17.91),CAD,Cash,,,New Card for Dropbox for Spring Financial email (to cancel CD email card),Victor Ko,**** 3207,,,,,,,,5773 Software License
2025-02-04T01:57:09,Purchase,Dropbox TBYJ5697J2P9,  (17.91),CAD,Cash,,,Dropbox Plus Subscription - use by F&A team,Victor Ko,**** 6606,,,,,,,,5773 Software License
2025-08-10T06:29:23,Purchase,Dropbox TTYB843XNYWX,  (17.91),CAD,Cash,,,,Emilio Lagman,**** 0465,,,,,,,,5773 Software License
2025-01-02T01:02:42,Purchase,Dropbox V5R1KH9XCCYS,  (17.91),CAD,Cash,,,Monthly Dropbox Subscription,Emilio Lagman,**** 7649,,,,,,,,5773 Software License
2025-06-10T05:24:03,Purchase,Dropbox V7NZDFJ7JH42,  (17.91),CAD,Cash,,,,Emilio Lagman,**** 0465,,,,,,,,5773 Software License
2025-07-10T05:01:37,Purchase,Dropbox VQY89Z896KLK,  (17.91),CAD,Cash,,,,Emilio Lagman,**** 0465,,,,,,,,5773 Software License
2025-10-01T02:11:05,Purchase,Dropbox W2X3T3CJKX7F,  (17.91),CAD,Cash,,,,Emilio Lagman,**** 4162,,,,,,,,5773 Software License
2025-12-28T02:19:10,Purchase,Dropbox W8GPXBFYW6ZC,  (17.91),CAD,Cash,,,New Card for Dropbox for Spring Financial email (to cancel CD email card),Victor Ko,**** 3207,,,,,,,,5773 Software License
2025-04-20T02:03:54,Purchase,Dropbox X64X3FKKFCZS,  (17.91),CAD,Cash,,,Spring Dropbox Account - Will pause and then cancel CD Dropbox Account Float Card for Angela,Victor Ko,**** 8770,,,,,,,,5773 Software License
2025-01-28T01:10:59,Purchase,Dropbox XB14XG45QNTK,  (17.91),CAD,Cash,,,New Card for Dropbox for Spring Financial email (to cancel CD email card),Victor Ko,**** 3207,,,,,,,,5773 Software License
2025-11-10T05:54:23,Purchase,Dropbox XNN2BPTG52KN,  (17.91),CAD,Cash,,,,Emilio Lagman,**** 0465,,,,,,,,5773 Software License
2025-06-04T02:12:55,Purchase,Dropbox XW93757SJLC8,  (17.91),CAD,Cash,,,Dropbox Plus Subscription - use by F&A team,Victor Ko,**** 6606,,,,,,,,5773 Software License
2025-02-02T01:25:13,Purchase,Dropbox YPL938MW97QV,  (17.91),CAD,Cash,,,Monthly Dropbox Subscription,Emilio Lagman,**** 7649,,,,,,,,5773 Software License
2025-10-04T02:13:56,Purchase,Dropbox Z1GGJFT7CBQV,  (17.91),CAD,Cash,,,Dropbox Plus Subscription - use by F&A team,Victor Ko,**** 6606,,,,,,,,5773 Software License
2025-09-28T02:08:29,Purchase,Dropbox Z1NM9CCFGRLZ,  (17.91),CAD,Cash,,,New Card for Dropbox for Spring Financial email (to cancel CD email card),Victor Ko,**** 3207,,,,,,,,5773 Software License
2025-02-20T01:34:11,Purchase,Dropbox ZZ2352XT45L4,  (17.91),CAD,Cash,,,Spring Dropbox Account - Will pause and then cancel CD Dropbox Account Float Card for Angela,Victor Ko,**** 8770,,,,,,,,5773 Software License
2025-06-07T02:02:11,Purchase,DROPBOX*14WH778Z7N3S,  (24.06),CAD,Cash,,,,Emilio Lagman,**** 0724,,,,,,,,5773 Software License
2025-04-06T03:56:39,Purchase,DROPBOX*16BLWQBC41VC,  (17.91),CAD,Cash,,,,Emilio Lagman,**** 9537,,,,,,,,5773 Software License
2025-11-01T23:32:38,Purchase,DROPBOX*1SYCNTD9WCJP,  (17.91),CAD,Cash,,,Monthly Dropbox Subscription,Emilio Lagman,**** 7649,,,,,,,,5773 Software License
2025-05-06T06:35:10,Purchase,DROPBOX*25WF8BBNBWRR,  (24.06),CAD,Cash,,,,Emilio Lagman,**** 0724,,,,,,,,5773 Software License
2025-11-06T00:05:16,Purchase,DROPBOX*2Y2BV8VQVXFS,  (17.91),CAD,Cash,,,,Emilio Lagman,**** 9537,,,,,,,,5773 Software License
2025-08-06T02:19:43,Purchase,DROPBOX*2YHM61JN18GK,  (17.91),CAD,Cash,,,,Emilio Lagman,**** 9537,,,,,,,,5773 Software License
2025-04-06T03:56:43,Purchase,DROPBOX*3YXLD6TW24B1,  (24.06),CAD,Cash,,,,Emilio Lagman,**** 0724,,,,,,,,5773 Software License
2025-09-02T02:12:23,Purchase,DROPBOX*7RBSRZ8LHSJS,  (17.91),CAD,Cash,,,Monthly Dropbox Subscription,Emilio Lagman,**** 7649,,,,,,,,5773 Software License
2025-05-06T02:07:05,Purchase,DROPBOX*8CLGLFV4XZKX,  (17.91),CAD,Cash,,,,Emilio Lagman,**** 9537,,,,,,,,5773 Software License
2025-09-06T02:08:58,Purchase,DROPBOX*8D8BFYQCMPS7,  (17.91),CAD,Cash,,,,Emilio Lagman,**** 9537,,,,,,,,5773 Software License
2025-04-06T03:56:43,Purchase,DROPBOX*8SYHG3MR4DQR,  (17.91),CAD,Cash,,,Monthly Dropbox Subscription,Emilio Lagman,**** 7649,,,,,,,,5773 Software License
2025-09-06T03:22:50,Purchase,DROPBOX*9JY4FJQF7YL1,  (24.06),CAD,Cash,,,,Emilio Lagman,**** 0724,,,,,,,,5773 Software License
2025-02-06T02:25:49,Purchase,DROPBOX*9JYTF8CPPDJ1,  (24.06),CAD,Cash,,,,Emilio Lagman,**** 0724,,,,,,,,5773 Software License
2025-12-02T00:04:39,Purchase,DROPBOX*BD5DD9TQ28X9,  (17.91),CAD,Cash,,,Monthly Dropbox Subscription,Emilio Lagman,**** 7649,,,,,,,,5773 Software License
2025-11-06T00:05:51,Purchase,DROPBOX*C2VQ4RZXH9MB,  (24.06),CAD,Cash,,,,Emilio Lagman,**** 0724,,,,,,,,5773 Software License
2025-06-02T04:48:42,Purchase,DROPBOX*CLJY26DQBBJB,  (17.91),CAD,Cash,,,Monthly Dropbox Subscription,Emilio Lagman,**** 7649,,,,,,,,5773 Software License
2025-08-06T02:19:55,Purchase,DROPBOX*FPGXRF66ZW5R,  (24.06),CAD,Cash,,,,Emilio Lagman,**** 0724,,,,,,,,5773 Software License
2025-05-02T06:55:04,Purchase,DROPBOX*HMLCB48HMTBF,  (17.91),CAD,Cash,,,Monthly Dropbox Subscription,Emilio Lagman,**** 7649,,,,,,,,5773 Software License
2025-01-06T04:21:17,Purchase,DROPBOX*J5GCQHQ3LMKZ,  (17.91),CAD,Cash,,,,Emilio Lagman,**** 9537,,,,,,,,5773 Software License
2025-12-06T03:24:48,Purchase,DROPBOX*J83J2ZJ39VVV,  (24.06),CAD,Cash,,,,Emilio Lagman,**** 0724,,,,,,,,5773 Software License
2025-03-06T01:20:53,Purchase,DROPBOX*KZNHGVZTSN8S,  (24.06),CAD,Cash,,,,Emilio Lagman,**** 0724,,,,,,,,5773 Software License
2025-06-06T06:58:41,Purchase,DROPBOX*LV2JCZCFTQQN,  (17.91),CAD,Cash,,,,Emilio Lagman,**** 9537,,,,,,,,5773 Software License
2025-10-02T03:58:30,Purchase,DROPBOX*LZ5G9YWZ7821,  (17.91),CAD,Cash,,,Monthly Dropbox Subscription,Emilio Lagman,**** 7649,,,,,,,,5773 Software License
2025-12-06T03:24:26,Purchase,DROPBOX*MYZZGPF47WFT,  (17.91),CAD,Cash,,,,Emilio Lagman,**** 9537,,,,,,,,5773 Software License
2025-02-06T02:25:18,Purchase,DROPBOX*Q1BR2K5B2GHT,  (17.91),CAD,Cash,,,,Emilio Lagman,**** 9537,,,,,,,,5773 Software License
2025-08-02T03:31:29,Purchase,DROPBOX*QB8JYMDCVXDQ,  (17.91),CAD,Cash,,,Monthly Dropbox Subscription,Emilio Lagman,**** 7649,,,,,,,,5773 Software License
2025-07-03T02:14:29,Purchase,DROPBOX*QFCHJCMP47PG,  (17.91),CAD,Cash,,,Monthly Dropbox Subscription,Emilio Lagman,**** 7649,,,,,,,,5773 Software License
2025-01-06T04:21:25,Purchase,DROPBOX*RN8K1KSB82Q4,  (24.06),CAD,Cash,,,,Emilio Lagman,**** 0724,,,,,,,,5773 Software License
2025-07-06T04:46:04,Purchase,DROPBOX*STL9JSYVRDWW,  (17.91),CAD,Cash,,,,Emilio Lagman,**** 9537,,,,,,,,5773 Software License
2025-10-06T02:11:32,Purchase,DROPBOX*T3H132561Q8J,  (17.91),CAD,Cash,,,,Emilio Lagman,**** 9537,,,,,,,,5773 Software License
2025-10-06T03:13:40,Purchase,DROPBOX*VHWQJSYY5819,  (24.06),CAD,Cash,,,,Emilio Lagman,**** 0724,,,,,,,,5773 Software License
2025-07-06T04:46:16,Purchase,DROPBOX*WN7K493SYXHR,  (24.06),CAD,Cash,,,,Emilio Lagman,**** 0724,,,,,,,,5773 Software License
2025-03-06T01:20:35,Purchase,DROPBOX*YRST9WJSK5SY,  (17.91),CAD,Cash,,,,Emilio Lagman,**** 9537,,,,,,,,5773 Software License
2025-07-15T02:21:26,Purchase,ELEMENTOR.COM,  (138.00),CAD,Cash,99,USD,,Cory Eden,**** 2172,,,,,,,1.393939,5773 Software License
2025-03-04T01:07:15,Purchase,FIGMA,"  (10,135.98)",CAD,Cash,6899.4,USD,,Hector Alfonso Pertierra Marin,**** 9737,,,,,,,1.46911,5773 Software License
2025-10-03T02:04:41,Purchase,FIGMA,  (466.34),CAD,Cash,,,,Hector Alfonso Pertierra Marin,**** 9737,,,,,,,,5773 Software License
2025-01-26T02:28:03,Purchase,FIGMA MONTHLY RENEWAL,  (637.90),CAD,Cash,436.8,USD,,Dillon Hall,**** 6151,,,,,,,1.460394,5773 Software License
2025-02-26T01:18:46,Purchase,FIGMA MONTHLY RENEWAL,  (600.23),CAD,Cash,414.4,USD,,Dillon Hall,**** 6151,,,,,,,1.448431,5773 Software License
2025-07-29T06:19:27,Purchase,FiverrEU,  (21.21),CAD,Cash,,,,Dillon Hall,**** 6151,,,,,,,,5773 Software License
2025-01-12T06:16:21,Purchase,FRAMER.COM,  (25.00),CAD,Cash,,,Recurring monthly purchases and licenses,Erin Baile,**** 8472,,,,,,,,5773 Software License
2025-02-12T06:18:33,Purchase,FRAMER.COM,  (25.00),CAD,Cash,,,Recurring monthly purchases and licenses,Erin Baile,**** 8472,,,,,,,,5773 Software License
2025-03-12T06:20:18,Purchase,FRAMER.COM,  (25.00),CAD,Cash,,,Recurring monthly purchases and licenses,Erin Baile,**** 8472,,,,,,,,5773 Software License
2025-04-12T06:26:51,Purchase,FRAMER.COM,  (25.00),CAD,Cash,,,Recurring monthly purchases and licenses,Erin Baile,**** 8472,,,,,,,,5773 Software License
2025-05-12T06:29:42,Purchase,FRAMER.COM,  (25.00),CAD,Cash,,,Recurring monthly purchases and licenses,Erin Baile,**** 8472,,,,,,,,5773 Software License
2025-06-12T06:35:28,Purchase,FRAMER.COM,  (25.00),CAD,Cash,,,Recurring monthly purchases and licenses,Erin Baile,**** 8472,,,,,,,,5773 Software License
2025-07-12T06:32:05,Purchase,FRAMER.COM,  (25.00),CAD,Cash,,,Recurring monthly purchases and licenses,Erin Baile,**** 8472,,,,,,,,5773 Software License
2025-08-12T06:22:46,Purchase,FRAMER.COM,  (25.00),CAD,Cash,,,Recurring monthly purchases and licenses,Erin Baile,**** 8472,,,,,,,,5773 Software License
2025-09-12T06:33:02,Purchase,FRAMER.COM,  (25.00),CAD,Cash,,,Recurring monthly purchases and licenses,Erin Baile,**** 8472,,,,,,,,5773 Software License
2025-09-17T06:27:14,Refund,FRAMER.COM,  25.00 ,CAD,Cash,,,Recurring monthly purchases and licenses,Erin Baile,**** 8472,,,,,,,,5773 Software License
2025-08-12T02:17:19,Purchase,FREEMIUS* BLOCKSY COMP,  (417.81),CAD,Cash,299,USD,,Cory Eden,**** 2172,,,,,,,1.397358,5773 Software License
2025-01-02T17:21:13,Purchase,FS *gearset.com,"  (1,009.35)",CAD,Cash,690,USD,Recurring monthly purchases and licenses,Erin Baile,**** 8472,,,,,,,1.462826,5773 Software License
2025-02-02T14:58:20,Purchase,FS *gearset.com,"  (1,019.93)",CAD,Cash,690,USD,Recurring monthly purchases and licenses,Erin Baile,**** 8472,,,,,,,1.478159,5773 Software License
2025-03-02T12:44:49,Purchase,FS *gearset.com,"  (1,013.69)",CAD,Cash,690,USD,Recurring monthly purchases and licenses,Erin Baile,**** 8472,,,,,,,1.469116,5773 Software License
2025-01-04T01:08:19,Purchase,FUBO,  (29.99),CAD,Cash,,,,Dillon Hall,**** 6151,,,,,,,,5773 Software License
2025-02-04T01:06:11,Purchase,FUBO,  (29.99),CAD,Cash,,,,Dillon Hall,**** 6151,,,,,,,,5773 Software License
2025-03-04T01:07:47,Purchase,FUBO,  (29.99),CAD,Cash,,,,Dillon Hall,**** 6151,,,,,,,,5773 Software License
2025-04-04T02:05:12,Purchase,FUBO,  (29.99),CAD,Cash,,,,Dillon Hall,**** 6151,,,,,,,,5773 Software License
2025-05-03T17:31:02,Purchase,FUBO,  (29.99),CAD,Cash,,,,Dillon Hall,**** 6151,,,,,,,,5773 Software License
2025-06-04T02:19:06,Purchase,FUBO,  (29.99),CAD,Cash,,,,Dillon Hall,**** 6151,,,,,,,,5773 Software License
2025-07-04T02:05:59,Purchase,FUBO,  (29.99),CAD,Cash,,,,Dillon Hall,**** 6151,,,,,,,,5773 Software License
2025-08-04T02:09:35,Purchase,FUBO,  (33.59),CAD,Cash,,,,Dillon Hall,**** 6151,,,,,,,,5773 Software License
2025-08-27T02:16:09,Purchase,FUBO,  (85.58),CAD,Cash,,,,Dillon Hall,**** 6151,,,,,,,,5773 Software License
2025-01-25T05:22:50,Purchase,GEMFURY,  (36.59),CAD,Cash,25,USD,Recurring monthly purchases and licenses,Erin Baile,**** 8472,,,,,,,1.4636,5773 Software License
2025-02-25T01:11:51,Purchase,GEMFURY,  (36.15),CAD,Cash,25,USD,Recurring monthly purchases and licenses,Erin Baile,**** 8472,,,,,,,1.446,5773 Software License
2025-03-25T02:14:25,Purchase,GEMFURY,  (36.48),CAD,Cash,25,USD,Recurring monthly purchases and licenses,Erin Baile,**** 8472,,,,,,,1.4592,5773 Software License
2025-04-25T02:19:02,Purchase,GEMFURY,  (35.30),CAD,Cash,25,USD,Recurring monthly purchases and licenses,Erin Baile,**** 8472,,,,,,,1.412,5773 Software License
2025-05-25T06:14:07,Purchase,GEMFURY,  (35.20),CAD,Cash,25,USD,Recurring monthly purchases and licenses,Erin Baile,**** 8472,,,,,,,1.408,5773 Software License
2025-06-25T02:21:43,Purchase,GEMFURY,  (35.02),CAD,Cash,25,USD,Recurring monthly purchases and licenses,Erin Baile,**** 8472,,,,,,,1.4008,5773 Software License
2025-07-25T02:22:38,Purchase,GEMFURY,  (34.60),CAD,Cash,25,USD,Recurring monthly purchases and licenses,Erin Baile,**** 8472,,,,,,,1.384,5773 Software License
2025-08-25T03:28:53,Purchase,GEMFURY,  (35.35),CAD,Cash,25,USD,Recurring monthly purchases and licenses,Erin Baile,**** 8472,,,,,,,1.414,5773 Software License
2025-09-25T02:13:45,Purchase,GEMFURY,  (35.15),CAD,Cash,25,USD,Recurring monthly purchases and licenses,Erin Baile,**** 8472,,,,,,,1.406,5773 Software License
2025-10-25T02:48:06,Purchase,GEMFURY,  (35.55),CAD,Cash,25,USD,Recurring monthly purchases and licenses,Erin Baile,**** 8472,,,,,,,1.422,5773 Software License
2025-11-25T00:07:38,Purchase,GEMFURY,  (35.86),CAD,Cash,25,USD,,Erin Baile,**** 7645,,,,,,,1.4344,5773 Software License
2025-12-25T03:38:16,Purchase,GEMFURY,  (34.92),CAD,Cash,25,USD,,Erin Baile,**** 7645,,,,,,,1.3968,5773 Software License
2025-01-02T17:21:24,Purchase,"GITHUB, INC.",  (14.63),CAD,Cash,10,USD,Recurring monthly purchases and licenses,Erin Baile,**** 8472,,,,,,,1.463,5773 Software License
2025-01-02T17:21:27,Purchase,"GITHUB, INC.",  (14.63),CAD,Cash,10,USD,Recurring monthly purchases and licenses,Erin Baile,**** 8472,,,,,,,1.463,5773 Software License
2025-01-04T01:07:11,Purchase,"GITHUB, INC.",  (14.66),CAD,Cash,10,USD,Recurring monthly purchases and licenses,Erin Baile,**** 8472,,,,,,,1.466,5773 Software License
2025-01-04T17:42:23,Purchase,"GITHUB, INC.",  (14.69),CAD,Cash,10,USD,Recurring monthly purchases and licenses,Erin Baile,**** 8472,,,,,,,1.469,5773 Software License
2025-01-07T01:01:49,Purchase,"GITHUB, INC.",  (14.69),CAD,Cash,10,USD,Recurring monthly purchases and licenses,Erin Baile,**** 8472,,,,,,,1.469,5773 Software License
2025-01-08T01:08:10,Purchase,"GITHUB, INC.",  (14.68),CAD,Cash,10,USD,Recurring monthly purchases and licenses,Erin Baile,**** 8472,,,,,,,1.468,5773 Software License
2025-01-18T01:01:09,Purchase,"GITHUB, INC.",  (14.62),CAD,Cash,10,USD,Recurring monthly purchases and licenses,Erin Baile,**** 8472,,,,,,,1.462,5773 Software License
2025-01-18T16:57:06,Purchase,"GITHUB, INC.",  (428.31),CAD,Cash,291.22,USD,Recurring monthly purchases and licenses,Erin Baile,**** 8472,,,,,,,1.470744,5773 Software License
2025-01-18T16:57:07,Purchase,"GITHUB, INC.",  (5.89),CAD,Cash,4,USD,Recurring monthly purchases and licenses,Erin Baile,**** 8472,,,,,,,1.4725,5773 Software License
2025-02-03T01:06:08,Purchase,"GITHUB, INC.",  (14.78),CAD,Cash,10,USD,Recurring monthly purchases and licenses,Erin Baile,**** 8472,,,,,,,1.478,5773 Software License
2025-02-03T01:06:10,Purchase,"GITHUB, INC.",  (14.78),CAD,Cash,10,USD,Recurring monthly purchases and licenses,Erin Baile,**** 8472,,,,,,,1.478,5773 Software License
2025-02-04T01:04:49,Purchase,"GITHUB, INC.",  (14.78),CAD,Cash,10,USD,Recurring monthly purchases and licenses,Erin Baile,**** 8472,,,,,,,1.478,5773 Software License
2025-02-04T17:48:38,Purchase,"GITHUB, INC.",  (15.00),CAD,Cash,10,USD,Recurring monthly purchases and licenses,Erin Baile,**** 8472,,,,,,,1.5,5773 Software License
2025-02-07T01:16:27,Purchase,"GITHUB, INC.",  (14.59),CAD,Cash,10,USD,Recurring monthly purchases and licenses,Erin Baile,**** 8472,,,,,,,1.459,5773 Software License
2025-02-08T01:04:52,Purchase,"GITHUB, INC.",  (14.59),CAD,Cash,10,USD,Recurring monthly purchases and licenses,Erin Baile,**** 8472,,,,,,,1.459,5773 Software License
2025-02-18T01:03:46,Purchase,"GITHUB, INC.",  (14.42),CAD,Cash,10,USD,Recurring monthly purchases and licenses,Erin Baile,**** 8472,,,,,,,1.442,5773 Software License
2025-02-19T01:03:40,Purchase,"GITHUB, INC.",  (5.77),CAD,Cash,4,USD,Recurring monthly purchases and licenses,Erin Baile,**** 8472,,,,,,,1.4425,5773 Software License
2025-02-19T01:03:42,Purchase,"GITHUB, INC.",  (521.46),CAD,Cash,361.87,USD,Recurring monthly purchases and licenses,Erin Baile,**** 8472,,,,,,,1.441015,5773 Software License
2025-02-25T01:14:21,Purchase,"GITHUB, INC.",  (3.10),CAD,Cash,2.14,USD,Recurring monthly purchases and licenses,Erin Baile,**** 8472,,,,,,,1.448598,5773 Software License
2025-03-03T01:07:37,Purchase,"GITHUB, INC.",  (14.69),CAD,Cash,10,USD,Recurring monthly purchases and licenses,Erin Baile,**** 8472,,,,,,,1.469,5773 Software License
2025-03-03T01:07:38,Purchase,"GITHUB, INC.",  (14.69),CAD,Cash,10,USD,Recurring monthly purchases and licenses,Erin Baile,**** 8472,,,,,,,1.469,5773 Software License
2025-03-03T01:07:43,Purchase,"GITHUB, INC.",  (14.69),CAD,Cash,10,USD,Recurring monthly purchases and licenses,Erin Baile,**** 8472,,,,,,,1.469,5773 Software License
2025-03-04T01:07:17,Purchase,"GITHUB, INC.",  (14.69),CAD,Cash,10,USD,Recurring monthly purchases and licenses,Erin Baile,**** 8472,,,,,,,1.469,5773 Software License
2025-03-05T01:08:33,Purchase,"GITHUB, INC.",  (14.76),CAD,Cash,10,USD,Recurring monthly purchases and licenses,Erin Baile,**** 8472,,,,,,,1.476,5773 Software License
2025-03-07T01:06:05,Purchase,"GITHUB, INC.",  (14.67),CAD,Cash,10,USD,Recurring monthly purchases and licenses,Erin Baile,**** 8472,,,,,,,1.467,5773 Software License
2025-03-08T01:05:18,Purchase,"GITHUB, INC.",  (14.60),CAD,Cash,10,USD,Recurring monthly purchases and licenses,Erin Baile,**** 8472,,,,,,,1.46,5773 Software License
2025-03-18T02:01:31,Purchase,"GITHUB, INC.",  (14.67),CAD,Cash,10,USD,Recurring monthly purchases and licenses,Erin Baile,**** 8472,,,,,,,1.467,5773 Software License
2025-03-19T02:09:23,Purchase,"GITHUB, INC.",  (5.84),CAD,Cash,4,USD,Recurring monthly purchases and licenses,Erin Baile,**** 8472,,,,,,,1.46,5773 Software License
2025-03-19T02:09:28,Purchase,"GITHUB, INC.",  (508.45),CAD,Cash,348.23,USD,Recurring monthly purchases and licenses,Erin Baile,**** 8472,,,,,,,1.460098,5773 Software License
2025-04-03T02:06:13,Purchase,"GITHUB, INC.",  (14.64),CAD,Cash,10,USD,Recurring monthly purchases and licenses,Erin Baile,**** 8472,,,,,,,1.464,5773 Software License
2025-04-03T02:06:15,Purchase,"GITHUB, INC.",  (14.64),CAD,Cash,10,USD,Recurring monthly purchases and licenses,Erin Baile,**** 8472,,,,,,,1.464,5773 Software License
2025-04-03T02:06:17,Purchase,"GITHUB, INC.",  (14.64),CAD,Cash,10,USD,Recurring monthly purchases and licenses,Erin Baile,**** 8472,,,,,,,1.464,5773 Software License
2025-04-04T02:04:50,Purchase,"GITHUB, INC.",  (14.59),CAD,Cash,10,USD,Recurring monthly purchases and licenses,Erin Baile,**** 8472,,,,,,,1.459,5773 Software License
2025-04-04T17:01:44,Purchase,"GITHUB, INC.",  (14.54),CAD,Cash,10,USD,Recurring monthly purchases and licenses,Erin Baile,**** 8472,,,,,,,1.454,5773 Software License
2025-04-07T02:03:11,Purchase,"GITHUB, INC.",  (14.48),CAD,Cash,10,USD,Recurring monthly purchases and licenses,Erin Baile,**** 8472,,,,,,,1.448,5773 Software License
2025-04-07T18:06:49,Purchase,"GITHUB, INC.",  (14.48),CAD,Cash,10,USD,Recurring monthly purchases and licenses,Erin Baile,**** 8472,,,,,,,1.448,5773 Software License
2025-04-18T02:01:35,Purchase,"GITHUB, INC.",  (14.18),CAD,Cash,10,USD,Recurring monthly purchases and licenses,Erin Baile,**** 8472,,,,,,,1.418,5773 Software License
2025-04-19T02:01:35,Purchase,"GITHUB, INC.",  (440.69),CAD,Cash,312.15,USD,Recurring monthly purchases and licenses,Erin Baile,**** 8472,,,,,,,1.411789,5773 Software License
2025-04-19T02:01:36,Purchase,"GITHUB, INC.",  (5.65),CAD,Cash,4,USD,Recurring monthly purchases and licenses,Erin Baile,**** 8472,,,,,,,1.4125,5773 Software License
2025-05-03T02:04:49,Purchase,"GITHUB, INC.",  (14.08),CAD,Cash,10,USD,Recurring monthly purchases and licenses,Erin Baile,**** 8472,,,,,,,1.408,5773 Software License
2025-05-03T02:04:50,Purchase,"GITHUB, INC.",  (14.08),CAD,Cash,10,USD,Recurring monthly purchases and licenses,Erin Baile,**** 8472,,,,,,,1.408,5773 Software License
2025-05-03T02:04:50,Purchase,"GITHUB, INC.",  (14.08),CAD,Cash,10,USD,Recurring monthly purchases and licenses,Erin Baile,**** 8472,,,,,,,1.408,5773 Software License
2025-05-03T17:31:01,Purchase,"GITHUB, INC.",  (14.07),CAD,Cash,10,USD,Recurring monthly purchases and licenses,Erin Baile,**** 8472,,,,,,,1.407,5773 Software License
2025-05-04T17:45:12,Purchase,"GITHUB, INC.",  (14.07),CAD,Cash,10,USD,Recurring monthly purchases and licenses,Erin Baile,**** 8472,,,,,,,1.407,5773 Software License
2025-05-07T02:05:16,Purchase,"GITHUB, INC.",  (14.04),CAD,Cash,10,USD,Recurring monthly purchases and licenses,Erin Baile,**** 8472,,,,,,,1.404,5773 Software License
2025-05-07T02:05:18,Purchase,"GITHUB, INC.",  (210.24),CAD,Cash,149.77,USD,Recurring monthly purchases and licenses,Erin Baile,**** 8472,,,,,,,1.403752,5773 Software License
2025-05-08T02:08:16,Purchase,"GITHUB, INC.",  (14.06),CAD,Cash,10,USD,Recurring monthly purchases and licenses,Erin Baile,**** 8472,,,,,,,1.406,5773 Software License
2025-05-13T02:13:32,Purchase,"GITHUB, INC.",  (5.67),CAD,Cash,4,USD,Recurring monthly purchases and licenses,Erin Baile,**** 8472,,,,,,,1.4175,5773 Software License
2025-05-18T02:06:37,Purchase,"GITHUB, INC.",  (14.21),CAD,Cash,10,USD,Recurring monthly purchases and licenses,Erin Baile,**** 8472,,,,,,,1.421,5773 Software License
2025-05-19T02:10:15,Purchase,"GITHUB, INC.",  (5.69),CAD,Cash,4,USD,Recurring monthly purchases and licenses,Erin Baile,**** 8472,,,,,,,1.4225,5773 Software License
2025-05-19T02:10:23,Purchase,"GITHUB, INC.",  (358.05),CAD,Cash,252,USD,Recurring monthly purchases and licenses,Erin Baile,**** 8472,,,,,,,1.420833,5773 Software License
2025-06-02T18:20:24,Purchase,"GITHUB, INC.",  (14.04),CAD,Cash,10,USD,Recurring monthly purchases and licenses,Erin Baile,**** 8472,,,,,,,1.404,5773 Software License
2025-06-02T18:20:25,Purchase,"GITHUB, INC.",  (14.04),CAD,Cash,10,USD,Recurring monthly purchases and licenses,Erin Baile,**** 8472,,,,,,,1.404,5773 Software License
2025-06-02T18:20:25,Purchase,"GITHUB, INC.",  (14.04),CAD,Cash,10,USD,Recurring monthly purchases and licenses,Erin Baile,**** 8472,,,,,,,1.404,5773 Software License
2025-06-04T02:05:02,Purchase,"GITHUB, INC.",  (13.96),CAD,Cash,10,USD,Recurring monthly purchases and licenses,Erin Baile,**** 8472,,,,,,,1.396,5773 Software License
2025-06-05T02:05:09,Purchase,"GITHUB, INC.",  (13.95),CAD,Cash,10,USD,Recurring monthly purchases and licenses,Erin Baile,**** 8472,,,,,,,1.395,5773 Software License
2025-06-07T02:03:38,Purchase,"GITHUB, INC.",  (13.90),CAD,Cash,10,USD,Recurring monthly purchases and licenses,Erin Baile,**** 8472,,,,,,,1.39,5773 Software License
2025-06-18T02:03:57,Purchase,"GITHUB, INC.",  (13.82),CAD,Cash,10,USD,Recurring monthly purchases and licenses,Erin Baile,**** 8472,,,,,,,1.382,5773 Software License
2025-06-19T02:06:08,Purchase,"GITHUB, INC.",  (608.80),CAD,Cash,437.91,USD,Recurring monthly purchases and licenses,Erin Baile,**** 8472,,,,,,,1.39024,5773 Software License
2025-06-19T02:06:17,Purchase,"GITHUB, INC.",  (5.57),CAD,Cash,4,USD,Recurring monthly purchases and licenses,Erin Baile,**** 8472,,,,,,,1.3925,5773 Software License
2025-07-03T02:01:10,Purchase,"GITHUB, INC.",  (13.88),CAD,Cash,10,USD,Recurring monthly purchases and licenses,Erin Baile,**** 8472,,,,,,,1.388,5773 Software License
2025-07-03T02:01:11,Purchase,"GITHUB, INC.",  (13.88),CAD,Cash,10,USD,Recurring monthly purchases and licenses,Erin Baile,**** 8472,,,,,,,1.388,5773 Software License
2025-07-03T02:01:11,Purchase,"GITHUB, INC.",  (13.88),CAD,Cash,10,USD,Recurring monthly purchases and licenses,Erin Baile,**** 8472,,,,,,,1.388,5773 Software License
2025-07-04T02:05:35,Purchase,"GITHUB, INC.",  (13.87),CAD,Cash,10,USD,Recurring monthly purchases and licenses,Erin Baile,**** 8472,,,,,,,1.387,5773 Software License
2025-07-05T02:07:35,Purchase,"GITHUB, INC.",  (13.84),CAD,Cash,10,USD,Recurring monthly purchases and licenses,Erin Baile,**** 8472,,,,,,,1.384,5773 Software License
2025-07-07T02:06:49,Purchase,"GITHUB, INC.",  (13.83),CAD,Cash,10,USD,Recurring monthly purchases and licenses,Erin Baile,**** 8472,,,,,,,1.383,5773 Software License
2025-07-07T18:10:46,Purchase,"GITHUB, INC.",  (13.83),CAD,Cash,10,USD,Recurring monthly purchases and licenses,Erin Baile,**** 8472,,,,,,,1.383,5773 Software License
2025-07-09T02:28:34,Purchase,"GITHUB, INC.",  (1.85),CAD,Cash,1.33,USD,Recurring monthly purchases and licenses,Erin Baile,**** 8472,,,,,,,1.390977,5773 Software License
2025-07-09T02:28:35,Purchase,"GITHUB, INC.",  (105.53),CAD,Cash,75.96,USD,Recurring monthly purchases and licenses,Erin Baile,**** 8472,,,,,,,1.389284,5773 Software License
2025-07-18T02:11:57,Purchase,"GITHUB, INC.",  (13.97),CAD,Cash,10,USD,Recurring monthly purchases and licenses,Erin Baile,**** 8472,,,,,,,1.397,5773 Software License
2025-07-19T02:09:41,Purchase,"GITHUB, INC.",  (5.60),CAD,Cash,4,USD,Recurring monthly purchases and licenses,Erin Baile,**** 8472,,,,,,,1.4,5773 Software License
2025-07-19T02:09:44,Purchase,"GITHUB, INC.",  (363.61),CAD,Cash,260,USD,Recurring monthly purchases and licenses,Erin Baile,**** 8472,,,,,,,1.3985,5773 Software License
2025-08-02T18:29:46,Purchase,"GITHUB, INC.",  (14.09),CAD,Cash,10,USD,Recurring monthly purchases and licenses,Erin Baile,**** 8472,,,,,,,1.409,5773 Software License
2025-08-02T18:29:55,Purchase,"GITHUB, INC.",  (14.09),CAD,Cash,10,USD,Recurring monthly purchases and licenses,Erin Baile,**** 8472,,,,,,,1.409,5773 Software License
2025-08-02T18:30:18,Purchase,"GITHUB, INC.",  (14.09),CAD,Cash,10,USD,Recurring monthly purchases and licenses,Erin Baile,**** 8472,,,,,,,1.409,5773 Software License
2025-08-04T02:10:25,Purchase,"GITHUB, INC.",  (14.09),CAD,Cash,10,USD,Recurring monthly purchases and licenses,Erin Baile,**** 8472,,,,,,,1.409,5773 Software License
2025-08-04T18:11:06,Purchase,"GITHUB, INC.",  (14.09),CAD,Cash,10,USD,Recurring monthly purchases and licenses,Erin Baile,**** 8472,,,,,,,1.409,5773 Software License
2025-08-07T02:11:55,Purchase,"GITHUB, INC.",  (14.02),CAD,Cash,10,USD,Recurring monthly purchases and licenses,Erin Baile,**** 8472,,,,,,,1.402,5773 Software License
2025-08-08T02:07:35,Purchase,"GITHUB, INC.",  (13.99),CAD,Cash,10,USD,Recurring monthly purchases and licenses,Erin Baile,**** 8472,,,,,,,1.399,5773 Software License
2025-08-18T02:09:26,Purchase,"GITHUB, INC.",  (14.03),CAD,Cash,10,USD,Recurring monthly purchases and licenses,Erin Baile,**** 8472,,,,,,,1.403,5773 Software License
2025-08-18T18:04:16,Purchase,"GITHUB, INC.",  (658.02),CAD,Cash,469.03,USD,Recurring monthly purchases and licenses,Erin Baile,**** 8472,,,,,,,1.402938,5773 Software License
2025-08-18T18:04:17,Purchase,"GITHUB, INC.",  (5.62),CAD,Cash,4,USD,Recurring monthly purchases and licenses,Erin Baile,**** 8472,,,,,,,1.405,5773 Software License
2025-08-27T02:11:58,Refund,"GITHUB, INC.",  3.62 ,CAD,Cash,2.58,USD,Recurring monthly purchases and licenses,Erin Baile,**** 8472,,,,,,,1.403101,5773 Software License
2025-09-02T18:17:33,Purchase,"GITHUB, INC.",  (13.97),CAD,Cash,10,USD,Recurring monthly purchases and licenses,Erin Baile,**** 8472,,,,,,,1.397,5773 Software License
2025-09-02T18:17:34,Purchase,"GITHUB, INC.",  (13.97),CAD,Cash,10,USD,Recurring monthly purchases and licenses,Erin Baile,**** 8472,,,,,,,1.397,5773 Software License
2025-09-04T02:12:12,Purchase,"GITHUB, INC.",  (14.03),CAD,Cash,10,USD,Recurring monthly purchases and licenses,Erin Baile,**** 8472,,,,,,,1.403,5773 Software License
2025-09-05T02:01:31,Purchase,"GITHUB, INC.",  (14.02),CAD,Cash,10,USD,Recurring monthly purchases and licenses,Erin Baile,**** 8472,,,,,,,1.402,5773 Software License
2025-09-07T02:09:44,Purchase,"GITHUB, INC.",  (14.06),CAD,Cash,10,USD,Recurring monthly purchases and licenses,Erin Baile,**** 8472,,,,,,,1.406,5773 Software License
2025-09-08T02:08:59,Purchase,"GITHUB, INC.",  (14.06),CAD,Cash,10,USD,Recurring monthly purchases and licenses,Erin Baile,**** 8472,,,,,,,1.406,5773 Software License
2025-09-13T02:02:12,Purchase,"GITHUB, INC.",  (889.11),CAD,Cash,630.51,USD,Recurring monthly purchases and licenses,Erin Baile,**** 8472,,,,,,,1.410144,5773 Software License
2025-09-18T02:07:49,Purchase,"GITHUB, INC.",  (14.00),CAD,Cash,10,USD,Recurring monthly purchases and licenses,Erin Baile,**** 8472,,,,,,,1.4,5773 Software License
2025-09-19T02:08:52,Purchase,"GITHUB, INC.",  (5.61),CAD,Cash,4,USD,Recurring monthly purchases and licenses,Erin Baile,**** 8472,,,,,,,1.4025,5773 Software License
2025-09-19T02:08:58,Purchase,"GITHUB, INC.",  (391.95),CAD,Cash,280,USD,Recurring monthly purchases and licenses,Erin Baile,**** 8472,,,,,,,1.399821,5773 Software License
2025-10-03T02:03:10,Purchase,"GITHUB, INC.",  (14.17),CAD,Cash,10,USD,Recurring monthly purchases and licenses,Erin Baile,**** 8472,,,,,,,1.417,5773 Software License
2025-10-03T02:03:12,Purchase,"GITHUB, INC.",  (14.17),CAD,Cash,10,USD,Recurring monthly purchases and licenses,Erin Baile,**** 8472,,,,,,,1.417,5773 Software License
2025-10-04T02:06:34,Purchase,"GITHUB, INC.",  (14.20),CAD,Cash,10,USD,Recurring monthly purchases and licenses,Erin Baile,**** 8472,,,,,,,1.42,5773 Software License
2025-10-05T02:06:44,Purchase,"GITHUB, INC.",  (14.18),CAD,Cash,10,USD,Recurring monthly purchases and licenses,Erin Baile,**** 8472,,,,,,,1.418,5773 Software License
2025-10-07T02:04:32,Purchase,"GITHUB, INC.",  (14.18),CAD,Cash,10,USD,Recurring monthly purchases and licenses,Erin Baile,**** 8472,,,,,,,1.418,5773 Software License
2025-10-08T02:01:37,Purchase,"GITHUB, INC.",  (14.18),CAD,Cash,10,USD,Recurring monthly purchases and licenses,Erin Baile,**** 8472,,,,,,,1.418,5773 Software License
2025-10-17T18:32:21,Purchase,"GITHUB, INC.",  (14.28),CAD,Cash,10,USD,Recurring monthly purchases and licenses,Erin Baile,**** 8472,,,,,,,1.428,5773 Software License
2025-10-19T02:02:13,Purchase,"GITHUB, INC.",  (5.72),CAD,Cash,4,USD,Recurring monthly purchases and licenses,Erin Baile,**** 8472,,,,,,,1.43,5773 Software License
2025-10-19T02:02:13,Purchase,"GITHUB, INC.","  (1,396.86)",CAD,Cash,978.12,USD,Recurring monthly purchases and licenses,Erin Baile,**** 8472,,,,,,,1.428107,5773 Software License
2025-11-02T20:53:32,Purchase,"GITHUB, INC.",  (14.26),CAD,Cash,10,USD,Recurring monthly purchases and licenses,Erin Baile,**** 8472,,,,,,,1.426,5773 Software License
2025-11-02T20:53:33,Purchase,"GITHUB, INC.",  (14.26),CAD,Cash,10,USD,Recurring monthly purchases and licenses,Erin Baile,**** 8472,,,,,,,1.426,5773 Software License
2025-11-04T00:05:52,Purchase,"GITHUB, INC.",  (14.26),CAD,Cash,10,USD,Recurring monthly purchases and licenses,Erin Baile,**** 8472,,,,,,,1.426,5773 Software License
2025-11-04T23:21:52,Purchase,"GITHUB, INC.",  (14.30),CAD,Cash,10,USD,Recurring monthly purchases and licenses,Erin Baile,**** 8472,,,,,,,1.43,5773 Software License
2025-11-06T22:54:53,Purchase,"GITHUB, INC.",  (14.36),CAD,Cash,10,USD,Recurring monthly purchases and licenses,Erin Baile,**** 8472,,,,,,,1.436,5773 Software License
2025-11-07T22:35:17,Purchase,"GITHUB, INC.",  (14.36),CAD,Cash,10,USD,Recurring monthly purchases and licenses,Erin Baile,**** 8472,,,,,,,1.436,5773 Software License
2025-11-18T00:14:41,Purchase,"GITHUB, INC.",  (14.27),CAD,Cash,10,USD,Recurring monthly purchases and licenses,Erin Baile,**** 8472,,,,,,,1.427,5773 Software License
2025-11-18T23:00:42,Purchase,"GITHUB, INC.","  (1,462.78)",CAD,Cash,1025.01,USD,,Erin Baile,**** 3878,,,,,,,1.427089,5773 Software License
2025-11-18T23:00:45,Purchase,"GITHUB, INC.",  (5.71),CAD,Cash,4,USD,Recurring monthly purchases and licenses,Erin Baile,**** 8472,,,,,,,1.4275,5773 Software License
2025-11-22T23:49:57,Purchase,"GITHUB, INC.",  (57.34),CAD,Cash,39.97,USD,,Erin Baile,**** 7663,,,,,,,1.434576,5773 Software License
2025-12-03T00:44:24,Purchase,"GITHUB, INC.",  (14.21),CAD,Cash,10,USD,Recurring monthly purchases and licenses,Erin Baile,**** 8472,,,,,,,1.421,5773 Software License
2025-12-03T00:44:25,Purchase,"GITHUB, INC.",  (14.21),CAD,Cash,10,USD,Recurring monthly purchases and licenses,Erin Baile,**** 8472,,,,,,,1.421,5773 Software License
2025-12-03T00:44:27,Purchase,"GITHUB, INC.",  (429.74),CAD,Cash,302.31,USD,,Erin Baile,**** 7663,,,,,,,1.421521,5773 Software License
2025-12-04T00:34:29,Purchase,"GITHUB, INC.",  (14.24),CAD,Cash,10,USD,Recurring monthly purchases and licenses,Erin Baile,**** 8472,,,,,,,1.424,5773 Software License
2025-12-05T00:24:25,Purchase,"GITHUB, INC.",  (14.19),CAD,Cash,10,USD,Recurring monthly purchases and licenses,Erin Baile,**** 8472,,,,,,,1.419,5773 Software License
2025-12-06T23:49:59,Purchase,"GITHUB, INC.",  (14.17),CAD,Cash,10,USD,Recurring monthly purchases and licenses,Erin Baile,**** 8472,,,,,,,1.417,5773 Software License
2025-12-07T21:16:35,Purchase,"GITHUB, INC.",  (14.17),CAD,Cash,10,USD,Recurring monthly purchases and licenses,Erin Baile,**** 8472,,,,,,,1.417,5773 Software License
2025-12-18T00:27:56,Purchase,"GITHUB, INC.",  (13.99),CAD,Cash,10,USD,Recurring monthly purchases and licenses,Erin Baile,**** 8472,,,,,,,1.399,5773 Software License
2025-12-19T00:32:56,Purchase,"GITHUB, INC.","  (1,619.18)",CAD,Cash,1155.81,USD,,Erin Baile,**** 3878,,,,,,,1.400905,5773 Software License
2025-12-19T00:32:56,Purchase,"GITHUB, INC.",  (5.61),CAD,Cash,4,USD,Recurring monthly purchases and licenses,Erin Baile,**** 8472,,,,,,,1.4025,5773 Software License
2025-11-01T23:29:05,Purchase,GOOGLE *CLOUD 3VTDwz,  (1.07),CAD,Cash,,,,Dillon Hall,**** 6151,,,,,,,,5773 Software License
2025-07-02T02:16:21,Purchase,GOOGLE *CLOUD DFHG7v,  (4.66),CAD,Cash,,,,Erin Baile,**** 8191,,,,,,,,5773 Software License
2025-01-02T01:10:23,Purchase,GOOGLE *CLOUD KZKNz7,  (17.95),CAD,Cash,,,,Erin Baile,**** 8191,,,,,,,,5773 Software License
2025-06-02T02:05:24,Purchase,GOOGLE *CLOUD PLQTB4,  (4.64),CAD,Cash,,,,Erin Baile,**** 8191,,,,,,,,5773 Software License
2025-06-02T02:04:14,Purchase,GOOGLE *CLOUD QNx3wP,  (0.58),CAD,Cash,,,,Dillon Hall,**** 6151,,,,,,,,5773 Software License
2025-12-01T23:59:26,Purchase,GOOGLE *CLOUD QXZC8G,  (1.49),CAD,Cash,,,,Dillon Hall,**** 6151,,,,,,,,5773 Software License
2025-05-02T02:21:29,Purchase,GOOGLE *CLOUD wD3RLB,  (0.07),CAD,Cash,,,,Dillon Hall,**** 6151,,,,,,,,5773 Software License
2025-08-02T02:04:55,Purchase,GOOGLE *CLOUD ZLW4K6,  (2.65),CAD,Cash,,,,Erin Baile,**** 8191,,,,,,,,5773 Software License
2025-04-02T02:09:50,Purchase,GOOGLE *GSUITE_bloomap,  (754.56),CAD,Cash,,,,Erin Baile,**** 8613,,,,,,,,5773 Software License
2025-05-02T02:20:33,Purchase,GOOGLE *GSUITE_bloomap,  (877.99),CAD,Cash,,,,Erin Baile,**** 8613,,,,,,,,5773 Software License
2025-06-02T02:04:39,Purchase,GOOGLE *GSUITE_bloomap,  (963.34),CAD,Cash,,,,Erin Baile,**** 8613,,,,,,,,5773 Software License
2025-09-09T02:05:41,Purchase,GOOGLE *GSUITE_bloomap,"  (1,115.25)",CAD,Cash,,,,Dillon Hall,**** 2135,,,,,,,,5773 Software License
2025-01-02T01:10:07,Purchase,GOOGLE *GSUITE_freshst,  (78.62),CAD,Cash,,,"Google G-Suite Recurring Charges 
Spring  - $17.47/month
Freshstart - $65.52

Approved by Victor Ko",Dillon Hall,**** 8604,,,,,,,,5773 Software License
2025-03-02T01:16:11,Purchase,GOOGLE *GSUITE_freshst,  (78.62),CAD,Cash,,,"Google G-Suite Recurring Charges 
Spring  - $17.47/month
Freshstart - $65.52

Approved by Victor Ko",Dillon Hall,**** 8604,,,,,,,,5773 Software License
2025-07-02T02:18:11,Purchase,GOOGLE *GSUITE_freshst,  (78.62),CAD,Cash,,,"Google G-Suite Recurring Charges 
Spring  - $17.47/month
Freshstart - $65.52

Approved by Victor Ko",Dillon Hall,**** 8604,,,,,,,,5773 Software License
2025-01-02T01:10:13,Purchase,GOOGLE *GSUITE_springa,  (20.97),CAD,Cash,,,"Google G-Suite Recurring Charges 
Spring  - $17.47/month
Freshstart - $65.52

Approved by Victor Ko",Dillon Hall,**** 8604,,,,,,,,5773 Software License
2025-04-02T02:10:00,Purchase,GOOGLE *GSUITE_springa,  (20.97),CAD,Cash,,,"Google G-Suite Recurring Charges 
Spring  - $17.47/month
Freshstart - $65.52

Approved by Victor Ko",Dillon Hall,**** 8604,,,,,,,,5773 Software License
2025-06-02T02:03:39,Purchase,GOOGLE *GSUITE_springa,  (20.97),CAD,Cash,,,"Google G-Suite Recurring Charges 
Spring  - $17.47/month
Freshstart - $65.52

Approved by Victor Ko",Dillon Hall,**** 8604,,,,,,,,5773 Software License
2025-07-02T02:18:25,Purchase,GOOGLE *GSUITE_springa,  (20.97),CAD,Cash,,,"Google G-Suite Recurring Charges 
Spring  - $17.47/month
Freshstart - $65.52

Approved by Victor Ko",Dillon Hall,**** 8604,,,,,,,,5773 Software License
2025-01-02T01:09:52,Purchase,GOOGLE *GSUITE_springb,  (220.33),CAD,Cash,,,"Google G-Suite Recurring Charges 
Spring  - $17.47/month
Freshstart - $65.52

Approved by Victor Ko",Dillon Hall,**** 8604,,,,,,,,5773 Software License
2025-02-02T01:04:16,Purchase,GOOGLE *GSUITE_springb,  (220.33),CAD,Cash,,,"Google G-Suite Recurring Charges 
Spring  - $17.47/month
Freshstart - $65.52

Approved by Victor Ko",Dillon Hall,**** 8604,,,,,,,,5773 Software License
2025-04-02T02:09:52,Purchase,GOOGLE *GSUITE_springb,  (227.79),CAD,Cash,,,"Google G-Suite Recurring Charges 
Spring  - $17.47/month
Freshstart - $65.52

Approved by Victor Ko",Dillon Hall,**** 8604,,,,,,,,5773 Software License
2025-05-02T02:20:40,Purchase,GOOGLE *GSUITE_springb,  (258.94),CAD,Cash,,,"Google G-Suite Recurring Charges 
Spring  - $17.47/month
Freshstart - $65.52

Approved by Victor Ko",Dillon Hall,**** 8604,,,,,,,,5773 Software License
2025-06-02T02:04:55,Purchase,GOOGLE *GSUITE_springb,  (258.94),CAD,Cash,,,"Google G-Suite Recurring Charges 
Spring  - $17.47/month
Freshstart - $65.52

Approved by Victor Ko",Dillon Hall,**** 8604,,,,,,,,5773 Software License
2025-07-02T02:18:29,Purchase,GOOGLE *GSUITE_springb,  (258.94),CAD,Cash,,,"Google G-Suite Recurring Charges 
Spring  - $17.47/month
Freshstart - $65.52

Approved by Victor Ko",Dillon Hall,**** 8604,,,,,,,,5773 Software License
2025-07-02T02:16:47,Purchase,GOOGLE *GSUITE_springf,"  (10,327.81)",CAD,Cash,,,"Google G-Suite Recurring Charges 
Spring  - $17.47/month
Freshstart - $65.52

Approved by Victor Ko",Dillon Hall,**** 8604,,,,,,,,5773 Software License
2025-01-21T02:51:46,Purchase,GOOGLE *YouTubePremium,  (14.55),CAD,Cash,,,,Dillon Hall,**** 6151,,,,,,,,5773 Software License
2025-02-21T01:19:31,Purchase,GOOGLE *YouTubePremium,  (14.55),CAD,Cash,,,,Dillon Hall,**** 6151,,,,,,,,5773 Software License
2025-03-21T04:25:04,Purchase,GOOGLE *YouTubePremium,  (14.55),CAD,Cash,,,,Dillon Hall,**** 6151,,,,,,,,5773 Software License
2025-04-21T03:31:35,Purchase,GOOGLE *YouTubePremium,  (14.55),CAD,Cash,,,,Dillon Hall,**** 6151,,,,,,,,5773 Software License
2025-05-21T02:17:08,Purchase,GOOGLE *YouTubePremium,  (14.55),CAD,Cash,,,,Dillon Hall,**** 6151,,,,,,,,5773 Software License
2025-06-21T04:14:29,Purchase,GOOGLE *YouTubePremium,  (14.55),CAD,Cash,,,,Dillon Hall,**** 6151,,,,,,,,5773 Software License
2025-10-21T02:29:25,Purchase,GOOGLE *YouTubePremium,  (14.55),CAD,Cash,,,,Dillon Hall,**** 6151,,,,,,,,5773 Software License
2025-12-21T03:21:37,Purchase,GOOGLE *YouTubePremium,  (14.55),CAD,Cash,,,,Dillon Hall,**** 6151,,,,,,,,5773 Software License
2025-02-02T01:07:32,Purchase,GOOGLE*CLOUD 3HHZ62,  (0.71),CAD,Cash,,,,Erin Baile,**** 8191,,,,,,,,5773 Software License
2025-08-02T03:30:43,Purchase,GOOGLE*CLOUD 5DV3V4,  (0.86),CAD,Cash,,,,Dillon Hall,**** 6151,,,,,,,,5773 Software License
2025-10-02T03:58:10,Purchase,GOOGLE*CLOUD 7S9HSW,  (0.71),CAD,Cash,,,,Dillon Hall,**** 6151,,,,,,,,5773 Software License
2025-11-01T23:32:25,Purchase,GOOGLE*CLOUD FCWXST,  (0.31),CAD,Cash,,,,Erin Baile,**** 8191,,,,,,,,5773 Software License
2025-09-02T02:12:00,Purchase,GOOGLE*CLOUD FV9DJ9,  (0.54),CAD,Cash,,,,Erin Baile,**** 8191,,,,,,,,5773 Software License
2025-04-02T02:12:12,Purchase,GOOGLE*CLOUD GL8XFL,  (2.46),CAD,Cash,,,,Erin Baile,**** 8191,,,,,,,,5773 Software License
2025-10-02T03:58:10,Purchase,GOOGLE*CLOUD K5RC5Q,  (0.74),CAD,Cash,,,,Erin Baile,**** 8191,,,,,,,,5773 Software License
2025-03-02T01:19:21,Purchase,GOOGLE*CLOUD L6HB2V,  (1.46),CAD,Cash,,,,Erin Baile,**** 8191,,,,,,,,5773 Software License
2025-09-02T02:11:59,Purchase,GOOGLE*CLOUD MW4MJM,  (0.70),CAD,Cash,,,,Dillon Hall,**** 6151,,,,,,,,5773 Software License
2025-05-02T04:14:08,Purchase,GOOGLE*CLOUD Q5BZJ8,  (3.50),CAD,Cash,,,,Erin Baile,**** 8191,,,,,,,,5773 Software License
2025-07-02T02:21:07,Purchase,GOOGLE*CLOUD R9VKBB,  (0.81),CAD,Cash,,,,Dillon Hall,**** 6151,,,,,,,,5773 Software License
2025-12-02T00:04:55,Purchase,GOOGLE*CLOUD Z9SGT6,  (0.23),CAD,Cash,,,,Erin Baile,**** 8191,,,,,,,,5773 Software License
2025-01-02T03:51:39,Purchase,GOOGLE*GSUITE BLOOMAPP,  (605.30),CAD,Cash,,,,Erin Baile,**** 8613,,,,,,,,5773 Software License
2025-02-02T01:06:47,Purchase,GOOGLE*GSUITE BLOOMAPP,  (639.81),CAD,Cash,,,,Erin Baile,**** 8613,,,,,,,,5773 Software License
2025-03-02T01:18:01,Purchase,GOOGLE*GSUITE BLOOMAPP,  (690.38),CAD,Cash,,,,Erin Baile,**** 8613,,,,,,,,5773 Software License
2025-07-02T02:20:41,Purchase,GOOGLE*GSUITE BLOOMAPP,  (985.60),CAD,Cash,,,,Erin Baile,**** 8613,,,,,,,,5773 Software License
2025-08-02T02:06:00,Purchase,GOOGLE*GSUITE BLOOMAPP,  (989.54),CAD,Cash,,,,Erin Baile,**** 8613,,,,,,,,5773 Software License
2025-10-02T02:19:55,Purchase,GOOGLE*GSUITE BLOOMAPP,  (221.76),CAD,Cash,,,,Dillon Hall,**** 2135,,,,,,,,5773 Software License
2025-11-01T23:31:49,Purchase,GOOGLE*GSUITE BLOOMAPP,  (73.92),CAD,Cash,,,,Dillon Hall,**** 2135,,,,,,,,5773 Software License
2025-12-02T00:03:45,Purchase,GOOGLE*GSUITE BLOOMAPP,  (73.92),CAD,Cash,,,,Dillon Hall,**** 2135,,,,,,,,5773 Software License
2025-02-02T01:06:37,Purchase,GOOGLE*GSUITE FRESHSTA,  (78.62),CAD,Cash,,,"Google G-Suite Recurring Charges 
Spring  - $17.47/month
Freshstart - $65.52

Approved by Victor Ko",Dillon Hall,**** 8604,,,,,,,,5773 Software License
2025-04-02T02:10:57,Purchase,GOOGLE*GSUITE FRESHSTA,  (78.62),CAD,Cash,,,"Google G-Suite Recurring Charges 
Spring  - $17.47/month
Freshstart - $65.52

Approved by Victor Ko",Dillon Hall,**** 8604,,,,,,,,5773 Software License
2025-05-02T02:21:52,Purchase,GOOGLE*GSUITE FRESHSTA,  (78.62),CAD,Cash,,,"Google G-Suite Recurring Charges 
Spring  - $17.47/month
Freshstart - $65.52

Approved by Victor Ko",Dillon Hall,**** 8604,,,,,,,,5773 Software License
2025-06-02T02:05:54,Purchase,GOOGLE*GSUITE FRESHSTA,  (78.62),CAD,Cash,,,"Google G-Suite Recurring Charges 
Spring  - $17.47/month
Freshstart - $65.52

Approved by Victor Ko",Dillon Hall,**** 8604,,,,,,,,5773 Software License
2025-08-02T02:05:40,Purchase,GOOGLE*GSUITE FRESHSTA,  (88.84),CAD,Cash,,,"Google G-Suite Recurring Charges 
Spring  - $17.47/month
Freshstart - $65.52

Approved by Victor Ko",Dillon Hall,**** 8604,,,,,,,,5773 Software License
2025-09-02T02:10:36,Purchase,GOOGLE*GSUITE FRESHSTA,  (92.40),CAD,Cash,,,"Google G-Suite Recurring Charges 
Spring  - $17.47/month
Freshstart - $65.52

Approved by Victor Ko",Dillon Hall,**** 8604,,,,,,,,5773 Software License
2025-10-02T02:18:56,Purchase,GOOGLE*GSUITE FRESHSTA,  (92.40),CAD,Cash,,,"Google G-Suite Recurring Charges 
Spring  - $17.47/month
Freshstart - $65.52

Approved by Victor Ko",Dillon Hall,**** 8604,,,,,,,,5773 Software License
2025-11-01T23:30:58,Purchase,GOOGLE*GSUITE FRESHSTA,  (92.40),CAD,Cash,,,"Google G-Suite Recurring Charges 
Spring  - $17.47/month
Freshstart - $65.52

Approved by Victor Ko",Dillon Hall,**** 8604,,,,,,,,5773 Software License
2025-02-02T01:06:41,Purchase,GOOGLE*GSUITE SPRINGAU,  (20.97),CAD,Cash,,,"Google G-Suite Recurring Charges 
Spring  - $17.47/month
Freshstart - $65.52

Approved by Victor Ko",Dillon Hall,**** 8604,,,,,,,,5773 Software License
2025-03-02T01:18:58,Purchase,GOOGLE*GSUITE SPRINGAU,  (20.97),CAD,Cash,,,"Google G-Suite Recurring Charges 
Spring  - $17.47/month
Freshstart - $65.52

Approved by Victor Ko",Dillon Hall,**** 8604,,,,,,,,5773 Software License
2025-05-02T02:21:53,Purchase,GOOGLE*GSUITE SPRINGAU,  (20.97),CAD,Cash,,,"Google G-Suite Recurring Charges 
Spring  - $17.47/month
Freshstart - $65.52

Approved by Victor Ko",Dillon Hall,**** 8604,,,,,,,,5773 Software License
2025-08-02T02:05:38,Purchase,GOOGLE*GSUITE SPRINGAU,  (23.69),CAD,Cash,,,"Google G-Suite Recurring Charges 
Spring  - $17.47/month
Freshstart - $65.52

Approved by Victor Ko",Dillon Hall,**** 8604,,,,,,,,5773 Software License
2025-09-02T02:10:48,Purchase,GOOGLE*GSUITE SPRINGAU,  (24.64),CAD,Cash,,,"Google G-Suite Recurring Charges 
Spring  - $17.47/month
Freshstart - $65.52

Approved by Victor Ko",Dillon Hall,**** 8604,,,,,,,,5773 Software License
2025-10-02T02:19:40,Purchase,GOOGLE*GSUITE SPRINGAU,  (24.64),CAD,Cash,,,"Google G-Suite Recurring Charges 
Spring  - $17.47/month
Freshstart - $65.52

Approved by Victor Ko",Dillon Hall,**** 8604,,,,,,,,5773 Software License
2025-11-01T23:30:56,Purchase,GOOGLE*GSUITE SPRINGAU,  (24.64),CAD,Cash,,,"Google G-Suite Recurring Charges 
Spring  - $17.47/month
Freshstart - $65.52

Approved by Victor Ko",Dillon Hall,**** 8604,,,,,,,,5773 Software License
2025-12-02T00:03:18,Purchase,GOOGLE*GSUITE SPRINGAU,  (24.64),CAD,Cash,,,"Google G-Suite Recurring Charges 
Spring  - $17.47/month
Freshstart - $65.52

Approved by Victor Ko",Dillon Hall,**** 8604,,,,,,,,5773 Software License
2025-03-02T01:18:57,Purchase,GOOGLE*GSUITE SPRINGBY,  (220.33),CAD,Cash,,,"Google G-Suite Recurring Charges 
Spring  - $17.47/month
Freshstart - $65.52

Approved by Victor Ko",Dillon Hall,**** 8604,,,,,,,,5773 Software License
2025-08-02T02:05:37,Purchase,GOOGLE*GSUITE SPRINGBY,  (267.28),CAD,Cash,,,"Google G-Suite Recurring Charges 
Spring  - $17.47/month
Freshstart - $65.52

Approved by Victor Ko",Dillon Hall,**** 8604,,,,,,,,5773 Software License
2025-09-02T02:10:36,Purchase,GOOGLE*GSUITE SPRINGBY,  (374.33),CAD,Cash,,,"Google G-Suite Recurring Charges 
Spring  - $17.47/month
Freshstart - $65.52

Approved by Victor Ko",Dillon Hall,**** 8604,,,,,,,,5773 Software License
2025-10-02T02:19:57,Purchase,GOOGLE*GSUITE SPRINGBY,  (459.81),CAD,Cash,,,"Google G-Suite Recurring Charges 
Spring  - $17.47/month
Freshstart - $65.52

Approved by Victor Ko",Dillon Hall,**** 8604,,,,,,,,5773 Software License
2025-11-04T00:47:41,Purchase,GOOGLE*GSUITE SPRINGBY,  (536.08),CAD,Cash,,,"Google G-Suite Recurring Charges 
Spring  - $17.47/month
Freshstart - $65.52

Approved by Victor Ko",Dillon Hall,**** 8604,,,,,,,,5773 Software License
2025-12-02T00:03:15,Purchase,GOOGLE*GSUITE SPRINGBY,  (586.15),CAD,Cash,,,"Google G-Suite Recurring Charges 
Spring  - $17.47/month
Freshstart - $65.52

Approved by Victor Ko",Dillon Hall,**** 8604,,,,,,,,5773 Software License
2025-01-02T03:51:29,Purchase,GOOGLE*GSUITE SPRINGFI,"  (9,750.73)",CAD,Cash,,,"Google G-Suite Recurring Charges 
Spring  - $17.47/month
Freshstart - $65.52

Approved by Victor Ko",Dillon Hall,**** 8604,,,,,,,,5773 Software License
2025-02-02T01:06:31,Purchase,GOOGLE*GSUITE SPRINGFI,"  (9,750.73)",CAD,Cash,,,"Google G-Suite Recurring Charges 
Spring  - $17.47/month
Freshstart - $65.52

Approved by Victor Ko",Dillon Hall,**** 8604,,,,,,,,5773 Software License
2025-03-02T01:18:59,Purchase,GOOGLE*GSUITE SPRINGFI,"  (9,750.73)",CAD,Cash,,,"Google G-Suite Recurring Charges 
Spring  - $17.47/month
Freshstart - $65.52

Approved by Victor Ko",Dillon Hall,**** 8604,,,,,,,,5773 Software License
2025-04-02T02:10:56,Purchase,GOOGLE*GSUITE SPRINGFI,"  (9,782.83)",CAD,Cash,,,"Google G-Suite Recurring Charges 
Spring  - $17.47/month
Freshstart - $65.52

Approved by Victor Ko",Dillon Hall,**** 8604,,,,,,,,5773 Software License
2025-05-02T02:21:54,Purchase,GOOGLE*GSUITE SPRINGFI,"  (10,092.36)",CAD,Cash,,,"Google G-Suite Recurring Charges 
Spring  - $17.47/month
Freshstart - $65.52

Approved by Victor Ko",Dillon Hall,**** 8604,,,,,,,,5773 Software License
2025-06-02T02:05:53,Purchase,GOOGLE*GSUITE SPRINGFI,"  (10,327.81)",CAD,Cash,,,"Google G-Suite Recurring Charges 
Spring  - $17.47/month
Freshstart - $65.52

Approved by Victor Ko",Dillon Hall,**** 8604,,,,,,,,5773 Software License
2025-08-02T02:05:34,Purchase,GOOGLE*GSUITE SPRINGFI,"  (10,329.10)",CAD,Cash,,,"Google G-Suite Recurring Charges 
Spring  - $17.47/month
Freshstart - $65.52

Approved by Victor Ko",Dillon Hall,**** 8604,,,,,,,,5773 Software License
2025-09-02T02:10:49,Purchase,GOOGLE*GSUITE SPRINGFI,"  (10,896.56)",CAD,Cash,,,"Google G-Suite Recurring Charges 
Spring  - $17.47/month
Freshstart - $65.52

Approved by Victor Ko",Dillon Hall,**** 8604,,,,,,,,5773 Software License
2025-10-02T02:18:42,Purchase,GOOGLE*GSUITE SPRINGFI,"  (11,472.05)",CAD,Cash,,,"Google G-Suite Recurring Charges 
Spring  - $17.47/month
Freshstart - $65.52

Approved by Victor Ko",Dillon Hall,**** 8604,,,,,,,,5773 Software License
2025-11-01T23:30:56,Purchase,GOOGLE*GSUITE SPRINGFI,"  (11,587.25)",CAD,Cash,,,"Google G-Suite Recurring Charges 
Spring  - $17.47/month
Freshstart - $65.52

Approved by Victor Ko",Dillon Hall,**** 8604,,,,,,,,5773 Software License
2025-12-02T00:03:21,Purchase,GOOGLE*GSUITE SPRINGFI,"  (11,661.07)",CAD,Cash,,,"Google G-Suite Recurring Charges 
Spring  - $17.47/month
Freshstart - $65.52

Approved by Victor Ko",Dillon Hall,**** 8604,,,,,,,,5773 Software License
2025-12-02T00:03:18,Purchase,GOOGLE*WORKSPACE FRESH,  (92.40),CAD,Cash,,,"Google G-Suite Recurring Charges 
Spring  - $17.47/month
Freshstart - $65.52

Approved by Victor Ko",Dillon Hall,**** 8604,,,,,,,,5773 Software License
2025-11-21T22:14:01,Purchase,GOOGLE*YOUTUBEPREMIUM,  (14.55),CAD,Cash,,,,Dillon Hall,**** 6151,,,,,,,,5773 Software License
2025-07-08T02:18:17,Purchase,GRAMMARLY CO*AG5JLVS,  (8.66),CAD,Cash,6.26,USD,,Dillon Hall,**** 6151,,,,,,,1.383387,5773 Software License
2025-07-21T06:51:11,Purchase,GRAMMARLY CO*AWRBP7S,"  (3,403.21)",CAD,Cash,2436,USD,,Dillon Hall,**** 6151,,,,,,,1.397048,5773 Software License
2025-11-04T23:32:11,Purchase,GRAMMARLY CO*QXXIGY7,  (175.87),CAD,Cash,123.08,USD,,Dillon Hall,**** 6151,,,,,,,1.428908,5773 Software License
2025-06-05T02:19:52,Purchase,GRAMMARLY CO*V7WEDTU,  (92.13),CAD,Cash,66.03,USD,,Dillon Hall,**** 6151,,,,,,,1.395275,5773 Software License
2025-01-30T01:42:15,Purchase,HEX TECHNOLOGIES INC.,  (329.39),CAD,Cash,225,USD,,Erin Baile,**** 5135,,,,,,,1.463956,5773 Software License
2025-03-01T16:59:47,Purchase,HEX TECHNOLOGIES INC.,  (498.59),CAD,Cash,339.38,USD,,Erin Baile,**** 5135,,,,,,,1.46912,5773 Software License
2025-03-30T02:13:27,Purchase,HEX TECHNOLOGIES INC.,  (436.54),CAD,Cash,300,USD,,Erin Baile,**** 5135,,,,,,,1.455133,5773 Software License
2025-04-30T02:18:58,Purchase,HEX.TECH,  (423.11),CAD,Cash,300,USD,,Erin Baile,**** 5135,,,,,,,1.410367,5773 Software License
2025-07-04T04:05:10,Purchase,HEX.TECH,  (624.02),CAD,Cash,450,USD,,Erin Baile,**** 5135,,,,,,,1.386711,5773 Software License
2025-08-02T02:19:45,Purchase,HEX.TECH,  (633.10),CAD,Cash,450,USD,,Erin Baile,**** 5135,,,,,,,1.406889,5773 Software License
2025-09-05T02:14:39,Purchase,HEX.TECH,  (630.82),CAD,Cash,450,USD,,Erin Baile,**** 5135,,,,,,,1.401822,5773 Software License
2025-10-02T02:13:32,Purchase,HEX.TECH,  (827.89),CAD,Cash,585.2,USD,,Erin Baile,**** 5135,,,,,,,1.414713,5773 Software License
2025-10-30T04:10:40,Purchase,HEX.TECH,  (746.46),CAD,Cash,525,USD,,Erin Baile,**** 5135,,,,,,,1.421829,5773 Software License
2025-12-03T00:56:06,Purchase,HEX.TECH,"  (1,387.19)",CAD,Cash,975.85,USD,,Erin Baile,**** 5135,,,,,,,1.42152,5773 Software License
2025-03-01T16:59:52,Purchase,HTTPS://SCRIBE.HOW/B,  (514.17),CAD,Cash,349.99,USD,,Dillon Hall,**** 6151,,,,,,,1.469099,5773 Software License
2025-03-29T16:55:20,Purchase,HTTPS://SCRIBE.HOW/B,  (218.37),CAD,Cash,150.07,USD,,Dillon Hall,**** 6151,,,,,,,1.455121,5773 Software License
2025-04-29T05:25:54,Purchase,HTTPS://SCRIBE.HOW/B,  (192.57),CAD,Cash,136.54,USD,,Dillon Hall,**** 6151,,,,,,,1.410356,5773 Software License
2025-05-29T05:12:07,Purchase,HTTPS://SCRIBE.HOW/B,  (138.80),CAD,Cash,98.75,USD,,Dillon Hall,**** 6151,,,,,,,1.40557,5773 Software License
2025-07-29T05:44:40,Purchase,HTTPS://SCRIBE.HOW/B,  (91.55),CAD,Cash,65.62,USD,,Dillon Hall,**** 6151,,,,,,,1.395154,5773 Software License
2025-10-01T06:13:28,Purchase,HTTPS://SCRIBE.HOW/B,"  (4,261.10)",CAD,Cash,3012,USD,,Dillon Hall,**** 6151,,,,,,,1.414708,5773 Software License
2025-12-30T05:34:41,Purchase,HTTPS://SCRIBE.HOW/B,  (109.09),CAD,Cash,78.42,USD,,Dillon Hall,**** 6151,,,,,,,1.391099,5773 Software License
2025-03-01T01:20:44,Purchase,IN *ACCURITY CANADA CONCO,  (56.50),CAD,Cash,,,Card to charge SMG Appraisals from SMG-AR Channel,Tim Morrison,**** 3042,,,,,,,,5773 Software License
2025-01-12T04:09:00,Purchase,JetBrains Americas INC,  (97.78),CAD,Cash,66.86,USD,,Dillon Hall,**** 6151,,,,,,,1.462459,5773 Software License
2025-02-12T01:28:15,Purchase,JetBrains Americas INC,  (97.37),CAD,Cash,66.86,USD,,Dillon Hall,**** 6151,,,,,,,1.456327,5773 Software License
2025-06-12T02:19:43,Purchase,JetBrains Americas INC,  (93.05),CAD,Cash,66.86,USD,,Dillon Hall,**** 6151,,,,,,,1.391714,5773 Software License
2025-07-12T02:21:46,Purchase,JetBrains Americas INC,  (93.06),CAD,Cash,66.86,USD,,Dillon Hall,**** 6151,,,,,,,1.391864,5773 Software License
2025-08-12T02:17:00,Purchase,JetBrains Americas INC,  (23.33),CAD,Cash,16.69,USD,,Dillon Hall,**** 6151,,,,,,,1.397843,5773 Software License
2025-09-12T02:10:05,Purchase,JetBrains Americas INC,  (23.46),CAD,Cash,16.69,USD,,Dillon Hall,**** 6151,,,,,,,1.405632,5773 Software License
2025-10-12T02:12:05,Purchase,JetBrains Americas INC,  (27.61),CAD,Cash,19.38,USD,,Dillon Hall,**** 6151,,,,,,,1.424665,5773 Software License
2025-07-03T06:48:48,Purchase,KINSTA,  (159.56),CAD,Cash,115,USD,kick off of 30 day money back trial - SPSD-13014 - Spend will be shifted over to Tech in the future,Dillon Hall,**** 6151,,,,,,,1.387478,5773 Software License
2025-08-03T06:21:37,Purchase,KINSTA,  (162.04),CAD,Cash,115,USD,,Dillon Hall,**** 6151,,,,,,,1.409043,5773 Software License
2025-09-03T06:22:22,Purchase,KINSTA,  (160.68),CAD,Cash,115,USD,,Dillon Hall,**** 6151,,,,,,,1.397217,5773 Software License
2025-10-03T06:28:49,Purchase,KINSTA,  (162.95),CAD,Cash,115,USD,,Dillon Hall,**** 6151,,,,,,,1.416957,5773 Software License
2025-12-03T06:35:02,Purchase,KINSTA,  (163.48),CAD,Cash,115,USD,,Dillon Hall,**** 6151,,,,,,,1.421565,5773 Software License
2025-09-04T02:12:02,Purchase,KRISP,  (4.17),CAD,Cash,2.97,USD,,Dillon Hall,**** 6151,,,,,,,1.40404,5773 Software License
2025-09-06T02:15:46,Purchase,KRISP,  (3.37),CAD,Cash,2.4,USD,,Dillon Hall,**** 6151,,,,,,,1.404167,5773 Software License
2025-09-15T02:04:05,Purchase,KRISP,"  (3,107.76)",CAD,Cash,2208,USD,,Dillon Hall,**** 6151,,,,,,,1.4075,5773 Software License
2025-09-25T02:05:20,Purchase,KRISP,  (131.41),CAD,Cash,93.45,USD,,Dillon Hall,**** 6151,,,,,,,1.406207,5773 Software License
2025-09-27T02:16:05,Purchase,Lucid Software Inc.,  (305.65),CAD,Cash,215.82,USD,,Dillon Hall,**** 6151,,,,,,,1.416226,5773 Software License
2025-06-17T02:18:27,Purchase,LUCIDCHART.COM/CHARGE,"  (7,070.63)",CAD,Cash,5118.4,USD,,Dillon Hall,**** 6151,,,,,,,1.381414,5773 Software License
2025-06-19T02:04:31,Refund,LUCIDCHART.COM/CHARGE,"  5,626.18 ",CAD,Cash,4094.72,USD,,Dillon Hall,**** 6151,,,,,,,1.374008,5773 Software License
2025-08-15T02:05:21,Purchase,LUCIDCHART.COM/CHARGE,  (474.09),CAD,Cash,338.86,USD,,Dillon Hall,**** 6151,,,,,,,1.399073,5773 Software License
2025-06-07T17:43:30,Purchase,MICROSOFT*ADS-F107L5YD,"  (2,504.74)",CAD,Cash,,,"Bing Ad Spend c/c - $25K limit (Mar 9, 2023)",Hector Alfonso Pertierra Marin,**** 5235,,,,,,,,5773 Software License
2025-12-20T03:15:23,Purchase,NAME-CHEAP.COM* 1HVXRG,  (409.43),CAD,Cash,292.32,USD,,Erin Baile,**** 0089,,,,,,,1.400623,5773 Software License
2025-12-02T16:24:51,Purchase,NAME-CHEAP.COM* A2FQVQ,  (316.63),CAD,Cash,221.95,USD,,Erin Baile,**** 0089,,,,,,,1.426583,5773 Software License
2025-11-13T02:06:10,Purchase,NAME-CHEAP.COM* A3CCZY,  (15.75),CAD,Cash,10.98,USD,,Erin Baile,**** 0089,,,,,,,1.434426,5773 Software License
2025-10-22T16:39:23,Purchase,NAME-CHEAP.COM* B29U2U,  (17.10),CAD,Cash,11.98,USD,,Erin Baile,**** 6876,,,,,,,1.427379,5773 Software License
2025-07-25T04:21:58,Purchase,NAME-CHEAP.COM* CZVMVT,  (19.35),CAD,Cash,13.98,USD,,Erin Baile,**** 6876,,,,,,,1.38412,5773 Software License
2025-12-23T16:21:04,Purchase,NAME-CHEAP.COM* DHLJPL,  (205.77),CAD,Cash,146.8,USD,,Erin Baile,**** 0089,,,,,,,1.401703,5773 Software License
2025-01-02T07:01:24,Purchase,NAME-CHEAP.COM* FJ48IL,  (233.06),CAD,Cash,159.32,USD,,Erin Baile,**** 6876,,,,,,,1.462842,5773 Software License
2025-10-23T02:20:12,Purchase,NAME-CHEAP.COM* JVQKYE,  (18.82),CAD,Cash,13.18,USD,,Erin Baile,**** 0089,,,,,,,1.427921,5773 Software License
2025-09-10T07:07:48,Purchase,NAME-CHEAP.COM* MLUA2F,  (47.31),CAD,Cash,33.66,USD,,Erin Baile,**** 6876,,,,,,,1.405526,5773 Software License
2025-07-04T16:00:35,Purchase,NAME-CHEAP.COM* N68CCQ,  (58.16),CAD,Cash,41.94,USD,,Erin Baile,**** 6876,,,,,,,1.386743,5773 Software License
2025-09-14T07:07:20,Purchase,NAME-CHEAP.COM* NBZY7T,  (21.09),CAD,Cash,14.98,USD,,Erin Baile,**** 6876,,,,,,,1.407877,5773 Software License
2025-10-25T17:22:23,Purchase,NAME-CHEAP.COM* S6F1EA,  (227.44),CAD,Cash,159.96,USD,,Erin Baile,**** 0089,,,,,,,1.421855,5773 Software License
2025-10-22T16:39:41,Purchase,NAME-CHEAP.COM* VKGUW5,  (10.96),CAD,Cash,7.68,USD,,Erin Baile,**** 6876,,,,,,,1.427083,5773 Software License
2025-10-22T16:39:20,Purchase,NAME-CHEAP.COM* VVOIIS,  (17.10),CAD,Cash,11.98,USD,,Erin Baile,**** 6876,,,,,,,1.427379,5773 Software License
2025-08-12T06:52:21,Purchase,NAME-CHEAP.COM* YQTESS,  (19.54),CAD,Cash,13.98,USD,,Erin Baile,**** 6876,,,,,,,1.397711,5773 Software License
2025-11-22T17:07:23,Purchase,NAME-CHEAP.COM* YWKJXM,  (317.87),CAD,Cash,221.95,USD,,Erin Baile,**** 0089,,,,,,,1.432169,5773 Software License
2025-11-27T15:59:34,Refund,NAME-CHEAP.COM* YWKJXM,  317.38 ,CAD,Cash,221.95,USD,,Erin Baile,**** 0089,,,,,,,1.429962,5773 Software License
2025-09-21T06:50:09,Purchase,NAME-CHEAP.COM* ZRBHFJ,  (21.04),CAD,Cash,14.98,USD,,Erin Baile,**** 6876,,,,,,,1.404539,5773 Software License
2025-07-11T16:08:49,Purchase,NAME-CHEAP.COM* ZUXDJP,  (250.47),CAD,Cash,179.96,USD,,Erin Baile,**** 6876,,,,,,,1.391809,5773 Software License
2025-02-01T04:03:22,Purchase,OPENAI,  (82.78),CAD,Cash,56,USD,Recurring monthly purchases and licenses,Erin Baile,**** 8472,,,,,,,1.478214,5773 Software License
2025-03-12T02:16:26,Purchase,OPENAI,  (66.25),CAD,Cash,44.94,USD,Recurring monthly purchases and licenses,Erin Baile,**** 8472,,,,,,,1.474188,5773 Software License
2025-03-18T02:11:56,Purchase,OPENAI,  (65.71),CAD,Cash,45,USD,Recurring monthly purchases and licenses,Erin Baile,**** 8472,,,,,,,1.460222,5773 Software License
2025-03-22T02:17:51,Purchase,OPENAI,  (66.04),CAD,Cash,45.17,USD,Recurring monthly purchases and licenses,Erin Baile,**** 8472,,,,,,,1.462032,5773 Software License
2025-03-22T04:00:39,Purchase,OPENAI,  (66.73),CAD,Cash,45.73,USD,Recurring monthly purchases and licenses,Erin Baile,**** 8472,,,,,,,1.459217,5773 Software License
2025-03-22T04:07:53,Purchase,OPENAI,  (66.99),CAD,Cash,45.91,USD,Recurring monthly purchases and licenses,Erin Baile,**** 8472,,,,,,,1.459159,5773 Software License
2025-04-09T16:26:46,Purchase,OPENAI,  (64.95),CAD,Cash,44.83,USD,Recurring monthly purchases and licenses,Erin Baile,**** 8472,,,,,,,1.448807,5773 Software License
2025-04-15T06:46:37,Purchase,OPENAI,  (63.88),CAD,Cash,45.23,USD,Recurring monthly purchases and licenses,Erin Baile,**** 8472,,,,,,,1.412337,5773 Software License
2025-04-16T16:26:37,Purchase,OPENAI,  (63.95),CAD,Cash,45.06,USD,Recurring monthly purchases and licenses,Erin Baile,**** 8472,,,,,,,1.419219,5773 Software License
2025-04-17T02:05:09,Purchase,OPENAI,  (63.85),CAD,Cash,44.99,USD,Recurring monthly purchases and licenses,Erin Baile,**** 8472,,,,,,,1.419204,5773 Software License
2025-04-19T17:57:20,Purchase,OPENAI,  (63.74),CAD,Cash,45.25,USD,Recurring monthly purchases and licenses,Erin Baile,**** 8472,,,,,,,1.408619,5773 Software License
2025-04-23T16:19:27,Purchase,OPENAI,  (63.40),CAD,Cash,45.05,USD,Recurring monthly purchases and licenses,Erin Baile,**** 8472,,,,,,,1.407325,5773 Software License
2025-04-24T02:09:35,Purchase,OPENAI,  (63.37),CAD,Cash,45.03,USD,Recurring monthly purchases and licenses,Erin Baile,**** 8472,,,,,,,1.407284,5773 Software License
2025-04-24T02:20:20,Purchase,OPENAI,  (63.62),CAD,Cash,45.06,USD,Recurring monthly purchases and licenses,Erin Baile,**** 8472,,,,,,,1.411895,5773 Software License
2025-04-24T04:23:28,Purchase,OPENAI,  (63.35),CAD,Cash,44.87,USD,Recurring monthly purchases and licenses,Erin Baile,**** 8472,,,,,,,1.411856,5773 Software License
2025-04-24T06:35:12,Purchase,OPENAI,  (63.74),CAD,Cash,45.15,USD,Recurring monthly purchases and licenses,Erin Baile,**** 8472,,,,,,,1.411739,5773 Software License
2025-04-24T16:14:14,Purchase,OPENAI,  (63.77),CAD,Cash,45.17,USD,Recurring monthly purchases and licenses,Erin Baile,**** 8472,,,,,,,1.411778,5773 Software License
2025-05-01T16:14:08,Purchase,OPENAI,  (63.06),CAD,Cash,44.82,USD,Recurring monthly purchases and licenses,Erin Baile,**** 8472,,,,,,,1.406961,5773 Software License
2025-05-08T02:21:46,Purchase,OPENAI,  (62.98),CAD,Cash,44.82,USD,Recurring monthly purchases and licenses,Erin Baile,**** 8472,,,,,,,1.405176,5773 Software License
2025-05-13T02:04:54,Purchase,OPENAI,  (63.46),CAD,Cash,44.81,USD,Recurring monthly purchases and licenses,Erin Baile,**** 8472,,,,,,,1.416202,5773 Software License
2025-05-15T16:19:00,Purchase,OPENAI,  (64.17),CAD,Cash,45.19,USD,Recurring monthly purchases and licenses,Erin Baile,**** 8472,,,,,,,1.420004,5773 Software License
2025-05-17T02:18:03,Purchase,OPENAI,  (63.68),CAD,Cash,44.81,USD,Recurring monthly purchases and licenses,Erin Baile,**** 8472,,,,,,,1.421111,5773 Software License
2025-05-21T16:24:18,Purchase,OPENAI,  (63.71),CAD,Cash,44.92,USD,Recurring monthly purchases and licenses,Erin Baile,**** 8472,,,,,,,1.418299,5773 Software License
2025-05-26T03:59:31,Purchase,OPENAI,  (63.09),CAD,Cash,44.82,USD,Recurring monthly purchases and licenses,Erin Baile,**** 8472,,,,,,,1.407631,5773 Software License
2025-05-29T05:12:37,Purchase,OPENAI,  (63.22),CAD,Cash,44.98,USD,Recurring monthly purchases and licenses,Erin Baile,**** 8472,,,,,,,1.405514,5773 Software License
2025-06-02T18:20:15,Purchase,OPENAI,  (63.05),CAD,Cash,44.9,USD,Recurring monthly purchases and licenses,Erin Baile,**** 8472,,,,,,,1.404232,5773 Software License
2025-06-04T05:17:17,Purchase,OPENAI,  (62.52),CAD,Cash,44.81,USD,Recurring monthly purchases and licenses,Erin Baile,**** 8472,,,,,,,1.395224,5773 Software License
2025-06-06T02:05:16,Purchase,OPENAI,  (62.58),CAD,Cash,44.89,USD,Recurring monthly purchases and licenses,Erin Baile,**** 8472,,,,,,,1.394074,5773 Software License
2025-06-11T02:01:34,Purchase,OPENAI,  (62.38),CAD,Cash,44.82,USD,Recurring monthly purchases and licenses,Erin Baile,**** 8472,,,,,,,1.391789,5773 Software License
2025-06-13T02:17:34,Purchase,OPENAI,  (62.33),CAD,Cash,44.84,USD,Recurring monthly purchases and licenses,Erin Baile,**** 8472,,,,,,,1.390054,5773 Software License
2025-06-17T17:18:16,Purchase,OPENAI,  (61.93),CAD,Cash,44.83,USD,Recurring monthly purchases and licenses,Erin Baile,**** 8472,,,,,,,1.381441,5773 Software License
2025-06-22T02:05:43,Purchase,OPENAI,  (62.56),CAD,Cash,44.82,USD,Recurring monthly purchases and licenses,Erin Baile,**** 8472,,,,,,,1.395805,5773 Software License
2025-06-27T02:03:25,Purchase,OPENAI,  (62.59),CAD,Cash,44.82,USD,Recurring monthly purchases and licenses,Erin Baile,**** 8472,,,,,,,1.396475,5773 Software License
2025-07-02T02:01:14,Purchase,OPENAI,  (62.32),CAD,Cash,44.81,USD,Recurring monthly purchases and licenses,Erin Baile,**** 8472,,,,,,,1.390761,5773 Software License
2025-07-06T03:46:03,Purchase,OPENAI,  (62.01),CAD,Cash,44.84,USD,Recurring monthly purchases and licenses,Erin Baile,**** 8472,,,,,,,1.382917,5773 Software License
2025-07-10T16:24:22,Purchase,OPENAI,  (62.39),CAD,Cash,44.82,USD,Recurring monthly purchases and licenses,Erin Baile,**** 8472,,,,,,,1.392012,5773 Software License
2025-07-15T02:19:57,Purchase,OPENAI,  (62.46),CAD,Cash,44.87,USD,Recurring monthly purchases and licenses,Erin Baile,**** 8472,,,,,,,1.392021,5773 Software License
2025-07-19T04:04:28,Purchase,OPENAI,  (62.61),CAD,Cash,44.81,USD,Recurring monthly purchases and licenses,Erin Baile,**** 8472,,,,,,,1.397233,5773 Software License
2025-07-23T05:35:11,Purchase,OPENAI,  (62.32),CAD,Cash,44.81,USD,Recurring monthly purchases and licenses,Erin Baile,**** 8472,,,,,,,1.390761,5773 Software License
2025-07-27T02:18:51,Purchase,OPENAI,  (62.55),CAD,Cash,44.89,USD,Recurring monthly purchases and licenses,Erin Baile,**** 8472,,,,,,,1.393406,5773 Software License
2025-07-30T16:17:19,Purchase,OPENAI,  (62.73),CAD,Cash,44.81,USD,Recurring monthly purchases and licenses,Erin Baile,**** 8472,,,,,,,1.399911,5773 Software License
2025-08-02T02:22:05,Purchase,OPENAI,  (63.20),CAD,Cash,44.85,USD,Recurring monthly purchases and licenses,Erin Baile,**** 8472,,,,,,,1.409142,5773 Software License
2025-08-06T02:18:35,Purchase,OPENAI,  (63.08),CAD,Cash,44.99,USD,Recurring monthly purchases and licenses,Erin Baile,**** 8472,,,,,,,1.402089,5773 Software License
2025-08-09T18:39:08,Purchase,OPENAI,  (62.63),CAD,Cash,44.82,USD,Recurring monthly purchases and licenses,Erin Baile,**** 8472,,,,,,,1.397367,5773 Software License
2025-08-13T02:14:36,Purchase,OPENAI,  (62.80),CAD,Cash,44.84,USD,Recurring monthly purchases and licenses,Erin Baile,**** 8472,,,,,,,1.400535,5773 Software License
2025-08-17T02:12:47,Purchase,OPENAI,  (62.87),CAD,Cash,44.81,USD,Recurring monthly purchases and licenses,Erin Baile,**** 8472,,,,,,,1.403035,5773 Software License
2025-08-21T16:16:22,Purchase,OPENAI,  (63.16),CAD,Cash,44.81,USD,Recurring monthly purchases and licenses,Erin Baile,**** 8472,,,,,,,1.409507,5773 Software License
2025-08-26T02:15:15,Purchase,OPENAI,  (63.39),CAD,Cash,44.84,USD,Recurring monthly purchases and licenses,Erin Baile,**** 8472,,,,,,,1.413693,5773 Software License
2025-08-30T02:12:53,Purchase,OPENAI,  (62.78),CAD,Cash,44.83,USD,Recurring monthly purchases and licenses,Erin Baile,**** 8472,,,,,,,1.400402,5773 Software License
2025-09-03T02:15:08,Purchase,OPENAI,  (62.88),CAD,Cash,44.83,USD,Recurring monthly purchases and licenses,Erin Baile,**** 8472,,,,,,,1.402632,5773 Software License
2025-09-06T16:12:12,Purchase,OPENAI,  (63.02),CAD,Cash,44.83,USD,Recurring monthly purchases and licenses,Erin Baile,**** 8472,,,,,,,1.405755,5773 Software License
2025-09-10T02:12:48,Purchase,OPENAI,  (63.01),CAD,Cash,44.82,USD,Recurring monthly purchases and licenses,Erin Baile,**** 8472,,,,,,,1.405846,5773 Software License
2025-09-13T03:47:36,Purchase,OPENAI,  (63.11),CAD,Cash,44.83,USD,Recurring monthly purchases and licenses,Erin Baile,**** 8472,,,,,,,1.407763,5773 Software License
2025-09-17T04:10:07,Purchase,OPENAI,  (62.75),CAD,Cash,44.84,USD,Recurring monthly purchases and licenses,Erin Baile,**** 8472,,,,,,,1.39942,5773 Software License
2025-09-20T02:07:10,Purchase,OPENAI,  (63.70),CAD,Cash,45.43,USD,Recurring monthly purchases and licenses,Erin Baile,**** 8472,,,,,,,1.402157,5773 Software License
2025-09-20T03:10:50,Purchase,OPENAI,  (63.72),CAD,Cash,45.39,USD,Recurring monthly purchases and licenses,Erin Baile,**** 8472,,,,,,,1.403833,5773 Software License
2025-09-23T16:29:01,Purchase,OPENAI,  (62.92),CAD,Cash,44.81,USD,Recurring monthly purchases and licenses,Erin Baile,**** 8472,,,,,,,1.404151,5773 Software License
2025-09-25T02:05:17,Purchase,OPENAI,  (66.35),CAD,Cash,47.18,USD,Recurring monthly purchases and licenses,Erin Baile,**** 8472,,,,,,,1.406316,5773 Software License
2025-09-29T02:10:40,Purchase,OPENAI,  (63.52),CAD,Cash,44.82,USD,Recurring monthly purchases and licenses,Erin Baile,**** 8472,,,,,,,1.417224,5773 Software License
2025-10-02T16:08:16,Purchase,OPENAI,  (63.54),CAD,Cash,44.84,USD,Recurring monthly purchases and licenses,Erin Baile,**** 8472,,,,,,,1.417038,5773 Software License
2025-10-06T17:33:58,Purchase,OPENAI,  (63.58),CAD,Cash,44.83,USD,Recurring monthly purchases and licenses,Erin Baile,**** 8472,,,,,,,1.418247,5773 Software License
2025-10-10T02:12:56,Purchase,OPENAI,  (781.72),CAD,Cash,551.14,USD,,Erin Baile,**** 8363,,,,,,,1.418369,5773 Software License
2025-01-15T17:41:28,Purchase,OPENAI *CHATGPT SUBSCR,  (32.78),CAD,Cash,22.4,USD,,Victor Ko,**** 2003,,,,,,,1.463393,5773 Software License
2025-01-16T01:35:29,Purchase,OPENAI *CHATGPT SUBSCR,  (32.78),CAD,Cash,22.4,USD,License Renewals,Joyce Pong,**** 2640,,,,,,,1.463393,5773 Software License
2025-01-16T01:36:44,Purchase,OPENAI *CHATGPT SUBSCR,  (32.78),CAD,Cash,22.4,USD,Recurring monthly purchases and licenses,Erin Baile,**** 8472,,,,,,,1.463393,5773 Software License
2025-01-18T01:02:13,Purchase,OPENAI *CHATGPT SUBSCR,  (32.76),CAD,Cash,22.4,USD,Recurring monthly purchases and licenses,Erin Baile,**** 8472,,,,,,,1.4625,5773 Software License
2025-02-02T14:58:19,Purchase,OPENAI *CHATGPT SUBSCR,  (198.67),CAD,Cash,134.4,USD,,Erin Baile,**** 8613,,,,,,,1.478199,5773 Software License
2025-02-15T16:48:42,Purchase,OPENAI *CHATGPT SUBSCR,  (32.30),CAD,Cash,22.4,USD,,Victor Ko,**** 2003,,,,,,,1.441964,5773 Software License
2025-02-16T02:06:05,Purchase,OPENAI *CHATGPT SUBSCR,  (32.30),CAD,Cash,22.4,USD,Recurring monthly purchases and licenses,Erin Baile,**** 8472,,,,,,,1.441964,5773 Software License
2025-02-18T01:44:41,Purchase,OPENAI *CHATGPT SUBSCR,  (32.30),CAD,Cash,22.4,USD,Recurring monthly purchases and licenses,Erin Baile,**** 8472,,,,,,,1.441964,5773 Software License
2025-02-24T17:53:52,Purchase,OPENAI *CHATGPT SUBSCR,  (32.39),CAD,Cash,22.4,USD,License Renewals,Joyce Pong,**** 2640,,,,,,,1.445982,5773 Software License
2025-03-01T01:13:59,Purchase,OPENAI *CHATGPT SUBSCR,  (197.15),CAD,Cash,134.4,USD,,Erin Baile,**** 8613,,,,,,,1.46689,5773 Software License
2025-03-15T17:03:04,Purchase,OPENAI *CHATGPT SUBSCR,  (32.86),CAD,Cash,22.4,USD,,Victor Ko,**** 2003,,,,,,,1.466964,5773 Software License
2025-03-16T02:09:25,Purchase,OPENAI *CHATGPT SUBSCR,  (32.86),CAD,Cash,22.4,USD,Recurring monthly purchases and licenses,Erin Baile,**** 8472,,,,,,,1.466964,5773 Software License
2025-03-18T02:09:02,Purchase,OPENAI *CHATGPT SUBSCR,  (32.86),CAD,Cash,22.4,USD,Recurring monthly purchases and licenses,Erin Baile,**** 8472,,,,,,,1.466964,5773 Software License
2025-03-25T02:12:15,Purchase,OPENAI *CHATGPT SUBSCR,  (32.69),CAD,Cash,22.4,USD,License Renewals,Joyce Pong,**** 2640,,,,,,,1.459375,5773 Software License
2025-03-31T02:13:07,Purchase,OPENAI *CHATGPT SUBSCR,  (195.58),CAD,Cash,134.4,USD,,Erin Baile,**** 8613,,,,,,,1.455208,5773 Software License
2025-04-16T02:05:49,Purchase,OPENAI *CHATGPT SUBSCR,  (31.64),CAD,Cash,22.4,USD,,Victor Ko,**** 2003,,,,,,,1.4125,5773 Software License
2025-04-16T02:15:13,Purchase,OPENAI *CHATGPT SUBSCR,  (31.64),CAD,Cash,22.4,USD,Recurring monthly purchases and licenses,Erin Baile,**** 8472,,,,,,,1.4125,5773 Software License
2025-04-18T02:02:08,Purchase,OPENAI *CHATGPT SUBSCR,  (31.76),CAD,Cash,22.4,USD,Recurring monthly purchases and licenses,Erin Baile,**** 8472,,,,,,,1.417857,5773 Software License
2025-04-24T02:18:37,Purchase,OPENAI *CHATGPT SUBSCR,  (10.72),CAD,Cash,7.62,USD,,Erin Baile,**** 8613,,,,,,,1.406824,5773 Software License
2025-04-25T02:17:13,Purchase,OPENAI *CHATGPT SUBSCR,  (31.62),CAD,Cash,22.4,USD,License Renewals,Joyce Pong,**** 2640,,,,,,,1.411607,5773 Software License
2025-04-30T02:17:52,Purchase,OPENAI *CHATGPT SUBSCR,  (1.48),CAD,Cash,1.04,USD,,Erin Baile,**** 8613,,,,,,,1.423077,5773 Software License
2025-05-01T02:17:05,Purchase,OPENAI *CHATGPT SUBSCR,  (283.90),CAD,Cash,201.6,USD,,Erin Baile,**** 8613,,,,,,,1.408234,5773 Software License
2025-05-09T02:17:44,Purchase,OPENAI *CHATGPT SUBSCR,  (34.60),CAD,Cash,24.62,USD,,Erin Baile,**** 8613,,,,,,,1.405361,5773 Software License
2025-05-13T02:14:33,Purchase,OPENAI *CHATGPT SUBSCR,  (28.49),CAD,Cash,20.11,USD,,Erin Baile,**** 8613,,,,,,,1.416708,5773 Software License
2025-05-16T02:07:15,Purchase,OPENAI *CHATGPT SUBSCR,  (31.82),CAD,Cash,22.4,USD,,Victor Ko,**** 2003,,,,,,,1.420536,5773 Software License
2025-05-16T02:17:23,Purchase,OPENAI *CHATGPT SUBSCR,  (31.82),CAD,Cash,22.4,USD,Recurring monthly purchases and licenses,Erin Baile,**** 8472,,,,,,,1.420536,5773 Software License
2025-05-18T02:13:16,Purchase,OPENAI *CHATGPT SUBSCR,  (31.84),CAD,Cash,22.4,USD,Recurring monthly purchases and licenses,Erin Baile,**** 8472,,,,,,,1.421429,5773 Software License
2025-05-25T02:13:06,Purchase,OPENAI *CHATGPT SUBSCR,  (31.53),CAD,Cash,22.4,USD,License Renewals,Joyce Pong,**** 2640,,,,,,,1.407589,5773 Software License
2025-05-31T02:16:23,Purchase,OPENAI *CHATGPT SUBSCR,  (378.29),CAD,Cash,268.8,USD,,Erin Baile,**** 8613,,,,,,,1.407329,5773 Software License
2025-06-16T02:11:51,Purchase,OPENAI *CHATGPT SUBSCR,  (31.05),CAD,Cash,22.4,USD,Recurring monthly purchases and licenses,Erin Baile,**** 8472,,,,,,,1.386161,5773 Software License
2025-06-18T02:07:21,Purchase,OPENAI *CHATGPT SUBSCR,  (30.95),CAD,Cash,22.4,USD,Recurring monthly purchases and licenses,Erin Baile,**** 8472,,,,,,,1.381696,5773 Software License
2025-06-25T02:19:25,Purchase,OPENAI *CHATGPT SUBSCR,  (31.38),CAD,Cash,22.4,USD,License Renewals,Joyce Pong,**** 2640,,,,,,,1.400893,5773 Software License
2025-07-01T02:17:40,Purchase,OPENAI *CHATGPT SUBSCR,  (375.47),CAD,Cash,268.8,USD,,Erin Baile,**** 8613,,,,,,,1.396838,5773 Software License
2025-07-16T02:21:46,Purchase,OPENAI *CHATGPT SUBSCR,  (31.18),CAD,Cash,22.4,USD,Recurring monthly purchases and licenses,Erin Baile,**** 8472,,,,,,,1.391964,5773 Software License
2025-07-18T02:15:16,Purchase,OPENAI *CHATGPT SUBSCR,  (31.29),CAD,Cash,22.4,USD,Recurring monthly purchases and licenses,Erin Baile,**** 8472,,,,,,,1.396875,5773 Software License
2025-07-25T02:19:53,Purchase,OPENAI *CHATGPT SUBSCR,  (31.00),CAD,Cash,22.4,USD,License Renewals,Joyce Pong,**** 2640,,,,,,,1.383929,5773 Software License
2025-07-31T02:20:00,Purchase,OPENAI *CHATGPT SUBSCR,  (188.15),CAD,Cash,134.4,USD,,Erin Baile,**** 8613,,,,,,,1.399926,5773 Software License
2025-08-16T02:11:41,Purchase,OPENAI *CHATGPT SUBSCR,  (31.43),CAD,Cash,22.4,USD,Recurring monthly purchases and licenses,Erin Baile,**** 8472,,,,,,,1.403125,5773 Software License
2025-08-18T02:09:36,Purchase,OPENAI *CHATGPT SUBSCR,  (31.43),CAD,Cash,22.4,USD,Recurring monthly purchases and licenses,Erin Baile,**** 8472,,,,,,,1.403125,5773 Software License
2025-08-25T02:13:31,Purchase,OPENAI *CHATGPT SUBSCR,  (31.67),CAD,Cash,22.4,USD,License Renewals,Joyce Pong,**** 2640,,,,,,,1.413839,5773 Software License
2025-09-16T02:09:41,Purchase,OPENAI *CHATGPT SUBSCR,  (31.53),CAD,Cash,22.4,USD,Recurring monthly purchases and licenses,Erin Baile,**** 8472,,,,,,,1.407589,5773 Software License
2025-09-18T02:07:50,Purchase,OPENAI *CHATGPT SUBSCR,  (31.35),CAD,Cash,22.4,USD,Recurring monthly purchases and licenses,Erin Baile,**** 8472,,,,,,,1.399554,5773 Software License
2025-09-25T02:11:44,Purchase,OPENAI *CHATGPT SUBSCR,  (31.50),CAD,Cash,22.4,USD,License Renewals,Joyce Pong,**** 2640,,,,,,,1.40625,5773 Software License
2025-10-16T02:14:31,Purchase,OPENAI *CHATGPT SUBSCR,  (32.03),CAD,Cash,22.4,USD,Recurring monthly purchases and licenses,Erin Baile,**** 8472,,,,,,,1.429911,5773 Software License
2025-10-18T02:08:53,Purchase,OPENAI *CHATGPT SUBSCR,  (31.98),CAD,Cash,22.4,USD,Recurring monthly purchases and licenses,Erin Baile,**** 8472,,,,,,,1.427679,5773 Software License
2025-10-24T22:41:08,Purchase,OPENAI *CHATGPT SUBSCR,  (31.86),CAD,Cash,22.4,USD,License Renewals,Joyce Pong,**** 2640,,,,,,,1.422321,5773 Software License
2025-12-16T06:18:08,Purchase,OPENAI *CHATGPT SUBSCR,  (31.38),CAD,Cash,22.4,USD,Recurring monthly purchases and licenses,Erin Baile,**** 8472,,,,,,,1.400893,5773 Software License
2025-12-18T00:27:55,Purchase,OPENAI *CHATGPT SUBSCR,  (31.35),CAD,Cash,22.4,USD,Recurring monthly purchases and licenses,Erin Baile,**** 8472,,,,,,,1.399554,5773 Software License
2025-05-29T05:12:06,Purchase,ORIGINALITY.AI,  (22.07),CAD,Cash,15.7,USD,,Karina Plazola,**** 9909,,,,,,,1.405732,5773 Software License
2025-06-29T06:12:38,Purchase,ORIGINALITY.AI,  (21.94),CAD,Cash,15.7,USD,,Karina Plazola,**** 9909,,,,,,,1.397452,5773 Software License
2025-07-29T05:44:45,Purchase,ORIGINALITY.AI,  (21.91),CAD,Cash,15.7,USD,,Karina Plazola,**** 9909,,,,,,,1.395541,5773 Software License
2025-08-29T03:56:05,Purchase,ORIGINALITY.AI,  (21.99),CAD,Cash,15.7,USD,,Karina Plazola,**** 9909,,,,,,,1.400637,5773 Software License
2025-09-29T05:45:41,Purchase,ORIGINALITY.AI,  (22.25),CAD,Cash,15.7,USD,,Karina Plazola,**** 9909,,,,,,,1.417197,5773 Software License
2025-10-29T04:13:29,Purchase,ORIGINALITY.AI,  (22.32),CAD,Cash,15.7,USD,,Karina Plazola,**** 9909,,,,,,,1.421656,5773 Software License
2025-12-10T04:50:47,Purchase,Pace Group,  (35.00),CAD,Cash,,,,Cory Eden,**** 7993,,,,,,,,5773 Software License
2025-12-10T04:50:48,Purchase,Pace Group,  (5.00),CAD,Cash,,,,Cory Eden,**** 7993,,,,,,,,5773 Software License
2025-12-10T04:50:48,Purchase,Pace Group,  (5.00),CAD,Cash,,,,Cory Eden,**** 7993,,,,,,,,5773 Software License
2025-09-20T07:10:47,Purchase,PADDLE.NET* BLUETALLY,"  (3,754.12)",CAD,Cash,2674.56,USD,,Dillon Hall,**** 6151,,,,,,,1.40364,5773 Software License
2025-12-11T06:28:04,Purchase,PADDLE.NET* N8N CLOUD1,  (110.12),CAD,Cash,67.2,EUR,,Erin Baile,**** 6890,,,,,,,1.63869,5773 Software License
2025-01-02T06:16:34,Purchase,PADDLE.NET* STRAWPOLL,  (81.67),CAD,Cash,,,,Dillon Hall,**** 6151,,,,,,,,5773 Software License
2025-02-02T06:23:52,Purchase,PADDLE.NET* STRAWPOLL,  (81.67),CAD,Cash,,,,Dillon Hall,**** 6151,,,,,,,,5773 Software License
2025-03-02T06:20:17,Purchase,PADDLE.NET* STRAWPOLL,  (81.67),CAD,Cash,,,,Dillon Hall,**** 6151,,,,,,,,5773 Software License
2025-04-02T06:36:08,Purchase,PADDLE.NET* STRAWPOLL,  (81.67),CAD,Cash,,,,Dillon Hall,**** 6151,,,,,,,,5773 Software License
2025-05-02T06:29:23,Purchase,PADDLE.NET* STRAWPOLL,  (81.67),CAD,Cash,,,,Dillon Hall,**** 6151,,,,,,,,5773 Software License
2025-06-02T07:53:42,Purchase,PADDLE.NET* STRAWPOLL,  (81.67),CAD,Cash,,,,Dillon Hall,**** 6151,,,,,,,,5773 Software License
2025-07-02T06:21:46,Purchase,PADDLE.NET* STRAWPOLL,  (81.67),CAD,Cash,,,,Dillon Hall,**** 6151,,,,,,,,5773 Software License
2025-08-02T06:34:30,Purchase,PADDLE.NET* STRAWPOLL,  (81.67),CAD,Cash,,,,Dillon Hall,**** 6151,,,,,,,,5773 Software License
2025-09-02T06:31:52,Purchase,PADDLE.NET* STRAWPOLL,  (81.67),CAD,Cash,,,,Dillon Hall,**** 6151,,,,,,,,5773 Software License
2025-10-02T06:18:42,Purchase,PADDLE.NET* STRAWPOLL,  (81.67),CAD,Cash,,,,Dillon Hall,**** 6151,,,,,,,,5773 Software License
2025-11-02T06:20:50,Purchase,PADDLE.NET* STRAWPOLL,  (81.67),CAD,Cash,,,,Dillon Hall,**** 6151,,,,,,,,5773 Software License
2025-12-02T06:50:09,Purchase,PADDLE.NET* STRAWPOLL,  (81.67),CAD,Cash,,,,Dillon Hall,**** 6151,,,,,,,,5773 Software License
2025-01-02T01:01:14,Purchase,POSTMAN PROFESSIONAL,  (969.85),CAD,Cash,663,USD,,Dillon Hall,**** 6151,,,,,,,1.462821,5773 Software License
2025-02-01T16:33:22,Purchase,POSTMAN PROFESSIONAL,  (980.02),CAD,Cash,663,USD,,Dillon Hall,**** 6151,,,,,,,1.47816,5773 Software License
2025-03-01T16:59:52,Purchase,POSTMAN PROFESSIONAL,"  (1,031.32)",CAD,Cash,702,USD,,Dillon Hall,**** 6151,,,,,,,1.469117,5773 Software License
2025-04-01T05:34:19,Purchase,POSTMAN PROFESSIONAL,"  (1,025.98)",CAD,Cash,702,USD,,Dillon Hall,**** 6151,,,,,,,1.46151,5773 Software License
2025-05-01T04:17:02,Purchase,POSTMAN PROFESSIONAL,  (987.50),CAD,Cash,702,USD,,Dillon Hall,**** 6151,,,,,,,1.406695,5773 Software License
2025-08-01T04:35:57,Purchase,POSTMAN PROFESSIONAL,"  (1,097.38)",CAD,Cash,780,USD,,Dillon Hall,**** 6151,,,,,,,1.406897,5773 Software License
2025-09-01T16:40:01,Purchase,POSTMAN PROFESSIONAL,"  (1,145.68)",CAD,Cash,819,USD,,Dillon Hall,**** 6151,,,,,,,1.398877,5773 Software License
2025-10-01T04:01:51,Purchase,POSTMAN PROFESSIONAL,"  (1,158.65)",CAD,Cash,819,USD,,Dillon Hall,**** 6151,,,,,,,1.414713,5773 Software License
2025-06-20T02:23:10,Purchase,PVR LIMITED,  (87.25),CAD,Cash,5410,INR,Food for  Monthly Employee engagement ,Harjot Kaur,**** 9999,,,,,,,0.016128,5773 Software License
2025-01-06T01:07:46,Purchase,QASE.IO,  (493.36),CAD,Cash,336,USD,QA testing tool used by Spring Tech,Erin Baile,**** 3597,,,,,,,1.468333,5773 Software License
2025-02-06T01:46:28,Purchase,QASE.IO,  (494.69),CAD,Cash,336,USD,QA testing tool used by Spring Tech,Erin Baile,**** 3597,,,,,,,1.472292,5773 Software License
2025-03-06T01:17:53,Purchase,QASE.IO,  (496.02),CAD,Cash,336,USD,QA testing tool used by Spring Tech,Erin Baile,**** 3597,,,,,,,1.47625,5773 Software License
2025-04-06T06:18:40,Purchase,QASE.IO,  (486.39),CAD,Cash,336,USD,QA testing tool used by Spring Tech,Erin Baile,**** 3597,,,,,,,1.447589,5773 Software License
2025-05-06T02:18:01,Purchase,QASE.IO,  (472.85),CAD,Cash,336,USD,QA testing tool used by Spring Tech,Erin Baile,**** 3597,,,,,,,1.407292,5773 Software License
2025-06-06T04:32:29,Purchase,QASE.IO,  (468.39),CAD,Cash,336,USD,QA testing tool used by Spring Tech,Erin Baile,**** 3597,,,,,,,1.394018,5773 Software License
2025-07-06T06:55:31,Purchase,QASE.IO,  (464.60),CAD,Cash,336,USD,QA testing tool used by Spring Tech,Erin Baile,**** 3597,,,,,,,1.382738,5773 Software License
2025-08-06T02:17:36,Purchase,QASE.IO,  (470.67),CAD,Cash,336,USD,QA testing tool used by Spring Tech,Erin Baile,**** 3597,,,,,,,1.400804,5773 Software License
2025-09-06T05:53:28,Purchase,QASE.IO,  (472.31),CAD,Cash,336,USD,QA testing tool used by Spring Tech,Erin Baile,**** 3597,,,,,,,1.405685,5773 Software License
2025-10-07T02:06:49,Purchase,QASE.IO,  (609.42),CAD,Cash,,,,Erin Baile,**** 3636,,,,,,,,5773 Software License
2025-10-10T02:10:35,Refund,QASE.IO,  412.80 ,CAD,Cash,,,,Erin Baile,**** 3636,,,,,,,,5773 Software License
2025-04-15T02:02:22,Purchase,REDDIT INC ADS,  (559.67),CAD,Cash,,,,Hector Alfonso Pertierra Marin,**** 8347,,,,,,,,5773 Software License
2025-04-18T02:10:40,Purchase,REDDIT INC ADS,  (534.18),CAD,Cash,,,,Hector Alfonso Pertierra Marin,**** 8347,,,,,,,,5773 Software License
2025-04-27T02:05:00,Purchase,REDDIT INC ADS,  (393.31),CAD,Cash,,,,Hector Alfonso Pertierra Marin,**** 8347,,,,,,,,5773 Software License
2025-05-10T02:04:37,Purchase,REDDIT INC ADS,  (867.16),CAD,Cash,,,,Hector Alfonso Pertierra Marin,**** 8347,,,,,,,,5773 Software License
2025-05-28T02:17:47,Purchase,REDDIT INC ADS,  (12.50),CAD,Cash,,,,Hector Alfonso Pertierra Marin,**** 8347,,,,,,,,5773 Software License
2025-02-23T05:59:44,Purchase,REVENUECAT,  (44.83),CAD,Cash,31,USD,,Erin Baile,**** 8613,,,,,,,1.446129,5773 Software License
2025-03-23T06:17:15,Purchase,REVENUECAT,  (56.92),CAD,Cash,39,USD,,Erin Baile,**** 8613,,,,,,,1.459487,5773 Software License
2025-04-23T02:16:51,Purchase,REVENUECAT,  (137.80),CAD,Cash,98,USD,,Erin Baile,**** 8613,,,,,,,1.406122,5773 Software License
2025-05-23T02:21:53,Purchase,REVENUECAT,  (149.82),CAD,Cash,106,USD,,Erin Baile,**** 8613,,,,,,,1.413396,5773 Software License
2025-06-23T03:49:39,Purchase,REVENUECAT,  (120.03),CAD,Cash,86,USD,,Erin Baile,**** 8613,,,,,,,1.395698,5773 Software License
2025-07-23T02:23:33,Purchase,REVENUECAT,  (65.54),CAD,Cash,47,USD,,Erin Baile,**** 8613,,,,,,,1.394468,5773 Software License
2025-08-23T04:11:47,Purchase,REVENUECAT,  (52.27),CAD,Cash,37,USD,,Erin Baile,**** 8613,,,,,,,1.412703,5773 Software License
2025-09-23T02:12:25,Purchase,REVENUECAT,  (44.92),CAD,Cash,32,USD,,Erin Baile,**** 8613,,,,,,,1.40375,5773 Software License
2025-10-23T02:22:33,Purchase,REVENUECAT,  (41.42),CAD,Cash,29,USD,,Erin Baile,**** 8613,,,,,,,1.428276,5773 Software License
2025-01-08T02:31:20,Purchase,"ROLLBAR, INC","  (1,015.12)",CAD,Cash,695.73,USD,,Erin Baile,**** 8613,,,,,,,1.459072,5773 Software License
2025-01-26T14:54:24,Purchase,"ROLLBAR, INC",  (248.27),CAD,Cash,170,USD,,Erin Baile,**** 8613,,,,,,,1.460412,5773 Software License
2025-02-03T04:04:50,Purchase,"ROLLBAR, INC",  (443.45),CAD,Cash,300,USD,,Erin Baile,**** 8613,,,,,,,1.478167,5773 Software License
2025-02-19T01:25:45,Purchase,"ROLLBAR, INC","  (1,880.08)",CAD,Cash,1304.71,USD,,Erin Baile,**** 8613,,,,,,,1.440995,5773 Software License
2025-03-08T16:44:44,Purchase,"ROLLBAR, INC",  (439.37),CAD,Cash,300,USD,,Erin Baile,**** 8613,,,,,,,1.464567,5773 Software License
2025-03-08T16:44:45,Purchase,"ROLLBAR, INC","  (2,122.13)",CAD,Cash,1449,USD,,Erin Baile,**** 8613,,,,,,,1.464548,5773 Software License
2025-04-08T05:26:59,Purchase,"ROLLBAR, INC","  (2,303.86)",CAD,Cash,1587.28,USD,,Erin Baile,**** 8613,,,,,,,1.451452,5773 Software License
2025-05-08T04:37:11,Purchase,"ROLLBAR, INC","  (2,409.88)",CAD,Cash,1715.26,USD,,Erin Baile,**** 8613,,,,,,,1.404965,5773 Software License
2025-06-08T14:11:27,Purchase,"ROLLBAR, INC","  (2,646.93)",CAD,Cash,1902.4,USD,,Erin Baile,**** 8613,,,,,,,1.391364,5773 Software License
2025-07-08T05:35:55,Purchase,"ROLLBAR, INC","  (2,013.15)",CAD,Cash,1449,USD,,Erin Baile,**** 8613,,,,,,,1.389337,5773 Software License
2025-08-12T02:17:27,Purchase,"ROLLBAR, INC","  (9,664.00)",CAD,Cash,6915.95,USD,,Erin Baile,**** 8613,,,,,,,1.39735,5773 Software License
2025-08-21T06:08:36,Purchase,"ROLLBAR, INC",  (422.83),CAD,Cash,300,USD,,Erin Baile,**** 8613,,,,,,,1.409433,5773 Software License
2025-09-08T02:57:26,Purchase,"ROLLBAR, INC","  (2,926.58)",CAD,Cash,2080.63,USD,,Erin Baile,**** 8613,,,,,,,1.406584,5773 Software License
2025-10-08T04:07:11,Purchase,"ROLLBAR, INC","  (1,628.77)",CAD,Cash,1149,USD,,Erin Baile,**** 8613,,,,,,,1.417554,5773 Software License
2025-11-08T17:07:44,Purchase,"ROLLBAR, INC","  (2,376.87)",CAD,Cash,1657.4,USD,,Erin Baile,**** 8613,,,,,,,1.434096,5773 Software License
2025-12-08T06:15:29,Purchase,"ROLLBAR, INC","  (1,982.19)",CAD,Cash,1398.52,USD,,Erin Baile,**** 8613,,,,,,,1.417348,5773 Software License
2025-09-12T03:43:16,Purchase,SAGE SOFTWARE CANADA L,"  (2,516.37)",CAD,Cash,,,For one-time credit card only payments and legal invoices.,Emilio Lagman,**** 8807,,,,,,,,5773 Software License
2025-01-14T02:47:08,Purchase,SOLARWINDS,  (285.83),CAD,Cash,194.88,USD,Recurring monthly purchases and licenses,Erin Baile,**** 8472,,,,,,,1.466697,5773 Software License
2025-01-18T01:15:12,Purchase,SOLARWINDS,  (284.94),CAD,Cash,194.88,USD,Recurring monthly purchases and licenses,Erin Baile,**** 8472,,,,,,,1.462131,5773 Software License
2025-02-18T02:38:56,Purchase,SOLARWINDS,  (280.97),CAD,Cash,194.88,USD,Recurring monthly purchases and licenses,Erin Baile,**** 8472,,,,,,,1.441759,5773 Software License
2025-03-01T06:40:36,Purchase,SOLARWINDS,  (792.91),CAD,Cash,540.54,USD,Recurring monthly purchases and licenses,Erin Baile,**** 8472,,,,,,,1.466885,5773 Software License
2025-03-18T02:14:24,Purchase,SOLARWINDS,"  (1,518.32)",CAD,Cash,1035,USD,Recurring monthly purchases and licenses,Erin Baile,**** 8472,,,,,,,1.466976,5773 Software License
2025-04-18T04:23:36,Purchase,SOLARWINDS,"  (1,467.38)",CAD,Cash,1035,USD,Recurring monthly purchases and licenses,Erin Baile,**** 8472,,,,,,,1.417758,5773 Software License
2025-05-18T06:39:05,Purchase,SOLARWINDS,"  (1,470.53)",CAD,Cash,1035,USD,Recurring monthly purchases and licenses,Erin Baile,**** 8472,,,,,,,1.420802,5773 Software License
2025-06-18T04:53:46,Purchase,SOLARWINDS,"  (1,429.76)",CAD,Cash,1035,USD,Recurring monthly purchases and licenses,Erin Baile,**** 8472,,,,,,,1.381411,5773 Software License
2025-07-18T13:12:33,Purchase,SOLARWINDS,"  (1,445.31)",CAD,Cash,1035,USD,Recurring monthly purchases and licenses,Erin Baile,**** 8472,,,,,,,1.396435,5773 Software License
2025-08-18T02:13:14,Purchase,SOLARWINDS,"  (1,452.04)",CAD,Cash,1035,USD,Recurring monthly purchases and licenses,Erin Baile,**** 8472,,,,,,,1.402937,5773 Software License
2025-09-18T02:06:10,Purchase,SOLARWINDS,"  (1,448.36)",CAD,Cash,1035,USD,Recurring monthly purchases and licenses,Erin Baile,**** 8472,,,,,,,1.399382,5773 Software License
2025-10-18T03:42:14,Purchase,SOLARWINDS,"  (1,477.36)",CAD,Cash,1035,USD,Recurring monthly purchases and licenses,Erin Baile,**** 8472,,,,,,,1.427401,5773 Software License
2025-12-12T04:00:40,Purchase,SOLARWINDS,"  (1,457.61)",CAD,Cash,1035,USD,,Erin Baile,**** 0317,,,,,,,1.408319,5773 Software License
2025-12-20T02:46:32,Purchase,SOLARWINDS,"  (1,449.62)",CAD,Cash,1035,USD,,Erin Baile,**** 0317,,,,,,,1.400599,5773 Software License
2025-10-22T02:09:56,Purchase,SQSP* WEBSIT#206208801,  (410.88),CAD,Cash,,,,Hector Alfonso Pertierra Marin,**** 1818,,,,,,,,5773 Software License
2025-03-31T06:15:23,Purchase,STATUSCAKE SUP YEARLY,  (238.00),CAD,Cash,,,Recurring monthly purchases and licenses,Erin Baile,**** 8472,,,,,,,,5773 Software License
2025-11-21T22:44:44,Purchase,SUPABASE,  (35.80),CAD,Cash,25,USD,,Erin Baile,**** 7663,,,,,,,1.432,5773 Software License
2025-12-21T14:11:10,Purchase,SUPABASE,  (121.62),CAD,Cash,86.77,USD,,Erin Baile,**** 7663,,,,,,,1.401637,5773 Software License
2025-05-09T04:20:53,Purchase,TERANET INC,  (452.00),CAD,Cash,,,"Rent Reporting Title Pull managed by Oscar Daniels, Approved by Tyler",Emilio Lagman,**** 7022,,,,,,,,5773 Software License
2025-10-22T02:09:34,Purchase,TWILIO SENDGRID,  (11.31),CAD,Cash,7.93,USD,,Erin Baile,**** 5749,,,,,,,1.42623,5773 Software License
2025-11-04T23:31:55,Purchase,TWILIO SENDGRID,  (32.01),CAD,Cash,22.34,USD,,Erin Baile,**** 5749,,,,,,,1.432856,5773 Software License
2025-12-04T16:19:39,Purchase,TWILIO SENDGRID,  (31.70),CAD,Cash,22.34,USD,,Erin Baile,**** 5749,,,,,,,1.418979,5773 Software License
2025-05-01T04:15:56,Purchase,UNITY-ADS* UNITY ADS,"  (7,385.10)",CAD,Cash,5250,USD,,Hector Alfonso Pertierra Marin,**** 5113,,,,,,,1.406686,5773 Software License
2025-11-25T00:08:39,Purchase,AHREFS.COM,  (399.72),CAD,Cash,278.88,USD,,Hector Alfonso Pertierra Marin,**** 2672,,,,,,,1.433305,5773 Software License
2025-01-20T01:12:10,Purchase,Dropbox G8HXYHPJG696,  (17.91),CAD,Cash,,,Spring Dropbox Account - Will pause and then cancel CD Dropbox Account Float Card for Angela,Victor Ko,**** 8770,,,,,,,,5773 Software License
2025-07-21T02:39:17,Purchase,GOOGLE *YouTubePremium,  (14.55),CAD,Cash,,,,Dillon Hall,**** 6151,,,,,,,,5773 Software License
2025-08-21T04:19:40,Purchase,GOOGLE *YouTubePremium,  (14.55),CAD,Cash,,,,Dillon Hall,**** 6151,,,,,,,,5773 Software License
2025-09-21T04:10:13,Purchase,GOOGLE*YOUTUBEPREMIUM,  (14.55),CAD,Cash,,,,Dillon Hall,**** 6151,,,,,,,,5773 Software License
2025-06-03T04:55:09,Purchase,HEX.TECH,  (809.41),CAD,Cash,576.48,USD,,Erin Baile,**** 5135,,,,,,,1.404056,5773 Software License
2025-03-12T02:15:42,Purchase,JetBrains Americas INC,  (97.92),CAD,Cash,66.86,USD,,Dillon Hall,**** 6151,,,,,,,1.464553,5773 Software License
2025-04-12T02:15:05,Purchase,JetBrains Americas INC,  (96.90),CAD,Cash,66.86,USD,,Dillon Hall,**** 6151,,,,,,,1.449297,5773 Software License
2025-05-12T02:10:55,Purchase,JetBrains Americas INC,  (94.68),CAD,Cash,66.86,USD,,Dillon Hall,**** 6151,,,,,,,1.416093,5773 Software License
2025-11-11T23:59:57,Purchase,JetBrains Americas INC,  (27.80),CAD,Cash,19.38,USD,,Dillon Hall,**** 6151,,,,,,,1.434469,5773 Software License
2025-08-22T02:16:16,Purchase,KRISP,  (8.96),CAD,Cash,6.34,USD,,Dillon Hall,**** 6151,,,,,,,1.413249,5773 Software License
2025-06-23T17:44:37,Purchase,KRISP,  (30.61),CAD,Cash,21.93,USD,,Dillon Hall,**** 6151,,,,,,,1.395805,5773 Software License
2025-07-24T02:23:15,Purchase,KRISP,  (38.85),CAD,Cash,27.94,USD,,Dillon Hall,**** 6151,,,,,,,1.39048,5773 Software License
2025-07-30T02:22:14,Purchase,KRISP,  (69.31),CAD,Cash,49.51,USD,,Dillon Hall,**** 6151,,,,,,,1.399919,5773 Software License
2025-08-13T02:13:06,Purchase,KRISP,  (12.22),CAD,Cash,8.72,USD,,Dillon Hall,**** 6151,,,,,,,1.401376,5773 Software License
2025-08-14T02:10:58,Purchase,KRISP,  (11.89),CAD,Cash,8.48,USD,,Dillon Hall,**** 6151,,,,,,,1.402123,5773 Software License
2025-08-18T18:04:07,Purchase,KRISP,  (10.12),CAD,Cash,7.21,USD,,Dillon Hall,**** 6151,,,,,,,1.403606,5773 Software License
2025-05-10T02:04:38,Purchase,NAME-CHEAP.COM* G71ZZK,  (31.11),CAD,Cash,22.14,USD,,Erin Baile,**** 6876,,,,,,,1.405149,5773 Software License
2025-03-17T16:56:28,Purchase,NAME-CHEAP.COM* MPSJGZ,  (20.52),CAD,Cash,13.98,USD,,Erin Baile,**** 6876,,,,,,,1.467811,5773 Software License
2025-12-24T22:51:19,Purchase,OPENAI *CHATGPT SUBSCR,  (31.30),CAD,Cash,22.4,USD,License Renewals,Joyce Pong,**** 2640,,,,,,,1.397321,5773 Software License
2025-11-16T00:31:56,Purchase,OPENAI *CHATGPT SUBSCR,  (31.95),CAD,Cash,22.4,USD,Recurring monthly purchases and licenses,Erin Baile,**** 8472,,,,,,,1.426339,5773 Software License
2025-11-18T00:11:00,Purchase,OPENAI *CHATGPT SUBSCR,  (31.95),CAD,Cash,22.4,USD,Recurring monthly purchases and licenses,Erin Baile,**** 8472,,,,,,,1.426339,5773 Software License
2025-11-25T00:02:54,Purchase,OPENAI *CHATGPT SUBSCR,  (32.14),CAD,Cash,22.4,USD,License Renewals,Joyce Pong,**** 2640,,,,,,,1.434821,5773 Software License
2025-11-29T03:23:38,Purchase,ORIGINALITY.AI,  (22.41),CAD,Cash,15.7,USD,,Karina Plazola,**** 9909,,,,,,,1.427389,5773 Software License
2025-12-29T03:20:10,Purchase,ORIGINALITY.AI,  (21.83),CAD,Cash,15.7,USD,,Karina Plazola,**** 9909,,,,,,,1.390446,5773 Software License
2025-06-01T12:43:31,Purchase,POSTMAN PROFESSIONAL,  (985.65),CAD,Cash,702,USD,,Dillon Hall,**** 6151,,,,,,,1.40406,5773 Software License
2025-07-01T05:14:42,Purchase,POSTMAN PROFESSIONAL,"  (1,030.40)",CAD,Cash,741,USD,,Dillon Hall,**** 6151,,,,,,,1.390553,5773 Software License
2025-06-10T02:16:40,Purchase,WORKONA,  (13.92),CAD,Cash,10,USD,Subscription to Workona,Erin Baile,**** 7964,,,,,,,1.392,5773 Software License
2025-07-10T04:56:43,Purchase,WORKONA,  (13.92),CAD,Cash,10,USD,Subscription to Workona,Erin Baile,**** 7964,,,,,,,1.392,5773 Software License
2025-11-27T15:59:41,Purchase,ZOMATO PVT LTD-HYPERPURE,  (20.61),CAD,Cash,1282.5,INR,,Harjot Kaur,**** 9999,,,,,,,0.01607,5773 Software License
2025-10-14T06:24:24,Purchase,VARIFY.IO A/B TESTING,  (163.57),CAD,Cash,99,EUR,"Requesting funds, as discussed, for Marketing costs for things such as Zapier and Asana. Thanks!",Hector Alfonso Pertierra Marin,**** 3032,,,,,,,1.652222,5773 Software License
2025-12-14T06:28:18,Purchase,VARIFY.IO A/B TESTING,  (162.72),CAD,Cash,99,EUR,"Requesting funds, as discussed, for Marketing costs for things such as Zapier and Asana. Thanks!",Hector Alfonso Pertierra Marin,**** 3032,,,,,,,1.643636,5773 Software License
2025-07-25T06:13:44,Purchase,VERCEL INC.,  (152.50),CAD,Cash,110,USD,,Cory Eden,**** 7993,,,,,,,1.386364,5773 Software License
2025-08-25T02:13:24,Purchase,VERCEL INC.,  (141.37),CAD,Cash,100,USD,,Cory Eden,**** 7993,,,,,,,1.4137,5773 Software License
2025-09-25T02:12:29,Purchase,VERCEL INC.,  (140.61),CAD,Cash,100,USD,,Erin Baile,**** 7663,,,,,,,1.4061,5773 Software License
2025-10-17T05:48:46,Purchase,VERCEL INC.,  (3.81),CAD,Cash,2.67,USD,,Erin Baile,**** 7663,,,,,,,1.426966,5773 Software License
2025-10-27T17:12:12,Purchase,VERCEL INC.,  (156.83),CAD,Cash,110.04,USD,,Erin Baile,**** 7663,,,,,,,1.425209,5773 Software License
2025-11-13T00:24:29,Purchase,VERCEL INC.,  (7.86),CAD,Cash,5.48,USD,,Erin Baile,**** 7663,,,,,,,1.434307,5773 Software License
2025-11-13T00:24:30,Purchase,VERCEL INC.,  (64.77),CAD,Cash,45.16,USD,,Erin Baile,**** 7663,,,,,,,1.434234,5773 Software License
2025-11-26T22:57:10,Purchase,VERCEL INC.,  (368.78),CAD,Cash,257.17,USD,,Erin Baile,**** 7663,,,,,,,1.433993,5773 Software License
2025-12-24T22:56:56,Purchase,VERCEL INC.,  (500.64),CAD,Cash,358.41,USD,,Erin Baile,**** 7663,,,,,,,1.396836,5773 Software License
2025-11-09T20:53:30,Purchase,VERCEL MKT SUPABASE,  (121.60),CAD,Cash,84.79,USD,,Erin Baile,**** 7663,,,,,,,1.434131,5773 Software License
2025-12-04T00:46:13,Purchase,VERCEL MKT SUPABASE,  (842.81),CAD,Cash,594,USD,,Erin Baile,**** 7663,,,,,,,1.418872,5773 Software License
2025-12-04T06:25:25,Purchase,VERCEL MKT SUPABASE,  (62.33),CAD,Cash,43.92,USD,,Erin Baile,**** 7663,,,,,,,1.419171,5773 Software License
2025-09-09T05:18:38,Purchase,VERCEL-SUPABASE,  (35.14),CAD,Cash,25,USD,,Erin Baile,**** 7663,,,,,,,1.4056,5773 Software License
2025-10-09T16:28:21,Purchase,VERCEL-SUPABASE,  (60.79),CAD,Cash,42.86,USD,,Erin Baile,**** 7663,,,,,,,1.418339,5773 Software License
2025-01-10T06:26:13,Purchase,VESTA  *CHATR,  (16.80),CAD,Cash,,,Recurring monthly purchases and licenses,Erin Baile,**** 8472,,,,,,,,5773 Software License
2025-02-10T04:28:36,Purchase,VESTA  *CHATR,  (16.80),CAD,Cash,,,Recurring monthly purchases and licenses,Erin Baile,**** 8472,,,,,,,,5773 Software License
2025-03-10T03:50:10,Purchase,VESTA  *CHATR,  (16.80),CAD,Cash,,,Recurring monthly purchases and licenses,Erin Baile,**** 8472,,,,,,,,5773 Software License
2025-04-10T04:32:02,Purchase,VESTA  *CHATR,  (16.80),CAD,Cash,,,Recurring monthly purchases and licenses,Erin Baile,**** 8472,,,,,,,,5773 Software License
2025-05-10T04:35:39,Purchase,VESTA  *CHATR,  (16.80),CAD,Cash,,,Recurring monthly purchases and licenses,Erin Baile,**** 8472,,,,,,,,5773 Software License
2025-06-10T04:42:02,Purchase,VESTA  *CHATR,  (16.80),CAD,Cash,,,Recurring monthly purchases and licenses,Erin Baile,**** 8472,,,,,,,,5773 Software License
2025-07-10T04:21:09,Purchase,VESTA  *CHATR,  (16.80),CAD,Cash,,,Recurring monthly purchases and licenses,Erin Baile,**** 8472,,,,,,,,5773 Software License
2025-08-10T04:07:21,Purchase,VESTA  *CHATR,  (16.80),CAD,Cash,,,Recurring monthly purchases and licenses,Erin Baile,**** 8472,,,,,,,,5773 Software License
2025-09-10T05:07:55,Purchase,VESTA  *CHATR,  (16.80),CAD,Cash,,,Recurring monthly purchases and licenses,Erin Baile,**** 8472,,,,,,,,5773 Software License
2025-10-10T03:35:59,Purchase,VESTA  *CHATR,  (16.80),CAD,Cash,,,"Vesta Chatr Mobile phone for devops, cancelling it soon. Erin's card was set moving it to a separate card because it is tech owned and soon cancelled",Erin Baile,**** 9878,,,,,,,,5773 Software License
2025-11-10T03:33:15,Purchase,VESTA  *CHATR,  (16.80),CAD,Cash,,,"Vesta Chatr Mobile phone for devops, cancelling it soon. Erin's card was set moving it to a separate card because it is tech owned and soon cancelled",Erin Baile,**** 9878,,,,,,,,5773 Software License
2025-12-10T04:20:59,Purchase,VESTA  *CHATR,  (16.80),CAD,Cash,,,"Vesta Chatr Mobile phone for devops, cancelling it soon. Erin's card was set moving it to a separate card because it is tech owned and soon cancelled",Erin Baile,**** 9878,,,,,,,,5773 Software License
2025-03-11T02:24:58,Purchase,VMO*VIMEO.COM,  (726.88),CAD,Cash,,,,Dillon Hall,**** 6151,,,,,,,,5773 Software License
2025-01-10T01:19:45,Purchase,WORKONA,  (14.63),CAD,Cash,10,USD,Subscription to Workona,Erin Baile,**** 7964,,,,,,,1.463,5773 Software License
2025-02-10T02:14:32,Purchase,WORKONA,  (14.57),CAD,Cash,10,USD,Subscription to Workona,Erin Baile,**** 7964,,,,,,,1.457,5773 Software License
2025-03-10T02:16:09,Purchase,WORKONA,  (14.65),CAD,Cash,10,USD,Subscription to Workona,Erin Baile,**** 7964,,,,,,,1.465,5773 Software License
2025-04-10T04:53:24,Purchase,WORKONA,  (14.50),CAD,Cash,10,USD,Subscription to Workona,Erin Baile,**** 7964,,,,,,,1.45,5773 Software License
2025-05-10T17:04:02,Purchase,WORKONA,  (14.14),CAD,Cash,10,USD,Subscription to Workona,Erin Baile,**** 7964,,,,,,,1.414,5773 Software License
2025-08-10T13:02:14,Purchase,WORKONA,  (13.98),CAD,Cash,10,USD,Subscription to Workona,Erin Baile,**** 7964,,,,,,,1.398,5773 Software License
2025-11-27T06:37:36,Purchase,WP MEDIA,  (102.25),CAD,Cash,71.4,USD,,Hector Alfonso Pertierra Marin,**** 8198,,,,,,,1.432073,5773 Software License
2025-11-06T15:52:53,Purchase,WPENGINE DB ACF PLUGIN,  (299.96),CAD,Cash,208.95,USD,Recurring monthly purchases and licenses,Erin Baile,**** 8472,,,,,,,1.435559,5773 Software License
2025-12-04T00:34:24,Purchase,"WPMU DEV, SEE WPMU.COM",  (102.44),CAD,Cash,72,USD,,Hector Alfonso Pertierra Marin,**** 8198,,,,,,,1.422778,5773 Software License
2025-07-29T02:19:06,Purchase,WWW AWFIS COM,  (38.07),CAD,Cash,2360,INR,,Harjot Kaur,**** 9999,,,,,,,0.016131,5773 Software License
2025-05-22T02:16:17,Purchase,WWW.COLLISIONCONF.COM,  (835.00),CAD,Cash,,,,Cory Eden,**** 7993,,,,,,,,5773 Software License
2025-01-16T01:38:00,Purchase,ZAPIER.COM/CHARGE,  (216.60),CAD,Cash,148.5,USD,,Dillon Hall,**** 6151,,,,,,,1.458586,5773 Software License
2025-02-16T02:07:35,Purchase,ZAPIER.COM/CHARGE,  (214.10),CAD,Cash,148.5,USD,,Dillon Hall,**** 6151,,,,,,,1.441751,5773 Software License
2025-03-16T02:10:14,Purchase,ZAPIER.COM/CHARGE,  (217.85),CAD,Cash,148.5,USD,,Dillon Hall,**** 6151,,,,,,,1.467003,5773 Software License
2025-04-16T02:18:11,Purchase,ZAPIER.COM/CHARGE,  (210.75),CAD,Cash,148.5,USD,,Dillon Hall,**** 6151,,,,,,,1.419192,5773 Software License
2025-05-16T02:20:03,Purchase,ZAPIER.COM/CHARGE,  (211.12),CAD,Cash,148.5,USD,,Dillon Hall,**** 6151,,,,,,,1.421684,5773 Software License
2025-06-16T03:38:06,Purchase,ZAPIER.COM/CHARGE,  (205.83),CAD,Cash,148.5,USD,,Dillon Hall,**** 6151,,,,,,,1.386061,5773 Software License
2025-07-16T02:25:13,Purchase,ZAPIER.COM/CHARGE,  (231.84),CAD,Cash,166.32,USD,,Dillon Hall,**** 6151,,,,,,,1.393939,5773 Software License
2025-08-16T03:03:49,Purchase,ZAPIER.COM/CHARGE,  (233.34),CAD,Cash,166.32,USD,,Dillon Hall,**** 6151,,,,,,,1.402958,5773 Software License
2025-09-16T02:10:49,Purchase,ZAPIER.COM/CHARGE,  (233.81),CAD,Cash,166.32,USD,,Dillon Hall,**** 6151,,,,,,,1.405784,5773 Software License
2025-10-16T02:16:13,Purchase,ZAPIER.COM/CHARGE,  (237.41),CAD,Cash,166.32,USD,,Dillon Hall,**** 6151,,,,,,,1.427429,5773 Software License
2025-11-16T00:32:47,Purchase,ZAPIER.COM/CHARGE,  (237.17),CAD,Cash,166.32,USD,,Dillon Hall,**** 6151,,,,,,,1.425986,5773 Software License
2025-12-30T00:41:29,Purchase,ZAPIER.COM/CHARGE,  (162.68),CAD,Cash,,,Miscellaneous IT purchases - Hardware / Hardgoods,Dillon Hall,**** 4799,,,,,,,,5773 Software License
2025-12-30T00:41:29,Purchase,ZAPIER.COM/CHARGE,  (162.68),CAD,Cash,,,Miscellaneous IT purchases - Hardware / Hardgoods,Dillon Hall,**** 4799,,,,,,,,5773 Software License
2025-10-07T02:12:23,Purchase,ZOHO-ANALYTICS,  (202.72),CAD,Cash,,,,Erin Baile,**** 8169,,,,,,,,5773 Software License
2025-11-06T04:44:57,Purchase,ZOHO-CRM,"  (1,666.84)",CAD,Cash,,,,Erin Baile,**** 8169,,,,,,,,5773 Software License
2025-12-06T05:30:25,Purchase,ZOHO-CRM,"  (1,666.84)",CAD,Cash,,,,Erin Baile,**** 8169,,,,,,,,5773 Software License
2025-10-07T02:12:20,Purchase,ZOHO-FLOW,  (51.80),CAD,Cash,,,,Erin Baile,**** 8169,,,,,,,,5773 Software License
2025-09-19T06:08:37,Purchase,ZOHO-LEADCHAIN,  (14.01),CAD,Cash,,,,Cory Eden,**** 2172,,,,,,,,5773 Software License
2025-10-19T05:49:29,Purchase,ZOHO-LEADCHAIN,  (14.01),CAD,Cash,,,,Cory Eden,**** 2172,,,,,,,,5773 Software License
2025-11-19T04:35:42,Purchase,ZOHO-LEADCHAIN,  (14.01),CAD,Cash,,,,Erin Baile,**** 8169,,,,,,,,5773 Software License
2025-12-19T05:52:54,Purchase,ZOHO-LEADCHAIN,  (14.01),CAD,Cash,,,,Erin Baile,**** 8169,,,,,,,,5773 Software License
2025-10-07T02:11:39,Purchase,ZOHO-VAULT,  (1.12),CAD,Cash,,,,Erin Baile,**** 8169,,,,,,,,5773 Software License
2025-08-20T02:16:18,Purchase,ZOHO-ZOHO CORP,  (14.01),CAD,Cash,,,,Cory Eden,**** 2172,,,,,,,,5773 Software License
2025-10-07T02:13:23,Purchase,ZOHO-ZOHO CORP,"  (1,411.20)",CAD,Cash,,,,Erin Baile,**** 8169,,,,,,,,5773 Software License
2025-01-12T04:07:18,Purchase,ZOOM.COM 888-799-9666,  (14.90),CAD,Cash,,,,Dillon Hall,**** 6151,,,,,,,,5773 Software License
2025-02-12T01:26:37,Purchase,ZOOM.COM 888-799-9666,  (14.90),CAD,Cash,,,,Dillon Hall,**** 6151,,,,,,,,5773 Software License
2025-02-19T01:25:20,Purchase,ZOOM.COM 888-799-9666,  (194.68),CAD,Cash,,,,Dillon Hall,**** 6151,,,,,,,,5773 Software License
2025-02-25T01:08:23,Purchase,ZOOM.COM 888-799-9666,  (948.63),CAD,Cash,,,,Dillon Hall,**** 6151,,,,,,,,5773 Software License
2025-02-27T01:15:26,Purchase,ZOOM.COM 888-799-9666,  (188.07),CAD,Cash,,,,Dillon Hall,**** 6151,,,,,,,,5773 Software License
2025-03-12T02:12:32,Purchase,ZOOM.COM 888-799-9666,  (14.90),CAD,Cash,,,,Dillon Hall,**** 6151,,,,,,,,5773 Software License
2025-03-15T02:12:23,Purchase,ZOOM.COM 888-799-9666,  (699.25),CAD,Cash,,,,Dillon Hall,**** 6151,,,,,,,,5773 Software License
2025-04-03T02:21:11,Purchase,ZOOM.COM 888-799-9666,  (159.07),CAD,Cash,,,,Dillon Hall,**** 6151,,,,,,,,5773 Software License
2025-04-12T02:13:39,Purchase,ZOOM.COM 888-799-9666,  (14.90),CAD,Cash,,,,Dillon Hall,**** 6151,,,,,,,,5773 Software License
2025-05-12T02:09:30,Purchase,ZOOM.COM 888-799-9666,  (14.90),CAD,Cash,,,,Dillon Hall,**** 6151,,,,,,,,5773 Software License
2025-05-15T02:21:27,Purchase,ZOOM.COM 888-799-9666,  (124.28),CAD,Cash,,,,Dillon Hall,**** 6151,,,,,,,,5773 Software License
2025-05-22T02:19:42,Purchase,ZOOM.COM 888-799-9666,  (355.41),CAD,Cash,,,,Dillon Hall,**** 6151,,,,,,,,5773 Software License
2025-05-31T02:16:50,Purchase,ZOOM.COM 888-799-9666,  (111.02),CAD,Cash,,,,Dillon Hall,**** 6151,,,,,,,,5773 Software License
2025-06-12T02:16:00,Purchase,ZOOM.COM 888-799-9666,  (14.90),CAD,Cash,,,,Dillon Hall,**** 6151,,,,,,,,5773 Software License
2025-07-12T02:16:09,Purchase,ZOOM.COM 888-799-9666,  (14.90),CAD,Cash,,,,Dillon Hall,**** 6151,,,,,,,,5773 Software License
2025-07-23T02:12:54,Purchase,ZOOM.COM 888-799-9666,  (67.10),CAD,Cash,,,,Dillon Hall,**** 6151,,,,,,,,5773 Software License
2025-07-31T02:03:28,Purchase,ZOOM.COM 888-799-9666,  (145.60),CAD,Cash,,,,Dillon Hall,**** 6151,,,,,,,,5773 Software License
2025-08-02T02:09:42,Purchase,ZOOM.COM 888-799-9666,  (58.82),CAD,Cash,,,,Dillon Hall,**** 6151,,,,,,,,5773 Software License
2025-08-12T02:14:48,Purchase,ZOOM.COM 888-799-9666,  (14.90),CAD,Cash,,,,Dillon Hall,**** 6151,,,,,,,,5773 Software License
2025-09-12T02:08:33,Purchase,ZOOM.COM 888-799-9666,  (14.90),CAD,Cash,,,,Dillon Hall,**** 6151,,,,,,,,5773 Software License
2025-10-19T05:47:27,Purchase,ZOOM.COM 888-799-9666,"  (18,489.68)",CAD,Cash,,,,Dillon Hall,**** 6151,,,,,,,,5773 Software License
2025-11-11T23:53:13,Purchase,ZOOM.COM 888-799-9666,  (14.90),CAD,Cash,,,,Dillon Hall,**** 6151,,,,,,,,5773 Software License
2025-12-11T23:30:15,Purchase,ZOOM.COM 888-799-9666,  (14.90),CAD,Cash,,,,Dillon Hall,**** 6151,,,,,,,,5773 Software License
2025-01-26T01:04:25,Purchase,CCSI MYFAX,  (223.15),CAD,Cash,152.8,USD,"Card for internet and telecom usages.  Initially just MyFax will be going on here, but will likely expand to more things.",Dillon Hall,**** 5467,,,,,,,1.460406,5780 Telephone & Utilities
2025-02-25T16:03:40,Purchase,CCSI MYFAX,  (137.02),CAD,Cash,94.6,USD,"Card for internet and telecom usages.  Initially just MyFax will be going on here, but will likely expand to more things.",Dillon Hall,**** 5467,,,,,,,1.448414,5780 Telephone & Utilities
2025-03-25T16:40:09,Purchase,CCSI MYFAX,  (117.23),CAD,Cash,80.4,USD,"Card for internet and telecom usages.  Initially just MyFax will be going on here, but will likely expand to more things.",Dillon Hall,**** 5467,,,,,,,1.458085,5780 Telephone & Utilities
2025-04-26T02:05:16,Purchase,CCSI MYFAX,  (116.98),CAD,Cash,82.9,USD,"Card for internet and telecom usages.  Initially just MyFax will be going on here, but will likely expand to more things.",Dillon Hall,**** 5467,,,,,,,1.411098,5780 Telephone & Utilities
2025-05-26T02:04:31,Purchase,CCSI MYFAX,  (117.25),CAD,Cash,83.3,USD,"Card for internet and telecom usages.  Initially just MyFax will be going on here, but will likely expand to more things.",Dillon Hall,**** 5467,,,,,,,1.407563,5780 Telephone & Utilities
2025-09-25T15:30:57,Purchase,CCSI MYFAX,  (112.95),CAD,Cash,80,USD,"Card for internet and telecom usages.  Initially just MyFax will be going on here, but will likely expand to more things.",Dillon Hall,**** 5467,,,,,,,1.411875,5780 Telephone & Utilities
2025-10-25T13:37:32,Purchase,CCSI MYFAX,  (114.02),CAD,Cash,80,USD,"Card for internet and telecom usages.  Initially just MyFax will be going on here, but will likely expand to more things.",Dillon Hall,**** 5467,,,,,,,1.42525,5780 Telephone & Utilities
2025-12-25T16:21:02,Purchase,CCSI MYFAX,  (111.21),CAD,Cash,80,USD,"Card for internet and telecom usages.  Initially just MyFax will be going on here, but will likely expand to more things.",Dillon Hall,**** 5467,,,,,,,1.390125,5780 Telephone & Utilities
2025-01-03T02:47:27,Purchase,FREEDOM MOBILE,  (16.80),CAD,Cash,,,"Card for internet and telecom usages.  Initially just MyFax will be going on here, but will likely expand to more things.",Dillon Hall,**** 5467,,,,,,,,5780 Telephone & Utilities
2025-02-03T04:38:30,Purchase,FREEDOM MOBILE,  (16.80),CAD,Cash,,,"Card for internet and telecom usages.  Initially just MyFax will be going on here, but will likely expand to more things.",Dillon Hall,**** 5467,,,,,,,,5780 Telephone & Utilities
2025-03-06T04:35:09,Purchase,FREEDOM MOBILE,  (16.80),CAD,Cash,,,"Card for internet and telecom usages.  Initially just MyFax will be going on here, but will likely expand to more things.",Dillon Hall,**** 5467,,,,,,,,5780 Telephone & Utilities
2025-04-03T04:42:02,Purchase,FREEDOM MOBILE,  (16.80),CAD,Cash,,,"Card for internet and telecom usages.  Initially just MyFax will be going on here, but will likely expand to more things.",Dillon Hall,**** 5467,,,,,,,,5780 Telephone & Utilities
2025-05-04T03:59:40,Purchase,FREEDOM MOBILE,  (16.80),CAD,Cash,,,"Card for internet and telecom usages.  Initially just MyFax will be going on here, but will likely expand to more things.",Dillon Hall,**** 5467,,,,,,,,5780 Telephone & Utilities
2025-06-03T05:15:07,Purchase,FREEDOM MOBILE,  (16.80),CAD,Cash,,,"Card for internet and telecom usages.  Initially just MyFax will be going on here, but will likely expand to more things.",Dillon Hall,**** 5467,,,,,,,,5780 Telephone & Utilities
2025-07-04T03:07:31,Purchase,FREEDOM MOBILE,  (16.80),CAD,Cash,,,"Card for internet and telecom usages.  Initially just MyFax will be going on here, but will likely expand to more things.",Dillon Hall,**** 5467,,,,,,,,5780 Telephone & Utilities
2025-08-03T04:07:29,Purchase,FREEDOM MOBILE,  (16.80),CAD,Cash,,,"Card for internet and telecom usages.  Initially just MyFax will be going on here, but will likely expand to more things.",Dillon Hall,**** 5467,,,,,,,,5780 Telephone & Utilities
2025-09-03T05:01:53,Purchase,FREEDOM MOBILE,  (16.80),CAD,Cash,,,"Card for internet and telecom usages.  Initially just MyFax will be going on here, but will likely expand to more things.",Dillon Hall,**** 5467,,,,,,,,5780 Telephone & Utilities
2025-10-04T03:00:42,Purchase,FREEDOM MOBILE,  (16.80),CAD,Cash,,,"Card for internet and telecom usages.  Initially just MyFax will be going on here, but will likely expand to more things.",Dillon Hall,**** 5467,,,,,,,,5780 Telephone & Utilities
2025-11-03T03:46:20,Purchase,FREEDOM MOBILE,  (16.80),CAD,Cash,,,"Card for internet and telecom usages.  Initially just MyFax will be going on here, but will likely expand to more things.",Dillon Hall,**** 5467,,,,,,,,5780 Telephone & Utilities
2025-12-04T04:01:37,Purchase,FREEDOM MOBILE,  (16.80),CAD,Cash,,,"Card for internet and telecom usages.  Initially just MyFax will be going on here, but will likely expand to more things.",Dillon Hall,**** 5467,,,,,,,,5780 Telephone & Utilities
2025-11-26T23:04:04,Purchase,FUBO,  (94.05),CAD,Cash,,,,Dillon Hall,**** 6151,,,,,,,,5780 Telephone & Utilities
2025-01-27T01:13:33,Purchase,ROGERS ******0039,  (45.92),CAD,Cash,,,"Card for internet and telecom usages.  Initially just MyFax will be going on here, but will likely expand to more things.",Dillon Hall,**** 5467,,,,,,,,5780 Telephone & Utilities
2025-02-27T01:19:09,Purchase,ROGERS ******0039,  (49.85),CAD,Cash,,,"Card for internet and telecom usages.  Initially just MyFax will be going on here, but will likely expand to more things.",Dillon Hall,**** 5467,,,,,,,,5780 Telephone & Utilities
2025-03-27T02:20:52,Purchase,ROGERS ******0039,  (49.85),CAD,Cash,,,"Card for internet and telecom usages.  Initially just MyFax will be going on here, but will likely expand to more things.",Dillon Hall,**** 5467,,,,,,,,5780 Telephone & Utilities
2025-04-27T02:13:40,Purchase,ROGERS ******0039,  (49.85),CAD,Cash,,,"Card for internet and telecom usages.  Initially just MyFax will be going on here, but will likely expand to more things.",Dillon Hall,**** 5467,,,,,,,,5780 Telephone & Utilities
2025-05-26T16:24:23,Purchase,ROGERS ******0039,  (49.85),CAD,Cash,,,"Card for internet and telecom usages.  Initially just MyFax will be going on here, but will likely expand to more things.",Dillon Hall,**** 5467,,,,,,,,5780 Telephone & Utilities
2025-06-27T02:21:50,Purchase,ROGERS ******0039,  (49.85),CAD,Cash,,,"Card for internet and telecom usages.  Initially just MyFax will be going on here, but will likely expand to more things.",Dillon Hall,**** 5467,,,,,,,,5780 Telephone & Utilities
2025-07-27T02:04:04,Purchase,ROGERS ******0039,  (49.85),CAD,Cash,,,"Card for internet and telecom usages.  Initially just MyFax will be going on here, but will likely expand to more things.",Dillon Hall,**** 5467,,,,,,,,5780 Telephone & Utilities
2025-08-27T02:18:31,Purchase,ROGERS ******0039,  (49.85),CAD,Cash,,,"Card for internet and telecom usages.  Initially just MyFax will be going on here, but will likely expand to more things.",Dillon Hall,**** 5467,,,,,,,,5780 Telephone & Utilities
2025-09-27T02:07:44,Purchase,ROGERS ******0039,  (49.85),CAD,Cash,,,"Card for internet and telecom usages.  Initially just MyFax will be going on here, but will likely expand to more things.",Dillon Hall,**** 5467,,,,,,,,5780 Telephone & Utilities
2025-10-26T17:37:08,Purchase,ROGERS ******0039,  (49.85),CAD,Cash,,,"Card for internet and telecom usages.  Initially just MyFax will be going on here, but will likely expand to more things.",Dillon Hall,**** 5467,,,,,,,,5780 Telephone & Utilities
2025-11-26T22:22:55,Purchase,ROGERS ******0039,  (49.85),CAD,Cash,,,"Card for internet and telecom usages.  Initially just MyFax will be going on here, but will likely expand to more things.",Dillon Hall,**** 5467,,,,,,,,5780 Telephone & Utilities
2025-12-26T20:34:50,Purchase,ROGERS ******0039,  (49.85),CAD,Cash,,,"Card for internet and telecom usages.  Initially just MyFax will be going on here, but will likely expand to more things.",Dillon Hall,**** 5467,,,,,,,,5780 Telephone & Utilities
2025-01-06T01:07:10,Purchase,SHAW TELECOM GP,  (532.00),CAD,Cash,,,"Card for internet and telecom usages.  Initially just MyFax will be going on here, but will likely expand to more things.",Dillon Hall,**** 5467,,,,,,,,5780 Telephone & Utilities
2025-02-07T01:06:48,Purchase,SHAW TELECOM GP,  (532.00),CAD,Cash,,,"Card for internet and telecom usages.  Initially just MyFax will be going on here, but will likely expand to more things.",Dillon Hall,**** 5467,,,,,,,,5780 Telephone & Utilities
2025-03-07T01:12:35,Purchase,SHAW TELECOM GP,  (532.00),CAD,Cash,,,"Card for internet and telecom usages.  Initially just MyFax will be going on here, but will likely expand to more things.",Dillon Hall,**** 5467,,,,,,,,5780 Telephone & Utilities
2025-04-06T02:01:43,Purchase,SHAW TELECOM GP,  (532.00),CAD,Cash,,,"Card for internet and telecom usages.  Initially just MyFax will be going on here, but will likely expand to more things.",Dillon Hall,**** 5467,,,,,,,,5780 Telephone & Utilities
2025-05-08T02:18:16,Purchase,SHAW TELECOM GP,  (532.00),CAD,Cash,,,"Card for internet and telecom usages.  Initially just MyFax will be going on here, but will likely expand to more things.",Dillon Hall,**** 5467,,,,,,,,5780 Telephone & Utilities
2025-06-06T02:10:56,Purchase,SHAW TELECOM GP,  (532.00),CAD,Cash,,,"Card for internet and telecom usages.  Initially just MyFax will be going on here, but will likely expand to more things.",Dillon Hall,**** 5467,,,,,,,,5780 Telephone & Utilities
2025-07-06T02:13:04,Purchase,SHAW TELECOM GP,  (532.00),CAD,Cash,,,"Card for internet and telecom usages.  Initially just MyFax will be going on here, but will likely expand to more things.",Dillon Hall,**** 5467,,,,,,,,5780 Telephone & Utilities
2025-08-08T02:15:42,Purchase,SHAW TELECOM GP,  (532.00),CAD,Cash,,,"Card for internet and telecom usages.  Initially just MyFax will be going on here, but will likely expand to more things.",Dillon Hall,**** 5467,,,,,,,,5780 Telephone & Utilities
2025-09-06T02:13:34,Purchase,SHAW TELECOM GP,  (532.00),CAD,Cash,,,"Card for internet and telecom usages.  Initially just MyFax will be going on here, but will likely expand to more things.",Dillon Hall,**** 5467,,,,,,,,5780 Telephone & Utilities
2025-10-05T02:11:48,Purchase,SHAW TELECOM GP,  (532.00),CAD,Cash,,,"Card for internet and telecom usages.  Initially just MyFax will be going on here, but will likely expand to more things.",Dillon Hall,**** 5467,,,,,,,,5780 Telephone & Utilities
2025-11-06T22:54:40,Purchase,SHAW TELECOM GP,  (532.00),CAD,Cash,,,"Card for internet and telecom usages.  Initially just MyFax will be going on here, but will likely expand to more things.",Dillon Hall,**** 5467,,,,,,,,5780 Telephone & Utilities
2025-12-05T00:21:24,Purchase,SHAW TELECOM GP,  (532.00),CAD,Cash,,,"Card for internet and telecom usages.  Initially just MyFax will be going on here, but will likely expand to more things.",Dillon Hall,**** 5467,,,,,,,,5780 Telephone & Utilities
2025-06-26T02:02:18,Purchase,CCSI MYFAX,  (120.09),CAD,Cash,86.1,USD,"Card for internet and telecom usages.  Initially just MyFax will be going on here, but will likely expand to more things.",Dillon Hall,**** 5467,,,,,,,1.394774,5780 Telephone & Utilities
2025-07-25T14:37:16,Purchase,CCSI MYFAX,  (124.22),CAD,Cash,89.6,USD,"Card for internet and telecom usages.  Initially just MyFax will be going on here, but will likely expand to more things.",Dillon Hall,**** 5467,,,,,,,1.386384,5780 Telephone & Utilities
2025-08-25T17:17:57,Purchase,CCSI MYFAX,  (113.10),CAD,Cash,80,USD,"Card for internet and telecom usages.  Initially just MyFax will be going on here, but will likely expand to more things.",Dillon Hall,**** 5467,,,,,,,1.41375,5780 Telephone & Utilities
2025-11-25T15:37:13,Purchase,CCSI MYFAX,  (114.67),CAD,Cash,80,USD,"Card for internet and telecom usages.  Initially just MyFax will be going on here, but will likely expand to more things.",Dillon Hall,**** 5467,,,,,,,1.433375,5780 Telephone & Utilities
2025-04-02T16:51:34,Purchase,2C2P_PH*PH AirAsia,  (176.11),CAD,Cash,6898.08,PHP,,Erin Baile,**** 7197,,,,,,,0.02553,5784 Travel & Entertainment
2025-04-02T16:51:35,Purchase,2C2P_PH*PH AirAsia,  (229.55),CAD,Cash,8976.44,PHP,,Erin Baile,**** 7197,,,,,,,0.025572,5784 Travel & Entertainment
2025-04-02T16:51:36,Purchase,2C2P_PH*PH AirAsia,  (123.39),CAD,Cash,4824.96,PHP,,Erin Baile,**** 7197,,,,,,,0.025573,5784 Travel & Entertainment
2025-04-08T16:46:35,Purchase,2C2P_PH*PH AirAsia,  (226.91),CAD,Cash,8976.44,PHP,,Erin Baile,**** 7197,,,,,,,0.025278,5784 Travel & Entertainment
2025-03-21T02:07:46,Purchase,AIR CAN*    0142117709561,"  (1,292.47)",CAD,Cash,,,,Erin Baile,**** 7197,,,,,,,,5784 Travel & Entertainment
2025-03-21T02:07:05,Purchase,AIR CAN*    0142117709620,"  (1,294.47)",CAD,Cash,,,,Erin Baile,**** 7197,,,,,,,,5784 Travel & Entertainment
2025-03-21T02:07:35,Purchase,AIR CAN*    0142117709701,"  (1,294.47)",CAD,Cash,,,,Erin Baile,**** 7197,,,,,,,,5784 Travel & Entertainment
2025-03-21T02:07:13,Purchase,AIR CAN*    0142117722746,"  (1,802.47)",CAD,Cash,,,,Erin Baile,**** 7197,,,,,,,,5784 Travel & Entertainment
2025-03-22T02:20:02,Refund,AIR CAN*    0142117722746,"  1,802.47 ",CAD,Cash,,,,Erin Baile,**** 7197,,,,,,,,5784 Travel & Entertainment
2025-03-23T02:15:11,Purchase,AIR CAN*    0142117830560,"  (1,871.37)",CAD,Cash,,,,Erin Baile,**** 7197,,,,,,,,5784 Travel & Entertainment
2025-03-29T16:00:44,Purchase,AIR CAN*    0142118352611,"  (1,636.37)",CAD,Cash,,,,Erin Baile,**** 7197,,,,,,,,5784 Travel & Entertainment
2025-05-03T02:19:07,Purchase,AIR CAN*    0142120669308,"  (1,019.96)",CAD,Cash,,,,Erin Baile,**** 7197,,,,,,,,5784 Travel & Entertainment
2025-05-03T02:19:08,Purchase,AIR CAN*    0142120669332,"  (1,019.96)",CAD,Cash,,,,Erin Baile,**** 7197,,,,,,,,5784 Travel & Entertainment
2025-05-12T02:11:25,Purchase,AIR CAN*    0142121292513,"  (1,750.40)",CAD,Cash,,,,Erin Baile,**** 7197,,,,,,,,5784 Travel & Entertainment
2025-05-23T02:05:21,Purchase,AIR CAN*    0142122008057,"  (3,051.03)",CAD,Cash,,,,Erin Baile,**** 7197,,,,,,,,5784 Travel & Entertainment
2025-05-29T02:21:18,Purchase,AIR CAN*    0142122391221,  (550.12),CAD,Cash,,,,Erin Baile,**** 7197,,,,,,,,5784 Travel & Entertainment
2025-06-07T02:02:01,Purchase,AIR CAN*    0142302209043,  (944.13),CAD,Cash,,,,Karina Plazola,**** 1264,,,,,,,,5784 Travel & Entertainment
2025-07-24T02:10:53,Purchase,AIR CAN*    0142305369358,  (693.97),CAD,Cash,,,,Erin Baile,**** 7197,,,,,,,,5784 Travel & Entertainment
2025-08-08T02:21:31,Purchase,AIR CAN*    0142306403334,"  (1,098.22)",CAD,Cash,,,,Erin Baile,**** 7197,,,,,,,,5784 Travel & Entertainment
2025-10-03T02:14:19,Purchase,AIR CAN*    0142310369576,"  (2,176.13)",CAD,Cash,,,,Emily Gardner,**** 1021,,,,,,,,5784 Travel & Entertainment
2025-10-03T02:13:54,Purchase,AIR CAN*    0142310369577,"  (2,176.13)",CAD,Cash,,,,Emily Gardner,**** 1021,,,,,,,,5784 Travel & Entertainment
2025-10-03T02:14:07,Purchase,AIR CAN*    0142310369578,"  (2,176.13)",CAD,Cash,,,,Emily Gardner,**** 1021,,,,,,,,5784 Travel & Entertainment
2025-10-30T22:31:21,Purchase,AIR CAN*    0142312196914,  (875.64),CAD,Cash,,,,Erin Baile,**** 0067,,,,,,,,5784 Travel & Entertainment
2025-05-03T02:19:08,Purchase,AIR CAN*    0144287203683,  (47.10),CAD,Cash,,,,Erin Baile,**** 7197,,,,,,,,5784 Travel & Entertainment
2025-05-03T02:19:08,Purchase,AIR CAN*    0144287203694,  (47.10),CAD,Cash,,,,Erin Baile,**** 7197,,,,,,,,5784 Travel & Entertainment
2025-05-03T02:19:09,Purchase,AIR CAN*    0144287203695,  (47.10),CAD,Cash,,,,Erin Baile,**** 7197,,,,,,,,5784 Travel & Entertainment
2025-06-05T02:22:56,Purchase,AIR CAN*    0144288961852,  (329.70),CAD,Cash,,,,Victor Ko,**** 2003,,,,,,,,5784 Travel & Entertainment
2025-06-05T02:22:57,Purchase,AIR CAN*    0144288961853,  (329.70),CAD,Cash,,,,Victor Ko,**** 2003,,,,,,,,5784 Travel & Entertainment
2025-04-09T02:17:07,Purchase,AIRASIA-AAZ2-FLIGH-USD,  (239.42),CAD,Cash,165.39,USD,,Erin Baile,**** 7197,,,,,,,1.447609,5784 Travel & Entertainment
2025-04-09T02:17:07,Purchase,AIRASIA-AAZ2-FLIGH-USD,  (165.34),CAD,Cash,114.21,USD,,Erin Baile,**** 7197,,,,,,,1.447684,5784 Travel & Entertainment
2025-04-11T06:27:22,Purchase,AIR-INDIA,"  (2,492.27)",CAD,Cash,,,,Erin Baile,**** 7197,,,,,,,,5784 Travel & Entertainment
2025-05-10T06:34:29,Refund,AIR-INDIA,"  2,246.67 ",CAD,Cash,,,,Erin Baile,**** 7197,,,,,,,,5784 Travel & Entertainment
2025-05-17T06:44:30,Purchase,AIR-INDIA,"  (2,582.77)",CAD,Cash,,,,Erin Baile,**** 7197,,,,,,,,5784 Travel & Entertainment
2025-05-25T06:24:12,Purchase,AIR-INDIA,"  (2,930.20)",CAD,Cash,,,,Erin Baile,**** 7197,,,,,,,,5784 Travel & Entertainment
2025-05-27T06:19:58,Purchase,AIR-INDIA,"  (3,538.90)",CAD,Cash,,,,Erin Baile,**** 7197,,,,,,,,5784 Travel & Entertainment
2025-06-09T06:21:38,Refund,AIR-INDIA,  117.00 ,CAD,Cash,,,,Erin Baile,**** 7197,,,,,,,,5784 Travel & Entertainment
2025-11-25T00:06:35,Purchase,BEST WESTERN + SANDS HOTE,  (57.96),CAD,Cash,,,,Erin Baile,**** 0067,,,,,,,,5784 Travel & Entertainment
2025-05-02T06:30:21,Purchase,BKG*BOOKING.COM HOTEL,"  (2,095.01)",CAD,Cash,83178.36,PHP,,Erin Baile,**** 7197,,,,,,,0.025187,5784 Travel & Entertainment
2025-03-26T06:30:22,Purchase,BKG*HOTEL AT BOOKING.C,"  (2,199.76)",CAD,Cash,,,,Erin Baile,**** 7197,,,,,,,,5784 Travel & Entertainment
2025-03-26T06:30:23,Purchase,BKG*HOTEL AT BOOKING.C,"  (1,099.88)",CAD,Cash,,,,Erin Baile,**** 7197,,,,,,,,5784 Travel & Entertainment
2025-03-26T06:30:23,Purchase,BKG*HOTEL AT BOOKING.C,"  (2,707.12)",CAD,Cash,106444.8,PHP,,Erin Baile,**** 7197,,,,,,,0.025432,5784 Travel & Entertainment
2025-04-02T06:36:04,Purchase,BKG*HOTEL AT BOOKING.C,  (200.76),CAD,Cash,,,,Erin Baile,**** 7197,,,,,,,,5784 Travel & Entertainment
2025-04-11T06:26:56,Refund,BKG*HOTEL AT BOOKING.C,  262.79 ,CAD,Cash,10644.48,PHP,,Erin Baile,**** 7197,,,,,,,0.024688,5784 Travel & Entertainment
2025-04-26T06:45:07,Refund,BKG*HOTEL AT BOOKING.C,  265.79 ,CAD,Cash,10644.48,PHP,,Erin Baile,**** 7197,,,,,,,0.02497,5784 Travel & Entertainment
2025-05-13T06:24:31,Refund,BKG*HOTEL AT BOOKING.C,  16.74 ,CAD,Cash,,,,Erin Baile,**** 7197,,,,,,,,5784 Travel & Entertainment
2025-06-05T06:25:06,Refund,BKG*HOTEL AT BOOKING.C,  184.02 ,CAD,Cash,,,,Erin Baile,**** 7197,,,,,,,,5784 Travel & Entertainment
2025-01-12T04:11:12,Purchase,BONNY'S TAXI B 05,  (56.00),CAD,Cash,,,,Erin Baile,**** 7197,,,,,,,,5784 Travel & Entertainment
2025-06-08T06:12:00,Purchase,BONNY'S TAXI CAR #09,  (97.85),CAD,Cash,,,This was the taxi from the airport for my trip to India.,Cory Eden,**** 7993,,,,,,,,5784 Travel & Entertainment
2025-04-03T02:04:52,Purchase,CEBU AIR INC,  (183.00),CAD,Cash,7167.88,PHP,,Erin Baile,**** 7197,,,,,,,0.025531,5784 Travel & Entertainment
2025-04-03T02:04:52,Purchase,CEBU AIR INC,  (199.19),CAD,Cash,7789.08,PHP,,Erin Baile,**** 7197,,,,,,,0.025573,5784 Travel & Entertainment
2025-04-03T02:05:00,Purchase,CEBU AIR INC,"  (2,596.16)",CAD,Cash,101693.28,PHP,,Erin Baile,**** 7197,,,,,,,0.025529,5784 Travel & Entertainment
2025-04-03T02:05:00,Purchase,CEBU AIR INC,  (160.47),CAD,Cash,6274.84,PHP,,Erin Baile,**** 7197,,,,,,,0.025574,5784 Travel & Entertainment
2025-04-04T02:04:43,Purchase,CEBU AIR INC,  (245.63),CAD,Cash,9613.96,PHP,,Erin Baile,**** 7197,,,,,,,0.025549,5784 Travel & Entertainment
2025-04-13T02:03:32,Purchase,CEBU AIR INC,  (225.80),CAD,Cash,9034.44,PHP,,Erin Baile,**** 7197,,,,,,,0.024993,5784 Travel & Entertainment
2025-04-24T02:08:32,Purchase,CEBU AIR INC,  (80.84),CAD,Cash,3252.48,PHP,,Erin Baile,**** 7197,,,,,,,0.024855,5784 Travel & Entertainment
2025-08-06T02:17:25,Purchase,CHARTER BUS SERVICE,  (690.00),CAD,Cash,,,,Erin Baile,**** 7197,,,,,,,,5784 Travel & Entertainment
2025-07-17T06:48:34,Purchase,CITY OF VAN PAYBYPHONE,  (6.00),CAD,Cash,,,,Erin Baile,**** 7197,,,,,,,,5784 Travel & Entertainment
2025-07-22T04:58:23,Purchase,CITY OF VAN PAYBYPHONE,  (1.50),CAD,Cash,,,,Erin Baile,**** 7197,,,,,,,,5784 Travel & Entertainment
2025-07-22T04:58:23,Purchase,CITY OF VAN PAYBYPHONE,  (4.50),CAD,Cash,,,,Erin Baile,**** 7197,,,,,,,,5784 Travel & Entertainment
2025-04-05T02:12:52,Purchase,EXPEDIA 73072880960291,"  (4,354.16)",CAD,Cash,,,,Erin Baile,**** 7197,,,,,,,,5784 Travel & Entertainment
2025-04-15T02:06:08,Refund,EXPEDIA 73072880960291,"  2,177.08 ",CAD,Cash,,,,Erin Baile,**** 7197,,,,,,,,5784 Travel & Entertainment
2025-04-15T02:06:08,Refund,EXPEDIA 73072880960291,"  2,177.08 ",CAD,Cash,,,,Erin Baile,**** 7197,,,,,,,,5784 Travel & Entertainment
2025-04-26T02:19:16,Purchase,EXPEDIA 73090054877614,"  (3,305.76)",CAD,Cash,2342.76,USD,,Erin Baile,**** 7197,,,,,,,1.411054,5784 Travel & Entertainment
2025-05-02T04:15:59,Refund,EXPEDIA 73090054877614,  818.42 ,CAD,Cash,585.69,USD,,Erin Baile,**** 7197,,,,,,,1.39736,5784 Travel & Entertainment
2025-05-02T04:16:00,Refund,EXPEDIA 73090054877614,  819.31 ,CAD,Cash,585.69,USD,,Erin Baile,**** 7197,,,,,,,1.39888,5784 Travel & Entertainment
2025-05-02T04:16:00,Refund,EXPEDIA 73090054877614,  819.31 ,CAD,Cash,585.69,USD,,Erin Baile,**** 7197,,,,,,,1.39888,5784 Travel & Entertainment
2025-05-02T04:16:00,Refund,EXPEDIA 73090054877614,  819.31 ,CAD,Cash,585.69,USD,,Erin Baile,**** 7197,,,,,,,1.39888,5784 Travel & Entertainment
2025-05-01T15:29:01,Purchase,EXPEDIA 73094823680868,  (70.33),CAD,Cash,50,USD,,Erin Baile,**** 7197,,,,,,,1.4066,5784 Travel & Entertainment
2025-05-02T02:20:24,Purchase,EXPEDIA 73095498233459,"  (2,140.28)",CAD,Cash,,,,Erin Baile,**** 7197,,,,,,,,5784 Travel & Entertainment
2025-06-05T02:24:18,Purchase,EXPEDIA 73128469713403,"  (1,117.91)",CAD,Cash,,,,Karina Plazola,**** 1264,,,,,,,,5784 Travel & Entertainment
2025-07-04T12:50:32,Purchase,EXPEDIA 73162240607234,"  (4,597.24)",CAD,Cash,3315.26,USD,,Emily Gardner,**** 1021,,,,,,,1.386691,5784 Travel & Entertainment
2025-09-05T07:01:55,Refund,EXPEDIA 73162240607234,"  2,320.00 ",CAD,Cash,1657.63,USD,,Emily Gardner,**** 1021,,,,,,,1.399589,5784 Travel & Entertainment
2025-09-05T07:01:56,Refund,EXPEDIA 73162240607234,"  2,320.00 ",CAD,Cash,1657.63,USD,,Emily Gardner,**** 1021,,,,,,,1.399589,5784 Travel & Entertainment
2025-09-05T03:37:16,Purchase,EXPEDIA 73231471020039,"  (3,589.82)",CAD,Cash,,,,Emily Gardner,**** 1021,,,,,,,,5784 Travel & Entertainment
2025-09-10T02:03:40,Refund,EXPEDIA 73231471020039,"  1,027.65 ",CAD,Cash,,,,Emily Gardner,**** 1021,,,,,,,,5784 Travel & Entertainment
2025-09-10T02:03:41,Refund,EXPEDIA 73231471020039,"  1,027.65 ",CAD,Cash,,,,Emily Gardner,**** 1021,,,,,,,,5784 Travel & Entertainment
2025-06-11T02:11:56,Purchase,FAIRMONT PACIFIC RIM,"  (8,820.00)",CAD,Cash,,,,Karina Plazola,**** 9909,,,,,,,,5784 Travel & Entertainment
2025-06-19T02:10:24,Purchase,FAIRMONT PACIFIC RIM,"  (7,668.61)",CAD,Cash,,,,Karina Plazola,**** 9909,,,,,,,,5784 Travel & Entertainment
2025-10-10T02:11:11,Purchase,FAIRMONT PACIFIC RIM,"  (2,988.00)",CAD,Cash,,,For one-time credit card only payments and legal invoices.,Emilio Lagman,**** 8807,,,,,,,,5784 Travel & Entertainment
2025-10-18T02:13:12,Purchase,FAIRMONT PACIFIC RIM,"  (1,588.80)",CAD,Cash,,,For one-time credit card only payments and legal invoices.,Emilio Lagman,**** 8807,,,,,,,,5784 Travel & Entertainment
2025-11-11T23:58:51,Purchase,FAIRMONT PACIFIC RIM,"  (2,442.30)",CAD,Cash,,,For one-time credit card only payments and legal invoices.,Emilio Lagman,**** 8807,,,,,,,,5784 Travel & Entertainment
2025-12-05T00:26:51,Purchase,FAIRMONT PACIFIC RIM,  (360.52),CAD,Cash,,,For one-time credit card only payments and legal invoices.,Emilio Lagman,**** 8807,,,,,,,,5784 Travel & Entertainment
2025-07-26T02:19:30,Purchase,FAIRMONT WATERFRONT,  (597.61),CAD,Cash,,,,Erin Baile,**** 7197,,,,,,,,5784 Travel & Entertainment
2025-06-11T05:39:36,Purchase,HARBOUR AIR RESERVATION D,  (349.00),CAD,Cash,,,,Erin Baile,**** 7197,,,,,,,,5784 Travel & Entertainment
2025-06-11T05:39:36,Purchase,HARBOUR AIR RESERVATION D,  (489.00),CAD,Cash,,,,Erin Baile,**** 7197,,,,,,,,5784 Travel & Entertainment
2025-10-02T03:59:14,Purchase,INTERCONTINENTAL TORONT,"  (1,821.69)",CAD,Cash,,,,Emily Gardner,**** 1021,,,,,,,,5784 Travel & Entertainment
2025-10-02T03:59:15,Purchase,INTERCONTINENTAL TORONT,"  (1,821.69)",CAD,Cash,,,,Emily Gardner,**** 1021,,,,,,,,5784 Travel & Entertainment
2025-10-02T03:59:16,Purchase,INTERCONTINENTAL TORONT,"  (1,821.69)",CAD,Cash,,,,Emily Gardner,**** 1021,,,,,,,,5784 Travel & Entertainment
2025-10-09T02:13:59,Purchase,K R MOTELS PVT LTD A C,  (343.41),CAD,Cash,21484,INR,Diwali outing expense,Harjot Kaur,**** 9999,,,,,,,0.015984,5784 Travel & Entertainment
2025-01-25T17:10:14,Purchase,LYFT   *RIDE SAT 3AM,  (35.84),CAD,Cash,,,,Harjot Kaur,**** 9999,,,,,,,,5784 Travel & Entertainment
2025-01-10T05:41:27,Purchase,MANULIFE TRAVEL INSURANCE,  (91.53),CAD,Cash,,,To be used by Karina and myself for Travel booking,Erin Baile,**** 0572,,,,,,,,5784 Travel & Entertainment
2025-04-04T04:22:49,Purchase,MJC INVESTMENTS CORP,  (90.71),CAD,Cash,3550,PHP,,Erin Baile,**** 7197,,,,,,,0.025552,5784 Travel & Entertainment
2025-04-11T06:27:13,Purchase,Partners on Booking BV,  (118.87),CAD,Cash,,,,Erin Baile,**** 7197,,,,,,,,5784 Travel & Entertainment
2025-04-11T06:27:14,Purchase,Partners on Booking BV,  (76.76),CAD,Cash,,,,Erin Baile,**** 7197,,,,,,,,5784 Travel & Entertainment
2025-05-05T06:24:17,Refund,Partners on Booking BV,  76.76 ,CAD,Cash,,,,Erin Baile,**** 7197,,,,,,,,5784 Travel & Entertainment
2025-07-26T03:30:02,Purchase,PINNACLE VANCOUVER HARBOU,  (312.42),CAD,Cash,,,,Cory Eden,**** 7993,,,,,,,,5784 Travel & Entertainment
2025-07-26T03:30:02,Purchase,PINNACLE VANCOUVER HARBOU,"  (1,155.40)",CAD,Cash,,,,Cory Eden,**** 7993,,,,,,,,5784 Travel & Entertainment
2025-09-28T02:12:18,Purchase,RED FOX HOTEL JAIPUR,  (16.39),CAD,Cash,1024.51,INR,,Harjot Kaur,**** 9999,,,,,,,0.015998,5784 Travel & Entertainment
2025-05-21T16:49:07,Purchase,SHORELINE HOTEL WAIKIKI,  (201.26),CAD,Cash,141.56,USD,,Erin Baile,**** 7197,,,,,,,1.421729,5784 Travel & Entertainment
2025-05-21T16:49:07,Purchase,SHORELINE HOTEL WAIKIKI,  (469.23),CAD,Cash,330.04,USD,,Erin Baile,**** 7197,,,,,,,1.421737,5784 Travel & Entertainment
2025-04-02T06:36:11,Purchase,SINGAPOREAIR6182462872957,  (597.03),CAD,Cash,408.5,USD,,Erin Baile,**** 7197,,,,,,,1.461518,5784 Travel & Entertainment
2025-04-25T06:25:49,Purchase,SKKEHLSTADT-RENTABUSPH,  (40.09),CAD,Cash,1600,PHP,,Erin Baile,**** 7197,,,,,,,0.025056,5784 Travel & Entertainment
2025-04-24T02:08:22,Purchase,THE BAYLEAF,  (745.92),CAD,Cash,30014.35,PHP,,Erin Baile,**** 7197,,,,,,,0.024852,5784 Travel & Entertainment
2025-05-11T02:05:26,Purchase,THE BAYLEAF SKYDECK VIEW,  (844.97),CAD,Cash,33031.51,PHP,,Erin Baile,**** 7197,,,,,,,0.025581,5784 Travel & Entertainment
2025-03-19T16:55:16,Purchase,UBER   *TRIP,  (42.07),CAD,Cash,28.93,USD,,Victor Ko,**** 2003,,,,,,,1.4542,5784 Travel & Entertainment
2025-03-22T02:19:12,Refund,UBER   *TRIP,  42.03 ,CAD,Cash,28.93,USD,,Victor Ko,**** 2003,,,,,,,1.452817,5784 Travel & Entertainment
2025-09-23T05:13:59,Purchase,UBER *TRIP HELP.UBER.COM,  (3.16),CAD,Cash,,,,Erin Baile,**** 7197,,,,,,,,5784 Travel & Entertainment
2025-01-12T04:10:17,Purchase,UBER CANADA/UBEREATS,  (156.94),CAD,Cash,,,,Erin Baile,**** 7197,,,,,,,,5784 Travel & Entertainment
2025-01-12T04:10:18,Purchase,UBER CANADA/UBEREATS,  (16.82),CAD,Cash,,,,Erin Baile,**** 7197,,,,,,,,5784 Travel & Entertainment
2025-01-13T05:36:45,Purchase,UBER CANADA/UBEREATS,  (76.15),CAD,Cash,,,,Erin Baile,**** 7197,,,,,,,,5784 Travel & Entertainment
2025-05-02T03:42:27,Purchase,UBER CANADA/UBEREATS,  (114.37),CAD,Cash,,,,Erin Baile,**** 7197,,,,,,,,5784 Travel & Entertainment
2025-08-16T03:08:35,Purchase,UBER CANADA/UBEREATS,  (460.31),CAD,Cash,,,,Erin Baile,**** 7197,,,,,,,,5784 Travel & Entertainment
2025-08-19T05:31:45,Purchase,UBER CANADA/UBEREATS,  (14.34),CAD,Cash,,,,Erin Baile,**** 7197,,,,,,,,5784 Travel & Entertainment
2025-08-19T05:31:47,Purchase,UBER CANADA/UBEREATS,  (10.00),CAD,Cash,,,,Erin Baile,**** 7197,,,,,,,,5784 Travel & Entertainment
2025-01-12T04:10:24,Purchase,UBER CANADA/UBERTRIP,  (10.61),CAD,Cash,,,,Erin Baile,**** 7197,,,,,,,,5784 Travel & Entertainment
2025-03-06T04:12:12,Purchase,UBER CANADA/UBERTRIP,  (46.65),CAD,Cash,,,,Karina Plazola,**** 9909,,,,,,,,5784 Travel & Entertainment
2025-04-06T06:17:22,Purchase,UBER CANADA/UBERTRIP,  (28.64),CAD,Cash,,,,Victor Ko,**** 2003,,,,,,,,5784 Travel & Entertainment
2025-04-06T06:17:24,Purchase,UBER CANADA/UBERTRIP,  (33.54),CAD,Cash,,,,Victor Ko,**** 2003,,,,,,,,5784 Travel & Entertainment
2025-06-03T04:56:21,Purchase,UBER CANADA/UBERTRIP,  (49.11),CAD,Cash,,,,Victor Ko,**** 2003,,,,,,,,5784 Travel & Entertainment
2025-06-03T04:56:29,Purchase,UBER CANADA/UBERTRIP,  (9.56),CAD,Cash,,,,Victor Ko,**** 2003,,,,,,,,5784 Travel & Entertainment
2025-06-04T05:14:00,Purchase,UBER CANADA/UBERTRIP,  (8.90),CAD,Cash,,,,Victor Ko,**** 2003,,,,,,,,5784 Travel & Entertainment
2025-06-06T04:37:19,Purchase,UBER CANADA/UBERTRIP,  (62.58),CAD,Cash,,,,Victor Ko,**** 2003,,,,,,,,5784 Travel & Entertainment
2025-07-26T04:31:43,Purchase,UBER CANADA/UBERTRIP,  (13.51),CAD,Cash,,,,Cory Eden,**** 7993,,,,,,,,5784 Travel & Entertainment
2025-07-29T02:21:06,Purchase,UBER CANADA/UBERTRIP,  (11.48),CAD,Cash,,,,Erin Baile,**** 7197,,,,,,,,5784 Travel & Entertainment
2025-09-20T03:13:30,Purchase,UBER CANADA/UBERTRIP,  (28.85),CAD,Cash,,,,Erin Baile,**** 7197,,,,,,,,5784 Travel & Entertainment
2025-09-21T05:46:05,Purchase,UBER CANADA/UBERTRIP,  (9.18),CAD,Cash,,,,Erin Baile,**** 7197,,,,,,,,5784 Travel & Entertainment
2025-09-21T05:46:24,Purchase,UBER CANADA/UBERTRIP,  (1.00),CAD,Cash,,,,Erin Baile,**** 7197,,,,,,,,5784 Travel & Entertainment
2025-09-22T02:12:34,Purchase,UBER CANADA/UBERTRIP,  (21.11),CAD,Cash,,,,Erin Baile,**** 7197,,,,,,,,5784 Travel & Entertainment
2025-10-16T03:56:25,Purchase,UBER CANADA/UBERTRIP,  (1.00),CAD,Cash,,,,Cory Eden,**** 7993,,,,,,,,5784 Travel & Entertainment
2025-10-16T03:56:32,Purchase,UBER CANADA/UBERTRIP,  (12.58),CAD,Cash,,,,Cory Eden,**** 7993,,,,,,,,5784 Travel & Entertainment
2025-08-19T05:33:57,Purchase,Uber Holdings Canada Inc.,  (1.37),CAD,Cash,,,,Erin Baile,**** 7197,,,,,,,,5784 Travel & Entertainment
2025-09-20T02:07:40,Purchase,Uber Holdings Canada Inc.,  (141.94),CAD,Cash,,,,Erin Baile,**** 7197,,,,,,,,5784 Travel & Entertainment
2025-01-12T04:07:26,Purchase,UBER* TRIP,  (42.75),CAD,Cash,,,,Erin Baile,**** 7197,,,,,,,,5784 Travel & Entertainment
2025-06-06T02:06:15,Purchase,UBER* TRIP,  (52.06),CAD,Cash,,,,Victor Ko,**** 2003,,,,,,,,5784 Travel & Entertainment
2025-09-26T02:11:39,Purchase,UX PILOT AI,  (40.95),CAD,Cash,29,USD,"Amir Razavi
:spiral_calendar_pad:  2:53 PM
@Sergio I started using this https://uxpilot.a yesterday for a project and it has massively fast tracked my work. I just ran out of credits and need to either pay or can't continue getting more use out of it. Can you please approve me subscribing for a month to test this out and finish my work?",Erin Baile,**** 7420,,,,,,,1.412069,5784 Travel & Entertainment
2025-12-04T00:44:49,Purchase,FAIRMONT PACIFIC RIM,"  (1,258.92)",CAD,Cash,,,,Erin Baile,**** 0067,,,,,,,,5784 Travel & Entertainment
2025-12-08T06:14:28,Purchase,UBER CANADA/UBEREATS,  (95.02),CAD,Cash,,,Christmas Party Rebuild ,Dillon Hall,**** 4799,,,,,,,,5784 Travel & Entertainment
2025-07-26T04:31:31,Purchase,UBER CANADA/UBEREATS,  (168.50),CAD,Cash,,,,Erin Baile,**** 7197,,,,,,,,5784 Travel & Entertainment
2025-05-13T02:31:46,Purchase,WINFORD HOTEL,  (23.99),CAD,Cash,940,PHP,,Erin Baile,**** 7197,,,,,,,0.025521,5784 Travel & Entertainment
2025-07-12T04:51:55,Purchase,WESTJET     8382198695467,"  (1,034.17)",CAD,Cash,,,,Erin Baile,**** 7197,,,,,,,,5784 Travel & Entertainment
2025-05-28T02:26:32,Purchase,WHISTLER RIDES INC./CH,  (690.00),CAD,Cash,,,,Erin Baile,**** 7197,,,,,,,,5784 Travel & Entertainment
2025-05-05T06:19:02,Purchase,WINFORD HOTEL,  (286.99),CAD,Cash,11400,PHP,,Erin Baile,**** 7197,,,,,,,0.025175,5784 Travel & Entertainment
2025-03-20T02:21:38,Purchase,WINFORD HOTELANDCASINO,"  (8,650.80)",CAD,Cash,340800,PHP,,Erin Baile,**** 7197,,,,,,,0.025384,5784 Travel & Entertainment
2025-04-17T02:03:52,Purchase,WINFORD HOTELANDCASINO,  (137.69),CAD,Cash,5500,PHP,,Erin Baile,**** 7197,,,,,,,0.025035,5784 Travel & Entertainment
2025-05-21T02:15:58,Refund,WINFORD HOTELANDCASINO,  734.27 ,CAD,Cash,29000,PHP,,Erin Baile,**** 7197,,,,,,,0.02532,5784 Travel & Entertainment
2025-05-18T02:15:01,Purchase,WWW AIRINDIA IN,  (83.49),CAD,Cash,5019,INR,,Erin Baile,**** 7197,,,,,,,0.016635,5784 Travel & Entertainment
2025-06-10T02:13:54,Refund,WWW AIRINDIA IN,  81.23 ,CAD,Cash,5019,INR,,Erin Baile,**** 7197,,,,,,,0.016184,5784 Travel & Entertainment
2025-05-18T02:11:00,Purchase,ANITA'S KITCHEN,  (3.50),CAD,Cash,,,,Erin Baile,**** 7197,,,,,,,,5785 Meals and Entertainment
2025-12-10T23:56:37,Purchase,BALLYHOO PUBLIC HOUSE,  (365.39),CAD,Cash,,,,Cory Eden,**** 7993,,,,,,,,5785 Meals and Entertainment
2025-04-05T04:06:58,Purchase,BANDA VOLPI,  (103.00),CAD,Cash,,,,Erin Baile,**** 7197,,,,,,,,5785 Meals and Entertainment
2025-07-26T02:16:20,Purchase,BC LIQUOR #112,  (107.53),CAD,Cash,,,,Karina Plazola,**** 9909,,,,,,,,5785 Meals and Entertainment
2025-01-22T01:12:27,Purchase,BC LIQUOR #129,  (368.04),CAD,Cash,,,,Erin Baile,**** 7197,,,,,,,,5785 Meals and Entertainment
2025-02-08T01:13:42,Purchase,BC LIQUOR #129,  (250.69),CAD,Cash,,,,Karina Plazola,**** 9909,,,,,,,,5785 Meals and Entertainment
2025-02-14T01:10:29,Purchase,BC LIQUOR #129,  (485.78),CAD,Cash,,,,Karina Plazola,**** 9909,,,,,,,,5785 Meals and Entertainment
2025-03-02T01:11:25,Purchase,BC LIQUOR #129,  (311.31),CAD,Cash,,,,Karina Plazola,**** 9909,,,,,,,,5785 Meals and Entertainment
2025-03-15T02:08:31,Purchase,BC LIQUOR #129,  (273.11),CAD,Cash,,,,Karina Plazola,**** 9909,,,,,,,,5785 Meals and Entertainment
2025-03-28T02:13:17,Purchase,BC LIQUOR #129,  (267.05),CAD,Cash,,,,Karina Plazola,**** 9909,,,,,,,,5785 Meals and Entertainment
2025-04-05T17:43:19,Purchase,BC LIQUOR #129,  (120.03),CAD,Cash,,,Beer Friday ,Karina Plazola,**** 9909,,,,,,,,5785 Meals and Entertainment
2025-04-12T02:09:11,Purchase,BC LIQUOR #129,  (637.41),CAD,Cash,,,,Karina Plazola,**** 9909,,,,,,,,5785 Meals and Entertainment
2025-04-12T02:09:12,Purchase,BC LIQUOR #129,  (253.50),CAD,Cash,,,,Karina Plazola,**** 9909,,,,,,,,5785 Meals and Entertainment
2025-05-24T02:15:48,Purchase,BC LIQUOR #129,  (384.95),CAD,Cash,,,,Karina Plazola,**** 9909,,,,,,,,5785 Meals and Entertainment
2025-06-01T02:11:53,Purchase,BC LIQUOR #129,  (75.02),CAD,Cash,,,,Erin Baile,**** 7197,,,,,,,,5785 Meals and Entertainment
2025-06-07T02:13:16,Purchase,BC LIQUOR #129,  (398.14),CAD,Cash,,,,Karina Plazola,**** 9909,,,,,,,,5785 Meals and Entertainment
2025-06-21T02:14:30,Purchase,BC LIQUOR #129,  (454.58),CAD,Cash,,,,Karina Plazola,**** 9909,,,,,,,,5785 Meals and Entertainment
2025-06-28T02:14:05,Purchase,BC LIQUOR #129,  (105.89),CAD,Cash,,,,Erin Baile,**** 7197,,,,,,,,5785 Meals and Entertainment
2025-07-06T02:13:21,Purchase,BC LIQUOR #129,  (231.97),CAD,Cash,,,,Karina Plazola,**** 9909,,,,,,,,5785 Meals and Entertainment
2025-07-13T02:10:40,Purchase,BC LIQUOR #129,  (218.54),CAD,Cash,,,,Karina Plazola,**** 9909,,,,,,,,5785 Meals and Entertainment
2025-07-19T02:15:11,Purchase,BC LIQUOR #129,  (241.13),CAD,Cash,,,,Karina Plazola,**** 9909,,,,,,,,5785 Meals and Entertainment
2025-08-03T02:13:52,Purchase,BC LIQUOR #129,  (269.56),CAD,Cash,,,,Karina Plazola,**** 9909,,,,,,,,5785 Meals and Entertainment
2025-08-10T02:03:07,Purchase,BC LIQUOR #129,  (245.79),CAD,Cash,,,,Karina Plazola,**** 9909,,,,,,,,5785 Meals and Entertainment
2025-08-16T02:13:26,Purchase,BC LIQUOR #129,"  (2,882.64)",CAD,Cash,,,,Karina Plazola,**** 9909,,,,,,,,5785 Meals and Entertainment
2025-08-31T02:15:41,Purchase,BC LIQUOR #129,  (348.34),CAD,Cash,,,,Karina Plazola,**** 9909,,,,,,,,5785 Meals and Entertainment
2025-09-13T02:08:54,Purchase,BC LIQUOR #129,  (232.29),CAD,Cash,,,,Karina Plazola,**** 9909,,,,,,,,5785 Meals and Entertainment
2025-09-20T02:10:06,Purchase,BC LIQUOR #129,  (231.12),CAD,Cash,,,,Karina Plazola,**** 9909,,,,,,,,5785 Meals and Entertainment
2025-08-16T02:13:22,Purchase,BC LIQUOR #152,  (235.37),CAD,Cash,,,,Karina Plazola,**** 9909,,,,,,,,5785 Meals and Entertainment
2025-07-02T02:07:46,Purchase,BC LIQUOR #233 ROBSON,  (65.42),CAD,Cash,,,,Erin Baile,**** 7197,,,,,,,,5785 Meals and Entertainment
2025-08-16T02:13:25,Purchase,BC LIQUOR #233 ROBSON,  (239.85),CAD,Cash,,,,Karina Plazola,**** 9909,,,,,,,,5785 Meals and Entertainment
2025-03-08T01:15:11,Purchase,BLACK + BLUE VANCOUVER,  (676.06),CAD,Cash,,,,Victor Ko,**** 2003,,,,,,,,5785 Meals and Entertainment
2025-08-22T02:14:57,Purchase,BREKA BAKERY & CAFE,  (17.82),CAD,Cash,,,,Karina Plazola,**** 9909,,,,,,,,5785 Meals and Entertainment
2025-08-28T02:15:03,Purchase,BREKA BAKERY & CAFE,  (17.82),CAD,Cash,,,,Karina Plazola,**** 9909,,,,,,,,5785 Meals and Entertainment
2025-09-30T05:05:38,Purchase,BROWNS RESTAURANT GROUP,  (75.00),CAD,Cash,,,"This would be for food & beverage, events, prizes, awards etc.",Karina Plazola,**** 1865,,,,,,,,5785 Meals and Entertainment
2025-05-12T02:44:39,Purchase,BUENO TAPAS & WINE RES,  (301.21),CAD,Cash,11880,PHP,,Erin Baile,**** 7197,,,,,,,0.025354,5785 Meals and Entertainment
2025-01-19T01:04:44,Purchase,CACTUS CLUB BENTALL,  (84.90),CAD,Cash,,,,Victor Ko,**** 2003,,,,,,,,5785 Meals and Entertainment
2025-03-08T04:54:57,Purchase,CACTUS CLUB BENTALL,  (306.65),CAD,Cash,,,Executive coaching lunch ,Karina Plazola,**** 9909,,,,,,,,5785 Meals and Entertainment
2025-09-11T04:32:39,Purchase,CACTUS CLUB BENTALL,  (750.00),CAD,Cash,,,,Erin Baile,**** 7197,,,,,,,,5785 Meals and Entertainment
2025-09-21T04:10:27,Purchase,CACTUS CLUB BENTALL,  (200.00),CAD,Cash,,,,Erin Baile,**** 7197,,,,,,,,5785 Meals and Entertainment
2025-10-09T04:18:18,Purchase,CACTUS CLUB BENTALL,  (200.00),CAD,Cash,,,,Karina Plazola,**** 9909,,,,,,,,5785 Meals and Entertainment
2025-10-17T03:32:43,Purchase,CACTUS CLUB BENTALL,  (335.85),CAD,Cash,,,,Karina Plazola,**** 9909,,,,,,,,5785 Meals and Entertainment
2025-11-05T04:16:12,Purchase,CACTUS CLUB BENTALL,  (300.00),CAD,Cash,,,,Erin Baile,**** 0067,,,,,,,,5785 Meals and Entertainment
2025-11-07T03:28:22,Purchase,CACTUS CLUB BENTALL,  (200.00),CAD,Cash,,,,Erin Baile,**** 0067,,,,,,,,5785 Meals and Entertainment
2025-11-19T04:01:20,Purchase,CACTUS CLUB BENTALL,  (400.00),CAD,Cash,,,,Erin Baile,**** 0067,,,,,,,,5785 Meals and Entertainment
2025-01-18T01:15:19,Purchase,CACTUS CLUB COAL HARBO,  (139.72),CAD,Cash,,,,Erin Baile,**** 7197,,,,,,,,5785 Meals and Entertainment
2025-06-07T02:19:24,Purchase,CAFE DELHI HEIGHTS CYB,  (97.16),CAD,Cash,5990,INR,,Erin Baile,**** 7197,,,,,,,0.01622,5785 Meals and Entertainment
2025-03-07T01:15:00,Purchase,COAST RESTAURANT,  (242.49),CAD,Cash,,,,Erin Baile,**** 7197,,,,,,,,5785 Meals and Entertainment
2025-03-15T02:11:48,Purchase,COAST RESTAURANT,  (301.43),CAD,Cash,,,,Erin Baile,**** 7197,,,,,,,,5785 Meals and Entertainment
2025-09-27T02:16:42,Purchase,CONNAUGHT PLAZA RESTAUR,  (2.83),CAD,Cash,176.4,INR,Food while travelling to campus hiring,Harjot Kaur,**** 9999,,,,,,,0.016043,5785 Meals and Entertainment
2025-09-27T02:16:43,Purchase,CONNAUGHT PLAZA RESTAUR,  (1.29),CAD,Cash,80.86,INR,Food while travelling for campus hiring,Harjot Kaur,**** 9999,,,,,,,0.015953,5785 Meals and Entertainment
2025-11-28T00:29:07,Purchase,CONNAUGHT PLAZA RESTAUR,  (2.78),CAD,Cash,172.2,INR,,Harjot Kaur,**** 9999,,,,,,,0.016144,5785 Meals and Entertainment
2025-06-05T02:11:28,Purchase,COVAH,  (163.72),CAD,Cash,10000,INR,,Erin Baile,**** 7197,,,,,,,0.016372,5785 Meals and Entertainment
2025-06-08T02:05:14,Purchase,COVAH,"  (1,608.97)",CAD,Cash,99200,INR,Annual Team party India ,Harjot Kaur,**** 9999,,,,,,,0.016219,5785 Meals and Entertainment
2025-07-26T04:33:14,Purchase,CREMA ARTISAN ICE CREAM,  (28.35),CAD,Cash,,,,Cory Eden,**** 7993,,,,,,,,5785 Meals and Entertainment
2025-10-05T02:10:24,Purchase,CS *JOEY GC,  (100.00),CAD,Cash,,,"This would be for food & beverage, events, prizes, awards etc.",Karina Plazola,**** 1865,,,,,,,,5785 Meals and Entertainment
2025-02-01T06:38:35,Purchase,CS *STARBUCKS GC,  (10.00),CAD,Cash,,,"This would be for food & beverage, events, prizes, awards etc.",Karina Plazola,**** 1865,,,,,,,,5785 Meals and Entertainment
2025-08-14T02:07:52,Purchase,CS *STARBUCKS GC,  (40.00),CAD,Cash,,,,Erin Baile,**** 7197,,,,,,,,5785 Meals and Entertainment
2025-01-25T15:49:40,Purchase,CS *TIMHORTONS GC,  (130.00),CAD,Cash,,,,Karina Plazola,**** 2636,,,,,,,,5785 Meals and Entertainment
2025-01-25T15:49:42,Purchase,CS *TIMHORTONS GC,  (125.00),CAD,Cash,,,,Karina Plazola,**** 2636,,,,,,,,5785 Meals and Entertainment
2025-01-29T06:24:30,Purchase,CS *TIMHORTONS GC,  (120.00),CAD,Cash,,,,Karina Plazola,**** 2636,,,,,,,,5785 Meals and Entertainment
2025-01-29T06:24:31,Purchase,CS *TIMHORTONS GC,  (140.00),CAD,Cash,,,,Karina Plazola,**** 2636,,,,,,,,5785 Meals and Entertainment
2025-02-01T01:15:39,Purchase,CS *TIMHORTONS GC,  (90.00),CAD,Cash,,,"This would be for food & beverage, events, prizes, awards etc.",Karina Plazola,**** 1865,,,,,,,,5785 Meals and Entertainment
2025-02-01T01:15:40,Purchase,CS *TIMHORTONS GC,  (70.00),CAD,Cash,,,"This would be for food & beverage, events, prizes, awards etc.",Karina Plazola,**** 1865,,,,,,,,5785 Meals and Entertainment
2025-02-06T02:23:40,Purchase,CS *TIMHORTONS GC,  (155.00),CAD,Cash,,,,Karina Plazola,**** 2636,,,,,,,,5785 Meals and Entertainment
2025-02-12T02:13:21,Purchase,CS *TIMHORTONS GC,  (160.00),CAD,Cash,,,,Karina Plazola,**** 2636,,,,,,,,5785 Meals and Entertainment
2025-02-12T02:13:21,Purchase,CS *TIMHORTONS GC,  (120.00),CAD,Cash,,,,Karina Plazola,**** 2636,,,,,,,,5785 Meals and Entertainment
2025-02-14T01:16:38,Purchase,CS *TIMHORTONS GC,  (140.00),CAD,Cash,,,,Karina Plazola,**** 2636,,,,,,,,5785 Meals and Entertainment
2025-02-20T01:03:48,Purchase,CS *TIMHORTONS GC,  (280.00),CAD,Cash,,,,Karina Plazola,**** 2636,,,,,,,,5785 Meals and Entertainment
2025-02-20T01:03:49,Purchase,CS *TIMHORTONS GC,  (225.00),CAD,Cash,,,,Karina Plazola,**** 2636,,,,,,,,5785 Meals and Entertainment
2025-02-20T01:03:50,Purchase,CS *TIMHORTONS GC,  (150.00),CAD,Cash,,,,Karina Plazola,**** 2636,,,,,,,,5785 Meals and Entertainment
2025-02-21T01:18:09,Purchase,CS *TIMHORTONS GC,  (210.00),CAD,Cash,,,,Karina Plazola,**** 2636,,,,,,,,5785 Meals and Entertainment
2025-02-22T01:04:13,Purchase,CS *TIMHORTONS GC,  (150.00),CAD,Cash,,,,Karina Plazola,**** 2636,,,,,,,,5785 Meals and Entertainment
2025-02-22T01:04:19,Purchase,CS *TIMHORTONS GC,  (230.00),CAD,Cash,,,,Karina Plazola,**** 2636,,,,,,,,5785 Meals and Entertainment
2025-02-25T06:28:45,Purchase,CS *TIMHORTONS GC,  (165.00),CAD,Cash,,,,Karina Plazola,**** 2636,,,,,,,,5785 Meals and Entertainment
2025-02-26T06:34:37,Purchase,CS *TIMHORTONS GC,  (145.00),CAD,Cash,,,,Karina Plazola,**** 2636,,,,,,,,5785 Meals and Entertainment
2025-02-26T06:34:38,Purchase,CS *TIMHORTONS GC,  (155.00),CAD,Cash,,,,Karina Plazola,**** 2636,,,,,,,,5785 Meals and Entertainment
2025-02-27T06:51:08,Purchase,CS *TIMHORTONS GC,  (280.00),CAD,Cash,,,,Karina Plazola,**** 2636,,,,,,,,5785 Meals and Entertainment
2025-03-01T01:19:16,Purchase,CS *TIMHORTONS GC,  (185.00),CAD,Cash,,,,Karina Plazola,**** 2636,,,,,,,,5785 Meals and Entertainment
2025-03-01T01:19:17,Purchase,CS *TIMHORTONS GC,  (150.00),CAD,Cash,,,,Karina Plazola,**** 2636,,,,,,,,5785 Meals and Entertainment
2025-03-06T01:19:11,Purchase,CS *TIMHORTONS GC,  (235.00),CAD,Cash,,,,Karina Plazola,**** 2636,,,,,,,,5785 Meals and Entertainment
2025-03-06T01:19:11,Purchase,CS *TIMHORTONS GC,  (160.00),CAD,Cash,,,,Karina Plazola,**** 2636,,,,,,,,5785 Meals and Entertainment
2025-03-08T06:59:53,Purchase,CS *TIMHORTONS GC,  (210.00),CAD,Cash,,,,Karina Plazola,**** 2636,,,,,,,,5785 Meals and Entertainment
2025-03-08T06:59:53,Purchase,CS *TIMHORTONS GC,  (205.00),CAD,Cash,,,,Karina Plazola,**** 2636,,,,,,,,5785 Meals and Entertainment
2025-03-08T06:59:53,Purchase,CS *TIMHORTONS GC,  (190.00),CAD,Cash,,,,Karina Plazola,**** 2636,,,,,,,,5785 Meals and Entertainment
2025-03-12T06:34:57,Purchase,CS *TIMHORTONS GC,  (210.00),CAD,Cash,,,,Karina Plazola,**** 2636,,,,,,,,5785 Meals and Entertainment
2025-03-12T06:34:57,Purchase,CS *TIMHORTONS GC,  (30.00),CAD,Cash,,,,Karina Plazola,**** 2636,,,,,,,,5785 Meals and Entertainment
2025-03-20T02:19:57,Purchase,CS *TIMHORTONS GC,  (120.00),CAD,Cash,,,,Karina Plazola,**** 2636,,,,,,,,5785 Meals and Entertainment
2025-03-20T02:19:57,Purchase,CS *TIMHORTONS GC,  (230.00),CAD,Cash,,,,Karina Plazola,**** 2636,,,,,,,,5785 Meals and Entertainment
2025-03-22T02:19:41,Purchase,CS *TIMHORTONS GC,  (50.00),CAD,Cash,,,,Karina Plazola,**** 2636,,,,,,,,5785 Meals and Entertainment
2025-03-23T02:14:56,Purchase,CS *TIMHORTONS GC,  (195.00),CAD,Cash,,,,Karina Plazola,**** 2636,,,,,,,,5785 Meals and Entertainment
2025-04-03T02:02:00,Purchase,CS *TIMHORTONS GC,  (155.00),CAD,Cash,,,,Karina Plazola,**** 2636,,,,,,,,5785 Meals and Entertainment
2025-04-03T02:02:01,Purchase,CS *TIMHORTONS GC,  (190.00),CAD,Cash,,,,Karina Plazola,**** 2636,,,,,,,,5785 Meals and Entertainment
2025-04-03T02:02:01,Purchase,CS *TIMHORTONS GC,  (130.00),CAD,Cash,,,,Karina Plazola,**** 2636,,,,,,,,5785 Meals and Entertainment
2025-04-05T06:51:45,Purchase,CS *TIMHORTONS GC,  (140.00),CAD,Cash,,,,Karina Plazola,**** 2636,,,,,,,,5785 Meals and Entertainment
2025-04-09T02:17:15,Purchase,CS *TIMHORTONS GC,  (150.00),CAD,Cash,,,,Karina Plazola,**** 2636,,,,,,,,5785 Meals and Entertainment
2025-04-12T02:01:46,Purchase,CS *TIMHORTONS GC,  (120.00),CAD,Cash,,,,Karina Plazola,**** 2636,,,,,,,,5785 Meals and Entertainment
2025-04-16T06:31:47,Purchase,CS *TIMHORTONS GC,  (135.00),CAD,Cash,,,,Karina Plazola,**** 2636,,,,,,,,5785 Meals and Entertainment
2025-04-22T06:45:07,Purchase,CS *TIMHORTONS GC,  (60.00),CAD,Cash,,,,Karina Plazola,**** 2636,,,,,,,,5785 Meals and Entertainment
2025-05-07T06:39:15,Purchase,CS *TIMHORTONS GC,  (120.00),CAD,Cash,,,,Karina Plazola,**** 2636,,,,,,,,5785 Meals and Entertainment
2025-05-15T06:34:25,Purchase,CS *TIMHORTONS GC,  (150.00),CAD,Cash,,,,Karina Plazola,**** 2636,,,,,,,,5785 Meals and Entertainment
2025-05-15T06:34:25,Purchase,CS *TIMHORTONS GC,  (150.00),CAD,Cash,,,,Karina Plazola,**** 2636,,,,,,,,5785 Meals and Entertainment
2025-05-17T06:19:56,Purchase,CS *TIMHORTONS GC,  (120.00),CAD,Cash,,,,Karina Plazola,**** 2636,,,,,,,,5785 Meals and Entertainment
2025-05-21T06:34:18,Purchase,CS *TIMHORTONS GC,  (155.00),CAD,Cash,,,,Karina Plazola,**** 2636,,,,,,,,5785 Meals and Entertainment
2025-05-21T06:34:18,Purchase,CS *TIMHORTONS GC,  (160.00),CAD,Cash,,,,Karina Plazola,**** 2636,,,,,,,,5785 Meals and Entertainment
2025-05-23T07:05:03,Purchase,CS *TIMHORTONS GC,  (155.00),CAD,Cash,,,,Karina Plazola,**** 2636,,,,,,,,5785 Meals and Entertainment
2025-05-25T02:04:07,Purchase,CS *TIMHORTONS GC,  (125.00),CAD,Cash,,,,Karina Plazola,**** 2636,,,,,,,,5785 Meals and Entertainment
2025-05-27T06:30:13,Purchase,CS *TIMHORTONS GC,  (30.00),CAD,Cash,,,,Karina Plazola,**** 2636,,,,,,,,5785 Meals and Entertainment
2025-06-01T02:16:06,Purchase,CS *TIMHORTONS GC,  (105.00),CAD,Cash,,,,Karina Plazola,**** 2636,,,,,,,,5785 Meals and Entertainment
2025-06-01T02:16:06,Purchase,CS *TIMHORTONS GC,  (150.00),CAD,Cash,,,,Karina Plazola,**** 2636,,,,,,,,5785 Meals and Entertainment
2025-06-01T02:16:06,Purchase,CS *TIMHORTONS GC,  (150.00),CAD,Cash,,,"This would be for food & beverage, events, prizes, awards etc.",Karina Plazola,**** 1865,,,,,,,,5785 Meals and Entertainment
2025-06-03T06:35:07,Purchase,CS *TIMHORTONS GC,  (130.00),CAD,Cash,,,"This would be for food & beverage, events, prizes, awards etc.",Karina Plazola,**** 1865,,,,,,,,5785 Meals and Entertainment
2025-06-03T06:35:15,Purchase,CS *TIMHORTONS GC,  (150.00),CAD,Cash,,,,Karina Plazola,**** 2636,,,,,,,,5785 Meals and Entertainment
2025-06-10T06:41:51,Purchase,CS *TIMHORTONS GC,  (155.00),CAD,Cash,,,,Karina Plazola,**** 2636,,,,,,,,5785 Meals and Entertainment
2025-06-11T06:36:45,Purchase,CS *TIMHORTONS GC,  (160.00),CAD,Cash,,,,Karina Plazola,**** 2636,,,,,,,,5785 Meals and Entertainment
2025-06-11T06:36:45,Purchase,CS *TIMHORTONS GC,  (150.00),CAD,Cash,,,,Karina Plazola,**** 2636,,,,,,,,5785 Meals and Entertainment
2025-06-11T06:36:46,Purchase,CS *TIMHORTONS GC,  (170.00),CAD,Cash,,,,Karina Plazola,**** 2636,,,,,,,,5785 Meals and Entertainment
2025-06-11T06:36:48,Purchase,CS *TIMHORTONS GC,  (150.00),CAD,Cash,,,,Karina Plazola,**** 2636,,,,,,,,5785 Meals and Entertainment
2025-06-13T02:03:42,Purchase,CS *TIMHORTONS GC,  (150.00),CAD,Cash,,,,Karina Plazola,**** 2636,,,,,,,,5785 Meals and Entertainment
2025-06-14T17:08:12,Purchase,CS *TIMHORTONS GC,  (95.00),CAD,Cash,,,,Karina Plazola,**** 2636,,,,,,,,5785 Meals and Entertainment
2025-06-14T17:08:12,Purchase,CS *TIMHORTONS GC,  (140.00),CAD,Cash,,,"This would be for food & beverage, events, prizes, awards etc.",Karina Plazola,**** 1865,,,,,,,,5785 Meals and Entertainment
2025-06-18T06:43:47,Purchase,CS *TIMHORTONS GC,  (150.00),CAD,Cash,,,,Karina Plazola,**** 2636,,,,,,,,5785 Meals and Entertainment
2025-06-18T06:43:48,Purchase,CS *TIMHORTONS GC,  (140.00),CAD,Cash,,,,Karina Plazola,**** 2636,,,,,,,,5785 Meals and Entertainment
2025-06-20T02:05:35,Purchase,CS *TIMHORTONS GC,  (150.00),CAD,Cash,,,,Karina Plazola,**** 2636,,,,,,,,5785 Meals and Entertainment
2025-06-21T07:05:25,Purchase,CS *TIMHORTONS GC,  (150.00),CAD,Cash,,,,Karina Plazola,**** 2636,,,,,,,,5785 Meals and Entertainment
2025-06-21T07:05:26,Purchase,CS *TIMHORTONS GC,  (70.00),CAD,Cash,,,,Karina Plazola,**** 2636,,,,,,,,5785 Meals and Entertainment
2025-06-25T02:02:33,Purchase,CS *TIMHORTONS GC,  (130.00),CAD,Cash,,,,Karina Plazola,**** 2636,,,,,,,,5785 Meals and Entertainment
2025-06-26T02:03:24,Purchase,CS *TIMHORTONS GC,  (130.00),CAD,Cash,,,,Karina Plazola,**** 2636,,,,,,,,5785 Meals and Entertainment
2025-06-27T02:21:22,Purchase,CS *TIMHORTONS GC,  (40.00),CAD,Cash,,,,Karina Plazola,**** 2636,,,,,,,,5785 Meals and Entertainment
2025-07-10T02:25:45,Purchase,CS *TIMHORTONS GC,  (150.00),CAD,Cash,,,,Karina Plazola,**** 2636,,,,,,,,5785 Meals and Entertainment
2025-07-13T02:03:58,Purchase,CS *TIMHORTONS GC,  (150.00),CAD,Cash,,,,Karina Plazola,**** 2636,,,,,,,,5785 Meals and Entertainment
2025-07-13T02:04:00,Purchase,CS *TIMHORTONS GC,  (130.00),CAD,Cash,,,,Karina Plazola,**** 2636,,,,,,,,5785 Meals and Entertainment
2025-07-19T02:04:58,Purchase,CS *TIMHORTONS GC,  (150.00),CAD,Cash,,,,Karina Plazola,**** 2636,,,,,,,,5785 Meals and Entertainment
2025-07-20T02:18:57,Purchase,CS *TIMHORTONS GC,  (150.00),CAD,Cash,,,,Karina Plazola,**** 2636,,,,,,,,5785 Meals and Entertainment
2025-07-27T02:04:09,Purchase,CS *TIMHORTONS GC,  (150.00),CAD,Cash,,,,Karina Plazola,**** 2636,,,,,,,,5785 Meals and Entertainment
2025-08-03T02:15:19,Purchase,CS *TIMHORTONS GC,  (150.00),CAD,Cash,,,,Karina Plazola,**** 2636,,,,,,,,5785 Meals and Entertainment
2025-08-09T02:05:38,Purchase,CS *TIMHORTONS GC,  (150.00),CAD,Cash,,,,Karina Plazola,**** 2636,,,,,,,,5785 Meals and Entertainment
2025-08-12T06:38:21,Purchase,CS *TIMHORTONS GC,  (150.00),CAD,Cash,,,,Karina Plazola,**** 2636,,,,,,,,5785 Meals and Entertainment
2025-08-12T06:38:21,Purchase,CS *TIMHORTONS GC,  (150.00),CAD,Cash,,,,Karina Plazola,**** 2636,,,,,,,,5785 Meals and Entertainment
2025-08-15T02:14:52,Purchase,CS *TIMHORTONS GC,  (150.00),CAD,Cash,,,,Karina Plazola,**** 2636,,,,,,,,5785 Meals and Entertainment
2025-08-21T02:11:16,Purchase,CS *TIMHORTONS GC,  (150.00),CAD,Cash,,,,Karina Plazola,**** 2636,,,,,,,,5785 Meals and Entertainment
2025-08-21T02:11:17,Purchase,CS *TIMHORTONS GC,  (150.00),CAD,Cash,,,,Karina Plazola,**** 2636,,,,,,,,5785 Meals and Entertainment
2025-08-24T02:13:59,Purchase,CS *TIMHORTONS GC,  (120.00),CAD,Cash,,,,Karina Plazola,**** 2636,,,,,,,,5785 Meals and Entertainment
2025-09-06T06:32:44,Purchase,CS *TIMHORTONS GC,  (60.00),CAD,Cash,,,,Karina Plazola,**** 2636,,,,,,,,5785 Meals and Entertainment
2025-09-09T06:32:42,Purchase,CS *TIMHORTONS GC,  (30.00),CAD,Cash,,,"This would be for food & beverage, events, prizes, awards etc.",Karina Plazola,**** 1865,,,,,,,,5785 Meals and Entertainment
2025-09-14T02:02:20,Purchase,CS *TIMHORTONS GC,  (60.00),CAD,Cash,,,,Karina Plazola,**** 2636,,,,,,,,5785 Meals and Entertainment
2025-09-20T02:15:03,Purchase,CS *TIMHORTONS GC,  (150.00),CAD,Cash,,,,Karina Plazola,**** 2636,,,,,,,,5785 Meals and Entertainment
2025-09-20T02:15:04,Purchase,CS *TIMHORTONS GC,  (90.00),CAD,Cash,,,"This would be for food & beverage, events, prizes, awards etc.",Karina Plazola,**** 1865,,,,,,,,5785 Meals and Entertainment
2025-09-21T02:11:10,Purchase,CS *TIMHORTONS GC,  (15.00),CAD,Cash,,,,Karina Plazola,**** 2636,,,,,,,,5785 Meals and Entertainment
2025-09-25T02:02:01,Purchase,CS *TIMHORTONS GC,  (80.00),CAD,Cash,,,,Karina Plazola,**** 2636,,,,,,,,5785 Meals and Entertainment
2025-10-05T02:10:06,Purchase,CS *TIMHORTONS GC,  (150.00),CAD,Cash,,,,Karina Plazola,**** 2636,,,,,,,,5785 Meals and Entertainment
2025-10-08T02:13:30,Purchase,CS *TIMHORTONS GC,  (150.00),CAD,Cash,,,,Karina Plazola,**** 2636,,,,,,,,5785 Meals and Entertainment
2025-10-10T02:14:50,Purchase,CS *TIMHORTONS GC,  (150.00),CAD,Cash,,,,Karina Plazola,**** 2636,,,,,,,,5785 Meals and Entertainment
2025-10-10T02:14:51,Purchase,CS *TIMHORTONS GC,  (150.00),CAD,Cash,,,,Karina Plazola,**** 2636,,,,,,,,5785 Meals and Entertainment
2025-10-10T02:15:25,Purchase,CS *TIMHORTONS GC,  (150.00),CAD,Cash,,,,Karina Plazola,**** 2636,,,,,,,,5785 Meals and Entertainment
2025-10-10T02:15:27,Purchase,CS *TIMHORTONS GC,  (90.00),CAD,Cash,,,,Karina Plazola,**** 2636,,,,,,,,5785 Meals and Entertainment
2025-10-12T02:12:35,Purchase,CS *TIMHORTONS GC,  (100.00),CAD,Cash,,,,Karina Plazola,**** 2636,,,,,,,,5785 Meals and Entertainment
2025-10-16T02:03:03,Purchase,CS *TIMHORTONS GC,  (150.00),CAD,Cash,,,,Karina Plazola,**** 2636,,,,,,,,5785 Meals and Entertainment
2025-10-18T06:32:15,Purchase,CS *TIMHORTONS GC,  (150.00),CAD,Cash,,,,Karina Plazola,**** 2636,,,,,,,,5785 Meals and Entertainment
2025-10-18T06:32:15,Purchase,CS *TIMHORTONS GC,  (150.00),CAD,Cash,,,,Karina Plazola,**** 2636,,,,,,,,5785 Meals and Entertainment
2025-10-24T22:16:42,Purchase,CS *TIMHORTONS GC,  (150.00),CAD,Cash,,,,Karina Plazola,**** 2636,,,,,,,,5785 Meals and Entertainment
2025-10-24T22:16:43,Purchase,CS *TIMHORTONS GC,  (130.00),CAD,Cash,,,,Karina Plazola,**** 2636,,,,,,,,5785 Meals and Entertainment
2025-10-29T00:12:25,Purchase,CS *TIMHORTONS GC,  (150.00),CAD,Cash,,,,Karina Plazola,**** 2636,,,,,,,,5785 Meals and Entertainment
2025-10-29T00:12:26,Purchase,CS *TIMHORTONS GC,  (150.00),CAD,Cash,,,,Karina Plazola,**** 2636,,,,,,,,5785 Meals and Entertainment
2025-10-29T00:12:26,Purchase,CS *TIMHORTONS GC,  (150.00),CAD,Cash,,,,Karina Plazola,**** 2636,,,,,,,,5785 Meals and Entertainment
2025-10-31T22:40:45,Purchase,CS *TIMHORTONS GC,  (140.00),CAD,Cash,,,,Karina Plazola,**** 2636,,,,,,,,5785 Meals and Entertainment
2025-10-31T22:40:45,Purchase,CS *TIMHORTONS GC,  (125.00),CAD,Cash,,,,Karina Plazola,**** 2636,,,,,,,,5785 Meals and Entertainment
2025-02-20T01:03:55,Purchase,CS *TOYSRUSCA GC,  (100.00),CAD,Cash,,,"This would be for food & beverage, events, prizes, awards etc.",Karina Plazola,**** 1865,,,,,,,,5785 Meals and Entertainment
2025-02-10T02:15:06,Purchase,DD/DOORDASHNOODLEBOX,  (199.17),CAD,Cash,,,,Erin Baile,**** 6811,,,,,,,,5785 Meals and Entertainment
2025-02-10T01:03:27,Purchase,DDCACTUSCLUBCAFE,  (344.30),CAD,Cash,,,,Erin Baile,**** 6811,,,,,,,,5785 Meals and Entertainment
2025-04-10T07:02:02,Purchase,DDCACTUSCLUBCAFE,  (125.63),CAD,Cash,,,,Erin Baile,**** 7197,,,,,,,,5785 Meals and Entertainment
2025-04-10T07:02:07,Purchase,DDCACTUSCLUBCAFE,  (31.33),CAD,Cash,,,,Erin Baile,**** 7197,,,,,,,,5785 Meals and Entertainment
2025-05-09T06:29:16,Purchase,DDCACTUSCLUBCAFE,  (148.34),CAD,Cash,,,,Erin Baile,**** 7197,,,,,,,,5785 Meals and Entertainment
2025-08-14T02:11:23,Purchase,DDJOEYRESTAURANTS,  (334.95),CAD,Cash,,,,Emily Gardner,**** 1021,,,,,,,,5785 Meals and Entertainment
2025-06-05T02:17:18,Purchase,Dineen Coffee Co,  (19.03),CAD,Cash,,,,Victor Ko,**** 2003,,,,,,,,5785 Meals and Entertainment
2025-03-08T16:45:56,Purchase,DOMINION BAR + KITCHEN,  (165.49),CAD,Cash,,,,Miko Bacomo,**** 9926,,,,,,,,5785 Meals and Entertainment
2025-04-12T17:47:04,Purchase,DOMINOS PIZZA 10017,  (355.25),CAD,Cash,,,,Erin Baile,**** 7197,,,,,,,,5785 Meals and Entertainment
2025-12-10T00:48:14,Purchase,DOWN TOWN,  (122.41),CAD,Cash,7826,INR,Platform Engineering Team Dinner with Manoj,Harjot Kaur,**** 9999,,,,,,,0.015641,5785 Meals and Entertainment
2025-03-04T04:19:55,Purchase,FRESH COUNTER & CATERI,  (13.88),CAD,Cash,,,,Karina Plazola,**** 9909,,,,,,,,5785 Meals and Entertainment
2025-05-09T17:04:04,Purchase,GALLERY BY CHELE TAGUIG,"  (1,208.31)",CAD,Cash,47658.21,PHP,,Erin Baile,**** 7197,,,,,,,0.025354,5785 Meals and Entertainment
2025-11-07T03:14:07,Purchase,GLOWBAL GIFTCARD,  (200.00),CAD,Cash,,,,Erin Baile,**** 0067,,,,,,,,5785 Meals and Entertainment
2025-03-29T04:05:15,Purchase,HALDIRAM,  (28.24),CAD,Cash,1664,INR,Snacks for employee engagement activity,Harjot Kaur,**** 9999,,,,,,,0.016971,5785 Meals and Entertainment
2025-05-31T04:03:44,Purchase,HALDIRAM,  (25.30),CAD,Cash,1534.25,INR,Snacks for monthly employee engagement activity,Harjot Kaur,**** 9999,,,,,,,0.01649,5785 Meals and Entertainment
2025-06-04T07:09:50,Purchase,HUMBLE DONKEY,  (38.67),CAD,Cash,,,,Victor Ko,**** 2003,,,,,,,,5785 Meals and Entertainment
2025-02-03T06:19:13,Purchase,ILKA COMPTOIR,  (15.03),CAD,Cash,9.8,EUR,Ate Mc burger and coffee at Paris airport while flight delay,Harjot Kaur,**** 9999,,,,,,,1.533673,5785 Meals and Entertainment
2025-11-07T03:28:22,Purchase,JOE FORTES SEAFOOD & C,  (200.00),CAD,Cash,,,,Erin Baile,**** 0067,,,,,,,,5785 Meals and Entertainment
2025-11-09T04:18:08,Purchase,JOE FORTES SEAFOOD & C,  (207.78),CAD,Cash,,,,Erin Baile,**** 0067,,,,,,,,5785 Meals and Entertainment
2025-11-19T04:01:19,Purchase,JOE FORTES SEAFOOD & C,  (100.00),CAD,Cash,,,,Erin Baile,**** 0067,,,,,,,,5785 Meals and Entertainment
2025-10-07T07:08:50,Purchase,KELLYS LANDING #6415,  (149.34),CAD,Cash,,,,Emily Gardner,**** 1021,,,,,,,,5785 Meals and Entertainment
2025-10-15T02:11:35,Purchase,KIRAN WELPACK PRIVATE L,  (34.47),CAD,Cash,2142,INR,Lunch with our CA,Harjot Kaur,**** 9999,,,,,,,0.016092,5785 Meals and Entertainment
2025-06-08T02:05:25,Purchase,Leela GGN Front Office 4,"  (1,019.80)",CAD,Cash,62874.66,INR,,Erin Baile,**** 7197,,,,,,,0.01622,5785 Meals and Entertainment
2025-06-08T02:05:32,Purchase,Leela GGN Front Office 4,"  (1,184.60)",CAD,Cash,71919.63,INR,,Cory Eden,**** 7993,,,,,,,0.016471,5785 Meals and Entertainment
2025-06-07T02:18:15,Purchase,Leela GGN Zanotta 1,  (376.44),CAD,Cash,23149.38,INR,,Erin Baile,**** 7197,,,,,,,0.016261,5785 Meals and Entertainment
2025-09-27T03:15:08,Purchase,LIUYISHOU HOTPOT,  (797.22),CAD,Cash,,,,Miko Bacomo,**** 9926,,,,,,,,5785 Meals and Entertainment
2025-08-07T02:12:28,Purchase,LS CHOCHO HOT POT Rest,  (849.87),CAD,Cash,,,,Miko Bacomo,**** 9926,,,,,,,,5785 Meals and Entertainment
2025-06-01T06:37:37,Purchase,MAHONYS TAVERN,  (270.52),CAD,Cash,,,,Erin Baile,**** 7197,,,,,,,,5785 Meals and Entertainment
2025-05-11T02:04:48,Purchase,MAKATI SHANGRI-LA,  (313.63),CAD,Cash,12260,PHP,,Erin Baile,**** 7197,,,,,,,0.025582,5785 Meals and Entertainment
2025-05-11T02:04:50,Purchase,MAKATI SHANGRI-LA,"  (1,411.29)",CAD,Cash,55170,PHP,,Erin Baile,**** 7197,,,,,,,0.025581,5785 Meals and Entertainment
2025-07-26T02:19:38,Purchase,MCDONALD'S #29003,  (176.61),CAD,Cash,,,,Karina Plazola,**** 9909,,,,,,,,5785 Meals and Entertainment
2025-06-06T02:15:27,Purchase,MILL STREET PUB,  (39.76),CAD,Cash,,,,Victor Ko,**** 2003,,,,,,,,5785 Meals and Entertainment
2025-03-08T16:45:54,Purchase,NIGHTINGALE RESTAURANT,  (315.98),CAD,Cash,,,,Victor Ko,**** 2003,,,,,,,,5785 Meals and Entertainment
2025-05-10T17:05:52,Purchase,NIGHTINGALE RESTAURANT,  (174.06),CAD,Cash,,,,Victor Ko,**** 2003,,,,,,,,5785 Meals and Entertainment
2025-10-25T02:43:13,Purchase,ONE UNDER URBAN GOLF CLU,  (812.59),CAD,Cash,,,,Erin Baile,**** 0067,,,,,,,,5785 Meals and Entertainment
2025-04-26T02:09:01,Purchase,PAY*JUBILANT FOODWORKS,  (49.83),CAD,Cash,3009,INR,Pizza for Monthly Employee Engagement ,Harjot Kaur,**** 9999,,,,,,,0.01656,5785 Meals and Entertainment
2025-02-07T01:16:38,Purchase,PIZZAGARDEN,  (303.50),CAD,Cash,,,,Erin Baile,**** 6811,,,,,,,,5785 Meals and Entertainment
2025-02-05T05:49:09,Purchase,PURDYS CHOCOLATIER,  (634.00),CAD,Cash,,,,Karina Plazola,**** 9909,,,,,,,,5785 Meals and Entertainment
2025-05-22T02:21:53,Purchase,R R WEALTH AND INVESTME,  (33.90),CAD,Cash,2039,INR,HR Team Lunch,Harjot Kaur,**** 9999,,,,,,,0.016626,5785 Meals and Entertainment
2025-03-01T02:01:11,Purchase,RAMEN GOJIRO,  (90.75),CAD,Cash,,,,Miko Bacomo,**** 9926,,,,,,,,5785 Meals and Entertainment
2025-02-09T02:19:37,Purchase,RILEYS RESTAURANT,  (361.46),CAD,Cash,,,,Erin Baile,**** 7197,,,,,,,,5785 Meals and Entertainment
2025-05-15T02:18:15,Purchase,RILEYS RESTAURANT,  (138.48),CAD,Cash,,,,Erin Baile,**** 7197,,,,,,,,5785 Meals and Entertainment
2025-07-31T02:19:34,Purchase,RILEYS RESTAURANT,  (590.70),CAD,Cash,,,,Karina Plazola,**** 9909,,,,,,,,5785 Meals and Entertainment
2025-09-12T02:09:19,Purchase,RILEYS RESTAURANT,  (300.16),CAD,Cash,,,,Erin Baile,**** 7197,,,,,,,,5785 Meals and Entertainment
2025-11-12T23:28:22,Purchase,RILEYSRESTAURANT.CA,  (500.00),CAD,Cash,,,,Emily Gardner,**** 1021,,,,,,,,5785 Meals and Entertainment
2025-06-05T02:07:34,Purchase,SAAJ RESTAURANTS PRIVA,  (73.41),CAD,Cash,,,,Erin Baile,**** 7197,,,,,,,,5785 Meals and Entertainment
2025-06-06T02:02:36,Purchase,SAGAR RATNA,  (32.77),CAD,Cash,2015,INR,,Erin Baile,**** 7197,,,,,,,0.016263,5785 Meals and Entertainment
2025-11-28T00:19:22,Purchase,SAGAR RATNA,  (166.99),CAD,Cash,10394,INR,Monthly employee engagement event,Harjot Kaur,**** 9999,,,,,,,0.016066,5785 Meals and Entertainment
2025-07-01T02:19:23,Purchase,SMART BAZAAR,  (35.27),CAD,Cash,2155.8,INR,Snacks for office fir whole 1  month,Harjot Kaur,**** 9999,,,,,,,0.016361,5785 Meals and Entertainment
2025-08-12T02:17:16,Purchase,SMART BAZAAR,  (61.05),CAD,Cash,3823,INR,Office snacks of 2 months,Harjot Kaur,**** 9999,,,,,,,0.015969,5785 Meals and Entertainment
2025-08-13T02:16:36,Purchase,SMART BAZAAR,  (9.82),CAD,Cash,613,INR,Stationary for an office ,Harjot Kaur,**** 9999,,,,,,,0.01602,5785 Meals and Entertainment
2025-08-15T02:13:26,Purchase,SMART BAZAAR,  (7.15),CAD,Cash,446.25,INR,Gift for employee engagement activity,Harjot Kaur,**** 9999,,,,,,,0.016022,5785 Meals and Entertainment
2025-10-15T19:19:29,Purchase,SQ *BEAUCOUP BAKERY AT ST,  (19.00),CAD,Cash,,,,Karina Plazola,**** 9909,,,,,,,,5785 Meals and Entertainment
2025-03-06T16:12:12,Purchase,SQ *DEVILLE COFFEE B5,  (57.81),CAD,Cash,,,Executive coaching coffee ,Karina Plazola,**** 9909,,,,,,,,5785 Meals and Entertainment
2025-10-02T18:22:20,Purchase,SQ *GEO CIDER INC,  (184.36),CAD,Cash,,,,Karina Plazola,**** 9909,,,,,,,,5785 Meals and Entertainment
2025-05-14T19:04:43,Purchase,SQ *JOEY BENTALL ONE,  (195.94),CAD,Cash,,,,Erin Baile,**** 7197,,,,,,,,5785 Meals and Entertainment
2025-07-28T18:36:40,Purchase,SQ *JOEY BENTALL ONE,  (174.91),CAD,Cash,,,,Emily Gardner,**** 1021,,,,,,,,5785 Meals and Entertainment
2025-09-09T19:18:29,Purchase,SQ *JOEY BENTALL ONE,  (750.00),CAD,Cash,,,,Erin Baile,**** 7197,,,,,,,,5785 Meals and Entertainment
2025-10-07T18:29:52,Purchase,SQ *JOEY BENTALL ONE,  (100.00),CAD,Cash,,,,Karina Plazola,**** 9909,,,,,,,,5785 Meals and Entertainment
2025-11-05T19:34:19,Purchase,SQ *JOEY BENTALL ONE,  (100.00),CAD,Cash,,,,Erin Baile,**** 0067,,,,,,,,5785 Meals and Entertainment
2025-11-05T19:35:36,Purchase,SQ *JOEY BENTALL ONE,  (100.00),CAD,Cash,,,,Erin Baile,**** 0067,,,,,,,,5785 Meals and Entertainment
2025-11-05T19:43:17,Purchase,SQ *JOEY BENTALL ONE,  (100.00),CAD,Cash,,,,Erin Baile,**** 0067,,,,,,,,5785 Meals and Entertainment
2025-04-05T02:44:09,Purchase,SQ *KOOK KOREAN BBQ,"  (1,131.38)",CAD,Cash,,,,Victor Ko,**** 2003,,,,,,,,5785 Meals and Entertainment
2025-04-25T20:49:08,Purchase,SQ *LEE'S DONUTS BENTALL,  (105.00),CAD,Cash,,,,Karina Plazola,**** 9909,,,,,,,,5785 Meals and Entertainment
2025-07-21T15:48:13,Purchase,SQ *STEVE'S SMOKED MEATS,"  (3,483.90)",CAD,Cash,,,,Erin Baile,**** 7197,,,,,,,,5785 Meals and Entertainment
2025-08-13T18:19:17,Purchase,SQ *STEVE'S SMOKED MEATS,  (289.80),CAD,Cash,,,,Erin Baile,**** 7197,,,,,,,,5785 Meals and Entertainment
2025-05-09T02:11:56,Purchase,SQSP* INV181195613,  (369.79),CAD,Cash,,,,Hector Alfonso Pertierra Marin,**** 1818,,,,,,,,5785 Meals and Entertainment
2025-02-10T01:05:28,Purchase,STARBUCKS 04391,  (119.80),CAD,Cash,,,,Erin Baile,**** 6811,,,,,,,,5785 Meals and Entertainment
2025-02-10T01:05:29,Purchase,STARBUCKS 04391,  (12.40),CAD,Cash,,,,Erin Baile,**** 6811,,,,,,,,5785 Meals and Entertainment
2025-03-07T01:07:20,Purchase,STARBUCKS 04890,  (83.32),CAD,Cash,,,Executive coaching  meeting coffees ,Karina Plazola,**** 9909,,,,,,,,5785 Meals and Entertainment
2025-04-12T02:12:45,Purchase,STARBUCKS 04890,  (100.00),CAD,Cash,,,,Erin Baile,**** 7197,,,,,,,,5785 Meals and Entertainment
2025-09-04T02:16:38,Purchase,STARBUCKS 04890,  (100.00),CAD,Cash,,,,Karina Plazola,**** 9909,,,,,,,,5785 Meals and Entertainment
2025-08-13T05:11:11,Purchase,SUSHI CALIFORNIA,  (84.99),CAD,Cash,,,,Miko Bacomo,**** 9926,,,,,,,,5785 Meals and Entertainment
2025-08-14T02:18:58,Purchase,Swiggy,  (44.06),CAD,Cash,,,Stationary for an office,Harjot Kaur,**** 9999,,,,,,,,5785 Meals and Entertainment
2025-06-06T04:34:05,Purchase,TAQUERIA PLAYA TROPICAL,  (394.46),CAD,Cash,,,,Miko Bacomo,**** 9926,,,,,,,,5785 Meals and Entertainment
2025-12-11T00:05:38,Purchase,TATA STARBUCKS PRIVATE,  (60.85),CAD,Cash,,,Manoj coffee with India Team ,Harjot Kaur,**** 9999,,,,,,,,5785 Meals and Entertainment
2025-04-13T02:03:36,Purchase,THE KEG ALBERNI,  (60.00),CAD,Cash,,,,Erin Baile,**** 7197,,,,,,,,5785 Meals and Entertainment
2025-12-24T03:51:29,Purchase,THE KEG ALBERNI,  (342.77),CAD,Cash,,,,Cory Eden,**** 7993,,,,,,,,5785 Meals and Entertainment
2025-10-08T02:04:20,Purchase,THE LOOSE MOOSE TAP & GRI,  (81.01),CAD,Cash,,,,Emily Gardner,**** 1021,,,,,,,,5785 Meals and Entertainment
2025-10-09T02:08:23,Purchase,THE LOOSE MOOSE TAP & GRI,  (183.60),CAD,Cash,,,,Emily Gardner,**** 1021,,,,,,,,5785 Meals and Entertainment
2025-07-01T05:14:40,Purchase,TIM HORTONS #2807,  (19.98),CAD,Cash,,,,Erin Baile,**** 7197,,,,,,,,5785 Meals and Entertainment
2025-07-01T05:16:14,Purchase,TIM HORTONS #3351,  (19.98),CAD,Cash,,,,Erin Baile,**** 7197,,,,,,,,5785 Meals and Entertainment
2025-12-29T12:15:16,Bill Payment,Torus Talent Consultants,"  (8,820.00)",CAD,Cash,,,To Torus Talent Consultants,,,,Victor Ko,Victor Ko,1047,,,,5785 Meals and Entertainment
2025-09-25T02:07:13,Purchase,TST-Autostrada - Vanco,  (200.00),CAD,Cash,,,,Erin Baile,**** 7197,,,,,,,,5785 Meals and Entertainment
2025-03-21T04:10:02,Purchase,TST-Central Taps  Foo,"  (2,003.33)",CAD,Cash,,,,Erin Baile,**** 7197,,,,,,,,5785 Meals and Entertainment
2025-05-29T05:11:20,Purchase,TST-Central Taps  Foo,  (82.80),CAD,Cash,,,,Victor Ko,**** 2003,,,,,,,,5785 Meals and Entertainment
2025-07-01T02:09:09,Purchase,TST-Central Taps  Foo,  (76.81),CAD,Cash,,,,Cory Eden,**** 7993,,,,,,,,5785 Meals and Entertainment
2025-08-22T02:11:40,Purchase,TST-Central Taps  Foo,  (74.96),CAD,Cash,,,,Cory Eden,**** 7993,,,,,,,,5785 Meals and Entertainment
2025-10-08T02:06:08,Purchase,TST-Central Taps  Foo,  (146.82),CAD,Cash,,,,Cory Eden,**** 7993,,,,,,,,5785 Meals and Entertainment
2025-11-18T00:14:43,Purchase,TST-Central Taps  Foo,  (75.00),CAD,Cash,,,,Erin Baile,**** 0067,,,,,,,,5785 Meals and Entertainment
2025-11-27T03:30:13,Purchase,TST-Central Taps  Foo,"  (1,062.08)",CAD,Cash,,,,Erin Baile,**** 0067,,,,,,,,5785 Meals and Entertainment
2025-11-27T03:30:13,Purchase,TST-Central Taps  Foo,  (47.94),CAD,Cash,,,,Erin Baile,**** 0067,,,,,,,,5785 Meals and Entertainment
2025-01-04T05:23:41,Purchase,TST-Folke,  (327.80),CAD,Cash,,,,Erin Baile,**** 7197,,,,,,,,5785 Meals and Entertainment
2025-10-22T04:30:15,Purchase,TST-Raku-Toronto,  (88.14),CAD,Cash,,,,Emily Gardner,**** 1021,,,,,,,,5785 Meals and Entertainment
2025-04-12T04:09:26,Purchase,UBER CANADA/UBERTRIP,  (13.88),CAD,Cash,,,,Karina Plazola,**** 9909,,,,,,,,5785 Meals and Entertainment
2025-05-17T02:06:48,Purchase,VIRTUOUS PIE,  (316.10),CAD,Cash,,,,Erin Baile,**** 7197,,,,,,,,5785 Meals and Entertainment
2025-05-12T02:44:38,Purchase,WILD FLOUR QC,  (144.31),CAD,Cash,5666.14,PHP,,Erin Baile,**** 7197,,,,,,,0.025469,5785 Meals and Entertainment
2025-06-05T02:11:28,Purchase,5408 YOUMEE AMBI GGN,  (84.46),CAD,Cash,,,Lunch with Cory and Erin,Harjot Kaur,**** 9999,,,,,,,,5785 Meals and Entertainment
2025-04-23T02:19:26,Purchase,WINFORD HOTELANDCASINO,  (273.14),CAD,Cash,11000,PHP,,Erin Baile,**** 7197,,,,,,,0.024831,5785 Meals and Entertainment
2025-05-13T02:31:46,Purchase,GRAB,  (7.22),CAD,Cash,282.22,PHP,,Erin Baile,**** 7197,,,,,,,0.025583,5785 Meals and Entertainment
2025-08-15T02:13:22,Purchase,HALDIRAM,  (40.01),CAD,Cash,2497.99,INR,Hamper for the winning team,Harjot Kaur,**** 9999,,,,,,,0.016017,5785 Meals and Entertainment
2025-09-09T02:09:08,Purchase,WWW.BREKA.CA* BREKA,  (41.75),CAD,Cash,,,,Karina Plazola,**** 9909,,,,,,,,5785 Meals and Entertainment
2025-04-23T02:19:25,Purchase,XDT*KOENIG CUISINE COR,  (148.99),CAD,Cash,6000,PHP,,Erin Baile,**** 7197,,,,,,,0.024832,5785 Meals and Entertainment
2025-09-24T02:11:17,Purchase,YALETOWN KEG,  (208.32),CAD,Cash,,,,Erin Baile,**** 7197,,,,,,,,5785 meals and Entertainment
2025-08-15T02:13:24,Purchase,HALDIRAM,  (92.94),CAD,Cash,5803.36,INR,Food for Aug employee engagement ,Harjot Kaur,**** 9999,,,,,,,0.016015,5785 Meals and Entertainment
2025-07-07T14:52:56,Purchase,SQ *IBUBBLE SOCCER LTD.,  (103.00),CAD,Cash,,,,Erin Baile,**** 7197,,,,,,,,5785 Meals and Entertainment
2025-07-15T21:15:24,Purchase,SQ *IBUBBLE SOCCER LTD.,  (302.56),CAD,Cash,,,,Erin Baile,**** 7197,,,,,,,,5785 Meals and Entertainment
2025-10-09T02:12:05,Purchase,STARBUCKS 04890,  (200.00),CAD,Cash,,,,Karina Plazola,**** 9909,,,,,,,,5785 Meals and Entertainment
2025-10-08T02:10:02,Purchase,STARBUCKS PIER C,  (16.12),CAD,Cash,,,,Emily Gardner,**** 1021,,,,,,,,5785 Meals and Entertainment
2025-12-05T23:20:45,Purchase,TST-Tacofino - Oasis,  (739.90),CAD,Cash,,,,Karina Plazola,**** 9909,,,,,,,,5785 Meals and Entertainment
2025-12-16T12:15:19,Bill Payment,1558881 B.C. LTD.,"  (31,500.00)",CAD,Cash,,,To 1558881 B.C. LTD.,,,,Victor Ko,Victor Ko,9250011,,,,Accounts Payable Sage
2025-10-14T12:15:01,Bill Payment,1909344 Alberta Ltd,  (157.50),CAD,Cash,,,To 1909344 Alberta Ltd,,,,,,7WG66069VP9077202ZX,,,,Accounts Payable Sage
2025-11-14T12:15:41,Bill Payment,1909344 Alberta Ltd (Lead Monk),"  (7,371.00)",CAD,Cash,,,To 1909344 Alberta Ltd (Lead Monk),,,,Emilio Lagman,Emilio Lagman,7WG66069VP907720,,,,Accounts Payable Sage
2025-11-14T12:15:41,Bill Payment,1909344 Alberta Ltd (Lead Monk),  (157.50),CAD,Cash,,,To 1909344 Alberta Ltd (Lead Monk),,,,Emilio Lagman,Emilio Lagman,7WG66069VP907721,,,,Accounts Payable Sage
2025-12-30T12:15:16,Bill Payment,1909344 Alberta Ltd (Lead Monk),  (472.50),CAD,Cash,,,To 1909344 Alberta Ltd (Lead Monk),,,,Victor Ko,Victor Ko,7WG66069VP907722,,,,Accounts Payable Sage
2025-10-29T12:15:03,Bill Payment,6069321 Canada Inc,"  (136,176.60)",CAD,Cash,,,To 6069321 Canada Inc,,,,Emilio Lagman,Emilio Lagman,4591,,,,Accounts Payable Sage
2025-11-28T12:16:23,Bill Payment,6069321 Canada Inc,"  (1,197.00)",CAD,Cash,,,To 6069321 Canada Inc,,,,Victor Ko,Victor Ko,4618,,,,Accounts Payable Sage
2025-11-28T12:16:23,Bill Payment,6069321 Canada Inc,"  (132,631.80)",CAD,Cash,,,To 6069321 Canada Inc,,,,Victor Ko,Victor Ko,4622,,,,Accounts Payable Sage
2025-12-30T12:15:16,Bill Payment,6069321 Canada Inc,"  (156,667.35)",CAD,Cash,,,To 6069321 Canada Inc,,,,Victor Ko,Victor Ko,4665,,,,Accounts Payable Sage
2025-12-30T12:15:16,Bill Payment,6069321 Canada Inc,  (929.25),CAD,Cash,,,To 6069321 Canada Inc,,,,Victor Ko,Victor Ko,4664,,,,Accounts Payable Sage
2025-11-14T12:15:41,Bill Payment,9480-6353 Quebec Inc. (LeadScout),"  (1,579.50)",CAD,Cash,,,To 9480-6353 Quebec Inc. (LeadScout),,,,Emilio Lagman,Emilio Lagman,673,,,,Accounts Payable Sage
2025-12-30T12:15:16,Bill Payment,9480-6353 Quebec Inc. (LeadScout),"  (2,759.12)",CAD,Cash,,,To 9480-6353 Quebec Inc. (LeadScout),,,,Victor Ko,Victor Ko,718,,,,Accounts Payable Sage
2025-04-05T13:41:35,Purchase,ADOBE  *800-833-6687,  (332.56),CAD,Cash,229.73,USD,,Dillon Hall,**** 6151,,,,,,,1.447612,Accounts Payable Sage
2025-04-15T17:01:35,Purchase,ADOBE  *800-833-6687,  (290.07),CAD,Cash,204.2,USD,,Dillon Hall,**** 6151,,,,,,,1.420519,Accounts Payable Sage
2025-04-24T15:49:11,Purchase,ADOBE  *800-833-6687,  (287.35),CAD,Cash,204.2,USD,,Dillon Hall,**** 6151,,,,,,,1.407199,Accounts Payable Sage
2025-07-05T02:05:42,Purchase,ADOBE  *800-833-6687,  (211.84),CAD,Cash,153.15,USD,,Dillon Hall,**** 6151,,,,,,,1.383219,Accounts Payable Sage
2025-07-09T14:19:23,Purchase,ADOBE  *800-833-6687,"  (1,063.89)",CAD,Cash,765.75,USD,,Dillon Hall,**** 6151,,,,,,,1.389344,Accounts Payable Sage
2025-08-09T12:47:58,Purchase,ADOBE  *800-833-6687,  (142.77),CAD,Cash,102.1,USD,,Dillon Hall,**** 6151,,,,,,,1.398335,Accounts Payable Sage
2025-08-09T12:47:58,Purchase,ADOBE  *800-833-6687,  (178.48),CAD,Cash,127.63,USD,,Dillon Hall,**** 6151,,,,,,,1.398417,Accounts Payable Sage
2025-08-22T16:47:15,Purchase,ADOBE  *800-833-6687,  (575.60),CAD,Cash,408.39,USD,,Dillon Hall,**** 6151,,,,,,,1.409437,Accounts Payable Sage
2025-09-13T13:54:19,Purchase,ADOBE  *800-833-6687,  (673.56),CAD,Cash,477.65,USD,,Dillon Hall,**** 6151,,,,,,,1.410154,Accounts Payable Sage
2025-10-29T12:15:01,Bill Payment,Amazon Web Services,"  (3,107.34)",CAD,Cash,,,To Amazon Web Services,,,,Emilio Lagman,Emilio Lagman,CAIN25-2237016,,,,Accounts Payable Sage
2025-11-28T12:16:23,Bill Payment,Amazon Web Services,  (162.97),CAD,Cash,,,To Amazon Web Services,,,,Victor Ko,Victor Ko,CAIN25-2473251,,,,Accounts Payable Sage
2025-10-29T12:15:01,Bill Payment,Andrew Piemonte,"  (2,799.30)",CAD,Cash,,,To Andrew Piemonte,,,,Emilio Lagman,Emilio Lagman,SPARK-010,,,,Accounts Payable Sage
2025-11-04T12:15:00,Bill Payment,Andrew Piemonte,"  (2,799.30)",CAD,Cash,,,To Andrew Piemonte,,,,Emilio Lagman,Emilio Lagman,SPARK-011,,,,Accounts Payable Sage
2025-11-14T12:15:41,Bill Payment,Andrew Piemonte,"  (2,799.30)",CAD,Cash,,,To Andrew Piemonte,,,,Emilio Lagman,Emilio Lagman,SPARK-012,,,,Accounts Payable Sage
2025-10-29T12:15:01,Bill Payment,Asset Direct of Canada Inc,"  (15,232.40)",CAD,Cash,,,To Asset Direct of Canada Inc,,,,Emilio Lagman,Emilio Lagman,11990,,,,Accounts Payable Sage
2025-11-14T12:15:41,Bill Payment,Asset Direct of Canada Inc,"  (5,360.72)",CAD,Cash,,,To Asset Direct of Canada Inc,,,,Emilio Lagman,Emilio Lagman,12007,,,,Accounts Payable Sage
2025-11-28T12:16:23,Bill Payment,Asset Direct of Canada Inc,"  (4,058.96)",CAD,Cash,,,To Asset Direct of Canada Inc,,,,Victor Ko,Victor Ko,12015,,,,Accounts Payable Sage
2025-12-16T12:15:19,Bill Payment,Asset Direct of Canada Inc,"  (3,814.88)",CAD,Cash,,,To Asset Direct of Canada Inc,,,,Victor Ko,Victor Ko,12023,,,,Accounts Payable Sage
2025-12-16T12:15:19,Bill Payment,Asset Direct of Canada Inc,"  (7,349.52)",CAD,Cash,,,To Asset Direct of Canada Inc,,,,Victor Ko,Victor Ko,12022,,,,Accounts Payable Sage
2025-12-30T12:15:16,Bill Payment,Asset Direct of Canada Inc,"  (2,768.50)",CAD,Cash,,,To Asset Direct of Canada Inc,,,,Victor Ko,Victor Ko,12052,,,,Accounts Payable Sage
2025-12-30T12:15:16,Bill Payment,Asset Direct of Canada Inc,"  (3,191.12)",CAD,Cash,,,To Asset Direct of Canada Inc,,,,Victor Ko,Victor Ko,12051,,,,Accounts Payable Sage
2025-11-14T12:15:41,Bill Payment,Beautifi Solutions Inc.,"  (2,299.50)",CAD,Cash,,,To Beautifi Solutions Inc.,,,,Emilio Lagman,Emilio Lagman,1271,,,,Accounts Payable Sage
2025-12-16T12:15:19,Bill Payment,Beautifi Solutions Inc.,  (882.00),CAD,Cash,,,To Beautifi Solutions Inc.,,,,Victor Ko,Victor Ko,1290,,,,Accounts Payable Sage
2025-10-29T12:15:02,Bill Payment,Borrowell,"  (182,908.58)",CAD,Cash,,,To Borrowell,,,,Emilio Lagman,Emilio Lagman,7439,,,,Accounts Payable Sage
2025-11-28T12:16:23,Bill Payment,Borrowell,"  (186,748.32)",CAD,Cash,,,To Borrowell,,,,Victor Ko,Victor Ko,7546,,,,Accounts Payable Sage
2025-12-30T12:15:16,Bill Payment,Borrowell,"  (167,762.06)",CAD,Cash,,,To Borrowell,,,,Victor Ko,Victor Ko,7611,,,,Accounts Payable Sage
2025-11-14T12:15:41,Bill Payment,Bree Technologies Ltd,  (988.75),CAD,Cash,,,To Bree Technologies Ltd,,,,Emilio Lagman,Emilio Lagman,6,,,,Accounts Payable Sage
2025-12-16T12:15:19,Bill Payment,Bree Technologies Ltd,"  (1,977.50)",CAD,Cash,,,To Bree Technologies Ltd,,,,Victor Ko,Victor Ko,7,,,,Accounts Payable Sage
2025-05-15T04:44:54,Purchase,CANEM SYSTEMS LTD,"  (5,318.25)",CAD,Cash,,,For one-time credit card only payments and legal invoices.,Emilio Lagman,**** 8807,,,,,,,,Accounts Payable Sage
2025-10-29T12:15:01,Bill Payment,Clearscore Canada Ltd,"  (58,468.48)",CAD,Cash,,,To Clearscore Canada Ltd,,,,Emilio Lagman,Emilio Lagman,ARD0005348,,,,Accounts Payable Sage
2025-11-28T12:16:23,Bill Payment,Clearscore Canada Ltd,"  (59,960.32)",CAD,Cash,,,To Clearscore Canada Ltd,,,,Victor Ko,Victor Ko,ARD0005622,,,,Accounts Payable Sage
2025-11-14T12:15:41,Bill Payment,Cogent Canada Inc.,"  (1,407.56)",CAD,Cash,,,To Cogent Canada Inc.,,,,Emilio Lagman,Emilio Lagman,SF Sep - Oct 2025,,,,Accounts Payable Sage
2025-12-16T12:15:19,Bill Payment,Cogent Canada Inc.,"  (1,407.56)",CAD,Cash,,,To Cogent Canada Inc.,,,,Victor Ko,Victor Ko,SF Oct-Nov 2025,,,,Accounts Payable Sage
2025-10-29T12:15:01,Bill Payment,Credit Karma,"  (81,750.00)",CAD,Cash,,,To Credit Karma,,,,Emilio Lagman,Emilio Lagman,Q-26040,,,,Accounts Payable Sage
2025-11-28T12:16:23,Bill Payment,Credit Karma,"  (70,500.00)",CAD,Cash,,,To Credit Karma,,,,Victor Ko,Victor Ko,Q-26237,,,,Accounts Payable Sage
2025-12-30T12:15:16,Bill Payment,Credit Karma,"  (64,000.00)",CAD,Cash,,,To Credit Karma,,,,Victor Ko,Victor Ko,Q-26455,,,,Accounts Payable Sage
2025-12-30T12:15:00,Bill Payment,Dropbox,"  (2,356.70)",CAD,Cash,,,To Dropbox,,,,Victor Ko,Victor Ko,INV-32649,,,,Accounts Payable Sage
2025-07-21T05:29:18,Purchase,EASYHOME (GOLF),"  (15,000.00)",CAD,Cash,,,,Emily Gardner,**** 1021,,,,,,,,Accounts Payable Sage
2025-12-30T12:15:16,Bill Payment,Equifax Canada Co,"  (3,584.39)",CAD,Cash,,,To Equifax Canada Co,,,,Victor Ko,Victor Ko,2068832328,,,,Accounts Payable Sage
2025-10-14T12:15:00,Bill Payment,ESC Corporate Services Ltd.,  (55.54),CAD,Cash,,,To ESC Corporate Services Ltd.,,,,,,238082,,,,Accounts Payable Sage
2025-11-14T12:15:41,Bill Payment,ESC Corporate Services Ltd.,  (128.90),CAD,Cash,,,To ESC Corporate Services Ltd.,,,,Emilio Lagman,Emilio Lagman,242103,,,,Accounts Payable Sage
2025-12-16T12:15:19,Bill Payment,ESC Corporate Services Ltd.,  (139.42),CAD,Cash,,,To ESC Corporate Services Ltd.,,,,Victor Ko,Victor Ko,246372,,,,Accounts Payable Sage
2025-01-14T06:16:15,Purchase,Feefo Holdings Ltd,  (366.59),CAD,Cash,250,USD,,Emilio Lagman,**** 8983,,,,,,,1.46636,Accounts Payable Sage
2025-02-12T06:18:22,Purchase,Feefo Holdings Ltd,  (365.00),CAD,Cash,250,USD,,Emilio Lagman,**** 8983,,,,,,,1.46,Accounts Payable Sage
2025-03-14T06:16:33,Purchase,Feefo Holdings Ltd,  (367.64),CAD,Cash,250,USD,,Emilio Lagman,**** 8983,,,,,,,1.47056,Accounts Payable Sage
2025-04-15T06:21:36,Purchase,Feefo Holdings Ltd,  (372.89),CAD,Cash,262.5,USD,,Emilio Lagman,**** 8983,,,,,,,1.420533,Accounts Payable Sage
2025-05-13T06:24:02,Purchase,Feefo Holdings Ltd,  (371.74),CAD,Cash,262.5,USD,,Emilio Lagman,**** 8983,,,,,,,1.416152,Accounts Payable Sage
2025-06-11T06:21:30,Purchase,Feefo Holdings Ltd,  (365.29),CAD,Cash,262.5,USD,,Emilio Lagman,**** 8983,,,,,,,1.391581,Accounts Payable Sage
2025-07-16T06:30:39,Purchase,Feefo Holdings Ltd,  (365.34),CAD,Cash,262.5,USD,,Emilio Lagman,**** 8983,,,,,,,1.391771,Accounts Payable Sage
2025-08-10T06:39:50,Purchase,Feefo Holdings Ltd,  (366.81),CAD,Cash,262.5,USD,,Emilio Lagman,**** 8983,,,,,,,1.397371,Accounts Payable Sage
2025-09-12T06:32:34,Purchase,Feefo Holdings Ltd,  (369.64),CAD,Cash,262.5,USD,,Emilio Lagman,**** 8983,,,,,,,1.408152,Accounts Payable Sage
2025-10-14T06:23:56,Purchase,Feefo Holdings Ltd,  (374.00),CAD,Cash,262.5,USD,,Emilio Lagman,**** 8983,,,,,,,1.424762,Accounts Payable Sage
2025-11-12T06:17:52,Purchase,Feefo Holdings Ltd,  (374.97),CAD,Cash,262.5,USD,,Emilio Lagman,**** 8983,,,,,,,1.428457,Accounts Payable Sage
2025-12-13T06:17:54,Purchase,Feefo Holdings Ltd,  (368.38),CAD,Cash,262.5,USD,,Emilio Lagman,**** 8983,,,,,,,1.403352,Accounts Payable Sage
2025-10-29T12:15:03,Bill Payment,Finder.com,"  (2,509.50)",CAD,Cash,,,To Finder.com,,,,Emilio Lagman,Emilio Lagman,IN0080577,,,,Accounts Payable Sage
2025-11-28T12:16:23,Bill Payment,Finder.com,"  (2,751.00)",CAD,Cash,,,To Finder.com,,,,Victor Ko,Victor Ko,IN0081230,,,,Accounts Payable Sage
2025-12-30T12:15:16,Bill Payment,Finder.com,"  (2,919.00)",CAD,Cash,,,To Finder.com,,,,Victor Ko,Victor Ko,IN0082107,,,,Accounts Payable Sage
2025-11-14T12:15:41,Bill Payment,FintelConnect,"  (2,268.80)",CAD,Cash,,,To FintelConnect,,,,Emilio Lagman,Emilio Lagman,7966,,,,Accounts Payable Sage
2025-12-16T12:15:19,Bill Payment,FintelConnect,"  (1,583.60)",CAD,Cash,,,To FintelConnect,,,,Victor Ko,Victor Ko,8094,,,,Accounts Payable Sage
2025-10-29T12:15:04,Bill Payment,"Five9, Inc.","  (54,370.04)",CAD,Cash,,,"To Five9, Inc.",,,,Emilio Lagman,Emilio Lagman,INV01278116,,,,Accounts Payable Sage
2025-11-28T12:16:23,Bill Payment,"Five9, Inc.","  (50,575.21)",CAD,Cash,,,"To Five9, Inc.",,,,Victor Ko,Victor Ko,INV01286566,,,,Accounts Payable Sage
2025-12-30T12:15:16,Bill Payment,"Five9, Inc.","  (52,046.78)",CAD,Cash,,,"To Five9, Inc.",,,,Victor Ko,Victor Ko,INV01292375,,,,Accounts Payable Sage
2025-10-29T12:15:03,Bill Payment,Flinks Technology Inc.,"  (15,493.63)",CAD,Cash,,,To Flinks Technology Inc.,,,,Emilio Lagman,Emilio Lagman,26924,,,,Accounts Payable Sage
2025-11-28T12:16:23,Bill Payment,Flinks Technology Inc.,"  (19,225.37)",CAD,Cash,,,To Flinks Technology Inc.,,,,Victor Ko,Victor Ko,27199,,,,Accounts Payable Sage
2025-12-30T12:15:16,Bill Payment,Flinks Technology Inc.,"  (18,217.59)",CAD,Cash,,,To Flinks Technology Inc.,,,,Victor Ko,Victor Ko,27523,,,,Accounts Payable Sage
2025-12-16T12:15:19,Bill Payment,Go Loans,"  (3,268.13)",CAD,Cash,,,To Go Loans,,,,Victor Ko,Victor Ko,G-LR-SF-002,,,,Accounts Payable Sage
2025-12-16T12:15:19,Bill Payment,Go Loans,  (315.00),CAD,Cash,,,To Go Loans,,,,Victor Ko,Victor Ko,G-LR-SF-001,,,,Accounts Payable Sage
2025-10-29T12:15:02,Bill Payment,Google LLC,"  (376,913.12)",CAD,Cash,,,To Google LLC,,,,Emilio Lagman,Emilio Lagman,5377897292,,,,Accounts Payable Sage
2025-10-29T12:15:03,Bill Payment,Google LLC,"  (3,746.55)",CAD,Cash,,,To Google LLC,,,,Emilio Lagman,Emilio Lagman,5376859657,,,,Accounts Payable Sage
2025-11-28T12:16:23,Bill Payment,Google LLC,"  (8,376.73)",CAD,Cash,,,To Google LLC,,,,Victor Ko,Victor Ko,5402906515,,,,Accounts Payable Sage
2025-11-28T12:16:23,Bill Payment,Google LLC,"  (369,445.91)",CAD,Cash,,,To Google LLC,,,,Victor Ko,Victor Ko,5406006714,,,,Accounts Payable Sage
2025-12-30T12:15:16,Bill Payment,Google LLC,"  (322,547.33)",CAD,Cash,,,To Google LLC,,,,Victor Ko,Victor Ko,5429153926,,,,Accounts Payable Sage
2025-12-30T12:15:16,Bill Payment,Google LLC,"  (3,220.59)",CAD,Cash,,,To Google LLC,,,,Victor Ko,Victor Ko,5432628854,,,,Accounts Payable Sage
2025-10-29T12:15:01,Bill Payment,Grant Thornton,"  (1,390.57)",CAD,Cash,,,To Grant Thornton,,,,Emilio Lagman,Emilio Lagman,IBC-78167,,,,Accounts Payable Sage
2025-11-27T12:15:33,Bill Payment,Hub Insurance,"  (71,409.00)",CAD,Cash,,,To Hub Insurance,,,,Victor Ko,Victor Ko,3941385,,,,Accounts Payable Sage
2025-11-27T12:15:33,Bill Payment,Hub Insurance,"  (11,511.00)",CAD,Cash,,,To Hub Insurance,,,,Victor Ko,Victor Ko,3955534,,,,Accounts Payable Sage
2025-12-30T12:15:16,Bill Payment,Hub Insurance,  (250.00),CAD,Cash,,,To Hub Insurance,,,,Victor Ko,Victor Ko,3985175,,,,Accounts Payable Sage
2025-10-29T12:15:02,Bill Payment,Kingstar Media,"  (49,135.00)",CAD,Cash,,,To Kingstar Media,,,,Emilio Lagman,Emilio Lagman,ksm39240,,,,Accounts Payable Sage
2025-11-28T12:16:23,Bill Payment,Kingstar Media,"  (39,550.00)",CAD,Cash,,,To Kingstar Media,,,,Victor Ko,Victor Ko,ksm39359,,,,Accounts Payable Sage
2025-12-30T12:15:16,Bill Payment,Kingstar Media,"  (39,550.00)",CAD,Cash,,,To Kingstar Media,,,,Victor Ko,Victor Ko,ksm39488,,,,Accounts Payable Sage
2025-10-29T12:15:01,Bill Payment,Long View Systems Corporation,"  (8,481.24)",CAD,Cash,,,To Long View Systems Corporation,,,,Emilio Lagman,Emilio Lagman,IN-305221-01,,,,Accounts Payable Sage
2025-10-29T12:15:03,Bill Payment,Long View Systems Corporation,"  (1,200.60)",CAD,Cash,,,To Long View Systems Corporation,,,,Emilio Lagman,Emilio Lagman,BP51921,,,,Accounts Payable Sage
2025-10-29T12:15:03,Bill Payment,Long View Systems Corporation,"  (2,903.04)",CAD,Cash,,,To Long View Systems Corporation,,,,Emilio Lagman,Emilio Lagman,IN-303202-01,,,,Accounts Payable Sage
2025-11-14T12:15:41,Bill Payment,Long View Systems Corporation,  (886.86),CAD,Cash,,,To Long View Systems Corporation,,,,Emilio Lagman,Emilio Lagman,IN-305913-01,,,,Accounts Payable Sage
2025-11-28T12:16:23,Bill Payment,Long View Systems Corporation,"  (16,930.55)",CAD,Cash,,,To Long View Systems Corporation,,,,Victor Ko,Victor Ko,IN-306507-01,,,,Accounts Payable Sage
2025-11-28T12:16:23,Bill Payment,Long View Systems Corporation,  (780.64),CAD,Cash,,,To Long View Systems Corporation,,,,Victor Ko,Victor Ko,IN-303202-02,,,,Accounts Payable Sage
2025-11-28T12:16:23,Bill Payment,Long View Systems Corporation,"  (15,101.38)",CAD,Cash,,,To Long View Systems Corporation,,,,Victor Ko,Victor Ko,IN-306506-01,,,,Accounts Payable Sage
2025-11-28T12:16:23,Bill Payment,Long View Systems Corporation,"  (1,200.60)",CAD,Cash,,,To Long View Systems Corporation,,,,Victor Ko,Victor Ko,BP52782,,,,Accounts Payable Sage
2025-12-30T12:15:16,Bill Payment,Long View Systems Corporation,"  (1,200.60)",CAD,Cash,,,To Long View Systems Corporation,,,,Victor Ko,Victor Ko,BP53628,,,,Accounts Payable Sage
2025-05-02T03:40:58,Purchase,MANTLE,"  (1,772.43)",CAD,Cash,1260,USD,For one-time credit card only payments and legal invoices.,Emilio Lagman,**** 8807,,,,,,,1.40669,Accounts Payable Sage
2025-09-23T02:08:43,Purchase,MIDDLEWAREHQ,  (295.78),CAD,Cash,,,"PMO Card, initially for Middleware additional license payments",Erin Baile,**** 5277,,,,,,,,Accounts Payable Sage
2025-10-05T02:13:05,Purchase,MIDDLEWAREHQ,  (278.81),CAD,Cash,196.58,USD,"PMO Card, initially for Middleware additional license payments",Erin Baile,**** 5277,,,,,,,1.418303,Accounts Payable Sage
2025-10-07T02:11:34,Purchase,MIDDLEWAREHQ,  (283.93),CAD,Cash,200.19,USD,"PMO Card, initially for Middleware additional license payments",Erin Baile,**** 5277,,,,,,,1.418303,Accounts Payable Sage
2025-10-07T02:11:37,Purchase,MIDDLEWAREHQ,  (283.91),CAD,Cash,200.18,USD,"PMO Card, initially for Middleware additional license payments",Erin Baile,**** 5277,,,,,,,1.418274,Accounts Payable Sage
2025-10-07T02:11:45,Purchase,MIDDLEWAREHQ,  (283.93),CAD,Cash,200.19,USD,"PMO Card, initially for Middleware additional license payments",Erin Baile,**** 5277,,,,,,,1.418303,Accounts Payable Sage
2025-01-10T01:18:43,Purchase,NECTAR HR,"  (1,514.61)",CAD,Cash,1035.4,USD,For one-time credit card only payments and legal invoices.,Emilio Lagman,**** 8807,,,,,,,1.462826,Accounts Payable Sage
2025-01-10T01:18:53,Purchase,NECTAR HR,"  (1,514.61)",CAD,Cash,1035.4,USD,For one-time credit card only payments and legal invoices.,Emilio Lagman,**** 8807,,,,,,,1.462826,Accounts Payable Sage
2025-01-10T01:18:54,Purchase,NECTAR HR,"  (1,514.61)",CAD,Cash,1035.4,USD,For one-time credit card only payments and legal invoices.,Emilio Lagman,**** 8807,,,,,,,1.462826,Accounts Payable Sage
2025-01-10T05:44:52,Purchase,NECTAR HR,"  (1,514.18)",CAD,Cash,1035.4,USD,For one-time credit card only payments and legal invoices.,Emilio Lagman,**** 8807,,,,,,,1.462411,Accounts Payable Sage
2025-02-09T02:21:06,Purchase,NECTAR HR,"  (1,507.88)",CAD,Cash,1035.4,USD,For one-time credit card only payments and legal invoices.,Emilio Lagman,**** 8807,,,,,,,1.456326,Accounts Payable Sage
2025-02-11T02:14:49,Purchase,NECTAR HR,"  (1,507.88)",CAD,Cash,1035.4,USD,For one-time credit card only payments and legal invoices.,Emilio Lagman,**** 8807,,,,,,,1.456326,Accounts Payable Sage
2025-02-25T01:11:38,Purchase,NECTAR HR,"  (1,496.95)",CAD,Cash,1035.4,USD,For one-time credit card only payments and legal invoices.,Emilio Lagman,**** 8807,,,,,,,1.44577,Accounts Payable Sage
2025-03-07T03:58:40,Purchase,NECTAR HR,"  (1,511.14)",CAD,Cash,1035.4,USD,For one-time credit card only payments and legal invoices.,Emilio Lagman,**** 8807,,,,,,,1.459475,Accounts Payable Sage
2025-03-08T16:44:44,Purchase,NECTAR HR,"  (1,516.39)",CAD,Cash,1035.4,USD,Colombia payouts,Emilio Lagman,**** 1836,,,,,,,1.464545,Accounts Payable Sage
2025-04-05T02:15:53,Purchase,NECTAR HR,"  (1,498.85)",CAD,Cash,1035.4,USD,Colombia payouts,Emilio Lagman,**** 1836,,,,,,,1.447605,Accounts Payable Sage
2025-04-05T17:36:34,Purchase,NECTAR HR,"  (1,498.85)",CAD,Cash,1035.4,USD,Colombia payouts,Emilio Lagman,**** 1836,,,,,,,1.447605,Accounts Payable Sage
2025-05-07T05:08:23,Purchase,NECTAR HR,"  (1,455.33)",CAD,Cash,1035.4,USD,Colombia payouts,Emilio Lagman,**** 1836,,,,,,,1.405573,Accounts Payable Sage
2025-05-08T02:20:38,Purchase,NECTAR HR,"  (1,455.33)",CAD,Cash,1035.4,USD,Colombia payouts,Emilio Lagman,**** 1836,,,,,,,1.405573,Accounts Payable Sage
2025-05-14T02:17:32,Purchase,NECTAR HR,"  (1,473.20)",CAD,Cash,1035.4,USD,Colombia payouts,Emilio Lagman,**** 1836,,,,,,,1.422832,Accounts Payable Sage
2025-06-04T02:22:29,Purchase,NECTAR HR,"  (1,445.46)",CAD,Cash,1035.4,USD,Colombia payouts,Emilio Lagman,**** 1836,,,,,,,1.39604,Accounts Payable Sage
2025-06-04T05:15:41,Purchase,NECTAR HR,"  (1,444.51)",CAD,Cash,1035.4,USD,Colombia payouts,Emilio Lagman,**** 1836,,,,,,,1.395123,Accounts Payable Sage
2025-07-04T16:00:33,Purchase,NECTAR HR,"  (1,432.11)",CAD,Cash,1035.4,USD,Colombia payouts,Emilio Lagman,**** 1836,,,,,,,1.383147,Accounts Payable Sage
2025-07-04T16:00:34,Purchase,NECTAR HR,"  (1,432.11)",CAD,Cash,1035.4,USD,Colombia payouts,Emilio Lagman,**** 1836,,,,,,,1.383147,Accounts Payable Sage
2025-08-01T04:26:21,Purchase,NECTAR HR,"  (2,910.10)",CAD,Cash,2070.4,USD,Colombia payouts,Emilio Lagman,**** 1836,,,,,,,1.405574,Accounts Payable Sage
2025-08-08T04:35:52,Purchase,NECTAR HR,"  (2,895.18)",CAD,Cash,2070.4,USD,Colombia payouts,Emilio Lagman,**** 1836,,,,,,,1.398367,Accounts Payable Sage
2025-09-05T03:37:24,Purchase,NECTAR HR,"  (1,455.43)",CAD,Cash,1035.4,USD,Colombia payouts,Emilio Lagman,**** 1836,,,,,,,1.405669,Accounts Payable Sage
2025-10-08T04:02:30,Purchase,NECTAR HR,"  (2,202.26)",CAD,Cash,1552.9,USD,Colombia payouts,Emilio Lagman,**** 1836,,,,,,,1.41816,Accounts Payable Sage
2025-11-05T04:40:46,Purchase,NECTAR HR,"  (1,479.50)",CAD,Cash,1035.4,USD,Colombia payouts,Emilio Lagman,**** 1836,,,,,,,1.428916,Accounts Payable Sage
2025-12-05T00:30:15,Purchase,NECTAR HR,"  (1,469.11)",CAD,Cash,1035.4,USD,Colombia payouts,Emilio Lagman,**** 1836,,,,,,,1.418882,Accounts Payable Sage
2025-12-05T00:30:37,Purchase,NECTAR HR,"  (1,469.11)",CAD,Cash,1035.4,USD,Colombia payouts,Emilio Lagman,**** 1836,,,,,,,1.418882,Accounts Payable Sage
2025-11-14T12:15:41,Bill Payment,Neo Financial,"  (94,823.68)",CAD,Cash,,,To Neo Financial,,,,Emilio Lagman,Emilio Lagman,INV12201,,,,Accounts Payable Sage
2025-12-30T12:15:16,Bill Payment,Neo Financial,"  (26,373.76)",CAD,Cash,,,To Neo Financial,,,,Victor Ko,Victor Ko,INV12202,,,,Accounts Payable Sage
2025-11-14T12:15:41,Bill Payment,NFP Media LLC (Lendforall),"  (1,449.00)",CAD,Cash,,,To NFP Media LLC (Lendforall),,,,Emilio Lagman,Emilio Lagman,1367,,,,Accounts Payable Sage
2025-12-30T12:15:16,Bill Payment,NFP Media LLC (Lendforall),"  (1,470.00)",CAD,Cash,,,To NFP Media LLC (Lendforall),,,,Victor Ko,Victor Ko,1375,,,,Accounts Payable Sage
2025-10-29T12:15:02,Bill Payment,"Osler, Hoskin & Harcourt LLP",  (165.99),CAD,Cash,,,"To Osler, Hoskin & Harcourt LLP",,,,Emilio Lagman,Emilio Lagman,13077101,,,,Accounts Payable Sage
2025-10-29T12:15:02,Bill Payment,"Osler, Hoskin & Harcourt LLP","  (1,616.09)",CAD,Cash,,,"To Osler, Hoskin & Harcourt LLP",,,,Emilio Lagman,Emilio Lagman,13069883,,,,Accounts Payable Sage
2025-10-29T12:15:02,Bill Payment,"Osler, Hoskin & Harcourt LLP",  (194.88),CAD,Cash,,,"To Osler, Hoskin & Harcourt LLP",,,,Emilio Lagman,Emilio Lagman,13071563,,,,Accounts Payable Sage
2025-10-29T12:15:03,Bill Payment,"Osler, Hoskin & Harcourt LLP","  (2,434.33)",CAD,Cash,,,"To Osler, Hoskin & Harcourt LLP",,,,Emilio Lagman,Emilio Lagman,13069714,,,,Accounts Payable Sage
2025-10-29T12:15:04,Bill Payment,"Osler, Hoskin & Harcourt LLP",  (560.02),CAD,Cash,,,"To Osler, Hoskin & Harcourt LLP",,,,Emilio Lagman,Emilio Lagman,13077087,,,,Accounts Payable Sage
2025-10-31T12:15:26,Bill Payment,"Osler, Hoskin & Harcourt LLP",  (173.47),CAD,Cash,,,"To Osler, Hoskin & Harcourt LLP",,,,Emilio Lagman,Emilio Lagman,13071095,,,,Accounts Payable Sage
2025-11-28T12:16:23,Bill Payment,"Osler, Hoskin & Harcourt LLP","  (6,148.80)",CAD,Cash,,,"To Osler, Hoskin & Harcourt LLP",,,,Victor Ko,Victor Ko,13083718,,,,Accounts Payable Sage
2025-11-28T12:16:23,Bill Payment,"Osler, Hoskin & Harcourt LLP","  (4,742.25)",CAD,Cash,,,"To Osler, Hoskin & Harcourt LLP",,,,Victor Ko,Victor Ko,13081822,,,,Accounts Payable Sage
2025-11-28T12:16:23,Bill Payment,"Osler, Hoskin & Harcourt LLP",  (960.96),CAD,Cash,,,"To Osler, Hoskin & Harcourt LLP",,,,Victor Ko,Victor Ko,13083894,,,,Accounts Payable Sage
2025-12-30T12:15:16,Bill Payment,"Osler, Hoskin & Harcourt LLP","  (1,703.52)",CAD,Cash,,,"To Osler, Hoskin & Harcourt LLP",,,,Victor Ko,Victor Ko,13094330,,,,Accounts Payable Sage
2025-12-30T12:15:16,Bill Payment,"Osler, Hoskin & Harcourt LLP",  (48.73),CAD,Cash,,,"To Osler, Hoskin & Harcourt LLP",,,,Victor Ko,Victor Ko,13092617,,,,Accounts Payable Sage
2025-12-30T12:15:16,Bill Payment,"Osler, Hoskin & Harcourt LLP",  (413.28),CAD,Cash,,,"To Osler, Hoskin & Harcourt LLP",,,,Victor Ko,Victor Ko,13094490,,,,Accounts Payable Sage
2025-12-16T12:15:00,Bill Payment,Plaid CAD,"  (12,197.90)",CAD,Cash,,,To Plaid CAD,,,,Victor Ko,Victor Ko,DQG61QV28G-2511,,,,Accounts Payable Sage
2025-10-29T12:15:03,Bill Payment,Quench Canada,  (76.50),CAD,Cash,,,To Quench Canada,,,,Emilio Lagman,Emilio Lagman,1367926,,,,Accounts Payable Sage
2025-11-25T12:15:31,Bill Payment,Quench Canada,  (76.50),CAD,Cash,,,To Quench Canada,,,,Victor Ko,Victor Ko,1374040,,,,Accounts Payable Sage
2025-12-30T12:15:16,Bill Payment,Quench Canada,  (76.50),CAD,Cash,,,To Quench Canada,,,,Victor Ko,Victor Ko,1380155,,,,Accounts Payable Sage
2025-10-29T12:15:02,Bill Payment,Ratehub,"  (1,344.00)",CAD,Cash,,,To Ratehub,,,,Emilio Lagman,Emilio Lagman,INV-14863,,,,Accounts Payable Sage
2025-11-28T12:16:23,Bill Payment,Ratehub,"  (1,848.00)",CAD,Cash,,,To Ratehub,,,,Victor Ko,Victor Ko,INV-14958,,,,Accounts Payable Sage
2025-12-30T12:15:16,Bill Payment,Ratehub,"  (1,816.50)",CAD,Cash,,,To Ratehub,,,,Victor Ko,Victor Ko,INV-15071,,,,Accounts Payable Sage
2025-11-28T12:15:02,Bill Payment,Sinch Communications,"  (23,014.99)",CAD,Cash,,,To Sinch Communications,,,,Victor Ko,Victor Ko,140452261,,,,Accounts Payable Sage
2025-12-30T12:15:01,Bill Payment,Sinch Communications,"  (27,318.60)",CAD,Cash,,,To Sinch Communications,,,,Victor Ko,Victor Ko,140462398,,,,Accounts Payable Sage
2025-11-14T12:15:41,Bill Payment,Smarter Loans Inc.,"  (19,452.95)",CAD,Cash,,,To Smarter Loans Inc.,,,,Emilio Lagman,Emilio Lagman,3447,,,,Accounts Payable Sage
2025-12-16T12:15:19,Bill Payment,Smarter Loans Inc.,"  (13,192.75)",CAD,Cash,,,To Smarter Loans Inc.,,,,Victor Ko,Victor Ko,3488,,,,Accounts Payable Sage
2025-11-28T12:16:23,Bill Payment,Snowflake,"  (107,972.48)",CAD,Cash,,,To Snowflake,,,,Victor Ko,Victor Ko,INV-2026-008-000429,,,,Accounts Payable Sage
2025-11-27T12:15:33,Bill Payment,South Coast BC Transportation Authority (TransLink),"  (22,479.75)",CAD,Cash,,,To South Coast BC Transportation Authority (TransLink),,,,Victor Ko,Victor Ko,WI-15015,,,,Accounts Payable Sage
2025-12-05T12:15:13,Bill Payment,South Coast BC Transportation Authority (TransLink),  (462.40),CAD,Cash,,,To South Coast BC Transportation Authority (TransLink),,,,Emilio Lagman,Emilio Lagman,WI-15100,,,,Accounts Payable Sage
2025-12-24T12:15:01,Bill Payment,South Coast BC Transportation Authority (TransLink),"  (26,437.80)",CAD,Cash,,,To South Coast BC Transportation Authority (TransLink),,,,Victor Ko,Victor Ko,WI-15367,,,,Accounts Payable Sage
2025-10-29T12:15:02,Bill Payment,Sun Life Financial,"  (35,780.27)",CAD,Cash,,,To Sun Life Financial,,,,Emilio Lagman,Emilio Lagman,202509Sept,,,,Accounts Payable Sage
2025-11-28T12:16:23,Bill Payment,Sun Life Financial,"  (50,853.75)",CAD,Cash,,,To Sun Life Financial,,,,Victor Ko,Victor Ko,202510Oct,,,,Accounts Payable Sage
2025-12-30T12:15:16,Bill Payment,Sun Life Financial,"  (41,064.39)",CAD,Cash,,,To Sun Life Financial,,,,Victor Ko,Victor Ko,202511Nov,,,,Accounts Payable Sage
2025-12-30T12:15:16,Bill Payment,TekRek Ltd.,"  (4,746.00)",CAD,Cash,,,To TekRek Ltd.,,,,Victor Ko,Victor Ko,2126,,,,Accounts Payable Sage
2025-12-30T12:15:16,Bill Payment,TekRek Ltd.,"  (9,492.00)",CAD,Cash,,,To TekRek Ltd.,,,,Victor Ko,Victor Ko,2133,,,,Accounts Payable Sage
2025-12-29T12:15:16,Bill Payment,The Mexican,"  (5,071.50)",CAD,Cash,,,To The Mexican,,,,Victor Ko,Victor Ko,45995,,,,Accounts Payable Sage
2025-02-05T01:03:21,Purchase,TikTok Ads,"  (8,076.19)",CAD,Cash,,,Tiktok spend for new advertising campaigns created november 2022,Hector Alfonso Pertierra Marin,**** 4840,,,,,,,,Accounts Payable Sage
2025-02-20T06:33:36,Purchase,TIKTOK ADS,"  (4,825.49)",CAD,Cash,,,Tiktok spend for new advertising campaigns created november 2022,Hector Alfonso Pertierra Marin,**** 4840,,,,,,,,Accounts Payable Sage
2025-03-02T01:15:57,Purchase,TikTok Ads,"  (3,677.31)",CAD,Cash,,,Tiktok spend for new advertising campaigns created november 2022,Hector Alfonso Pertierra Marin,**** 4840,,,,,,,,Accounts Payable Sage
2025-03-22T02:19:36,Purchase,TikTok Ads,"  (4,908.88)",CAD,Cash,,,Tiktok spend for new advertising campaigns created november 2022,Hector Alfonso Pertierra Marin,**** 4840,,,,,,,,Accounts Payable Sage
2025-03-25T02:27:29,Purchase,TikTok Ads,"  (1,050.00)",CAD,Cash,,,,Hector Alfonso Pertierra Marin,**** 1343,,,,,,,,Accounts Payable Sage
2025-03-31T02:05:15,Purchase,TikTok Ads,"  (2,100.00)",CAD,Cash,,,,Hector Alfonso Pertierra Marin,**** 1343,,,,,,,,Accounts Payable Sage
2025-04-02T02:10:15,Purchase,TikTok Ads,"  (2,490.84)",CAD,Cash,,,,Hector Alfonso Pertierra Marin,**** 1343,,,,,,,,Accounts Payable Sage
2025-04-02T02:10:20,Purchase,TikTok Ads,  (938.73),CAD,Cash,,,,Hector Alfonso Pertierra Marin,**** 1343,,,,,,,,Accounts Payable Sage
2025-04-09T02:13:01,Purchase,TIKTOK ADS,"  (4,200.00)",CAD,Cash,,,,Hector Alfonso Pertierra Marin,**** 1343,,,,,,,,Accounts Payable Sage
2025-05-02T02:06:18,Purchase,TIKTOK ADS,"  (10,527.26)",CAD,Cash,,,,Hector Alfonso Pertierra Marin,**** 1343,,,,,,,,Accounts Payable Sage
2025-05-02T02:20:57,Purchase,TikTok Ads,"  (11,067.07)",CAD,Cash,,,,Hector Alfonso Pertierra Marin,**** 1343,,,,,,,,Accounts Payable Sage
2025-06-02T02:04:52,Purchase,TikTok Ads,"  (7,418.86)",CAD,Cash,,,,Hector Alfonso Pertierra Marin,**** 1343,,,,,,,,Accounts Payable Sage
2025-06-02T02:05:03,Purchase,TikTok Ads,"  (8,432.03)",CAD,Cash,,,,Hector Alfonso Pertierra Marin,**** 1343,,,,,,,,Accounts Payable Sage
2025-07-02T02:07:02,Purchase,TIKTOK ADS,"  (6,374.59)",CAD,Cash,,,,Hector Alfonso Pertierra Marin,**** 1343,,,,,,,,Accounts Payable Sage
2025-07-02T02:18:30,Purchase,TikTok Ads,  (859.97),CAD,Cash,,,,Hector Alfonso Pertierra Marin,**** 1343,,,,,,,,Accounts Payable Sage
2025-08-02T02:08:35,Purchase,TIKTOK ADS,"  (7,999.36)",CAD,Cash,,,Tiktok spend for new advertising campaigns created november 2022,Hector Alfonso Pertierra Marin,**** 4840,,,,,,,,Accounts Payable Sage
2025-09-02T02:06:03,Purchase,TikTok Ads,"  (7,524.06)",CAD,Cash,,,Tiktok spend for new advertising campaigns created november 2022,Hector Alfonso Pertierra Marin,**** 4840,,,,,,,,Accounts Payable Sage
2025-10-02T02:17:45,Purchase,TikTok Ads,"  (3,759.47)",CAD,Cash,,,Tiktok spend for new advertising campaigns created november 2022,Hector Alfonso Pertierra Marin,**** 4840,,,,,,,,Accounts Payable Sage
2025-10-14T07:04:05,Purchase,TIKTOK ADS,"  (1,707.38)",CAD,Cash,,,Tiktok spend for new advertising campaigns created november 2022,Hector Alfonso Pertierra Marin,**** 4840,,,,,,,,Accounts Payable Sage
2025-10-24T02:03:49,Purchase,TikTok Ads,  (672.62),CAD,Cash,,,Tiktok spend for new advertising campaigns created november 2022,Hector Alfonso Pertierra Marin,**** 4840,,,,,,,,Accounts Payable Sage
2025-11-02T23:40:16,Purchase,TikTok Ads,  (699.84),CAD,Cash,,,Tiktok spend for new advertising campaigns created november 2022,Hector Alfonso Pertierra Marin,**** 4840,,,,,,,,Accounts Payable Sage
2025-12-02T00:02:14,Purchase,TikTok Ads,"  (3,138.21)",CAD,Cash,,,Tiktok spend for new advertising campaigns created november 2022,Hector Alfonso Pertierra Marin,**** 4840,,,,,,,,Accounts Payable Sage
2025-10-29T12:15:01,Bill Payment,Trans Union of Canada Inc,"  (84,141.65)",CAD,Cash,,,To Trans Union of Canada Inc,,,,Emilio Lagman,Emilio Lagman,1428360,,,,Accounts Payable Sage
2025-11-28T12:16:23,Bill Payment,Trans Union of Canada Inc,"  (78,861.32)",CAD,Cash,,,To Trans Union of Canada Inc,,,,Victor Ko,Victor Ko,1434143,,,,Accounts Payable Sage
2025-12-30T12:15:16,Bill Payment,Trans Union of Canada Inc,"  (81,284.00)",CAD,Cash,,,To Trans Union of Canada Inc,,,,Victor Ko,Victor Ko,1440185,,,,Accounts Payable Sage
2025-05-15T04:39:33,Purchase,TRULIOO.COM,  (8.42),CAD,Cash,5.91,USD,,Emilio Lagman,**** 6583,,,,,,,1.424704,Accounts Payable Sage