spender,approver,payment authorizer,amount_parsed,month,day_of_week,payee_encoded,payee_k_travel,payee_k_food,payee_k_software,payee_k_amazon,account_is_null,initial amount_is_null,initial currency_is_null,last 4 digits_is_null,invoice number_is_null,fx initial currency_is_null,fx initial amount_is_null,conversion rate_is_null,detail_is_null,transaction type_bill payment,transaction type_purchase,transaction type_refund,aggregated_text,gl_code
10,0,0,-1500.0,5,2,6583,0,0,0,0,0,1,0,0,0,0,1,1,0,0,1,0,purchase alberta insurance council license renewal,1320 prepaid expense
6,0,0,-6536.07,3,1,486,0,0,0,0,0,0,0,0,0,0,1,0,0,0,1,0,purchase articulate global llc,1320 prepaid expense
3,0,0,-11163.1,9,1,686,0,0,1,0,0,1,0,0,0,0,1,1,0,0,1,0,purchase asana.com,1320 prepaid expense
16,0,0,-855.92,3,1,3422,0,0,0,0,0,0,0,0,0,0,1,0,0,0,1,0,purchase autopal software,1320 prepaid expense
3,0,0,-4927.02,12,4,7184,0,0,1,0,0,0,0,0,0,0,1,0,0,0,1,0,purchase browserstack.com,1320 prepaid expense
10,0,0,-277.0,11,5,3204,0,0,0,0,0,1,0,0,0,0,1,1,0,0,1,0,purchase city vancouver bl d license renewal,1320 prepaid expense
10,0,0,-6360.0,10,1,3908,0,0,0,0,0,1,0,0,0,0,1,1,0,0,1,0,purchase consumer protection bc license renewal,1320 prepaid expense
10,0,0,-5500.0,2,4,1880,0,0,0,0,0,1,0,0,0,0,1,1,0,0,1,0,purchase consumer protection offic license renewal,1320 prepaid expense
8,0,0,-3009.9,6,5,2010,0,0,1,0,0,0,0,0,0,0,1,0,0,0,1,0,purchase figma,1320 prepaid expense
10,0,0,-8500.0,12,1,870,0,0,0,0,0,1,0,0,0,0,1,1,0,0,1,0,purchase financial consumer af license renewal,1320 prepaid expense
10,0,0,-2303.98,4,2,6619,0,0,0,0,0,1,0,0,0,0,1,1,0,0,1,0,purchase law society ontario license renewal,1320 prepaid expense
10,0,0,-1300.0,12,2,1038,0,0,0,0,0,1,0,0,0,0,1,1,0,0,1,0,purchase pablo province al license renewal,1320 prepaid expense
6,0,0,-563.07,11,4,520,0,0,0,0,0,0,0,0,0,0,1,0,0,0,1,0,purchase service bureau,1320 prepaid expense
6,0,0,-146.26,10,1,8675,0,0,0,0,0,1,0,0,0,0,1,1,0,0,1,0,purchase upwork -853413076ref,1358 bloom app inc
6,0,0,-324.99,10,1,1191,0,0,0,0,0,1,0,0,0,0,1,1,0,0,1,0,purchase upwork -855595657ref,1358 bloom app inc
6,0,0,-178.08,10,1,1859,0,0,0,0,0,1,0,0,0,0,1,1,0,0,1,0,purchase upwork -857766927ref,1358 bloom app inc
6,0,0,-69.55,10,1,8829,0,0,0,0,0,1,0,0,0,0,1,1,0,0,1,0,purchase upwork -859901556ref,1358 bloom app inc
0,4,4,-100.0,11,4,6577,0,0,0,0,0,1,0,0,0,0,1,1,0,1,0,0,bill payment national bank canada national bank canada,1359 1478897
3,0,0,-8062.77,3,5,5719,0,0,0,0,0,1,0,0,0,0,1,1,0,0,1,0,purchase apple.com/ca 2x designer macbook hardware refreshment charge 1 2 order,1820 office furniture equipment
3,0,0,-945.0,3,5,5719,0,0,0,0,0,1,0,0,0,0,1,1,0,0,1,0,purchase apple.com/ca 2x designer macbook hardware refreshment charge 2 2 order,1820 office furniture equipment
7,0,0,-2508.1,10,1,9115,0,0,0,0,0,0,0,0,0,0,1,0,0,0,1,0,purchase fairdeal electronic invoice 2 tv office,1820 office furniture equipment
7,0,0,-1399.08,3,2,6913,0,0,0,0,0,0,0,0,0,0,1,0,0,0,1,0,purchase luv com buy iphone qa testing,1820 office furniture equipment
3,0,0,-2066.4,3,2,1523,0,0,0,0,0,1,0,0,0,0,1,1,0,0,1,0,purchase source office furnishi actually furniture 5 desk sense office expense,1820 office furniture equipment
11,0,0,-1609.44,9,5,1523,0,0,0,0,0,1,0,0,0,0,1,1,0,0,1,0,purchase source office furnishi,1820 office furniture equipment
6,0,0,1381.08,1,5,1202,0,0,0,0,0,1,0,0,0,0,1,1,0,0,0,1,refund sp wazofurniture,1820 office furniture equipment
17,0,0,-213.02,11,2,8529,0,0,0,0,0,1,0,0,0,0,1,1,0,0,1,0,purchase temu.com desk desktop mount yvr office,1820 office furniture equipment
3,0,0,-729.96,4,5,4250,0,0,0,0,0,1,0,0,0,0,1,1,0,0,1,0,purchase uline whiteboard cory office,1820 office furniture equipment
6,0,0,-229.71,9,1,6021,0,0,0,0,0,1,0,0,0,0,1,1,0,0,1,0,purchase upwork -848956724ref,5410 wage salary
6,0,0,-537.56,9,1,1814,0,0,0,0,0,1,0,0,0,0,1,1,0,0,1,0,purchase upwork -851181315ref,5410 wage salary
6,0,0,-325.8,11,1,1568,0,0,0,0,0,1,0,0,0,0,1,1,0,0,1,0,purchase upwork -862101105ref,5410 wage salary
6,0,0,-232.0,11,3,3840,0,0,0,0,0,1,0,0,0,0,1,1,0,0,1,0,purchase upwork -864290487ref,5410 wage salary
6,0,0,-256.75,11,1,9665,0,0,0,0,0,1,0,0,0,0,1,1,0,0,1,0,purchase upwork -868616228ref,5410 wage salary
6,0,0,-300.34,12,1,8338,0,0,0,0,0,1,0,0,0,0,1,1,0,0,1,0,purchase upwork -870740282ref,5410 wage salary
6,0,0,-915.15,12,1,5068,0,0,0,0,0,1,0,0,0,0,1,1,0,0,1,0,purchase upwork -872879021ref,5410 wage salary
4,0,0,-4503.13,1,4,3314,0,0,0,0,0,1,0,0,0,0,1,1,0,0,1,0,purchase worksafebc time credit card payment legal invoice,5410 wage salary
4,0,0,-4382.91,4,4,3314,0,0,0,0,0,1,0,0,0,0,1,1,0,0,1,0,purchase worksafebc time credit card payment legal invoice,5410 wage salary
4,0,0,-4886.24,7,1,3314,0,0,0,0,0,1,0,0,0,0,1,1,0,0,1,0,purchase worksafebc time credit card payment legal invoice,5410 wage salary
4,0,0,-4980.44,10,3,3314,0,0,0,0,0,1,0,0,0,0,1,1,0,0,1,0,purchase worksafebc time credit card payment legal invoice,5410 wage salary
6,0,0,-3118.5,7,4,9912,0,0,0,0,0,1,0,0,0,0,1,1,0,0,1,0,purchase www.collisionconf.com,5626 training development
11,0,0,-200.0,10,5,3216,0,0,0,0,0,1,0,0,0,0,1,1,0,0,1,0,purchase 00129 pacific centre,5700 office expense
6,0,0,-274.28,1,3,8537,0,0,0,0,0,0,0,0,0,0,1,0,0,0,1,0,purchase 15five,5700 office expense
6,0,0,-273.06,2,0,8537,0,0,0,0,0,0,0,0,0,0,1,0,0,0,1,0,purchase 15five,5700 office expense
6,0,0,-3570.0,10,2,7899,0,0,0,0,0,1,0,0,0,0,1,1,0,0,1,0,purchase 8 west north van,5700 office expense
6,0,0,-1776.6,10,2,7899,0,0,0,0,0,1,0,0,0,0,1,1,0,0,1,0,purchase 8 west north van,5700 office expense
5,0,0,-8.75,2,3,6283,0,0,0,0,0,1,0,0,0,0,1,1,0,0,1,0,purchase acol www.acol.ca passtime gps renewal spring auto financial product manage cypress hill use passtime platform reduce risk prevent loss vehicle cypress portfolio 6/20/2022 update card limit $ 1000 need match renewal requirement,5700 office expense
5,0,0,-10.0,2,6,6283,0,0,0,0,0,1,0,0,0,0,1,1,0,0,1,0,purchase acol www.acol.ca passtime gps renewal spring auto financial product manage cypress hill use passtime platform reduce risk prevent loss vehicle cypress portfolio 6/20/2022 update card limit $ 1000 need match renewal requirement,5700 office expense
5,0,0,-8.75,7,1,6283,0,0,0,0,0,1,0,0,0,0,1,1,0,0,1,0,purchase acol www.acol.ca passtime gps renewal spring auto financial product manage cypress hill use passtime platform reduce risk prevent loss vehicle cypress portfolio 6/20/2022 update card limit $ 1000 need match renewal requirement,5700 office expense
5,0,0,-8.75,7,4,6283,0,0,0,0,0,1,0,0,0,0,1,1,0,0,1,0,purchase acol www.acol.ca passtime gps renewal spring auto financial product manage cypress hill use passtime platform reduce risk prevent loss vehicle cypress portfolio 6/20/2022 update card limit $ 1000 need match renewal requirement,5700 office expense
5,0,0,-8.75,7,6,6283,0,0,0,0,0,1,0,0,0,0,1,1,0,0,1,0,purchase acol www.acol.ca passtime gps renewal spring auto financial product manage cypress hill use passtime platform reduce risk prevent loss vehicle cypress portfolio 6/20/2022 update card limit $ 1000 need match renewal requirement,5700 office expense
5,0,0,-8.75,7,2,6283,0,0,0,0,0,1,0,0,0,0,1,1,0,0,1,0,purchase acol www.acol.ca passtime gps renewal spring auto financial product manage cypress hill use passtime platform reduce risk prevent loss vehicle cypress portfolio 6/20/2022 update card limit $ 1000 need match renewal requirement,5700 office expense
5,0,0,-8.75,7,4,6283,0,0,0,0,0,1,0,0,0,0,1,1,0,0,1,0,purchase acol www.acol.ca passtime gps renewal spring auto financial product manage cypress hill use passtime platform reduce risk prevent loss vehicle cypress portfolio 6/20/2022 update card limit $ 1000 need match renewal requirement,5700 office expense
5,0,0,-8.75,7,6,6283,0,0,0,0,0,1,0,0,0,0,1,1,0,0,1,0,purchase acol www.acol.ca passtime gps renewal spring auto financial product manage cypress hill use passtime platform reduce risk prevent loss vehicle cypress portfolio 6/20/2022 update card limit $ 1000 need match renewal requirement,5700 office expense
5,0,0,-8.75,7,3,6283,0,0,0,0,0,1,0,0,0,0,1,1,0,0,1,0,purchase acol www.acol.ca passtime gps renewal spring auto financial product manage cypress hill use passtime platform reduce risk prevent loss vehicle cypress portfolio 6/20/2022 update card limit $ 1000 need match renewal requirement,5700 office expense
5,0,0,-8.75,7,3,6283,0,0,0,0,0,1,0,0,0,0,1,1,0,0,1,0,purchase acol www.acol.ca passtime gps renewal spring auto financial product manage cypress hill use passtime platform reduce risk prevent loss vehicle cypress portfolio 6/20/2022 update card limit $ 1000 need match renewal requirement,5700 office expense
5,0,0,-8.75,7,4,6283,0,0,0,0,0,1,0,0,0,0,1,1,0,0,1,0,purchase acol www.acol.ca passtime gps renewal spring auto financial product manage cypress hill use passtime platform reduce risk prevent loss vehicle cypress portfolio 6/20/2022 update card limit $ 1000 need match renewal requirement,5700 office expense
5,0,0,-10.0,7,5,6283,0,0,0,0,0,1,0,0,0,0,1,1,0,0,1,0,purchase acol www.acol.ca passtime gps renewal spring auto financial product manage cypress hill use passtime platform reduce risk prevent loss vehicle cypress portfolio 6/20/2022 update card limit $ 1000 need match renewal requirement,5700 office expense
5,0,0,-10.0,7,6,6283,0,0,0,0,0,1,0,0,0,0,1,1,0,0,1,0,purchase acol www.acol.ca passtime gps renewal spring auto financial product manage cypress hill use passtime platform reduce risk prevent loss vehicle cypress portfolio 6/20/2022 update card limit $ 1000 need match renewal requirement,5700 office expense
5,0,0,-10.0,7,6,6283,0,0,0,0,0,1,0,0,0,0,1,1,0,0,1,0,purchase acol www.acol.ca passtime gps renewal spring auto financial product manage cypress hill use passtime platform reduce risk prevent loss vehicle cypress portfolio 6/20/2022 update card limit $ 1000 need match renewal requirement,5700 office expense
5,0,0,-8.75,7,2,6283,0,0,0,0,0,1,0,0,0,0,1,1,0,0,1,0,purchase acol www.acol.ca passtime gps renewal spring auto financial product manage cypress hill use passtime platform reduce risk prevent loss vehicle cypress portfolio 6/20/2022 update card limit $ 1000 need match renewal requirement,5700 office expense
5,0,0,-8.75,7,2,6283,0,0,0,0,0,1,0,0,0,0,1,1,0,0,1,0,purchase acol www.acol.ca passtime gps renewal spring auto financial product manage cypress hill use passtime platform reduce risk prevent loss vehicle cypress portfolio 6/20/2022 update card limit $ 1000 need match renewal requirement,5700 office expense
5,0,0,-8.75,8,4,6283,0,0,0,0,0,1,0,0,0,0,1,1,0,0,1,0,purchase acol www.acol.ca,5700 office expense
5,0,0,-8.75,8,4,6283,0,0,0,0,0,1,0,0,0,0,1,1,0,0,1,0,purchase acol www.acol.ca,5700 office expense
5,0,0,-10.0,8,5,6283,0,0,0,0,0,1,0,0,0,0,1,1,0,0,1,0,purchase acol www.acol.ca passtime gps renewal spring auto financial product manage cypress hill use passtime platform reduce risk prevent loss vehicle cypress portfolio 6/20/2022 update card limit $ 1000 need match renewal requirement,5700 office expense
5,0,0,-8.75,8,6,6283,0,0,0,0,0,1,0,0,0,0,1,1,0,0,1,0,purchase acol www.acol.ca passtime gps renewal spring auto financial product manage cypress hill use passtime platform reduce risk prevent loss vehicle cypress portfolio 6/20/2022 update card limit $ 1000 need match renewal requirement,5700 office expense
5,0,0,-8.75,8,4,6283,0,0,0,0,0,1,0,0,0,0,1,1,0,0,1,0,purchase acol www.acol.ca passtime gps renewal spring auto financial product manage cypress hill use passtime platform reduce risk prevent loss vehicle cypress portfolio 6/20/2022 update card limit $ 1000 need match renewal requirement,5700 office expense
5,0,0,-8.75,8,5,6283,0,0,0,0,0,1,0,0,0,0,1,1,0,0,1,0,purchase acol www.acol.ca passtime gps renewal spring auto financial product manage cypress hill use passtime platform reduce risk prevent loss vehicle cypress portfolio 6/20/2022 update card limit $ 1000 need match renewal requirement,5700 office expense
5,0,0,-8.75,8,5,6283,0,0,0,0,0,1,0,0,0,0,1,1,0,0,1,0,purchase acol www.acol.ca passtime gps renewal spring auto financial product manage cypress hill use passtime platform reduce risk prevent loss vehicle cypress portfolio 6/20/2022 update card limit $ 1000 need match renewal requirement,5700 office expense
5,0,0,-8.75,8,0,6283,0,0,0,0,0,1,0,0,0,0,1,1,0,0,1,0,purchase acol www.acol.ca passtime gps renewal spring auto financial product manage cypress hill use passtime platform reduce risk prevent loss vehicle cypress portfolio 6/20/2022 update card limit $ 1000 need match renewal requirement,5700 office expense
5,0,0,-8.75,8,2,6283,0,0,0,0,0,1,0,0,0,0,1,1,0,0,1,0,purchase acol www.acol.ca passtime gps renewal spring auto financial product manage cypress hill use passtime platform reduce risk prevent loss vehicle cypress portfolio 6/20/2022 update card limit $ 1000 need match renewal requirement,5700 office expense
5,0,0,-8.75,8,4,6283,0,0,0,0,0,1,0,0,0,0,1,1,0,0,1,0,purchase acol www.acol.ca passtime gps renewal spring auto financial product manage cypress hill use passtime platform reduce risk prevent loss vehicle cypress portfolio 6/20/2022 update card limit $ 1000 need match renewal requirement,5700 office expense
5,0,0,-8.75,8,4,6283,0,0,0,0,0,1,0,0,0,0,1,1,0,0,1,0,purchase acol www.acol.ca passtime gps renewal spring auto financial product manage cypress hill use passtime platform reduce risk prevent loss vehicle cypress portfolio 6/20/2022 update card limit $ 1000 need match renewal requirement,5700 office expense
5,0,0,-8.75,8,5,6283,0,0,0,0,0,1,0,0,0,0,1,1,0,0,1,0,purchase acol www.acol.ca passtime gps renewal spring auto financial product manage cypress hill use passtime platform reduce risk prevent loss vehicle cypress portfolio 6/20/2022 update card limit $ 1000 need match renewal requirement,5700 office expense
5,0,0,-8.75,8,2,6283,0,0,0,0,0,1,0,0,0,0,1,1,0,0,1,0,purchase acol www.acol.ca passtime gps renewal spring auto financial product manage cypress hill use passtime platform reduce risk prevent loss vehicle cypress portfolio 6/20/2022 update card limit $ 1000 need match renewal requirement,5700 office expense
5,0,0,-8.75,8,6,6283,0,0,0,0,0,1,0,0,0,0,1,1,0,0,1,0,purchase acol www.acol.ca passtime gps renewal spring auto financial product manage cypress hill use passtime platform reduce risk prevent loss vehicle cypress portfolio 6/20/2022 update card limit $ 1000 need match renewal requirement,5700 office expense
5,0,0,-8.75,9,2,6283,0,0,0,0,0,1,0,0,0,0,1,1,0,0,1,0,purchase acol www.acol.ca passtime gps renewal spring auto financial product manage cypress hill use passtime platform reduce risk prevent loss vehicle cypress portfolio 6/20/2022 update card limit $ 1000 need match renewal requirement,5700 office expense
5,0,0,-8.75,9,4,6283,0,0,0,0,0,1,0,0,0,0,1,1,0,0,1,0,purchase acol www.acol.ca passtime gps renewal spring auto financial product manage cypress hill use passtime platform reduce risk prevent loss vehicle cypress portfolio 6/20/2022 update card limit $ 1000 need match renewal requirement,5700 office expense
5,0,0,-8.75,10,3,6283,0,0,0,0,0,1,0,0,0,0,1,1,0,0,1,0,purchase acol www.acol.ca passtime gps renewal spring auto financial product manage cypress hill use passtime platform reduce risk prevent loss vehicle cypress portfolio 6/20/2022 update card limit $ 1000 need match renewal requirement,5700 office expense
5,0,0,-8.75,10,5,6283,0,0,0,0,0,1,0,0,0,0,1,1,0,0,1,0,purchase acol www.acol.ca passtime gps renewal spring auto financial product manage cypress hill use passtime platform reduce risk prevent loss vehicle cypress portfolio 6/20/2022 update card limit $ 1000 need match renewal requirement,5700 office expense
5,0,0,-8.75,4,3,6283,0,0,0,0,0,1,0,0,0,0,1,1,0,0,1,0,purchase acol www.acol.ca passtime gps renewal spring auto financial product manage cypress hill use passtime platform reduce risk prevent loss vehicle cypress portfolio 6/20/2022 update card limit $ 1000 need match renewal requirement,5700 office expense
5,0,0,-8.75,4,5,6283,0,0,0,0,0,1,0,0,0,0,1,1,0,0,1,0,purchase acol www.acol.ca passtime gps renewal spring auto financial product manage cypress hill use passtime platform reduce risk prevent loss vehicle cypress portfolio 6/20/2022 update card limit $ 1000 need match renewal requirement,5700 office expense
5,0,0,-8.75,4,5,6283,0,0,0,0,0,1,0,0,0,0,1,1,0,0,1,0,purchase acol www.acol.ca passtime gps renewal spring auto financial product manage cypress hill use passtime platform reduce risk prevent loss vehicle cypress portfolio 6/20/2022 update card limit $ 1000 need match renewal requirement,5700 office expense
5,0,0,-8.75,5,0,6283,0,0,0,0,0,1,0,0,0,0,1,1,0,0,1,0,purchase acol www.acol.ca passtime gps renewal spring auto financial product manage cypress hill use passtime platform reduce risk prevent loss vehicle cypress portfolio 6/20/2022 update card limit $ 1000 need match renewal requirement,5700 office expense
5,0,0,-8.75,5,5,6283,0,0,0,0,0,1,0,0,0,0,1,1,0,0,1,0,purchase acol www.acol.ca passtime gps renewal spring auto financial product manage cypress hill use passtime platform reduce risk prevent loss vehicle cypress portfolio 6/20/2022 update card limit $ 1000 need match renewal requirement,5700 office expense
5,0,0,-8.75,5,5,6283,0,0,0,0,0,1,0,0,0,0,1,1,0,0,1,0,purchase acol www.acol.ca passtime gps renewal spring auto financial product manage cypress hill use passtime platform reduce risk prevent loss vehicle cypress portfolio 6/20/2022 update card limit $ 1000 need match renewal requirement,5700 office expense
5,0,0,-8.75,5,2,6283,0,0,0,0,0,1,0,0,0,0,1,1,0,0,1,0,purchase acol www.acol.ca passtime gps renewal spring auto financial product manage cypress hill use passtime platform reduce risk prevent loss vehicle cypress portfolio 6/20/2022 update card limit $ 1000 need match renewal requirement,5700 office expense
5,0,0,-8.75,5,2,6283,0,0,0,0,0,1,0,0,0,0,1,1,0,0,1,0,purchase acol www.acol.ca passtime gps renewal spring auto financial product manage cypress hill use passtime platform reduce risk prevent loss vehicle cypress portfolio 6/20/2022 update card limit $ 1000 need match renewal requirement,5700 office expense
5,0,0,-8.75,5,2,6283,0,0,0,0,0,1,0,0,0,0,1,1,0,0,1,0,purchase acol www.acol.ca passtime gps renewal spring auto financial product manage cypress hill use passtime platform reduce risk prevent loss vehicle cypress portfolio 6/20/2022 update card limit $ 1000 need match renewal requirement,5700 office expense
5,0,0,-8.75,5,0,6283,0,0,0,0,0,1,0,0,0,0,1,1,0,0,1,0,purchase acol www.acol.ca passtime gps renewal spring auto financial product manage cypress hill use passtime platform reduce risk prevent loss vehicle cypress portfolio 6/20/2022 update card limit $ 1000 need match renewal requirement,5700 office expense
6,0,0,-3937.5,9,5,3543,0,0,0,0,0,1,0,0,0,0,1,1,0,0,1,0,purchase address complete canad canada post cover canada drive production error cause accelerated consumption decide cover balance consumption payment,5700 office expense
11,0,0,-250.0,3,1,8367,0,0,0,0,0,1,0,0,0,0,1,1,0,0,1,0,purchase adidas canada limit food beverage event prize award etc,5700 office expense
11,0,0,-100.0,8,5,8367,0,0,0,0,0,1,0,0,0,0,1,1,0,0,1,0,purchase adidas canada limit,5700 office expense
5,0,0,-8.75,5,4,6283,0,0,0,0,0,1,0,0,0,0,1,1,0,0,1,0,purchase acol www.acol.ca passtime gps renewal spring auto financial product manage cypress hill use passtime platform reduce risk prevent loss vehicle cypress portfolio 6/20/2022 update card limit $ 1000 need match renewal requirement,5700 office expense
11,0,0,-30.81,11,3,1956,0,0,0,0,0,1,0,0,0,0,1,1,0,0,1,0,purchase al scott lock safe lt,5700 office expense
12,0,0,-94.5,1,3,9017,0,0,0,0,0,1,0,0,0,0,1,1,0,0,1,0,purchase alert,5700 office expense
6,0,0,209.07,10,3,3177,0,0,0,0,0,1,0,0,0,0,1,1,0,0,0,1,refund alibaba.com,5700 office expense
5,0,0,-8.75,5,4,6283,0,0,0,0,0,1,0,0,0,0,1,1,0,0,1,0,purchase acol www.acol.ca passtime gps renewal spring auto financial product manage cypress hill use passtime platform reduce risk prevent loss vehicle cypress portfolio 6/20/2022 update card limit $ 1000 need match renewal requirement,5700 office expense
5,0,0,-8.75,6,6,6283,0,0,0,0,0,1,0,0,0,0,1,1,0,0,1,0,purchase acol www.acol.ca passtime gps renewal spring auto financial product manage cypress hill use passtime platform reduce risk prevent loss vehicle cypress portfolio 6/20/2022 update card limit $ 1000 need match renewal requirement,5700 office expense
5,0,0,-8.75,6,2,6283,0,0,0,0,0,1,0,0,0,0,1,1,0,0,1,0,purchase acol www.acol.ca passtime gps renewal spring auto financial product manage cypress hill use passtime platform reduce risk prevent loss vehicle cypress portfolio 6/20/2022 update card limit $ 1000 need match renewal requirement,5700 office expense
7,0,0,-3.3,4,3,5153,0,0,0,1,0,0,0,0,0,0,1,0,0,0,1,0,purchase amazon pay india private,5700 office expense
7,0,0,-3.3,4,3,5153,0,0,0,1,0,0,0,0,0,0,1,0,0,0,1,0,purchase amazon pay india private,5700 office expense
7,0,0,-3.3,4,3,5153,0,0,0,1,0,0,0,0,0,0,1,0,0,0,1,0,purchase amazon pay india private type c cable qa staff,5700 office expense
7,0,0,-173.82,4,4,5153,0,0,0,1,0,0,0,0,0,0,1,0,0,0,1,0,purchase amazon pay india private,5700 office expense
7,0,0,-170.0,5,1,5153,0,0,0,1,0,0,0,0,0,0,1,0,0,0,1,0,purchase amazon pay india private,5700 office expense
7,0,0,-61.14,6,1,5153,0,0,0,1,0,0,0,0,0,0,1,0,0,0,1,0,purchase amazon pay india private refund vendor,5700 office expense
7,0,0,60.58,6,5,5153,0,0,0,1,0,0,0,0,0,0,1,0,0,0,0,1,refund amazon pay india private,5700 office expense
11,0,0,-6.69,3,3,5229,0,0,0,1,0,1,0,0,0,0,1,1,0,0,1,0,purchase amazon 1a9dd6y93 food beverage event prize award etc,5700 office expense
11,0,0,-88.34,8,0,5229,0,0,0,1,0,1,0,0,0,0,1,1,0,0,1,0,purchase amazon 2f1h136n3 food beverage event prize award etc,5700 office expense
11,0,0,-77.92,4,6,5229,0,0,0,1,0,1,0,0,0,0,1,1,0,0,1,0,purchase amazon 2f80j27w3 food beverage event prize award etc,5700 office expense
11,0,0,-33.58,3,3,5229,0,0,0,1,0,1,0,0,0,0,1,1,0,0,1,0,purchase amazon 2w2504q93 food beverage event prize award etc,5700 office expense
11,0,0,-33.58,3,3,5229,0,0,0,1,0,1,0,0,0,0,1,1,0,0,1,0,purchase amazon 3a5bi6lr3 food beverage event prize award etc,5700 office expense
11,0,0,-122.19,7,0,5229,0,0,0,1,0,1,0,0,0,0,1,1,0,0,1,0,purchase amazon 3s3oa0c33 food beverage event prize award etc,5700 office expense
11,0,0,-77.92,4,6,5229,0,0,0,1,0,1,0,0,0,0,1,1,0,0,1,0,purchase amazon 4307c2c93 food beverage event prize award etc,5700 office expense
11,0,0,-6.69,3,3,5229,0,0,0,1,0,1,0,0,0,0,1,1,0,0,1,0,purchase amazon 445u11293 food beverage event prize award etc,5700 office expense
11,0,0,-11.86,3,2,5229,0,0,0,1,0,1,0,0,0,0,1,1,0,0,1,0,purchase amazon 4r68d9n23 food beverage event prize award etc,5700 office expense
11,0,0,-146.94,4,0,5229,0,0,0,1,0,1,0,0,0,0,1,1,0,0,1,0,purchase amazon 500mi5cs3 food beverage event prize award etc,5700 office expense
11,0,0,-119.97,9,4,5229,0,0,0,1,0,1,0,0,0,0,1,1,0,0,1,0,purchase amazon 507nx6763 food beverage event prize award etc,5700 office expense
11,0,0,-33.58,3,3,5229,0,0,0,1,0,1,0,0,0,0,1,1,0,0,1,0,purchase amazon 6d5a18hi3 food beverage event prize award etc,5700 office expense
5,0,0,-8.75,6,5,6283,0,0,0,0,0,1,0,0,0,0,1,1,0,0,1,0,purchase acol www.acol.ca passtime gps renewal spring auto financial product manage cypress hill use passtime platform reduce risk prevent loss vehicle cypress portfolio 6/20/2022 update card limit $ 1000 need match renewal requirement,5700 office expense
11,0,0,-252.78,4,5,5229,0,0,0,1,0,1,0,0,0,0,1,1,0,0,1,0,purchase amazon 6q63w8r33 food beverage event prize award etc,5700 office expense
11,0,0,-26.87,11,3,5229,0,0,0,1,0,1,0,0,0,0,1,1,0,0,1,0,purchase amazon b00c54592 food beverage event prize award etc,5700 office expense
11,0,0,-26.87,11,3,5229,0,0,0,1,0,1,0,0,0,0,1,1,0,0,1,0,purchase amazon b04c76552 food beverage event prize award etc,5700 office expense
11,0,0,-68.08,11,3,5229,0,0,0,1,0,1,0,0,0,0,1,1,0,0,1,0,purchase amazon b04jj3542 food beverage event prize award etc,5700 office expense
11,0,0,-26.87,11,3,5229,0,0,0,1,0,1,0,0,0,0,1,1,0,0,1,0,purchase amazon b05po0xv0 food beverage event prize award etc,5700 office expense
11,0,0,-26.87,11,3,5229,0,0,0,1,0,1,0,0,0,0,1,1,0,0,1,0,purchase amazon b061u5qi1 food beverage event prize award etc,5700 office expense
11,0,0,-26.87,11,3,5229,0,0,0,1,0,1,0,0,0,0,1,1,0,0,1,0,purchase amazon b07in05d2 food beverage event prize award etc,5700 office expense
11,0,0,-26.87,11,3,5229,0,0,0,1,0,1,0,0,0,0,1,1,0,0,1,0,purchase amazon b088z4me2 food beverage event prize award etc,5700 office expense
11,0,0,-91.8,11,5,5229,0,0,0,1,0,1,0,0,0,0,1,1,0,0,1,0,purchase amazon b09vn52m0,5700 office expense
11,0,0,-27.52,11,6,5229,0,0,0,1,0,1,0,0,0,0,1,1,0,0,1,0,purchase amazon b24bz6492,5700 office expense
11,0,0,-28.38,11,5,5229,0,0,0,1,0,1,0,0,0,0,1,1,0,0,1,0,purchase amazon b267i2cj1,5700 office expense
11,0,0,-14.88,11,1,5229,0,0,0,1,0,1,0,0,0,0,1,1,0,0,1,0,purchase amazon b86wo7n41,5700 office expense
11,0,0,-54.63,12,1,5229,0,0,0,1,0,1,0,0,0,0,1,1,0,0,1,0,purchase amazon bi6q14r70 food beverage event prize award etc,5700 office expense
11,0,0,-92.46,11,3,5229,0,0,0,1,0,1,0,0,0,0,1,1,0,0,1,0,purchase amazon bt9g35j50 food beverage event prize award etc,5700 office expense
11,0,0,-130.12,11,3,5229,0,0,0,1,0,1,0,0,0,0,1,1,0,0,1,0,purchase amazon bt9oj93x1 food beverage event prize award etc,5700 office expense
11,0,0,-33.58,3,3,5229,0,0,0,1,0,1,0,0,0,0,1,1,0,0,1,0,purchase amazon d268d7tu3 food beverage event prize award etc,5700 office expense
11,0,0,-27.45,4,2,5229,0,0,0,1,0,1,0,0,0,0,1,1,0,0,1,0,purchase amazon dq2s76pr3,5700 office expense
11,0,0,-54.91,9,5,5229,0,0,0,1,0,1,0,0,0,0,1,1,0,0,1,0,purchase amazon e29dj0x03 food beverage event prize award etc,5700 office expense
11,0,0,-58.08,9,2,5229,0,0,0,1,0,1,0,0,0,0,1,1,0,0,1,0,purchase amazon fi0ap2eb3,5700 office expense
11,0,0,-33.58,3,3,5229,0,0,0,1,0,1,0,0,0,0,1,1,0,0,1,0,purchase amazon fk3441lx3 food beverage event prize award etc,5700 office expense
11,0,0,-14.55,3,4,5229,0,0,0,1,0,1,0,0,0,0,1,1,0,0,1,0,purchase amazon i14wh3483 food beverage event prize award etc,5700 office expense
11,0,0,14.55,3,2,5229,0,0,0,1,0,1,0,0,0,0,1,1,0,0,0,1,refund amazon i14wh3483 food beverage event prize award etc,5700 office expense
11,0,0,-77.92,4,6,5229,0,0,0,1,0,1,0,0,0,0,1,1,0,0,1,0,purchase amazon ke3iq1443 food beverage event prize award etc,5700 office expense
11,0,0,-29.02,3,2,5229,0,0,0,1,0,1,0,0,0,0,1,1,0,0,1,0,purchase amazon kr5484q13 food beverage event prize award etc,5700 office expense
11,0,0,-39.59,7,0,5229,0,0,0,1,0,1,0,0,0,0,1,1,0,0,1,0,purchase amazon ln5sk83g3 food beverage event prize award etc,5700 office expense
11,0,0,-10.07,3,3,5229,0,0,0,1,0,1,0,0,0,0,1,1,0,0,1,0,purchase amazon ls1yp9j33 food beverage event prize award etc,5700 office expense
11,0,0,-33.58,3,3,5229,0,0,0,1,0,1,0,0,0,0,1,1,0,0,1,0,purchase amazon lv7az4uu3 food beverage event prize award etc,5700 office expense
11,0,0,-47.01,2,2,5229,0,0,0,1,0,1,0,0,0,0,1,1,0,0,1,0,purchase amazon m12sd8i73 food beverage event prize award etc,5700 office expense
11,0,0,26.87,3,2,5229,0,0,0,1,0,1,0,0,0,0,1,1,0,0,0,1,refund amazon m12sd8i73 food beverage event prize award etc,5700 office expense
11,0,0,-33.58,3,3,5229,0,0,0,1,0,1,0,0,0,0,1,1,0,0,1,0,purchase amazon m54zl35f3 food beverage event prize award etc,5700 office expense
11,0,0,-33.58,3,3,5229,0,0,0,1,0,1,0,0,0,0,1,1,0,0,1,0,purchase amazon mf21l8yh3 food beverage event prize award etc,5700 office expense
11,0,0,-100.2,7,5,5229,0,0,0,1,0,1,0,0,0,0,1,1,0,0,1,0,purchase amazon n30ef25r1 food beverage event prize award etc,5700 office expense
11,0,0,-28.49,7,6,5229,0,0,0,1,0,1,0,0,0,0,1,1,0,0,1,0,purchase amazon n38ci2ks0 food beverage event prize award etc,5700 office expense
11,0,0,-85.1,10,4,5229,0,0,0,1,0,1,0,0,0,0,1,1,0,0,1,0,purchase amazon n49of54e1,5700 office expense
11,0,0,-6.69,5,6,5229,0,0,0,1,0,1,0,0,0,0,1,1,0,0,1,0,purchase amazon ni33y00h2 food beverage event prize award etc,5700 office expense
11,0,0,-85.48,5,1,5229,0,0,0,1,0,1,0,0,0,0,1,1,0,0,1,0,purchase amazon ni5ih8x02 food beverage event prize award etc,5700 office expense
11,0,0,-6.69,5,6,5229,0,0,0,1,0,1,0,0,0,0,1,1,0,0,1,0,purchase amazon ni6iq2012 food beverage event prize award etc,5700 office expense
11,0,0,-166.3,11,1,5229,0,0,0,1,0,1,0,0,0,0,1,1,0,0,1,0,purchase amazon nk2g71x82,5700 office expense
11,0,0,166.3,11,2,5229,0,0,0,1,0,1,0,0,0,0,1,1,0,0,0,1,refund amazon nk2g71x82,5700 office expense
11,0,0,-76.16,11,6,5229,0,0,0,1,0,1,0,0,0,0,1,1,0,0,1,0,purchase amazon nk3ud7l42,5700 office expense
11,0,0,-99.55,7,5,5229,0,0,0,1,0,1,0,0,0,0,1,1,0,0,1,0,purchase amazon nl4oz6l52 food beverage event prize award etc,5700 office expense
11,0,0,-146.19,8,3,5229,0,0,0,1,0,1,0,0,0,0,1,1,0,0,1,0,purchase amazon o82y06813 food beverage event prize award etc,5700 office expense
11,0,0,-17.91,3,3,5229,0,0,0,1,0,1,0,0,0,0,1,1,0,0,1,0,purchase amazon rs7sb4wp3 food beverage event prize award etc,5700 office expense
11,0,0,-40.51,4,5,5229,0,0,0,1,0,1,0,0,0,0,1,1,0,0,1,0,purchase amazon sm4hl4h63 food beverage event prize award etc,5700 office expense
11,0,0,-103.84,8,3,5229,0,0,0,1,0,1,0,0,0,0,1,1,0,0,1,0,purchase amazon te3648yb3 food beverage event prize award etc,5700 office expense
11,0,0,-27.99,3,3,5229,0,0,0,1,0,1,0,0,0,0,1,1,0,0,1,0,purchase amazon th36z4tu3 food beverage event prize award etc,5700 office expense
11,0,0,-33.58,3,3,5229,0,0,0,1,0,1,0,0,0,0,1,1,0,0,1,0,purchase amazon z26w80mz3 food beverage event prize award etc,5700 office expense
11,0,0,-105.0,1,1,5229,0,0,0,1,0,1,0,0,0,0,1,1,0,0,1,0,purchase amazon z52ir9jc0 food beverage event prize award etc,5700 office expense
11,0,0,-160.0,1,3,5229,0,0,0,1,0,1,0,0,0,0,1,1,0,0,1,0,purchase amazon z56yd3r21 food beverage event prize award etc,5700 office expense
11,0,0,-33.58,2,6,5229,0,0,0,1,0,1,0,0,0,0,1,1,0,0,1,0,purchase amazon z758j9od0 food beverage event prize award etc,5700 office expense
11,0,0,-10.57,1,4,5229,0,0,0,1,0,1,0,0,0,0,1,1,0,0,1,0,purchase amazon zc04p6081 food beverage event prize award etc,5700 office expense
11,0,0,-10.0,1,2,5229,0,0,0,1,0,1,0,0,0,0,1,1,0,0,1,0,purchase amazon zc2yb9vq0 food beverage event prize award etc,5700 office expense
11,0,0,-50.0,1,1,5229,0,0,0,1,0,1,0,0,0,0,1,1,0,0,1,0,purchase amazon zc42j40b0,5700 office expense
11,0,0,-33.58,1,0,5229,0,0,0,1,0,1,0,0,0,0,1,1,0,0,1,0,purchase amazon zc59n6t60 food beverage event prize award etc,5700 office expense
11,0,0,-33.58,1,0,5229,0,0,0,1,0,1,0,0,0,0,1,1,0,0,1,0,purchase amazon zc79n8tq0 food beverage event prize award etc,5700 office expense
11,0,0,-85.0,1,1,5229,0,0,0,1,0,1,0,0,0,0,1,1,0,0,1,0,purchase amazon zc7f93j72 food beverage event prize award etc,5700 office expense
11,0,0,-100.0,1,3,5229,0,0,0,1,0,1,0,0,0,0,1,1,0,0,1,0,purchase amazon zd4bx6xv0 food beverage event prize award etc,5700 office expense
11,0,0,-33.58,3,3,5229,0,0,0,1,0,1,0,0,0,0,1,1,0,0,1,0,purchase amazon zf8j31u71 food beverage event prize award etc,5700 office expense
11,0,0,-50.0,1,4,5229,0,0,0,1,0,1,0,0,0,0,1,1,0,0,1,0,purchase amazon zg1vh14h1,5700 office expense
11,0,0,-126.64,1,1,5229,0,0,0,1,0,1,0,0,0,0,1,1,0,0,1,0,purchase amazon zg2ug31n0 food beverage event prize award etc,5700 office expense
11,0,0,-22.99,1,4,5229,0,0,0,1,0,1,0,0,0,0,1,1,0,0,1,0,purchase amazon zg2yt5600 food beverage event prize award etc,5700 office expense
5,0,0,-8.75,6,2,6283,0,0,0,0,0,1,0,0,0,0,1,1,0,0,1,0,purchase acol www.acol.ca passtime gps renewal spring auto financial product manage cypress hill use passtime platform reduce risk prevent loss vehicle cypress portfolio 6/20/2022 update card limit $ 1000 need match renewal requirement,5700 office expense
11,0,0,-33.58,1,0,5229,0,0,0,1,0,1,0,0,0,0,1,1,0,0,1,0,purchase amazon zg66996l1 food beverage event prize award etc,5700 office expense
11,0,0,-33.58,1,0,5229,0,0,0,1,0,1,0,0,0,0,1,1,0,0,1,0,purchase amazon zg8cz96h1 food beverage event prize award etc,5700 office expense
11,0,0,-177.0,1,5,5229,0,0,0,1,0,1,0,0,0,0,1,1,0,0,1,0,purchase amazon zg9z88ic0 food beverage event prize award etc,5700 office expense
11,0,0,-121.92,4,5,5229,0,0,0,1,0,1,0,0,0,0,1,1,0,0,1,0,purchase amazon zk8ed10a1 food beverage event prize award etc,5700 office expense
11,0,0,100.0,1,5,1529,0,0,0,1,0,1,0,0,0,0,1,1,0,0,0,1,refund amazon.ca,5700 office expense
11,0,0,100.0,1,5,1529,0,0,0,1,0,1,0,0,0,0,1,1,0,0,0,1,refund amazon.ca,5700 office expense
11,0,0,100.0,1,5,1529,0,0,0,1,0,1,0,0,0,0,1,1,0,0,0,1,refund amazon.ca,5700 office expense
6,0,0,43.93,5,5,1529,0,0,0,1,0,1,0,0,0,0,1,1,0,0,0,1,refund amazon.ca,5700 office expense
6,0,0,67.0,5,5,1529,0,0,0,1,0,1,0,0,0,0,1,1,0,0,0,1,refund amazon.ca,5700 office expense
6,0,0,61.56,5,4,1529,0,0,0,1,0,1,0,0,0,0,1,1,0,0,0,1,refund amazon.ca,5700 office expense
11,0,0,-43.42,12,2,1529,0,0,0,1,0,1,0,0,0,0,1,1,0,0,1,0,purchase amazon.ca 0j0k28up3 food beverage event prize award etc,5700 office expense
11,0,0,-125.0,9,4,1529,0,0,0,1,0,1,0,0,0,0,1,1,0,0,1,0,purchase amazon.ca 4f7am1623 food beverage event prize award etc,5700 office expense
11,0,0,-295.0,12,2,1529,0,0,0,1,0,1,0,0,0,0,1,1,0,0,1,0,purchase amazon.ca 6j3qg5tb3,5700 office expense
5,0,0,-8.75,6,4,6283,0,0,0,0,0,1,0,0,0,0,1,1,0,0,1,0,purchase acol www.acol.ca passtime gps renewal spring auto financial product manage cypress hill use passtime platform reduce risk prevent loss vehicle cypress portfolio 6/20/2022 update card limit $ 1000 need match renewal requirement,5700 office expense
11,0,0,-50.0,12,5,1529,0,0,0,1,0,1,0,0,0,0,1,1,0,0,1,0,purchase amazon.ca 8f1lv4du3 food beverage event prize award etc,5700 office expense
11,0,0,-48.08,9,2,1529,0,0,0,1,0,1,0,0,0,0,1,1,0,0,1,0,purchase amazon.ca 8f4uf89k3,5700 office expense
11,0,0,-210.0,12,5,1529,0,0,0,1,0,1,0,0,0,0,1,1,0,0,1,0,purchase amazon.ca 8l49421r3,5700 office expense
11,0,0,-26.87,11,4,1529,0,0,0,1,0,1,0,0,0,0,1,1,0,0,1,0,purchase amazon.ca b02285xc0,5700 office expense
11,0,0,-26.87,11,4,1529,0,0,0,1,0,1,0,0,0,0,1,1,0,0,1,0,purchase amazon.ca b038g4mn2,5700 office expense
11,0,0,-1500.0,11,5,1529,0,0,0,1,0,1,0,0,0,0,1,1,0,0,1,0,purchase amazon.ca b04q67830,5700 office expense
11,0,0,-1500.0,11,5,1529,0,0,0,1,0,1,0,0,0,0,1,1,0,0,1,0,purchase amazon.ca b04z549f1,5700 office expense
11,0,0,-42.62,11,4,1529,0,0,0,1,0,1,0,0,0,0,1,1,0,0,1,0,purchase amazon.ca b06bq1mt0,5700 office expense
11,0,0,-26.87,11,4,1529,0,0,0,1,0,1,0,0,0,0,1,1,0,0,1,0,purchase amazon.ca b06fn8vh0,5700 office expense
11,0,0,-26.87,11,3,1529,0,0,0,1,0,1,0,0,0,0,1,1,0,0,1,0,purchase amazon.ca b06ws8532,5700 office expense
11,0,0,-26.87,11,4,1529,0,0,0,1,0,1,0,0,0,0,1,1,0,0,1,0,purchase amazon.ca b07wh75w2,5700 office expense
11,0,0,-20.0,11,4,1529,0,0,0,1,0,1,0,0,0,0,1,1,0,0,1,0,purchase amazon.ca b085e7hr2,5700 office expense
11,0,0,-26.87,11,4,1529,0,0,0,1,0,1,0,0,0,0,1,1,0,0,1,0,purchase amazon.ca b086v5qm1,5700 office expense
11,0,0,-1500.0,11,3,1529,0,0,0,1,0,1,0,0,0,0,1,1,0,0,1,0,purchase amazon.ca b24b57961,5700 office expense
11,0,0,-85.0,11,2,1529,0,0,0,1,0,1,0,0,0,0,1,1,0,0,1,0,purchase amazon.ca b28o45p10,5700 office expense
11,0,0,-100.0,11,4,1529,0,0,0,1,0,1,0,0,0,0,1,1,0,0,1,0,purchase amazon.ca b82mr5362,5700 office expense
11,0,0,-125.0,12,1,1529,0,0,0,1,0,1,0,0,0,0,1,1,0,0,1,0,purchase amazon.ca bb5cq7yi2,5700 office expense
11,0,0,-265.0,12,1,1529,0,0,0,1,0,1,0,0,0,0,1,1,0,0,1,0,purchase amazon.ca bb6315xr0,5700 office expense
11,0,0,-680.0,12,4,1529,0,0,0,1,0,1,0,0,0,0,1,1,0,0,1,0,purchase amazon.ca bi0010un2,5700 office expense
11,0,0,-50.0,11,3,1529,0,0,0,1,0,1,0,0,0,0,1,1,0,0,1,0,purchase amazon.ca bt0xw6yc1,5700 office expense
11,0,0,-35.0,11,3,1529,0,0,0,1,0,1,0,0,0,0,1,1,0,0,1,0,purchase amazon.ca bt8oc74b1 food beverage event prize award etc,5700 office expense
11,0,0,-43.42,12,2,1529,0,0,0,1,0,1,0,0,0,0,1,1,0,0,1,0,purchase amazon.ca ce55l5om3 food beverage event prize award etc,5700 office expense
11,0,0,-20.0,9,2,1529,0,0,0,1,0,1,0,0,0,0,1,1,0,0,1,0,purchase amazon.ca fh1bf9mt3 food beverage event prize award etc,5700 office expense
11,0,0,-43.42,12,2,1529,0,0,0,1,0,1,0,0,0,0,1,1,0,0,1,0,purchase amazon.ca j685p4783 food beverage event prize award etc,5700 office expense
11,0,0,-390.0,12,2,1529,0,0,0,1,0,1,0,0,0,0,1,1,0,0,1,0,purchase amazon.ca kn41p2ya3,5700 office expense
11,0,0,-50.0,12,6,1529,0,0,0,1,0,1,0,0,0,0,1,1,0,0,1,0,purchase amazon.ca mr2y12ne3,5700 office expense
11,0,0,-25.0,10,1,1529,0,0,0,1,0,1,0,0,0,0,1,1,0,0,1,0,purchase amazon.ca n42gi36v1,5700 office expense
11,0,0,-8.37,11,6,1529,0,0,0,1,0,1,0,0,0,0,1,1,0,0,1,0,purchase amazon.ca n45ju7r82,5700 office expense
11,0,0,-200.0,10,6,1529,0,0,0,1,0,1,0,0,0,0,1,1,0,0,1,0,purchase amazon.ca n47863az1,5700 office expense
11,0,0,-1500.0,10,1,1529,0,0,0,1,0,1,0,0,0,0,1,1,0,0,1,0,purchase amazon.ca n49x78fr2,5700 office expense
11,0,0,-43.42,12,2,1529,0,0,0,1,0,1,0,0,0,0,1,1,0,0,1,0,purchase amazon.ca n891c31o3 food beverage event prize award etc,5700 office expense
11,0,0,-8.95,10,0,1529,0,0,0,1,0,1,0,0,0,0,1,1,0,0,1,0,purchase amazon.ca nf0v86f80 food beverage event prize award etc,5700 office expense
11,0,0,-2000.0,10,5,1529,0,0,0,1,0,1,0,0,0,0,1,1,0,0,1,0,purchase amazon.ca nf2fb9w70,5700 office expense
11,0,0,-38.96,10,0,1529,0,0,0,1,0,1,0,0,0,0,1,1,0,0,1,0,purchase amazon.ca nf5rj44q0 food beverage event prize award etc,5700 office expense
11,0,0,-2000.0,10,5,1529,0,0,0,1,0,1,0,0,0,0,1,1,0,0,1,0,purchase amazon.ca nf6qb2wk0,5700 office expense
11,0,0,-152.0,10,2,1529,0,0,0,1,0,1,0,0,0,0,1,1,0,0,1,0,purchase amazon.ca nf9rj0pd0 food beverage event prize award etc,5700 office expense
11,0,0,-188.0,11,3,1529,0,0,0,1,0,1,0,0,0,0,1,1,0,0,1,0,purchase amazon.ca nk0ij2q02 food beverage event prize award etc,5700 office expense
11,0,0,-33.58,11,0,1529,0,0,0,1,0,1,0,0,0,0,1,1,0,0,1,0,purchase amazon.ca nk0sg53e2,5700 office expense
11,0,0,-33.58,11,0,1529,0,0,0,1,0,1,0,0,0,0,1,1,0,0,1,0,purchase amazon.ca nk2ox36x1,5700 office expense
11,0,0,-10.0,11,5,1529,0,0,0,1,0,1,0,0,0,0,1,1,0,0,1,0,purchase amazon.ca nk4ve4gx0,5700 office expense
11,0,0,-33.58,11,0,1529,0,0,0,1,0,1,0,0,0,0,1,1,0,0,1,0,purchase amazon.ca nk4wb12j0,5700 office expense
11,0,0,-33.58,11,0,1529,0,0,0,1,0,1,0,0,0,0,1,1,0,0,1,0,purchase amazon.ca nk5h943m2,5700 office expense
11,0,0,-33.58,11,0,1529,0,0,0,1,0,1,0,0,0,0,1,1,0,0,1,0,purchase amazon.ca nk5jp33e2,5700 office expense
11,0,0,-33.58,11,0,1529,0,0,0,1,0,1,0,0,0,0,1,1,0,0,1,0,purchase amazon.ca nk7a32611,5700 office expense
11,0,0,-33.58,11,0,1529,0,0,0,1,0,1,0,0,0,0,1,1,0,0,1,0,purchase amazon.ca nk8j203r2,5700 office expense
11,0,0,-33.58,11,0,1529,0,0,0,1,0,1,0,0,0,0,1,1,0,0,1,0,purchase amazon.ca nk8mc72n0,5700 office expense
11,0,0,-33.4,11,1,1529,0,0,0,1,0,1,0,0,0,0,1,1,0,0,1,0,purchase amazon.ca nk94066u1,5700 office expense
11,0,0,-31.4,10,1,1529,0,0,0,1,0,1,0,0,0,0,1,1,0,0,1,0,purchase amazon.ca nm3fz22u2 food beverage event prize award etc,5700 office expense
11,0,0,-130.0,10,2,1529,0,0,0,1,0,1,0,0,0,0,1,1,0,0,1,0,purchase amazon.ca nm5b33wk2,5700 office expense
11,0,0,-120.0,10,5,1529,0,0,0,1,0,1,0,0,0,0,1,1,0,0,1,0,purchase amazon.ca nu0549lx0 food beverage event prize award etc,5700 office expense
11,0,0,-200.0,10,5,1529,0,0,0,1,0,1,0,0,0,0,1,1,0,0,1,0,purchase amazon.ca nu0996l50 food beverage event prize award etc,5700 office expense
11,0,0,-25.0,10,4,1529,0,0,0,1,0,1,0,0,0,0,1,1,0,0,1,0,purchase amazon.ca nu2jg2vl2,5700 office expense
11,0,0,-120.0,10,2,1529,0,0,0,1,0,1,0,0,0,0,1,1,0,0,1,0,purchase amazon.ca nu32j2bm1,5700 office expense
11,0,0,-75.0,10,5,1529,0,0,0,1,0,1,0,0,0,0,1,1,0,0,1,0,purchase amazon.ca nu72j9vu2,5700 office expense
11,0,0,-150.0,10,5,1529,0,0,0,1,0,1,0,0,0,0,1,1,0,0,1,0,purchase amazon.ca nv0vk33e1 food beverage event prize award etc,5700 office expense
11,0,0,-38.96,10,0,1529,0,0,0,1,0,1,0,0,0,0,1,1,0,0,1,0,purchase amazon.ca nv1my1qu1 food beverage event prize award etc,5700 office expense
11,0,0,-205.0,10,5,1529,0,0,0,1,0,1,0,0,0,0,1,1,0,0,1,0,purchase amazon.ca nv1pw03k1 food beverage event prize award etc,5700 office expense
11,0,0,-50.0,10,5,1529,0,0,0,1,0,1,0,0,0,0,1,1,0,0,1,0,purchase amazon.ca nv2782jr1 food beverage event prize award etc,5700 office expense
11,0,0,-77.92,10,0,1529,0,0,0,1,0,1,0,0,0,0,1,1,0,0,1,0,purchase amazon.ca nv3u13qj1 food beverage event prize award etc,5700 office expense
11,0,0,-77.92,10,0,1529,0,0,0,1,0,1,0,0,0,0,1,1,0,0,1,0,purchase amazon.ca nv5vv4t42 food beverage event prize award etc,5700 office expense
11,0,0,-100.0,10,5,1529,0,0,0,1,0,1,0,0,0,0,1,1,0,0,1,0,purchase amazon.ca nv6110js1 food beverage event prize award etc,5700 office expense
11,0,0,-77.92,10,1,1529,0,0,0,1,0,1,0,0,0,0,1,1,0,0,1,0,purchase amazon.ca nv6bx9am2 food beverage event prize award etc,5700 office expense
11,0,0,-25.0,10,2,1529,0,0,0,1,0,1,0,0,0,0,1,1,0,0,1,0,purchase amazon.ca nv7f56b32 food beverage event prize award etc,5700 office expense
11,0,0,-77.92,10,1,1529,0,0,0,1,0,1,0,0,0,0,1,1,0,0,1,0,purchase amazon.ca nv84e5qz1 food beverage event prize award etc,5700 office expense
11,0,0,-43.42,12,2,1529,0,0,0,1,0,1,0,0,0,0,1,1,0,0,1,0,purchase amazon.ca px0i25zh3 food beverage event prize award etc,5700 office expense
11,0,0,-175.0,9,4,1529,0,0,0,1,0,1,0,0,0,0,1,1,0,0,1,0,purchase amazon.ca q96w621c3 food beverage event prize award etc,5700 office expense
11,0,0,-43.42,12,2,1529,0,0,0,1,0,1,0,0,0,0,1,1,0,0,1,0,purchase amazon.ca s435944j3 food beverage event prize award etc,5700 office expense
11,0,0,-190.0,12,2,1529,0,0,0,1,0,1,0,0,0,0,1,1,0,0,1,0,purchase amazon.ca sk6ns22r3,5700 office expense
11,0,0,-4000.0,9,1,1529,0,0,0,1,0,1,0,0,0,0,1,1,0,0,1,0,purchase amazon.ca sy1bf65s3,5700 office expense
11,0,0,-170.0,12,4,1529,0,0,0,1,0,1,0,0,0,0,1,1,0,0,1,0,purchase amazon.ca to0gv8i93,5700 office expense
11,0,0,-40.25,12,2,1529,0,0,0,1,0,1,0,0,0,0,1,1,0,0,1,0,purchase amazon.ca wb5d79ek3 food beverage event prize award etc,5700 office expense
6,0,0,-32.16,8,3,1529,0,0,0,1,0,1,0,0,0,0,1,1,0,0,1,0,purchase amazon.ca*k72eg5er3,5700 office expense
6,0,0,-61.56,5,4,1529,0,0,0,1,0,1,0,0,0,0,1,1,0,0,1,0,purchase amazon.ca*n21yq3uc1,5700 office expense
6,0,0,-67.0,5,4,1529,0,0,0,1,0,1,0,0,0,0,1,1,0,0,1,0,purchase amazon.ca*n25bu6uv1,5700 office expense
16,0,0,-250.0,7,6,1529,0,0,0,1,0,1,0,0,0,0,1,1,0,0,1,0,purchase amazon.ca*n39lt62n0,5700 office expense
6,0,0,-66.99,5,4,1529,0,0,0,1,0,1,0,0,0,0,1,1,0,0,1,0,purchase amazon.ca*nb6ln4i92,5700 office expense
6,0,0,-43.93,5,4,1529,0,0,0,1,0,1,0,0,0,0,1,1,0,0,1,0,purchase amazon.ca*nb6u64u22,5700 office expense
6,0,0,-61.56,5,5,1529,0,0,0,1,0,1,0,0,0,0,1,1,0,0,1,0,purchase amazon.ca*ni3by1fc2,5700 office expense
13,0,0,-300.0,12,1,1529,0,0,0,1,0,1,0,0,0,0,1,1,0,0,1,0,purchase amazon.ca*w41as9zi3 montreal staff winner originally suppose 300 simon gc keep get decline reason send winner jonathan shapiro amazon gc instead,5700 office expense
11,0,0,-49.38,2,4,1529,0,0,0,1,0,1,0,0,0,0,1,1,0,0,1,0,purchase amazon.ca*z750t3pa1 food beverage event prize award etc,5700 office expense
11,0,0,-65.0,2,5,1529,0,0,0,1,0,1,0,0,0,0,1,1,0,0,1,0,purchase amazon.ca*zc9p45rm0 food beverage event prize award etc,5700 office expense
11,0,0,-134.36,8,2,7491,0,0,0,1,0,1,0,0,0,0,1,1,0,0,1,0,purchase amazon.com 1t7t912c3 food beverage event prize award etc,5700 office expense
11,0,0,-175.0,4,1,7491,0,0,0,1,0,1,0,0,0,0,1,1,0,0,1,0,purchase amazon.com 1u9ac9b03,5700 office expense
11,0,0,-134.36,8,2,7491,0,0,0,1,0,1,0,0,0,0,1,1,0,0,1,0,purchase amazon.com 2h0ni7k83 food beverage event prize award etc,5700 office expense
11,0,0,-225.0,7,3,7491,0,0,0,1,0,1,0,0,0,0,1,1,0,0,1,0,purchase amazon.com 394vc1zi3,5700 office expense
11,0,0,-470.0,7,3,7491,0,0,0,1,0,1,0,0,0,0,1,1,0,0,1,0,purchase amazon.com 4a9yr6v03,5700 office expense
11,0,0,-50.0,2,3,7491,0,0,0,1,0,1,0,0,0,0,1,1,0,0,1,0,purchase amazon.com 4x7tq8f63 food beverage event prize award etc,5700 office expense
11,0,0,-140.0,4,4,7491,0,0,0,1,0,1,0,0,0,0,1,1,0,0,1,0,purchase amazon.com 6q8bi09v3 food beverage event prize award etc,5700 office expense
11,0,0,-200.0,8,3,7491,0,0,0,1,0,1,0,0,0,0,1,1,0,0,1,0,purchase amazon.com 6t2fg7gl3,5700 office expense
11,0,0,-546.27,8,5,7491,0,0,0,1,0,1,0,0,0,0,1,1,0,0,1,0,purchase amazon.com 6y7vi8kb3,5700 office expense
5,0,0,-8.75,6,5,6283,0,0,0,0,0,1,0,0,0,0,1,1,0,0,1,0,purchase acol www.acol.ca passtime gps renewal spring auto financial product manage cypress hill use passtime platform reduce risk prevent loss vehicle cypress portfolio 6/20/2022 update card limit $ 1000 need match renewal requirement,5700 office expense
11,0,0,-25.0,2,4,7491,0,0,0,1,0,1,0,0,0,0,1,1,0,0,1,0,purchase amazon.com 7h3mf8e23 food beverage event prize award etc,5700 office expense
11,0,0,-33.58,8,2,7491,0,0,0,1,0,1,0,0,0,0,1,1,0,0,1,0,purchase amazon.com 8b2uf20n3 food beverage event prize award etc,5700 office expense
11,0,0,-30.0,8,5,7491,0,0,0,1,0,1,0,0,0,0,1,1,0,0,1,0,purchase amazon.com 8i4pg03t3 food beverage event prize award etc,5700 office expense
11,0,0,-75.0,2,3,7491,0,0,0,1,0,1,0,0,0,0,1,1,0,0,1,0,purchase amazon.com 955311ys3 food beverage event prize award etc,5700 office expense
11,0,0,-150.0,8,5,7491,0,0,0,1,0,1,0,0,0,0,1,1,0,0,1,0,purchase amazon.com 9b2ig4wg3 food beverage event prize award etc,5700 office expense
11,0,0,-100.0,9,5,7491,0,0,0,1,0,1,0,0,0,0,1,1,0,0,1,0,purchase amazon.com 9d56z4om3 food beverage event prize award etc,5700 office expense
11,0,0,-113.99,9,0,7491,0,0,0,1,0,1,0,0,0,0,1,1,0,0,1,0,purchase amazon.com 9l6hj4vz3,5700 office expense
11,0,0,-33.58,2,2,7491,0,0,0,1,0,1,0,0,0,0,1,1,0,0,1,0,purchase amazon.com ap1pu8uz3 food beverage event prize award etc,5700 office expense
11,0,0,-33.58,8,2,7491,0,0,0,1,0,1,0,0,0,0,1,1,0,0,1,0,purchase amazon.com as6mj2g23 food beverage event prize award etc,5700 office expense
11,0,0,-100.0,8,1,7491,0,0,0,1,0,1,0,0,0,0,1,1,0,0,1,0,purchase amazon.com b00up3v23 food beverage event prize award etc,5700 office expense
11,0,0,-60.0,3,1,7491,0,0,0,1,0,1,0,0,0,0,1,1,0,0,1,0,purchase amazon.com bb2151bh3 food beverage event prize award etc,5700 office expense
11,0,0,-424.48,3,5,7491,0,0,0,1,0,1,0,0,0,0,1,1,0,0,1,0,purchase amazon.com bb4xp8ks3 food beverage event prize award etc,5700 office expense
11,0,0,-33.58,2,2,7491,0,0,0,1,0,1,0,0,0,0,1,1,0,0,1,0,purchase amazon.com c876u5lq3 food beverage event prize award etc,5700 office expense
11,0,0,-240.0,2,2,7491,0,0,0,1,0,1,0,0,0,0,1,1,0,0,1,0,purchase amazon.com do1o31193 food beverage event prize award etc,5700 office expense
11,0,0,-160.0,7,1,7491,0,0,0,1,0,1,0,0,0,0,1,1,0,0,1,0,purchase amazon.com dt1dt2iw3 food beverage event prize award etc,5700 office expense
11,0,0,100.0,7,3,7491,0,0,0,1,0,1,0,0,0,0,1,1,0,0,0,1,refund amazon.com dt1dt2iw3 food beverage event prize award etc,5700 office expense
11,0,0,-100.0,3,5,7491,0,0,0,1,0,1,0,0,0,0,1,1,0,0,1,0,purchase amazon.com dv5sr22e3 food beverage event prize award etc,5700 office expense
11,0,0,-33.58,2,2,7491,0,0,0,1,0,1,0,0,0,0,1,1,0,0,1,0,purchase amazon.com ee3wt8893 food beverage event prize award etc,5700 office expense
11,0,0,-292.0,4,4,7491,0,0,0,1,0,1,0,0,0,0,1,1,0,0,1,0,purchase amazon.com ep4e122r3 food beverage event prize award etc,5700 office expense
11,0,0,-33.58,2,2,7491,0,0,0,1,0,1,0,0,0,0,1,1,0,0,1,0,purchase amazon.com gs4w39yz3 food beverage event prize award etc,5700 office expense
5,0,0,-8.75,6,6,6283,0,0,0,0,0,1,0,0,0,0,1,1,0,0,1,0,purchase acol www.acol.ca passtime gps renewal spring auto financial product manage cypress hill use passtime platform reduce risk prevent loss vehicle cypress portfolio 6/20/2022 update card limit $ 1000 need match renewal requirement,5700 office expense
11,0,0,-33.58,8,2,7491,0,0,0,1,0,1,0,0,0,0,1,1,0,0,1,0,purchase amazon.com im35u2693 food beverage event prize award etc,5700 office expense
11,0,0,-50.0,8,5,7491,0,0,0,1,0,1,0,0,0,0,1,1,0,0,1,0,purchase amazon.com ir56v67h3,5700 office expense
11,0,0,-100.0,7,1,7491,0,0,0,1,0,1,0,0,0,0,1,1,0,0,1,0,purchase amazon.com k91eg97o3 food beverage event prize award etc,5700 office expense
11,0,0,-6.69,7,1,7491,0,0,0,1,0,1,0,0,0,0,1,1,0,0,1,0,purchase amazon.com l08kt8nq3 food beverage event prize award etc,5700 office expense
11,0,0,-33.58,2,2,7491,0,0,0,1,0,1,0,0,0,0,1,1,0,0,1,0,purchase amazon.com l12m66fz3 food beverage event prize award etc,5700 office expense
11,0,0,-33.58,2,2,7491,0,0,0,1,0,1,0,0,0,0,1,1,0,0,1,0,purchase amazon.com le0pa4373 food beverage event prize award etc,5700 office expense
11,0,0,-25.0,8,5,7491,0,0,0,1,0,1,0,0,0,0,1,1,0,0,1,0,purchase amazon.com lk48k28i3,5700 office expense
11,0,0,-19.03,4,2,7491,0,0,0,1,0,1,0,0,0,0,1,1,0,0,1,0,purchase amazon.com ml3nk5tx3,5700 office expense
11,0,0,-35.0,4,4,7491,0,0,0,1,0,1,0,0,0,0,1,1,0,0,1,0,purchase amazon.com mn4kg58z3 food beverage event prize award etc,5700 office expense
11,0,0,-650.0,7,5,7491,0,0,0,1,0,1,0,0,0,0,1,1,0,0,1,0,purchase amazon.com ms64804b3 food beverage event prize award etc,5700 office expense
11,0,0,100.0,7,3,7491,0,0,0,1,0,1,0,0,0,0,1,1,0,0,0,1,refund amazon.com ms64804b3 food beverage event prize award etc,5700 office expense
11,0,0,-90.0,7,4,7491,0,0,0,1,0,1,0,0,0,0,1,1,0,0,1,0,purchase amazon.com n350g4mh0 food beverage event prize award etc,5700 office expense
11,0,0,-33.58,8,2,7491,0,0,0,1,0,1,0,0,0,0,1,1,0,0,1,0,purchase amazon.com n49en8s83 food beverage event prize award etc,5700 office expense
11,0,0,-140.0,5,4,7491,0,0,0,1,0,1,0,0,0,0,1,1,0,0,1,0,purchase amazon.com n62nd4ah2 food beverage event prize award etc,5700 office expense
11,0,0,-25.0,6,1,7491,0,0,0,1,0,1,0,0,0,0,1,1,0,0,1,0,purchase amazon.com n63zs6iq2 food beverage event prize award etc,5700 office expense
11,0,0,-37.82,6,2,7491,0,0,0,1,0,1,0,0,0,0,1,1,0,0,1,0,purchase amazon.com n648s8pp1 food beverage event prize award etc,5700 office expense
11,0,0,-105.0,6,1,7491,0,0,0,1,0,1,0,0,0,0,1,1,0,0,1,0,purchase amazon.com n65h44490 food beverage event prize award etc,5700 office expense
11,0,0,-77.92,6,6,7491,0,0,0,1,0,1,0,0,0,0,1,1,0,0,1,0,purchase amazon.com n66f67c31 food beverage event prize award etc,5700 office expense
11,0,0,-330.51,6,2,7491,0,0,0,1,0,1,0,0,0,0,1,1,0,0,1,0,purchase amazon.com n67a28xd1 food beverage event prize award etc,5700 office expense
11,0,0,-33.58,6,1,7491,0,0,0,1,0,1,0,0,0,0,1,1,0,0,1,0,purchase amazon.com na29l4hy1 food beverage event prize award etc,5700 office expense
11,0,0,-33.58,6,6,7491,0,0,0,1,0,1,0,0,0,0,1,1,0,0,1,0,purchase amazon.com na2ur3as0 food beverage event prize award etc,5700 office expense
11,0,0,-33.58,6,6,7491,0,0,0,1,0,1,0,0,0,0,1,1,0,0,1,0,purchase amazon.com na3nz50o1 food beverage event prize award etc,5700 office expense
11,0,0,-33.58,6,6,7491,0,0,0,1,0,1,0,0,0,0,1,1,0,0,1,0,purchase amazon.com na4dr7al0 food beverage event prize award etc,5700 office expense
11,0,0,-33.58,6,6,7491,0,0,0,1,0,1,0,0,0,0,1,1,0,0,1,0,purchase amazon.com na4u73an0 food beverage event prize award etc,5700 office expense
11,0,0,-33.58,6,6,7491,0,0,0,1,0,1,0,0,0,0,1,1,0,0,1,0,purchase amazon.com na6d46an0 food beverage event prize award etc,5700 office expense
11,0,0,-33.58,6,6,7491,0,0,0,1,0,1,0,0,0,0,1,1,0,0,1,0,purchase amazon.com na6ur8yl2 food beverage event prize award etc,5700 office expense
11,0,0,-33.58,6,6,7491,0,0,0,1,0,1,0,0,0,0,1,1,0,0,1,0,purchase amazon.com na7fp3am0 food beverage event prize award etc,5700 office expense
11,0,0,-77.92,6,6,7491,0,0,0,1,0,1,0,0,0,0,1,1,0,0,1,0,purchase amazon.com na7xg0a80 food beverage event prize award etc,5700 office expense
11,0,0,-33.58,6,6,7491,0,0,0,1,0,1,0,0,0,0,1,1,0,0,1,0,purchase amazon.com na89t4y12 food beverage event prize award etc,5700 office expense
11,0,0,-50.0,6,2,7491,0,0,0,1,0,1,0,0,0,0,1,1,0,0,1,0,purchase amazon.com na9528s00,5700 office expense
11,0,0,-77.92,6,6,7491,0,0,0,1,0,1,0,0,0,0,1,1,0,0,1,0,purchase amazon.com na9zu1a80 food beverage event prize award etc,5700 office expense
11,0,0,-200.0,6,4,7491,0,0,0,1,0,1,0,0,0,0,1,1,0,0,1,0,purchase amazon.com nh7yb41t2 food beverage event prize award etc,5700 office expense
11,0,0,-85.0,6,4,7491,0,0,0,1,0,1,0,0,0,0,1,1,0,0,1,0,purchase amazon.com nh8dh5wy0 food beverage event prize award etc,5700 office expense
11,0,0,-100.0,5,5,7491,0,0,0,1,0,1,0,0,0,0,1,1,0,0,1,0,purchase amazon.com ni0v284z2 food beverage event prize award etc,5700 office expense
11,0,0,-33.58,5,4,7491,0,0,0,1,0,1,0,0,0,0,1,1,0,0,1,0,purchase amazon.com ni0wf3lx1 food beverage event prize award etc,5700 office expense
11,0,0,-33.58,5,4,7491,0,0,0,1,0,1,0,0,0,0,1,1,0,0,1,0,purchase amazon.com ni1h534a1 food beverage event prize award etc,5700 office expense
11,0,0,-33.58,5,4,7491,0,0,0,1,0,1,0,0,0,0,1,1,0,0,1,0,purchase amazon.com ni40e4nx0 food beverage event prize award etc,5700 office expense
11,0,0,-84.85,5,5,7491,0,0,0,1,0,1,0,0,0,0,1,1,0,0,1,0,purchase amazon.com ni55x2z31 food beverage event prize award etc,5700 office expense
11,0,0,-33.58,5,4,7491,0,0,0,1,0,1,0,0,0,0,1,1,0,0,1,0,purchase amazon.com ni59l9lq1 food beverage event prize award etc,5700 office expense
11,0,0,-40.0,5,4,7491,0,0,0,1,0,1,0,0,0,0,1,1,0,0,1,0,purchase amazon.com ni70z9lk0 food beverage event prize award etc,5700 office expense
11,0,0,-33.58,5,4,7491,0,0,0,1,0,1,0,0,0,0,1,1,0,0,1,0,purchase amazon.com ni7xv9nt0 food beverage event prize award etc,5700 office expense
11,0,0,-55.0,5,3,7491,0,0,0,1,0,1,0,0,0,0,1,1,0,0,1,0,purchase amazon.com ni92z6ux2 food beverage event prize award etc,5700 office expense
11,0,0,-79.0,7,1,7491,0,0,0,1,0,1,0,0,0,0,1,1,0,0,1,0,purchase amazon.com nl0ci5lo0 food beverage event prize award etc,5700 office expense
11,0,0,-30.0,7,5,7491,0,0,0,1,0,1,0,0,0,0,1,1,0,0,1,0,purchase amazon.com nl7s15ke1 food beverage event prize award etc,5700 office expense
11,0,0,-75.0,7,4,7491,0,0,0,1,0,1,0,0,0,0,1,1,0,0,1,0,purchase amazon.com nl88i18i1,5700 office expense
11,0,0,-33.58,6,1,7491,0,0,0,1,0,1,0,0,0,0,1,1,0,0,1,0,purchase amazon.com no79z5nl2 food beverage event prize award etc,5700 office expense
11,0,0,-10.0,6,1,7491,0,0,0,1,0,1,0,0,0,0,1,1,0,0,1,0,purchase amazon.com no90s5d60 food beverage event prize award etc,5700 office expense
11,0,0,-31.31,5,3,7491,0,0,0,1,0,1,0,0,0,0,1,1,0,0,1,0,purchase amazon.com nw0im1401 food beverage event prize award etc,5700 office expense
11,0,0,-33.58,5,4,7491,0,0,0,1,0,1,0,0,0,0,1,1,0,0,1,0,purchase amazon.com nw2xz5lf2 food beverage event prize award etc,5700 office expense
11,0,0,-300.0,5,2,7491,0,0,0,1,0,1,0,0,0,0,1,1,0,0,1,0,purchase amazon.com nw5b61yz0 food beverage event prize award etc,5700 office expense
11,0,0,-39.19,5,4,7491,0,0,0,1,0,1,0,0,0,0,1,1,0,0,1,0,purchase amazon.com nw8ph1z60 food beverage event prize award etc,5700 office expense
11,0,0,50.0,6,5,7491,0,0,0,1,0,1,0,0,0,0,1,1,0,0,0,1,refund amazon.com nz67y9o31,5700 office expense
11,0,0,-33.4,7,0,7491,0,0,0,1,0,1,0,0,0,0,1,1,0,0,1,0,purchase amazon.com op7w76i63 food beverage event prize award etc,5700 office expense
11,0,0,-6.69,7,1,7491,0,0,0,1,0,1,0,0,0,0,1,1,0,0,1,0,purchase amazon.com oz8ry7lf3 food beverage event prize award etc,5700 office expense
11,0,0,-250.0,3,2,7491,0,0,0,1,0,1,0,0,0,0,1,1,0,0,1,0,purchase amazon.com pd4im8833,5700 office expense
11,0,0,-33.58,8,2,7491,0,0,0,1,0,1,0,0,0,0,1,1,0,0,1,0,purchase amazon.com pf9nr0553 food beverage event prize award etc,5700 office expense
11,0,0,-30.0,3,1,7491,0,0,0,1,0,1,0,0,0,0,1,1,0,0,1,0,purchase amazon.com pt2lc43d3,5700 office expense
11,0,0,-33.58,8,2,7491,0,0,0,1,0,1,0,0,0,0,1,1,0,0,1,0,purchase amazon.com qb4hw5t03 food beverage event prize award etc,5700 office expense
11,0,0,-33.58,8,2,7491,0,0,0,1,0,1,0,0,0,0,1,1,0,0,1,0,purchase amazon.com qb4qu4sw3 food beverage event prize award etc,5700 office expense
11,0,0,-205.0,8,5,7491,0,0,0,1,0,1,0,0,0,0,1,1,0,0,1,0,purchase amazon.com r375q2pj3 food beverage event prize award etc,5700 office expense
11,0,0,-61.76,2,6,7491,0,0,0,1,0,1,0,0,0,0,1,1,0,0,1,0,purchase amazon.com ra1vp8y33 food beverage event prize award etc,5700 office expense
11,0,0,-6.69,7,1,7491,0,0,0,1,0,1,0,0,0,0,1,1,0,0,1,0,purchase amazon.com se3sv1ji3 food beverage event prize award etc,5700 office expense
11,0,0,-120.0,8,3,7491,0,0,0,1,0,1,0,0,0,0,1,1,0,0,1,0,purchase amazon.com se8kh3ji3,5700 office expense
11,0,0,-195.0,8,5,7491,0,0,0,1,0,1,0,0,0,0,1,1,0,0,1,0,purchase amazon.com sm59n3uq3 food beverage event prize award etc,5700 office expense
11,0,0,-33.58,8,2,7491,0,0,0,1,0,1,0,0,0,0,1,1,0,0,1,0,purchase amazon.com t64aj3d03 food beverage event prize award etc,5700 office expense
11,0,0,-50.0,8,5,7491,0,0,0,1,0,1,0,0,0,0,1,1,0,0,1,0,purchase amazon.com te2m26b73 food beverage event prize award etc,5700 office expense
11,0,0,-30.0,8,3,7491,0,0,0,1,0,1,0,0,0,0,1,1,0,0,1,0,purchase amazon.com tg7p066z3,5700 office expense
11,0,0,-33.58,2,2,7491,0,0,0,1,0,1,0,0,0,0,1,1,0,0,1,0,purchase amazon.com tt87001i3 food beverage event prize award etc,5700 office expense
11,0,0,-795.0,8,5,7491,0,0,0,1,0,1,0,0,0,0,1,1,0,0,1,0,purchase amazon.com tv7vn0zu3,5700 office expense
11,0,0,-10.0,3,4,7491,0,0,0,1,0,1,0,0,0,0,1,1,0,0,1,0,purchase amazon.com ut7sh3pi3 food beverage event prize award etc,5700 office expense
11,0,0,-491.68,3,5,7491,0,0,0,1,0,1,0,0,0,0,1,1,0,0,1,0,purchase amazon.com wm9he52s3 food beverage event prize award etc,5700 office expense
11,0,0,-546.27,8,5,7491,0,0,0,1,0,1,0,0,0,0,1,1,0,0,1,0,purchase amazon.com xd6t51a13 food beverage event prize award etc,5700 office expense
11,0,0,-47.0,3,5,7491,0,0,0,1,0,1,0,0,0,0,1,1,0,0,1,0,purchase amazon.com xf6cv1z03 food beverage event prize award etc,5700 office expense
11,0,0,-200.0,8,3,7491,0,0,0,1,0,1,0,0,0,0,1,1,0,0,1,0,purchase amazon.com y28se10y3,5700 office expense
11,0,0,-50.0,9,5,7491,0,0,0,1,0,1,0,0,0,0,1,1,0,0,1,0,purchase amazon.com y47wg3nm3 food beverage event prize award etc,5700 office expense
11,0,0,-33.58,2,2,7491,0,0,0,1,0,1,0,0,0,0,1,1,0,0,1,0,purchase amazon.com y63pm8tv3 food beverage event prize award etc,5700 office expense
11,0,0,-150.0,8,5,7491,0,0,0,1,0,1,0,0,0,0,1,1,0,0,1,0,purchase amazon.com yl8lt8w53,5700 office expense
11,0,0,-80.0,3,2,7491,0,0,0,1,0,1,0,0,0,0,1,1,0,0,1,0,purchase amazon.com zl1fd6od3,5700 office expense
11,0,0,-90.0,3,2,7491,0,0,0,1,0,1,0,0,0,0,1,1,0,0,1,0,purchase amazon.com zn8dw02k3 food beverage event prize award etc,5700 office expense
6,0,0,3.87,2,6,5784,0,0,0,1,0,1,0,0,0,0,1,1,0,0,0,1,refund amzn mktp,5700 office expense
6,0,0,2.41,3,0,5784,0,0,0,1,0,1,0,0,0,0,1,1,0,0,0,1,refund amzn mktp,5700 office expense
6,0,0,110.63,9,2,5784,0,0,0,1,0,1,0,0,0,0,1,1,0,0,0,1,refund amzn mktp,5700 office expense
6,0,0,-88.46,8,3,5784,0,0,0,1,0,1,0,0,0,0,1,1,0,0,1,0,purchase amzn mktp ca*0987y02b3,5700 office expense
6,0,0,-43.66,8,1,5784,0,0,0,1,0,1,0,0,0,0,1,1,0,0,1,0,purchase amzn mktp ca*2q5v23mi3,5700 office expense
6,0,0,-23.68,8,4,5784,0,0,0,1,0,1,0,0,0,0,1,1,0,0,1,0,purchase amzn mktp ca*4d0y11ss3,5700 office expense
11,0,0,-18.69,3,3,5784,0,0,0,1,0,1,0,0,0,0,1,1,0,0,1,0,purchase amzn mktp ca*8s7tg5xu3 food beverage event prize award etc,5700 office expense
11,0,0,-8.98,2,2,5784,0,0,0,1,0,1,0,0,0,0,1,1,0,0,1,0,purchase amzn mktp ca*ag3848uo3 food beverage event prize award etc,5700 office expense
6,0,0,-110.63,8,3,5784,0,0,0,1,0,1,0,0,0,0,1,1,0,0,1,0,purchase amzn mktp ca*ln1ke5v63,5700 office expense
11,0,0,-174.68,7,2,5784,0,0,0,1,0,1,0,0,0,0,1,1,0,0,1,0,purchase amzn mktp ca*m40te2zs3,5700 office expense
6,0,0,-36.94,5,5,5784,0,0,0,1,0,1,0,0,0,0,1,1,0,0,1,0,purchase amzn mktp ca*n28tj0rs0,5700 office expense
6,0,0,-11.19,8,4,5784,0,0,0,1,0,1,0,0,0,0,1,1,0,0,1,0,purchase amzn mktp ca*n35171hv3,5700 office expense
6,0,0,-201.08,10,4,5784,0,0,0,1,0,1,0,0,0,0,1,1,0,0,1,0,purchase amzn mktp ca*n48ic4fo1,5700 office expense
6,0,0,-101.95,10,4,5784,0,0,0,1,0,1,0,0,0,0,1,1,0,0,1,0,purchase amzn mktp ca*n48l05z70,5700 office expense
6,0,0,-22.38,6,5,5784,0,0,0,1,0,1,0,0,0,0,1,1,0,0,1,0,purchase amzn mktp ca*na2k62kk2,5700 office expense
11,0,0,-115.32,10,2,5784,0,0,0,1,0,1,0,0,0,0,1,1,0,0,1,0,purchase amzn mktp ca*nf4bh8if2,5700 office expense
6,0,0,-24.62,10,4,5784,0,0,0,1,0,1,0,0,0,0,1,1,0,0,1,0,purchase amzn mktp ca*nm04d0rv0,5700 office expense
11,0,0,-67.2,5,5,5784,0,0,0,1,0,1,0,0,0,0,1,1,0,0,1,0,purchase amzn mktp ca*nn1gv58o0 food beverage event prize award etc,5700 office expense
11,0,0,-12.92,3,3,5784,0,0,0,1,0,1,0,0,0,0,1,1,0,0,1,0,purchase amzn mktp ca*q012x32h3,5700 office expense
6,0,0,-58.95,8,3,5784,0,0,0,1,0,1,0,0,0,0,1,1,0,0,1,0,purchase amzn mktp ca*ww4zt43g3,5700 office expense
6,0,0,-24.26,8,0,5784,0,0,0,1,0,1,0,0,0,0,1,1,0,0,1,0,purchase amzn mktp ca*yj9cl4x73,5700 office expense
5,0,0,-8.75,6,2,6283,0,0,0,0,0,1,0,0,0,0,1,1,0,0,1,0,purchase acol www.acol.ca passtime gps renewal spring auto financial product manage cypress hill use passtime platform reduce risk prevent loss vehicle cypress portfolio 6/20/2022 update card limit $ 1000 need match renewal requirement,5700 office expense
6,0,0,-89.58,8,3,5784,0,0,0,1,0,1,0,0,0,0,1,1,0,0,1,0,purchase amzn mktp ca*zb7p43813,5700 office expense
11,0,0,-31.91,1,4,5784,0,0,0,1,0,1,0,0,0,0,1,1,0,0,1,0,purchase amzn mktp ca*zc7ln4061 food beverage event prize award etc,5700 office expense
11,0,0,-16.96,1,4,5784,0,0,0,1,0,1,0,0,0,0,1,1,0,0,1,0,purchase amzn mktp ca*zc9ca9q22 food beverage event prize award etc,5700 office expense
12,0,0,-40.22,1,2,5784,0,0,0,1,0,1,0,0,0,0,1,1,0,0,1,0,purchase amzn mktp ca*zd3bc0tx0,5700 office expense
12,0,0,-22.23,1,1,5784,0,0,0,1,0,1,0,0,0,0,1,1,0,0,1,0,purchase amzn mktp ca*zd4c70wd2,5700 office expense
11,0,0,-155.87,1,5,5784,0,0,0,1,0,1,0,0,0,0,1,1,0,0,1,0,purchase amzn mktp ca*zg0zz99d0 food beverage event prize award etc,5700 office expense
12,0,0,-23.41,1,2,5784,0,0,0,1,0,1,0,0,0,0,1,1,0,0,1,0,purchase amzn mktp ca*zp88602x1,5700 office expense
11,0,0,-424.48,9,3,9792,0,0,0,0,0,1,0,0,0,0,1,1,0,0,1,0,purchase apple store r280,5700 office expense
11,0,0,-0.25,10,6,9792,0,0,0,0,0,1,0,0,0,0,1,1,0,0,1,0,purchase apple store r280,5700 office expense
11,0,0,-279.27,10,6,9792,0,0,0,0,0,1,0,0,0,0,1,1,0,0,1,0,purchase apple store r280,5700 office expense
11,0,0,-262.3,10,3,9792,0,0,0,0,0,1,0,0,0,0,1,1,0,0,1,0,purchase apple store r280,5700 office expense
11,0,0,-383.88,8,5,5719,0,0,0,0,0,1,0,0,0,0,1,1,0,0,1,0,purchase apple.com/ca food beverage event prize award etc,5700 office expense
11,0,0,-0.11,8,6,5719,0,0,0,0,0,1,0,0,0,0,1,1,0,0,1,0,purchase apple.com/ca food beverage event prize award etc,5700 office expense
13,0,0,-378.27,12,3,5719,0,0,0,0,0,1,0,0,0,0,1,1,0,0,1,0,purchase apple.com/ca 2/2 montreal staff winner airpod,5700 office expense
13,0,0,-378.27,12,3,5719,0,0,0,0,0,1,0,0,0,0,1,1,0,0,1,0,purchase apple.com/ca 1/2 winner apple airpod mtl christmas party,5700 office expense
6,0,0,-133.28,12,1,5719,0,0,0,0,0,1,0,0,0,0,1,1,0,0,1,0,purchase apple.com/ca,5700 office expense
5,0,0,-8.75,6,2,6283,0,0,0,0,0,1,0,0,0,0,1,1,0,0,1,0,purchase acol www.acol.ca passtime gps renewal spring auto financial product manage cypress hill use passtime platform reduce risk prevent loss vehicle cypress portfolio 6/20/2022 update card limit $ 1000 need match renewal requirement,5700 office expense
6,0,0,-973.26,9,4,3177,0,0,0,0,0,1,0,0,0,0,1,1,0,0,1,0,purchase alibaba.com,5700 office expense
11,0,0,-173.88,1,3,1209,0,0,0,0,0,1,0,0,0,0,1,1,0,0,1,0,purchase arvin design inc,5700 office expense
11,0,0,-500.0,4,6,5878,0,0,0,0,0,1,0,0,0,0,1,1,0,0,1,0,purchase b2c loblaw- gift ch,5700 office expense
11,0,0,-250.0,7,6,5878,0,0,0,0,0,1,0,0,0,0,1,1,0,0,1,0,purchase b2c loblaw- gift ch,5700 office expense
11,0,0,-50.0,12,3,5878,0,0,0,0,0,1,0,0,0,0,1,1,0,0,1,0,purchase b2c loblaw- gift ch,5700 office expense
7,0,0,-31.41,3,5,8122,0,0,0,0,0,1,0,0,0,0,1,1,0,0,1,0,purchase bake wish private limite cake birthday celebration,5700 office expense
7,0,0,-27.94,5,5,8122,0,0,0,0,0,1,0,0,0,0,1,1,0,0,1,0,purchase bake wish private limite,5700 office expense
7,0,0,-19.69,8,4,8122,0,0,0,0,0,1,0,0,0,0,1,1,0,0,1,0,purchase bake wish private limite cake monthly birthday celebration,5700 office expense
11,0,0,-10.5,9,2,1411,0,0,0,0,0,1,0,0,0,0,1,1,0,0,1,0,purchase barry barrysboot,5700 office expense
11,0,0,-740.08,11,1,2187,0,1,0,0,0,1,0,0,0,0,1,1,0,0,1,0,purchase bc liquor 129,5700 office expense
11,0,0,-520.2,12,4,2187,0,1,0,0,0,1,0,0,0,0,1,1,0,0,1,0,purchase bc liquor 129,5700 office expense
11,0,0,-764.22,12,4,2187,0,1,0,0,0,1,0,0,0,0,1,1,0,0,1,0,purchase bc liquor 129,5700 office expense
11,0,0,-915.73,12,4,2187,0,1,0,0,0,1,0,0,0,0,1,1,0,0,1,0,purchase bc liquor 129,5700 office expense
6,0,0,-2751.85,12,5,2187,0,1,0,0,0,1,0,0,0,0,1,1,0,0,1,0,purchase bc liquor 129,5700 office expense
13,0,0,-3291.8,12,4,9098,0,0,0,0,0,1,0,0,0,0,1,1,0,0,1,0,purchase good buy 705 vancouver xmas party receipt prize staff,5700 office expense
11,0,0,-560.49,4,5,9036,0,0,0,0,0,1,0,0,0,0,1,1,0,0,1,0,purchase good buy 953 food beverage event prize award etc,5700 office expense
12,0,0,-2279.07,1,6,2465,0,0,0,0,0,1,0,0,0,0,1,1,0,0,1,0,purchase good buy market place,5700 office expense
7,0,0,-5.06,5,5,289,0,0,0,0,0,1,0,0,0,0,1,1,0,0,1,0,purchase big basket,5700 office expense
6,0,0,-2102.98,9,4,3177,0,0,0,0,0,1,0,0,0,0,1,1,0,0,1,0,purchase alibaba.com,5700 office expense
6,0,0,-129.5,9,1,3177,0,0,0,0,0,1,0,0,0,0,1,1,0,0,1,0,purchase alibaba.com,5700 office expense
11,0,0,-31.86,4,0,5229,0,0,0,1,0,1,0,0,0,0,1,1,0,0,1,0,purchase amazon 6d7pj5223 food beverage event prize award etc,5700 office expense
11,0,0,-27.99,1,5,5229,0,0,0,1,0,1,0,0,0,0,1,1,0,0,1,0,purchase amazon zg4im5np1 food beverage event prize award etc,5700 office expense
11,0,0,-75.0,12,2,1529,0,0,0,1,0,1,0,0,0,0,1,1,0,0,1,0,purchase amazon.ca 791fp90q3,5700 office expense
11,0,0,-365.9,3,2,6858,0,0,0,0,0,1,0,0,0,0,1,1,0,0,1,0,purchase blackhawk network inc food beverage event prize award etc,5700 office expense
11,0,0,-250.0,3,3,6858,0,0,0,0,0,1,0,0,0,0,1,1,0,0,1,0,purchase blackhawk network inc food beverage event prize award etc,5700 office expense
11,0,0,-65.0,3,5,6858,0,0,0,0,0,1,0,0,0,0,1,1,0,0,1,0,purchase blackhawk network inc,5700 office expense
11,0,0,-110.0,3,6,6858,0,0,0,0,0,1,0,0,0,0,1,1,0,0,1,0,purchase blackhawk network inc,5700 office expense
11,0,0,-45.0,3,3,6858,0,0,0,0,0,1,0,0,0,0,1,1,0,0,1,0,purchase blackhawk network inc,5700 office expense
11,0,0,-80.0,3,4,6858,0,0,0,0,0,1,0,0,0,0,1,1,0,0,1,0,purchase blackhawk network inc,5700 office expense
11,0,0,-110.0,3,5,6858,0,0,0,0,0,1,0,0,0,0,1,1,0,0,1,0,purchase blackhawk network inc food beverage event prize award etc,5700 office expense
11,0,0,-70.0,3,5,6858,0,0,0,0,0,1,0,0,0,0,1,1,0,0,1,0,purchase blackhawk network inc,5700 office expense
11,0,0,-150.0,3,2,6858,0,0,0,0,0,1,0,0,0,0,1,1,0,0,1,0,purchase blackhawk network inc,5700 office expense
11,0,0,-100.0,3,3,6858,0,0,0,0,0,1,0,0,0,0,1,1,0,0,1,0,purchase blackhawk network inc,5700 office expense
11,0,0,-120.0,3,4,6858,0,0,0,0,0,1,0,0,0,0,1,1,0,0,1,0,purchase blackhawk network inc,5700 office expense
11,0,0,-100.0,3,4,6858,0,0,0,0,0,1,0,0,0,0,1,1,0,0,1,0,purchase blackhawk network inc,5700 office expense
11,0,0,-170.0,3,4,6858,0,0,0,0,0,1,0,0,0,0,1,1,0,0,1,0,purchase blackhawk network inc,5700 office expense
11,0,0,-105.9,4,3,6858,0,0,0,0,0,1,0,0,0,0,1,1,0,0,1,0,purchase blackhawk network inc food beverage event prize award etc,5700 office expense
11,0,0,-70.0,4,4,6858,0,0,0,0,0,1,0,0,0,0,1,1,0,0,1,0,purchase blackhawk network inc,5700 office expense
11,0,0,-80.0,4,5,6858,0,0,0,0,0,1,0,0,0,0,1,1,0,0,1,0,purchase blackhawk network inc food beverage event prize award etc,5700 office expense
11,0,0,-75.0,4,5,6858,0,0,0,0,0,1,0,0,0,0,1,1,0,0,1,0,purchase blackhawk network inc food beverage event prize award etc,5700 office expense
11,0,0,-60.0,4,3,6858,0,0,0,0,0,1,0,0,0,0,1,1,0,0,1,0,purchase blackhawk network inc,5700 office expense
11,0,0,-70.0,4,6,6858,0,0,0,0,0,1,0,0,0,0,1,1,0,0,1,0,purchase blackhawk network inc,5700 office expense
11,0,0,-130.0,4,4,6858,0,0,0,0,0,1,0,0,0,0,1,1,0,0,1,0,purchase blackhawk network inc,5700 office expense
11,0,0,-10.0,4,4,6858,0,0,0,0,0,1,0,0,0,0,1,1,0,0,1,0,purchase blackhawk network inc,5700 office expense
11,0,0,-70.0,4,5,6858,0,0,0,0,0,1,0,0,0,0,1,1,0,0,1,0,purchase blackhawk network inc,5700 office expense
11,0,0,-100.0,4,5,6858,0,0,0,0,0,1,0,0,0,0,1,1,0,0,1,0,purchase blackhawk network inc,5700 office expense
11,0,0,-500.0,4,4,6858,0,0,0,0,0,1,0,0,0,0,1,1,0,0,1,0,purchase blackhawk network inc,5700 office expense
11,0,0,-80.0,4,4,6858,0,0,0,0,0,1,0,0,0,0,1,1,0,0,1,0,purchase blackhawk network inc,5700 office expense
11,0,0,-10.0,4,6,6858,0,0,0,0,0,1,0,0,0,0,1,1,0,0,1,0,purchase blackhawk network inc,5700 office expense
11,0,0,-100.0,5,3,6858,0,0,0,0,0,1,0,0,0,0,1,1,0,0,1,0,purchase blackhawk network inc,5700 office expense
11,0,0,-90.0,5,4,6858,0,0,0,0,0,1,0,0,0,0,1,1,0,0,1,0,purchase blackhawk network inc,5700 office expense
11,0,0,-1500.0,5,4,6858,0,0,0,0,0,1,0,0,0,0,1,1,0,0,1,0,purchase blackhawk network inc,5700 office expense
11,0,0,-100.0,5,5,6858,0,0,0,0,0,1,0,0,0,0,1,1,0,0,1,0,purchase blackhawk network inc,5700 office expense
11,0,0,-100.0,5,5,6858,0,0,0,0,0,1,0,0,0,0,1,1,0,0,1,0,purchase blackhawk network inc,5700 office expense
11,0,0,-100.0,5,6,6858,0,0,0,0,0,1,0,0,0,0,1,1,0,0,1,0,purchase blackhawk network inc,5700 office expense
11,0,0,-100.0,5,6,6858,0,0,0,0,0,1,0,0,0,0,1,1,0,0,1,0,purchase blackhawk network inc,5700 office expense
11,0,0,-500.0,5,2,6858,0,0,0,0,0,1,0,0,0,0,1,1,0,0,1,0,purchase blackhawk network inc,5700 office expense
11,0,0,-30.0,6,2,6858,0,0,0,0,0,1,0,0,0,0,1,1,0,0,1,0,purchase blackhawk network inc food beverage event prize award etc,5700 office expense
11,0,0,-235.0,6,5,6858,0,0,0,0,0,1,0,0,0,0,1,1,0,0,1,0,purchase blackhawk network inc food beverage event prize award etc,5700 office expense
11,0,0,-1000.0,6,6,6858,0,0,0,0,0,1,0,0,0,0,1,1,0,0,1,0,purchase blackhawk network inc,5700 office expense
11,0,0,-2100.0,6,6,6858,0,0,0,0,0,1,0,0,0,0,1,1,0,0,1,0,purchase blackhawk network inc,5700 office expense
11,0,0,-290.0,7,4,6858,0,0,0,0,0,1,0,0,0,0,1,1,0,0,1,0,purchase blackhawk network inc,5700 office expense
11,0,0,-140.0,7,5,6858,0,0,0,0,0,1,0,0,0,0,1,1,0,0,1,0,purchase blackhawk network inc,5700 office expense
11,0,0,-80.0,7,2,6858,0,0,0,0,0,1,0,0,0,0,1,1,0,0,1,0,purchase blackhawk network inc,5700 office expense
11,0,0,-250.0,7,6,6858,0,0,0,0,0,1,0,0,0,0,1,1,0,0,1,0,purchase blackhawk network inc,5700 office expense
11,0,0,-50.0,7,6,6858,0,0,0,0,0,1,0,0,0,0,1,1,0,0,1,0,purchase blackhawk network inc,5700 office expense
11,0,0,-55.0,8,6,6858,0,0,0,0,0,1,0,0,0,0,1,1,0,0,1,0,purchase blackhawk network inc,5700 office expense
11,0,0,-200.0,8,6,6858,0,0,0,0,0,1,0,0,0,0,1,1,0,0,1,0,purchase blackhawk network inc,5700 office expense
11,0,0,-1031.8,8,5,6858,0,0,0,0,0,1,0,0,0,0,1,1,0,0,1,0,purchase blackhawk network inc,5700 office expense
11,0,0,-257.95,8,6,6858,0,0,0,0,0,1,0,0,0,0,1,1,0,0,1,0,purchase blackhawk network inc food beverage event prize award etc,5700 office expense
11,0,0,-200.0,8,6,6858,0,0,0,0,0,1,0,0,0,0,1,1,0,0,1,0,purchase blackhawk network inc,5700 office expense
11,0,0,-25.0,8,6,6858,0,0,0,0,0,1,0,0,0,0,1,1,0,0,1,0,purchase blackhawk network inc,5700 office expense
11,0,0,-50.0,8,6,6858,0,0,0,0,0,1,0,0,0,0,1,1,0,0,1,0,purchase blackhawk network inc,5700 office expense
11,0,0,-100.0,9,6,6858,0,0,0,0,0,1,0,0,0,0,1,1,0,0,1,0,purchase blackhawk network inc food beverage event prize award etc,5700 office expense
11,0,0,-20.0,9,5,6858,0,0,0,0,0,1,0,0,0,0,1,1,0,0,1,0,purchase blackhawk network inc,5700 office expense
11,0,0,-20.0,10,6,6858,0,0,0,0,0,1,0,0,0,0,1,1,0,0,1,0,purchase blackhawk network inc food beverage event prize award etc,5700 office expense
11,0,0,-94.0,10,3,6858,0,0,0,0,0,1,0,0,0,0,1,1,0,0,1,0,purchase blackhawk network inc food beverage event prize award etc,5700 office expense
11,0,0,-257.95,11,3,6858,0,0,0,0,0,1,0,0,0,0,1,1,0,0,1,0,purchase blackhawk network inc,5700 office expense
11,0,0,-99.0,11,3,6858,0,0,0,0,0,1,0,0,0,0,1,1,0,0,1,0,purchase blackhawk network inc,5700 office expense
11,0,0,-90.0,11,4,6858,0,0,0,0,0,1,0,0,0,0,1,1,0,0,1,0,purchase blackhawk network inc,5700 office expense
11,0,0,-110.0,11,2,6858,0,0,0,0,0,1,0,0,0,0,1,1,0,0,1,0,purchase blackhawk network inc food beverage event prize award etc,5700 office expense
11,0,0,-355.0,12,3,6858,0,0,0,0,0,1,0,0,0,0,1,1,0,0,1,0,purchase blackhawk network inc,5700 office expense
11,0,0,-55.0,12,6,6858,0,0,0,0,0,1,0,0,0,0,1,1,0,0,1,0,purchase blackhawk network inc,5700 office expense
11,0,0,-100.0,4,3,7491,0,0,0,1,0,1,0,0,0,0,1,1,0,0,1,0,purchase amazon.com 789fp2yc3 food beverage event prize award etc,5700 office expense
11,0,0,-550.0,4,4,7491,0,0,0,1,0,1,0,0,0,0,1,1,0,0,1,0,purchase amazon.com hv5wx6263 food beverage event prize award etc,5700 office expense
11,0,0,-215.43,3,4,5719,0,0,0,0,0,1,0,0,0,0,1,1,0,0,1,0,purchase apple.com/ca,5700 office expense
11,0,0,-550.0,4,6,5719,0,0,0,0,0,1,0,0,0,0,1,1,0,0,1,0,purchase apple.com/ca,5700 office expense
11,0,0,-50.0,1,2,6858,0,0,0,0,0,1,0,0,0,0,1,1,0,0,1,0,purchase blackhawk network inc,5700 office expense
11,0,0,-60.0,1,2,6858,0,0,0,0,0,1,0,0,0,0,1,1,0,0,1,0,purchase blackhawk network inc,5700 office expense
11,0,0,-60.0,1,2,6858,0,0,0,0,0,1,0,0,0,0,1,1,0,0,1,0,purchase blackhawk network inc,5700 office expense
11,0,0,-65.0,1,2,6858,0,0,0,0,0,1,0,0,0,0,1,1,0,0,1,0,purchase blackhawk network inc,5700 office expense
11,0,0,-10.0,1,5,6858,0,0,0,0,0,1,0,0,0,0,1,1,0,0,1,0,purchase blackhawk network inc,5700 office expense
11,0,0,-90.0,1,2,6858,0,0,0,0,0,1,0,0,0,0,1,1,0,0,1,0,purchase blackhawk network inc,5700 office expense
11,0,0,-60.0,1,2,6858,0,0,0,0,0,1,0,0,0,0,1,1,0,0,1,0,purchase blackhawk network inc,5700 office expense
11,0,0,-50.0,1,2,6858,0,0,0,0,0,1,0,0,0,0,1,1,0,0,1,0,purchase blackhawk network inc,5700 office expense
11,0,0,-55.0,1,2,6858,0,0,0,0,0,1,0,0,0,0,1,1,0,0,1,0,purchase blackhawk network inc,5700 office expense
11,0,0,-90.0,1,4,6858,0,0,0,0,0,1,0,0,0,0,1,1,0,0,1,0,purchase blackhawk network inc food beverage event prize award etc,5700 office expense
11,0,0,-157.95,1,4,6858,0,0,0,0,0,1,0,0,0,0,1,1,0,0,1,0,purchase blackhawk network inc food beverage event prize award etc,5700 office expense
7,0,0,7.2,8,1,1543,0,0,0,0,0,0,0,0,0,0,1,0,0,0,0,1,refund blink commerce private li,5700 office expense
7,0,0,-7.26,8,1,1543,0,0,0,0,0,0,0,0,0,0,1,0,0,0,1,0,purchase blink commerce private li refunded,5700 office expense
7,0,0,-5.14,8,4,1543,0,0,0,0,0,0,0,0,0,0,1,0,0,0,1,0,purchase blink commerce private li bouquet farewell employee,5700 office expense
7,0,0,-53.5,2,5,1524,0,0,0,0,0,0,0,0,0,0,1,0,0,0,1,0,purchase blue dart express limi,5700 office expense
7,0,0,-53.31,2,1,1524,0,0,0,0,0,0,0,0,0,0,1,0,0,0,1,0,purchase blue dart express limi,5700 office expense
7,0,0,-37.17,4,4,1524,0,0,0,0,0,0,0,0,0,0,1,0,0,0,1,0,purchase blue dart express limi courier iphone preksha qa testing,5700 office expense
7,0,0,-60.66,4,4,1524,0,0,0,0,0,0,0,0,0,0,1,0,0,0,1,0,purchase blue dart express limi courier phone qa sapna mali testing,5700 office expense
7,0,0,-59.69,5,4,1524,0,0,0,0,0,0,0,0,0,0,1,0,0,0,1,0,purchase blue dart express limi,5700 office expense
7,0,0,-40.01,10,3,1524,0,0,0,0,0,0,0,0,0,0,1,0,0,0,1,0,purchase blue dart express limi courier dispatch laptop employee,5700 office expense
5,0,0,-27.0,1,4,5137,0,0,0,0,0,1,0,0,0,0,1,1,0,0,1,0,purchase canadian boat show passtime gps renewal spring auto financial product manage cypress hill use passtime platform reduce risk prevent loss vehicle cypress portfolio 6/20/2022 update card limit $ 1000 need match renewal requirement,5700 office expense
6,0,0,-495.86,1,5,9346,0,0,0,0,0,1,0,0,0,0,1,1,0,0,1,0,purchase canadian tire,5700 office expense
6,0,0,-518.58,1,5,7062,0,0,0,0,0,1,0,0,0,0,1,1,0,0,1,0,purchase canadian tire 389,5700 office expense
11,0,0,-90.0,1,5,6858,0,0,0,0,0,1,0,0,0,0,1,1,0,0,1,0,purchase blackhawk network inc,5700 office expense
5,0,0,-64.16,11,1,8083,0,0,0,0,0,0,0,0,0,0,1,0,0,0,1,0,purchase carfax carfax.com,5700 office expense
5,0,0,-73.45,8,5,4665,0,0,0,0,0,1,0,0,0,0,1,1,0,0,1,0,purchase carfax canada ulc passtime gps renewal spring auto financial product manage cypress hill use passtime platform reduce risk prevent loss vehicle cypress portfolio 6/20/2022 update card limit $ 1000 need match renewal requirement,5700 office expense
5,0,0,-73.45,8,5,4665,0,0,0,0,0,1,0,0,0,0,1,1,0,0,1,0,purchase carfax canada ulc passtime gps renewal spring auto financial product manage cypress hill use passtime platform reduce risk prevent loss vehicle cypress portfolio 6/20/2022 update card limit $ 1000 need match renewal requirement,5700 office expense
5,0,0,-73.45,8,3,4665,0,0,0,0,0,1,0,0,0,0,1,1,0,0,1,0,purchase carfax canada ulc passtime gps renewal spring auto financial product manage cypress hill use passtime platform reduce risk prevent loss vehicle cypress portfolio 6/20/2022 update card limit $ 1000 need match renewal requirement,5700 office expense
5,0,0,-73.45,8,4,4665,0,0,0,0,0,1,0,0,0,0,1,1,0,0,1,0,purchase carfax canada ulc passtime gps renewal spring auto financial product manage cypress hill use passtime platform reduce risk prevent loss vehicle cypress portfolio 6/20/2022 update card limit $ 1000 need match renewal requirement,5700 office expense
5,0,0,-94.45,8,5,4665,0,0,0,0,0,1,0,0,0,0,1,1,0,0,1,0,purchase carfax canada ulc passtime gps renewal spring auto financial product manage cypress hill use passtime platform reduce risk prevent loss vehicle cypress portfolio 6/20/2022 update card limit $ 1000 need match renewal requirement,5700 office expense
5,0,0,-73.45,8,5,4665,0,0,0,0,0,1,0,0,0,0,1,1,0,0,1,0,purchase carfax canada ulc passtime gps renewal spring auto financial product manage cypress hill use passtime platform reduce risk prevent loss vehicle cypress portfolio 6/20/2022 update card limit $ 1000 need match renewal requirement,5700 office expense
5,0,0,-73.45,8,1,4665,0,0,0,0,0,1,0,0,0,0,1,1,0,0,1,0,purchase carfax canada ulc passtime gps renewal spring auto financial product manage cypress hill use passtime platform reduce risk prevent loss vehicle cypress portfolio 6/20/2022 update card limit $ 1000 need match renewal requirement,5700 office expense
5,0,0,-73.45,8,4,4665,0,0,0,0,0,1,0,0,0,0,1,1,0,0,1,0,purchase carfax canada ulc passtime gps renewal spring auto financial product manage cypress hill use passtime platform reduce risk prevent loss vehicle cypress portfolio 6/20/2022 update card limit $ 1000 need match renewal requirement,5700 office expense
5,0,0,-73.45,8,4,4665,0,0,0,0,0,1,0,0,0,0,1,1,0,0,1,0,purchase carfax canada ulc passtime gps renewal spring auto financial product manage cypress hill use passtime platform reduce risk prevent loss vehicle cypress portfolio 6/20/2022 update card limit $ 1000 need match renewal requirement,5700 office expense
5,0,0,-73.45,8,6,4665,0,0,0,0,0,1,0,0,0,0,1,1,0,0,1,0,purchase carfax canada ulc passtime gps renewal spring auto financial product manage cypress hill use passtime platform reduce risk prevent loss vehicle cypress portfolio 6/20/2022 update card limit $ 1000 need match renewal requirement,5700 office expense
5,0,0,-73.45,8,0,4665,0,0,0,0,0,1,0,0,0,0,1,1,0,0,1,0,purchase carfax canada ulc passtime gps renewal spring auto financial product manage cypress hill use passtime platform reduce risk prevent loss vehicle cypress portfolio 6/20/2022 update card limit $ 1000 need match renewal requirement,5700 office expense
5,0,0,-73.45,8,2,4665,0,0,0,0,0,1,0,0,0,0,1,1,0,0,1,0,purchase carfax canada ulc passtime gps renewal spring auto financial product manage cypress hill use passtime platform reduce risk prevent loss vehicle cypress portfolio 6/20/2022 update card limit $ 1000 need match renewal requirement,5700 office expense
5,0,0,-73.45,8,3,4665,0,0,0,0,0,1,0,0,0,0,1,1,0,0,1,0,purchase carfax canada ulc passtime gps renewal spring auto financial product manage cypress hill use passtime platform reduce risk prevent loss vehicle cypress portfolio 6/20/2022 update card limit $ 1000 need match renewal requirement,5700 office expense
5,0,0,-73.45,9,3,4665,0,0,0,0,0,1,0,0,0,0,1,1,0,0,1,0,purchase carfax canada ulc passtime gps renewal spring auto financial product manage cypress hill use passtime platform reduce risk prevent loss vehicle cypress portfolio 6/20/2022 update card limit $ 1000 need match renewal requirement,5700 office expense
5,0,0,-73.45,9,4,4665,0,0,0,0,0,1,0,0,0,0,1,1,0,0,1,0,purchase carfax canada ulc passtime gps renewal spring auto financial product manage cypress hill use passtime platform reduce risk prevent loss vehicle cypress portfolio 6/20/2022 update card limit $ 1000 need match renewal requirement,5700 office expense
5,0,0,-73.45,9,4,4665,0,0,0,0,0,1,0,0,0,0,1,1,0,0,1,0,purchase carfax canada ulc passtime gps renewal spring auto financial product manage cypress hill use passtime platform reduce risk prevent loss vehicle cypress portfolio 6/20/2022 update card limit $ 1000 need match renewal requirement,5700 office expense
5,0,0,-73.45,9,5,4665,0,0,0,0,0,1,0,0,0,0,1,1,0,0,1,0,purchase carfax canada ulc passtime gps renewal spring auto financial product manage cypress hill use passtime platform reduce risk prevent loss vehicle cypress portfolio 6/20/2022 update card limit $ 1000 need match renewal requirement,5700 office expense
5,0,0,-73.45,9,5,4665,0,0,0,0,0,1,0,0,0,0,1,1,0,0,1,0,purchase carfax canada ulc passtime gps renewal spring auto financial product manage cypress hill use passtime platform reduce risk prevent loss vehicle cypress portfolio 6/20/2022 update card limit $ 1000 need match renewal requirement,5700 office expense
5,0,0,-73.45,9,5,4665,0,0,0,0,0,1,0,0,0,0,1,1,0,0,1,0,purchase carfax canada ulc passtime gps renewal spring auto financial product manage cypress hill use passtime platform reduce risk prevent loss vehicle cypress portfolio 6/20/2022 update card limit $ 1000 need match renewal requirement,5700 office expense
5,0,0,-73.45,9,1,4665,0,0,0,0,0,1,0,0,0,0,1,1,0,0,1,0,purchase carfax canada ulc passtime gps renewal spring auto financial product manage cypress hill use passtime platform reduce risk prevent loss vehicle cypress portfolio 6/20/2022 update card limit $ 1000 need match renewal requirement,5700 office expense
5,0,0,-73.45,9,1,4665,0,0,0,0,0,1,0,0,0,0,1,1,0,0,1,0,purchase carfax canada ulc passtime gps renewal spring auto financial product manage cypress hill use passtime platform reduce risk prevent loss vehicle cypress portfolio 6/20/2022 update card limit $ 1000 need match renewal requirement,5700 office expense
5,0,0,-73.45,9,2,4665,0,0,0,0,0,1,0,0,0,0,1,1,0,0,1,0,purchase carfax canada ulc passtime gps renewal spring auto financial product manage cypress hill use passtime platform reduce risk prevent loss vehicle cypress portfolio 6/20/2022 update card limit $ 1000 need match renewal requirement,5700 office expense
5,0,0,-94.45,9,2,4665,0,0,0,0,0,1,0,0,0,0,1,1,0,0,1,0,purchase carfax canada ulc passtime gps renewal spring auto financial product manage cypress hill use passtime platform reduce risk prevent loss vehicle cypress portfolio 6/20/2022 update card limit $ 1000 need match renewal requirement,5700 office expense
5,0,0,-73.45,9,2,4665,0,0,0,0,0,1,0,0,0,0,1,1,0,0,1,0,purchase carfax canada ulc passtime gps renewal spring auto financial product manage cypress hill use passtime platform reduce risk prevent loss vehicle cypress portfolio 6/20/2022 update card limit $ 1000 need match renewal requirement,5700 office expense
5,0,0,-94.45,9,2,4665,0,0,0,0,0,1,0,0,0,0,1,1,0,0,1,0,purchase carfax canada ulc passtime gps renewal spring auto financial product manage cypress hill use passtime platform reduce risk prevent loss vehicle cypress portfolio 6/20/2022 update card limit $ 1000 need match renewal requirement,5700 office expense
5,0,0,-73.45,9,2,4665,0,0,0,0,0,1,0,0,0,0,1,1,0,0,1,0,purchase carfax canada ulc passtime gps renewal spring auto financial product manage cypress hill use passtime platform reduce risk prevent loss vehicle cypress portfolio 6/20/2022 update card limit $ 1000 need match renewal requirement,5700 office expense
5,0,0,-73.45,9,3,4665,0,0,0,0,0,1,0,0,0,0,1,1,0,0,1,0,purchase carfax canada ulc passtime gps renewal spring auto financial product manage cypress hill use passtime platform reduce risk prevent loss vehicle cypress portfolio 6/20/2022 update card limit $ 1000 need match renewal requirement,5700 office expense
5,0,0,-73.45,9,4,4665,0,0,0,0,0,1,0,0,0,0,1,1,0,0,1,0,purchase carfax canada ulc passtime gps renewal spring auto financial product manage cypress hill use passtime platform reduce risk prevent loss vehicle cypress portfolio 6/20/2022 update card limit $ 1000 need match renewal requirement,5700 office expense
5,0,0,-73.45,9,5,4665,0,0,0,0,0,1,0,0,0,0,1,1,0,0,1,0,purchase carfax canada ulc passtime gps renewal spring auto financial product manage cypress hill use passtime platform reduce risk prevent loss vehicle cypress portfolio 6/20/2022 update card limit $ 1000 need match renewal requirement,5700 office expense
5,0,0,-73.45,9,5,4665,0,0,0,0,0,1,0,0,0,0,1,1,0,0,1,0,purchase carfax canada ulc passtime gps renewal spring auto financial product manage cypress hill use passtime platform reduce risk prevent loss vehicle cypress portfolio 6/20/2022 update card limit $ 1000 need match renewal requirement,5700 office expense
5,0,0,-73.45,9,1,4665,0,0,0,0,0,1,0,0,0,0,1,1,0,0,1,0,purchase carfax canada ulc passtime gps renewal spring auto financial product manage cypress hill use passtime platform reduce risk prevent loss vehicle cypress portfolio 6/20/2022 update card limit $ 1000 need match renewal requirement,5700 office expense
5,0,0,-73.45,9,2,4665,0,0,0,0,0,1,0,0,0,0,1,1,0,0,1,0,purchase carfax canada ulc passtime gps renewal spring auto financial product manage cypress hill use passtime platform reduce risk prevent loss vehicle cypress portfolio 6/20/2022 update card limit $ 1000 need match renewal requirement,5700 office expense
5,0,0,-73.45,9,2,4665,0,0,0,0,0,1,0,0,0,0,1,1,0,0,1,0,purchase carfax canada ulc passtime gps renewal spring auto financial product manage cypress hill use passtime platform reduce risk prevent loss vehicle cypress portfolio 6/20/2022 update card limit $ 1000 need match renewal requirement,5700 office expense
5,0,0,-73.45,9,2,4665,0,0,0,0,0,1,0,0,0,0,1,1,0,0,1,0,purchase carfax canada ulc passtime gps renewal spring auto financial product manage cypress hill use passtime platform reduce risk prevent loss vehicle cypress portfolio 6/20/2022 update card limit $ 1000 need match renewal requirement,5700 office expense
5,0,0,-73.45,9,3,4665,0,0,0,0,0,1,0,0,0,0,1,1,0,0,1,0,purchase carfax canada ulc,5700 office expense
5,0,0,-73.45,9,4,4665,0,0,0,0,0,1,0,0,0,0,1,1,0,0,1,0,purchase carfax canada ulc,5700 office expense
5,0,0,-73.45,9,1,4665,0,0,0,0,0,1,0,0,0,0,1,1,0,0,1,0,purchase carfax canada ulc,5700 office expense
5,0,0,-73.45,9,1,4665,0,0,0,0,0,1,0,0,0,0,1,1,0,0,1,0,purchase carfax canada ulc,5700 office expense
5,0,0,-73.45,9,1,4665,0,0,0,0,0,1,0,0,0,0,1,1,0,0,1,0,purchase carfax canada ulc,5700 office expense
5,0,0,-21.0,9,1,4665,0,0,0,0,0,1,0,0,0,0,1,1,0,0,1,0,purchase carfax canada ulc,5700 office expense
5,0,0,-73.45,9,2,4665,0,0,0,0,0,1,0,0,0,0,1,1,0,0,1,0,purchase carfax canada ulc,5700 office expense
5,0,0,-73.45,9,3,4665,0,0,0,0,0,1,0,0,0,0,1,1,0,0,1,0,purchase carfax canada ulc,5700 office expense
5,0,0,-73.45,9,3,4665,0,0,0,0,0,1,0,0,0,0,1,1,0,0,1,0,purchase carfax canada ulc,5700 office expense
5,0,0,-73.45,9,4,4665,0,0,0,0,0,1,0,0,0,0,1,1,0,0,1,0,purchase carfax canada ulc,5700 office expense
5,0,0,-73.45,9,4,4665,0,0,0,0,0,1,0,0,0,0,1,1,0,0,1,0,purchase carfax canada ulc,5700 office expense
5,0,0,-73.45,10,2,4665,0,0,0,0,0,1,0,0,0,0,1,1,0,0,1,0,purchase carfax canada ulc passtime gps renewal spring auto financial product manage cypress hill use passtime platform reduce risk prevent loss vehicle cypress portfolio 6/20/2022 update card limit $ 1000 need match renewal requirement,5700 office expense
5,0,0,-102.85,10,4,4665,0,0,0,0,0,1,0,0,0,0,1,1,0,0,1,0,purchase carfax canada ulc,5700 office expense
5,0,0,-81.85,10,5,4665,0,0,0,0,0,1,0,0,0,0,1,1,0,0,1,0,purchase carfax canada ulc passtime gps renewal spring auto financial product manage cypress hill use passtime platform reduce risk prevent loss vehicle cypress portfolio 6/20/2022 update card limit $ 1000 need match renewal requirement,5700 office expense
5,0,0,-81.85,10,1,4665,0,0,0,0,0,1,0,0,0,0,1,1,0,0,1,0,purchase carfax canada ulc passtime gps renewal spring auto financial product manage cypress hill use passtime platform reduce risk prevent loss vehicle cypress portfolio 6/20/2022 update card limit $ 1000 need match renewal requirement,5700 office expense
5,0,0,-81.85,10,1,4665,0,0,0,0,0,1,0,0,0,0,1,1,0,0,1,0,purchase carfax canada ulc passtime gps renewal spring auto financial product manage cypress hill use passtime platform reduce risk prevent loss vehicle cypress portfolio 6/20/2022 update card limit $ 1000 need match renewal requirement,5700 office expense
5,0,0,-81.85,10,2,4665,0,0,0,0,0,1,0,0,0,0,1,1,0,0,1,0,purchase carfax canada ulc passtime gps renewal spring auto financial product manage cypress hill use passtime platform reduce risk prevent loss vehicle cypress portfolio 6/20/2022 update card limit $ 1000 need match renewal requirement,5700 office expense
5,0,0,-81.85,10,4,4665,0,0,0,0,0,1,0,0,0,0,1,1,0,0,1,0,purchase carfax canada ulc passtime gps renewal spring auto financial product manage cypress hill use passtime platform reduce risk prevent loss vehicle cypress portfolio 6/20/2022 update card limit $ 1000 need match renewal requirement,5700 office expense
5,0,0,-81.85,10,3,4665,0,0,0,0,0,1,0,0,0,0,1,1,0,0,1,0,purchase carfax canada ulc passtime gps renewal spring auto financial product manage cypress hill use passtime platform reduce risk prevent loss vehicle cypress portfolio 6/20/2022 update card limit $ 1000 need match renewal requirement,5700 office expense
5,0,0,-102.85,10,4,4665,0,0,0,0,0,1,0,0,0,0,1,1,0,0,1,0,purchase carfax canada ulc passtime gps renewal spring auto financial product manage cypress hill use passtime platform reduce risk prevent loss vehicle cypress portfolio 6/20/2022 update card limit $ 1000 need match renewal requirement,5700 office expense
5,0,0,-102.85,10,4,4665,0,0,0,0,0,1,0,0,0,0,1,1,0,0,1,0,purchase carfax canada ulc passtime gps renewal spring auto financial product manage cypress hill use passtime platform reduce risk prevent loss vehicle cypress portfolio 6/20/2022 update card limit $ 1000 need match renewal requirement,5700 office expense
5,0,0,-81.85,10,4,4665,0,0,0,0,0,1,0,0,0,0,1,1,0,0,1,0,purchase carfax canada ulc passtime gps renewal spring auto financial product manage cypress hill use passtime platform reduce risk prevent loss vehicle cypress portfolio 6/20/2022 update card limit $ 1000 need match renewal requirement,5700 office expense
5,0,0,-81.85,10,5,4665,0,0,0,0,0,1,0,0,0,0,1,1,0,0,1,0,purchase carfax canada ulc passtime gps renewal spring auto financial product manage cypress hill use passtime platform reduce risk prevent loss vehicle cypress portfolio 6/20/2022 update card limit $ 1000 need match renewal requirement,5700 office expense
5,0,0,-81.85,10,5,4665,0,0,0,0,0,1,0,0,0,0,1,1,0,0,1,0,purchase carfax canada ulc passtime gps renewal spring auto financial product manage cypress hill use passtime platform reduce risk prevent loss vehicle cypress portfolio 6/20/2022 update card limit $ 1000 need match renewal requirement,5700 office expense
5,0,0,-102.85,10,5,4665,0,0,0,0,0,1,0,0,0,0,1,1,0,0,1,0,purchase carfax canada ulc passtime gps renewal spring auto financial product manage cypress hill use passtime platform reduce risk prevent loss vehicle cypress portfolio 6/20/2022 update card limit $ 1000 need match renewal requirement,5700 office expense
5,0,0,-102.85,10,1,4665,0,0,0,0,0,1,0,0,0,0,1,1,0,0,1,0,purchase carfax canada ulc passtime gps renewal spring auto financial product manage cypress hill use passtime platform reduce risk prevent loss vehicle cypress portfolio 6/20/2022 update card limit $ 1000 need match renewal requirement,5700 office expense
5,0,0,-81.85,10,1,4665,0,0,0,0,0,1,0,0,0,0,1,1,0,0,1,0,purchase carfax canada ulc passtime gps renewal spring auto financial product manage cypress hill use passtime platform reduce risk prevent loss vehicle cypress portfolio 6/20/2022 update card limit $ 1000 need match renewal requirement,5700 office expense
5,0,0,-102.85,10,2,4665,0,0,0,0,0,1,0,0,0,0,1,1,0,0,1,0,purchase carfax canada ulc passtime gps renewal spring auto financial product manage cypress hill use passtime platform reduce risk prevent loss vehicle cypress portfolio 6/20/2022 update card limit $ 1000 need match renewal requirement,5700 office expense
5,0,0,-81.85,10,2,4665,0,0,0,0,0,1,0,0,0,0,1,1,0,0,1,0,purchase carfax canada ulc passtime gps renewal spring auto financial product manage cypress hill use passtime platform reduce risk prevent loss vehicle cypress portfolio 6/20/2022 update card limit $ 1000 need match renewal requirement,5700 office expense
5,0,0,-102.85,10,2,4665,0,0,0,0,0,1,0,0,0,0,1,1,0,0,1,0,purchase carfax canada ulc passtime gps renewal spring auto financial product manage cypress hill use passtime platform reduce risk prevent loss vehicle cypress portfolio 6/20/2022 update card limit $ 1000 need match renewal requirement,5700 office expense
5,0,0,-81.85,10,4,4665,0,0,0,0,0,1,0,0,0,0,1,1,0,0,1,0,purchase carfax canada ulc passtime gps renewal spring auto financial product manage cypress hill use passtime platform reduce risk prevent loss vehicle cypress portfolio 6/20/2022 update card limit $ 1000 need match renewal requirement,5700 office expense
5,0,0,-102.85,10,4,4665,0,0,0,0,0,1,0,0,0,0,1,1,0,0,1,0,purchase carfax canada ulc passtime gps renewal spring auto financial product manage cypress hill use passtime platform reduce risk prevent loss vehicle cypress portfolio 6/20/2022 update card limit $ 1000 need match renewal requirement,5700 office expense
5,0,0,-81.85,10,4,4665,0,0,0,0,0,1,0,0,0,0,1,1,0,0,1,0,purchase carfax canada ulc passtime gps renewal spring auto financial product manage cypress hill use passtime platform reduce risk prevent loss vehicle cypress portfolio 6/20/2022 update card limit $ 1000 need match renewal requirement,5700 office expense
5,0,0,-81.85,10,5,4665,0,0,0,0,0,1,0,0,0,0,1,1,0,0,1,0,purchase carfax canada ulc passtime gps renewal spring auto financial product manage cypress hill use passtime platform reduce risk prevent loss vehicle cypress portfolio 6/20/2022 update card limit $ 1000 need match renewal requirement,5700 office expense
5,0,0,-81.85,10,5,4665,0,0,0,0,0,1,0,0,0,0,1,1,0,0,1,0,purchase carfax canada ulc passtime gps renewal spring auto financial product manage cypress hill use passtime platform reduce risk prevent loss vehicle cypress portfolio 6/20/2022 update card limit $ 1000 need match renewal requirement,5700 office expense
5,0,0,-81.85,10,1,4665,0,0,0,0,0,1,0,0,0,0,1,1,0,0,1,0,purchase carfax canada ulc passtime gps renewal spring auto financial product manage cypress hill use passtime platform reduce risk prevent loss vehicle cypress portfolio 6/20/2022 update card limit $ 1000 need match renewal requirement,5700 office expense
5,0,0,-102.85,10,2,4665,0,0,0,0,0,1,0,0,0,0,1,1,0,0,1,0,purchase carfax canada ulc,5700 office expense
5,0,0,-81.85,10,2,4665,0,0,0,0,0,1,0,0,0,0,1,1,0,0,1,0,purchase carfax canada ulc passtime gps renewal spring auto financial product manage cypress hill use passtime platform reduce risk prevent loss vehicle cypress portfolio 6/20/2022 update card limit $ 1000 need match renewal requirement,5700 office expense
5,0,0,-81.85,10,3,4665,0,0,0,0,0,1,0,0,0,0,1,1,0,0,1,0,purchase carfax canada ulc,5700 office expense
5,0,0,-21.0,10,3,4665,0,0,0,0,0,1,0,0,0,0,1,1,0,0,1,0,purchase carfax canada ulc,5700 office expense
5,0,0,-102.85,10,3,4665,0,0,0,0,0,1,0,0,0,0,1,1,0,0,1,0,purchase carfax canada ulc,5700 office expense
5,0,0,-81.85,10,4,4665,0,0,0,0,0,1,0,0,0,0,1,1,0,0,1,0,purchase carfax canada ulc,5700 office expense
5,0,0,-81.85,10,4,4665,0,0,0,0,0,1,0,0,0,0,1,1,0,0,1,0,purchase carfax canada ulc,5700 office expense
5,0,0,-81.85,10,4,4665,0,0,0,0,0,1,0,0,0,0,1,1,0,0,1,0,purchase carfax canada ulc,5700 office expense
5,0,0,-81.85,10,4,4665,0,0,0,0,0,1,0,0,0,0,1,1,0,0,1,0,purchase carfax canada ulc,5700 office expense
5,0,0,-81.85,11,5,4665,0,0,0,0,0,1,0,0,0,0,1,1,0,0,1,0,purchase carfax canada ulc,5700 office expense
5,0,0,-102.85,11,5,4665,0,0,0,0,0,1,0,0,0,0,1,1,0,0,1,0,purchase carfax canada ulc,5700 office expense
5,0,0,-81.85,11,5,4665,0,0,0,0,0,1,0,0,0,0,1,1,0,0,1,0,purchase carfax canada ulc,5700 office expense
5,0,0,-81.85,11,1,4665,0,0,0,0,0,1,0,0,0,0,1,1,0,0,1,0,purchase carfax canada ulc passtime gps renewal spring auto financial product manage cypress hill use passtime platform reduce risk prevent loss vehicle cypress portfolio 6/20/2022 update card limit $ 1000 need match renewal requirement,5700 office expense
5,0,0,-81.85,11,1,4665,0,0,0,0,0,1,0,0,0,0,1,1,0,0,1,0,purchase carfax canada ulc passtime gps renewal spring auto financial product manage cypress hill use passtime platform reduce risk prevent loss vehicle cypress portfolio 6/20/2022 update card limit $ 1000 need match renewal requirement,5700 office expense
5,0,0,-81.85,11,1,4665,0,0,0,0,0,1,0,0,0,0,1,1,0,0,1,0,purchase carfax canada ulc passtime gps renewal spring auto financial product manage cypress hill use passtime platform reduce risk prevent loss vehicle cypress portfolio 6/20/2022 update card limit $ 1000 need match renewal requirement,5700 office expense
5,0,0,-81.85,11,2,4665,0,0,0,0,0,1,0,0,0,0,1,1,0,0,1,0,purchase carfax canada ulc passtime gps renewal spring auto financial product manage cypress hill use passtime platform reduce risk prevent loss vehicle cypress portfolio 6/20/2022 update card limit $ 1000 need match renewal requirement,5700 office expense
5,0,0,-81.85,11,2,4665,0,0,0,0,0,1,0,0,0,0,1,1,0,0,1,0,purchase carfax canada ulc passtime gps renewal spring auto financial product manage cypress hill use passtime platform reduce risk prevent loss vehicle cypress portfolio 6/20/2022 update card limit $ 1000 need match renewal requirement,5700 office expense
5,0,0,-81.85,11,2,4665,0,0,0,0,0,1,0,0,0,0,1,1,0,0,1,0,purchase carfax canada ulc passtime gps renewal spring auto financial product manage cypress hill use passtime platform reduce risk prevent loss vehicle cypress portfolio 6/20/2022 update card limit $ 1000 need match renewal requirement,5700 office expense
5,0,0,-81.85,11,3,4665,0,0,0,0,0,1,0,0,0,0,1,1,0,0,1,0,purchase carfax canada ulc passtime gps renewal spring auto financial product manage cypress hill use passtime platform reduce risk prevent loss vehicle cypress portfolio 6/20/2022 update card limit $ 1000 need match renewal requirement,5700 office expense
5,0,0,-81.85,11,3,4665,0,0,0,0,0,1,0,0,0,0,1,1,0,0,1,0,purchase carfax canada ulc passtime gps renewal spring auto financial product manage cypress hill use passtime platform reduce risk prevent loss vehicle cypress portfolio 6/20/2022 update card limit $ 1000 need match renewal requirement,5700 office expense
5,0,0,-81.85,11,3,4665,0,0,0,0,0,1,0,0,0,0,1,1,0,0,1,0,purchase carfax canada ulc passtime gps renewal spring auto financial product manage cypress hill use passtime platform reduce risk prevent loss vehicle cypress portfolio 6/20/2022 update card limit $ 1000 need match renewal requirement,5700 office expense
5,0,0,-81.85,11,3,4665,0,0,0,0,0,1,0,0,0,0,1,1,0,0,1,0,purchase carfax canada ulc passtime gps renewal spring auto financial product manage cypress hill use passtime platform reduce risk prevent loss vehicle cypress portfolio 6/20/2022 update card limit $ 1000 need match renewal requirement,5700 office expense
5,0,0,-81.85,11,4,4665,0,0,0,0,0,1,0,0,0,0,1,1,0,0,1,0,purchase carfax canada ulc passtime gps renewal spring auto financial product manage cypress hill use passtime platform reduce risk prevent loss vehicle cypress portfolio 6/20/2022 update card limit $ 1000 need match renewal requirement,5700 office expense
5,0,0,-81.85,11,4,4665,0,0,0,0,0,1,0,0,0,0,1,1,0,0,1,0,purchase carfax canada ulc passtime gps renewal spring auto financial product manage cypress hill use passtime platform reduce risk prevent loss vehicle cypress portfolio 6/20/2022 update card limit $ 1000 need match renewal requirement,5700 office expense
5,0,0,-81.85,11,5,4665,0,0,0,0,0,1,0,0,0,0,1,1,0,0,1,0,purchase carfax canada ulc passtime gps renewal spring auto financial product manage cypress hill use passtime platform reduce risk prevent loss vehicle cypress portfolio 6/20/2022 update card limit $ 1000 need match renewal requirement,5700 office expense
5,0,0,-102.85,11,3,4665,0,0,0,0,0,1,0,0,0,0,1,1,0,0,1,0,purchase carfax canada ulc passtime gps renewal spring auto financial product manage cypress hill use passtime platform reduce risk prevent loss vehicle cypress portfolio 6/20/2022 update card limit $ 1000 need match renewal requirement,5700 office expense
5,0,0,-81.85,11,3,4665,0,0,0,0,0,1,0,0,0,0,1,1,0,0,1,0,purchase carfax canada ulc passtime gps renewal spring auto financial product manage cypress hill use passtime platform reduce risk prevent loss vehicle cypress portfolio 6/20/2022 update card limit $ 1000 need match renewal requirement,5700 office expense
5,0,0,-81.85,11,3,4665,0,0,0,0,0,1,0,0,0,0,1,1,0,0,1,0,purchase carfax canada ulc passtime gps renewal spring auto financial product manage cypress hill use passtime platform reduce risk prevent loss vehicle cypress portfolio 6/20/2022 update card limit $ 1000 need match renewal requirement,5700 office expense
5,0,0,-81.85,11,3,4665,0,0,0,0,0,1,0,0,0,0,1,1,0,0,1,0,purchase carfax canada ulc passtime gps renewal spring auto financial product manage cypress hill use passtime platform reduce risk prevent loss vehicle cypress portfolio 6/20/2022 update card limit $ 1000 need match renewal requirement,5700 office expense
5,0,0,-81.85,11,3,4665,0,0,0,0,0,1,0,0,0,0,1,1,0,0,1,0,purchase carfax canada ulc passtime gps renewal spring auto financial product manage cypress hill use passtime platform reduce risk prevent loss vehicle cypress portfolio 6/20/2022 update card limit $ 1000 need match renewal requirement,5700 office expense
5,0,0,-81.85,11,4,4665,0,0,0,0,0,1,0,0,0,0,1,1,0,0,1,0,purchase carfax canada ulc passtime gps renewal spring auto financial product manage cypress hill use passtime platform reduce risk prevent loss vehicle cypress portfolio 6/20/2022 update card limit $ 1000 need match renewal requirement,5700 office expense
5,0,0,-81.85,11,4,4665,0,0,0,0,0,1,0,0,0,0,1,1,0,0,1,0,purchase carfax canada ulc passtime gps renewal spring auto financial product manage cypress hill use passtime platform reduce risk prevent loss vehicle cypress portfolio 6/20/2022 update card limit $ 1000 need match renewal requirement,5700 office expense
5,0,0,-81.85,11,5,4665,0,0,0,0,0,1,0,0,0,0,1,1,0,0,1,0,purchase carfax canada ulc passtime gps renewal spring auto financial product manage cypress hill use passtime platform reduce risk prevent loss vehicle cypress portfolio 6/20/2022 update card limit $ 1000 need match renewal requirement,5700 office expense
5,0,0,-102.85,11,5,4665,0,0,0,0,0,1,0,0,0,0,1,1,0,0,1,0,purchase carfax canada ulc,5700 office expense
5,0,0,-81.85,11,5,4665,0,0,0,0,0,1,0,0,0,0,1,1,0,0,1,0,purchase carfax canada ulc,5700 office expense
5,0,0,-81.85,11,1,4665,0,0,0,0,0,1,0,0,0,0,1,1,0,0,1,0,purchase carfax canada ulc,5700 office expense
5,0,0,-81.85,11,1,4665,0,0,0,0,0,1,0,0,0,0,1,1,0,0,1,0,purchase carfax canada ulc,5700 office expense
5,0,0,-81.85,11,1,4665,0,0,0,0,0,1,0,0,0,0,1,1,0,0,1,0,purchase carfax canada ulc,5700 office expense
5,0,0,-81.85,11,2,4665,0,0,0,0,0,1,0,0,0,0,1,1,0,0,1,0,purchase carfax canada ulc,5700 office expense
5,0,0,-81.85,11,2,4665,0,0,0,0,0,1,0,0,0,0,1,1,0,0,1,0,purchase carfax canada ulc,5700 office expense
5,0,0,-21.0,11,2,4665,0,0,0,0,0,1,0,0,0,0,1,1,0,0,1,0,purchase carfax canada ulc,5700 office expense
5,0,0,-102.85,11,2,4665,0,0,0,0,0,1,0,0,0,0,1,1,0,0,1,0,purchase carfax canada ulc,5700 office expense
5,0,0,-81.85,11,2,4665,0,0,0,0,0,1,0,0,0,0,1,1,0,0,1,0,purchase carfax canada ulc,5700 office expense
5,0,0,-81.85,11,2,4665,0,0,0,0,0,1,0,0,0,0,1,1,0,0,1,0,purchase carfax canada ulc,5700 office expense
5,0,0,-81.85,11,3,4665,0,0,0,0,0,1,0,0,0,0,1,1,0,0,1,0,purchase carfax canada ulc,5700 office expense
5,0,0,-81.85,11,3,4665,0,0,0,0,0,1,0,0,0,0,1,1,0,0,1,0,purchase carfax canada ulc,5700 office expense
5,0,0,-102.85,11,3,4665,0,0,0,0,0,1,0,0,0,0,1,1,0,0,1,0,purchase carfax canada ulc,5700 office expense
5,0,0,-81.85,11,4,4665,0,0,0,0,0,1,0,0,0,0,1,1,0,0,1,0,purchase carfax canada ulc,5700 office expense
5,0,0,-81.85,11,4,4665,0,0,0,0,0,1,0,0,0,0,1,1,0,0,1,0,purchase carfax canada ulc,5700 office expense
5,0,0,-81.85,11,5,4665,0,0,0,0,0,1,0,0,0,0,1,1,0,0,1,0,purchase carfax canada ulc,5700 office expense
5,0,0,-81.85,11,5,4665,0,0,0,0,0,1,0,0,0,0,1,1,0,0,1,0,purchase carfax canada ulc,5700 office expense
5,0,0,-81.85,11,5,4665,0,0,0,0,0,1,0,0,0,0,1,1,0,0,1,0,purchase carfax canada ulc,5700 office expense
5,0,0,-81.85,11,1,4665,0,0,0,0,0,1,0,0,0,0,1,1,0,0,1,0,purchase carfax canada ulc,5700 office expense
5,0,0,-21.0,11,1,4665,0,0,0,0,0,1,0,0,0,0,1,1,0,0,1,0,purchase carfax canada ulc,5700 office expense
5,0,0,-81.85,11,2,4665,0,0,0,0,0,1,0,0,0,0,1,1,0,0,1,0,purchase carfax canada ulc,5700 office expense
5,0,0,-81.85,11,2,4665,0,0,0,0,0,1,0,0,0,0,1,1,0,0,1,0,purchase carfax canada ulc,5700 office expense
5,0,0,-81.85,11,2,4665,0,0,0,0,0,1,0,0,0,0,1,1,0,0,1,0,purchase carfax canada ulc,5700 office expense
5,0,0,-81.85,11,3,4665,0,0,0,0,0,1,0,0,0,0,1,1,0,0,1,0,purchase carfax canada ulc,5700 office expense
5,0,0,-81.85,11,4,4665,0,0,0,0,0,1,0,0,0,0,1,1,0,0,1,0,purchase carfax canada ulc,5700 office expense
5,0,0,-102.85,11,4,4665,0,0,0,0,0,1,0,0,0,0,1,1,0,0,1,0,purchase carfax canada ulc,5700 office expense
5,0,0,-81.85,11,4,4665,0,0,0,0,0,1,0,0,0,0,1,1,0,0,1,0,purchase carfax canada ulc,5700 office expense
5,0,0,-81.85,11,4,4665,0,0,0,0,0,1,0,0,0,0,1,1,0,0,1,0,purchase carfax canada ulc,5700 office expense
5,0,0,-102.85,11,4,4665,0,0,0,0,0,1,0,0,0,0,1,1,0,0,1,0,purchase carfax canada ulc,5700 office expense
5,0,0,-81.85,11,4,4665,0,0,0,0,0,1,0,0,0,0,1,1,0,0,1,0,purchase carfax canada ulc,5700 office expense
5,0,0,-81.85,11,5,4665,0,0,0,0,0,1,0,0,0,0,1,1,0,0,1,0,purchase carfax canada ulc,5700 office expense
5,0,0,-81.85,11,5,4665,0,0,0,0,0,1,0,0,0,0,1,1,0,0,1,0,purchase carfax canada ulc,5700 office expense
5,0,0,-81.85,11,5,4665,0,0,0,0,0,1,0,0,0,0,1,1,0,0,1,0,purchase carfax canada ulc,5700 office expense
5,0,0,-81.85,11,5,4665,0,0,0,0,0,1,0,0,0,0,1,1,0,0,1,0,purchase carfax canada ulc,5700 office expense
5,0,0,-102.85,11,5,4665,0,0,0,0,0,1,0,0,0,0,1,1,0,0,1,0,purchase carfax canada ulc,5700 office expense
5,0,0,-81.85,11,6,4665,0,0,0,0,0,1,0,0,0,0,1,1,0,0,1,0,purchase carfax canada ulc,5700 office expense
5,0,0,-102.85,12,1,4665,0,0,0,0,0,1,0,0,0,0,1,1,0,0,1,0,purchase carfax canada ulc passtime gps renewal spring auto financial product manage cypress hill use passtime platform reduce risk prevent loss vehicle cypress portfolio 6/20/2022 update card limit $ 1000 need match renewal requirement,5700 office expense
5,0,0,-76.6,12,1,4665,0,0,0,0,0,1,0,0,0,0,1,1,0,0,1,0,purchase carfax canada ulc passtime gps renewal spring auto financial product manage cypress hill use passtime platform reduce risk prevent loss vehicle cypress portfolio 6/20/2022 update card limit $ 1000 need match renewal requirement,5700 office expense
5,0,0,-81.85,12,3,4665,0,0,0,0,0,1,0,0,0,0,1,1,0,0,1,0,purchase carfax canada ulc passtime gps renewal spring auto financial product manage cypress hill use passtime platform reduce risk prevent loss vehicle cypress portfolio 6/20/2022 update card limit $ 1000 need match renewal requirement,5700 office expense
5,0,0,-81.85,12,3,4665,0,0,0,0,0,1,0,0,0,0,1,1,0,0,1,0,purchase carfax canada ulc,5700 office expense
5,0,0,-81.85,12,3,4665,0,0,0,0,0,1,0,0,0,0,1,1,0,0,1,0,purchase carfax canada ulc passtime gps renewal spring auto financial product manage cypress hill use passtime platform reduce risk prevent loss vehicle cypress portfolio 6/20/2022 update card limit $ 1000 need match renewal requirement,5700 office expense
5,0,0,-102.85,12,3,4665,0,0,0,0,0,1,0,0,0,0,1,1,0,0,1,0,purchase carfax canada ulc passtime gps renewal spring auto financial product manage cypress hill use passtime platform reduce risk prevent loss vehicle cypress portfolio 6/20/2022 update card limit $ 1000 need match renewal requirement,5700 office expense
5,0,0,-81.85,12,3,4665,0,0,0,0,0,1,0,0,0,0,1,1,0,0,1,0,purchase carfax canada ulc passtime gps renewal spring auto financial product manage cypress hill use passtime platform reduce risk prevent loss vehicle cypress portfolio 6/20/2022 update card limit $ 1000 need match renewal requirement,5700 office expense
5,0,0,-81.85,12,4,4665,0,0,0,0,0,1,0,0,0,0,1,1,0,0,1,0,purchase carfax canada ulc passtime gps renewal spring auto financial product manage cypress hill use passtime platform reduce risk prevent loss vehicle cypress portfolio 6/20/2022 update card limit $ 1000 need match renewal requirement,5700 office expense
5,0,0,-81.85,12,4,4665,0,0,0,0,0,1,0,0,0,0,1,1,0,0,1,0,purchase carfax canada ulc passtime gps renewal spring auto financial product manage cypress hill use passtime platform reduce risk prevent loss vehicle cypress portfolio 6/20/2022 update card limit $ 1000 need match renewal requirement,5700 office expense
5,0,0,-81.85,12,4,4665,0,0,0,0,0,1,0,0,0,0,1,1,0,0,1,0,purchase carfax canada ulc passtime gps renewal spring auto financial product manage cypress hill use passtime platform reduce risk prevent loss vehicle cypress portfolio 6/20/2022 update card limit $ 1000 need match renewal requirement,5700 office expense
5,0,0,-81.85,12,4,4665,0,0,0,0,0,1,0,0,0,0,1,1,0,0,1,0,purchase carfax canada ulc passtime gps renewal spring auto financial product manage cypress hill use passtime platform reduce risk prevent loss vehicle cypress portfolio 6/20/2022 update card limit $ 1000 need match renewal requirement,5700 office expense
5,0,0,-81.85,12,5,4665,0,0,0,0,0,1,0,0,0,0,1,1,0,0,1,0,purchase carfax canada ulc passtime gps renewal spring auto financial product manage cypress hill use passtime platform reduce risk prevent loss vehicle cypress portfolio 6/20/2022 update card limit $ 1000 need match renewal requirement,5700 office expense
5,0,0,-81.85,12,5,4665,0,0,0,0,0,1,0,0,0,0,1,1,0,0,1,0,purchase carfax canada ulc passtime gps renewal spring auto financial product manage cypress hill use passtime platform reduce risk prevent loss vehicle cypress portfolio 6/20/2022 update card limit $ 1000 need match renewal requirement,5700 office expense
5,0,0,-81.85,12,5,4665,0,0,0,0,0,1,0,0,0,0,1,1,0,0,1,0,purchase carfax canada ulc passtime gps renewal spring auto financial product manage cypress hill use passtime platform reduce risk prevent loss vehicle cypress portfolio 6/20/2022 update card limit $ 1000 need match renewal requirement,5700 office expense
5,0,0,-81.85,12,1,4665,0,0,0,0,0,1,0,0,0,0,1,1,0,0,1,0,purchase carfax canada ulc passtime gps renewal spring auto financial product manage cypress hill use passtime platform reduce risk prevent loss vehicle cypress portfolio 6/20/2022 update card limit $ 1000 need match renewal requirement,5700 office expense
5,0,0,-76.6,12,1,4665,0,0,0,0,0,1,0,0,0,0,1,1,0,0,1,0,purchase carfax canada ulc passtime gps renewal spring auto financial product manage cypress hill use passtime platform reduce risk prevent loss vehicle cypress portfolio 6/20/2022 update card limit $ 1000 need match renewal requirement,5700 office expense
5,0,0,-76.6,12,1,4665,0,0,0,0,0,1,0,0,0,0,1,1,0,0,1,0,purchase carfax canada ulc passtime gps renewal spring auto financial product manage cypress hill use passtime platform reduce risk prevent loss vehicle cypress portfolio 6/20/2022 update card limit $ 1000 need match renewal requirement,5700 office expense
5,0,0,-76.6,12,1,4665,0,0,0,0,0,1,0,0,0,0,1,1,0,0,1,0,purchase carfax canada ulc,5700 office expense
5,0,0,-76.6,12,2,4665,0,0,0,0,0,1,0,0,0,0,1,1,0,0,1,0,purchase carfax canada ulc passtime gps renewal spring auto financial product manage cypress hill use passtime platform reduce risk prevent loss vehicle cypress portfolio 6/20/2022 update card limit $ 1000 need match renewal requirement,5700 office expense
5,0,0,-97.6,12,3,4665,0,0,0,0,0,1,0,0,0,0,1,1,0,0,1,0,purchase carfax canada ulc passtime gps renewal spring auto financial product manage cypress hill use passtime platform reduce risk prevent loss vehicle cypress portfolio 6/20/2022 update card limit $ 1000 need match renewal requirement,5700 office expense
5,0,0,-76.6,12,3,4665,0,0,0,0,0,1,0,0,0,0,1,1,0,0,1,0,purchase carfax canada ulc passtime gps renewal spring auto financial product manage cypress hill use passtime platform reduce risk prevent loss vehicle cypress portfolio 6/20/2022 update card limit $ 1000 need match renewal requirement,5700 office expense
5,0,0,-76.6,12,4,4665,0,0,0,0,0,1,0,0,0,0,1,1,0,0,1,0,purchase carfax canada ulc passtime gps renewal spring auto financial product manage cypress hill use passtime platform reduce risk prevent loss vehicle cypress portfolio 6/20/2022 update card limit $ 1000 need match renewal requirement,5700 office expense
5,0,0,-76.6,12,1,4665,0,0,0,0,0,1,0,0,0,0,1,1,0,0,1,0,purchase carfax canada ulc,5700 office expense
5,0,0,-76.6,12,1,4665,0,0,0,0,0,1,0,0,0,0,1,1,0,0,1,0,purchase carfax canada ulc,5700 office expense
5,0,0,-76.6,12,1,4665,0,0,0,0,0,1,0,0,0,0,1,1,0,0,1,0,purchase carfax canada ulc passtime gps renewal spring auto financial product manage cypress hill use passtime platform reduce risk prevent loss vehicle cypress portfolio 6/20/2022 update card limit $ 1000 need match renewal requirement,5700 office expense
5,0,0,-76.6,12,2,4665,0,0,0,0,0,1,0,0,0,0,1,1,0,0,1,0,purchase carfax canada ulc,5700 office expense
5,0,0,-76.6,12,2,4665,0,0,0,0,0,1,0,0,0,0,1,1,0,0,1,0,purchase carfax canada ulc,5700 office expense
5,0,0,-97.6,12,2,4665,0,0,0,0,0,1,0,0,0,0,1,1,0,0,1,0,purchase carfax canada ulc,5700 office expense
5,0,0,-76.6,12,3,4665,0,0,0,0,0,1,0,0,0,0,1,1,0,0,1,0,purchase carfax canada ulc,5700 office expense
5,0,0,-76.6,12,3,4665,0,0,0,0,0,1,0,0,0,0,1,1,0,0,1,0,purchase carfax canada ulc,5700 office expense
5,0,0,-76.6,12,3,4665,0,0,0,0,0,1,0,0,0,0,1,1,0,0,1,0,purchase carfax canada ulc,5700 office expense
5,0,0,-76.6,12,4,4665,0,0,0,0,0,1,0,0,0,0,1,1,0,0,1,0,purchase carfax canada ulc,5700 office expense
5,0,0,-76.6,12,4,4665,0,0,0,0,0,1,0,0,0,0,1,1,0,0,1,0,purchase carfax canada ulc,5700 office expense
5,0,0,-76.6,12,4,4665,0,0,0,0,0,1,0,0,0,0,1,1,0,0,1,0,purchase carfax canada ulc,5700 office expense
5,0,0,-76.6,12,4,4665,0,0,0,0,0,1,0,0,0,0,1,1,0,0,1,0,purchase carfax canada ulc,5700 office expense
5,0,0,-76.6,12,4,4665,0,0,0,0,0,1,0,0,0,0,1,1,0,0,1,0,purchase carfax canada ulc,5700 office expense
5,0,0,-76.6,12,5,4665,0,0,0,0,0,1,0,0,0,0,1,1,0,0,1,0,purchase carfax canada ulc,5700 office expense
5,0,0,-76.6,12,5,4665,0,0,0,0,0,1,0,0,0,0,1,1,0,0,1,0,purchase carfax canada ulc,5700 office expense
5,0,0,-76.6,12,5,4665,0,0,0,0,0,1,0,0,0,0,1,1,0,0,1,0,purchase carfax canada ulc,5700 office expense
5,0,0,-76.6,12,1,4665,0,0,0,0,0,1,0,0,0,0,1,1,0,0,1,0,purchase carfax canada ulc,5700 office expense
5,0,0,-76.6,12,2,4665,0,0,0,0,0,1,0,0,0,0,1,1,0,0,1,0,purchase carfax canada ulc,5700 office expense
5,0,0,-76.6,12,2,4665,0,0,0,0,0,1,0,0,0,0,1,1,0,0,1,0,purchase carfax canada ulc,5700 office expense
5,0,0,-76.6,12,3,4665,0,0,0,0,0,1,0,0,0,0,1,1,0,0,1,0,purchase carfax canada ulc,5700 office expense
5,0,0,-76.6,12,3,4665,0,0,0,0,0,1,0,0,0,0,1,1,0,0,1,0,purchase carfax canada ulc,5700 office expense
5,0,0,-76.6,12,3,4665,0,0,0,0,0,1,0,0,0,0,1,1,0,0,1,0,purchase carfax canada ulc,5700 office expense
5,0,0,-76.6,12,1,4665,0,0,0,0,0,1,0,0,0,0,1,1,0,0,1,0,purchase carfax canada ulc,5700 office expense
5,0,0,-76.6,12,1,4665,0,0,0,0,0,1,0,0,0,0,1,1,0,0,1,0,purchase carfax canada ulc,5700 office expense
5,0,0,-76.6,12,1,4665,0,0,0,0,0,1,0,0,0,0,1,1,0,0,1,0,purchase carfax canada ulc,5700 office expense
5,0,0,-76.6,12,2,4665,0,0,0,0,0,1,0,0,0,0,1,1,0,0,1,0,purchase carfax canada ulc,5700 office expense
11,0,0,-90.0,1,5,6858,0,0,0,0,0,1,0,0,0,0,1,1,0,0,1,0,purchase blackhawk network inc,5700 office expense
11,0,0,-1386.0,2,1,2894,0,0,0,0,0,1,0,0,0,0,1,1,0,0,1,0,purchase cascadia shading design,5700 office expense
11,0,0,-100.0,1,6,6858,0,0,0,0,0,1,0,0,0,0,1,1,0,0,1,0,purchase blackhawk network inc,5700 office expense
11,0,0,-100.0,1,2,6858,0,0,0,0,0,1,0,0,0,0,1,1,0,0,1,0,purchase blackhawk network inc,5700 office expense
11,0,0,-65.0,1,2,6858,0,0,0,0,0,1,0,0,0,0,1,1,0,0,1,0,purchase blackhawk network inc food beverage event prize award etc,5700 office expense
11,0,0,-100.0,1,3,6858,0,0,0,0,0,1,0,0,0,0,1,1,0,0,1,0,purchase blackhawk network inc,5700 office expense
11,0,0,-108.77,8,2,4065,0,0,0,0,0,1,0,0,0,0,1,1,0,0,1,0,purchase cfshopcard.ca food beverage event prize award etc,5700 office expense
6,0,0,-691.91,1,4,5314,0,0,0,0,0,1,0,0,0,0,1,1,0,0,1,0,purchase cineplex rec room 1002,5700 office expense
6,0,0,-36.75,1,5,5314,0,0,0,0,0,1,0,0,0,0,1,1,0,0,1,0,purchase cineplex rec room 1002,5700 office expense
6,0,0,-45.24,1,5,5314,0,0,0,0,0,1,0,0,0,0,1,1,0,0,1,0,purchase cineplex rec room 1002,5700 office expense
6,0,0,-36.75,1,5,5314,0,0,0,0,0,1,0,0,0,0,1,1,0,0,1,0,purchase cineplex rec room 1002,5700 office expense
11,0,0,-227.54,10,5,4258,0,1,0,0,0,1,0,0,0,0,1,1,0,0,1,0,purchase coal harbour liquor store,5700 office expense
11,0,0,-66.88,10,5,4258,0,1,0,0,0,1,0,0,0,0,1,1,0,0,1,0,purchase coal harbour liquor store,5700 office expense
11,0,0,-395.39,10,3,4258,0,1,0,0,0,1,0,0,0,0,1,1,0,0,1,0,purchase coal harbour liquor store,5700 office expense
6,0,0,-349.58,11,1,4258,0,1,0,0,0,1,0,0,0,0,1,1,0,0,1,0,purchase coal harbour liquor store,5700 office expense
11,0,0,-20.0,1,4,6858,0,0,0,0,0,1,0,0,0,0,1,1,0,0,1,0,purchase blackhawk network inc,5700 office expense
2,0,0,-47.5,7,4,4032,0,0,0,0,0,1,0,0,0,0,1,1,0,0,1,0,purchase cob swangard stadium,5700 office expense
4,0,0,-1011.36,1,6,364,0,0,0,0,0,1,0,0,0,0,1,1,0,0,1,0,purchase coconut grove spring financial cx gift card $ 10 tim horton cards,5700 office expense
4,0,0,-820.96,2,1,364,0,0,0,0,0,1,0,0,0,0,1,1,0,0,1,0,purchase coconut grove spring financial cx gift card $ 10 tim horton cards,5700 office expense
4,0,0,-820.96,3,5,364,0,0,0,0,0,1,0,0,0,0,1,1,0,0,1,0,purchase coconut grove spring financial cx gift card $ 10 tim horton cards,5700 office expense
4,0,0,-820.96,4,2,364,0,0,0,0,0,1,0,0,0,0,1,1,0,0,1,0,purchase coconut grove spring financial cx gift card $ 10 tim horton cards,5700 office expense
4,0,0,-820.96,5,5,364,0,0,0,0,0,1,0,0,0,0,1,1,0,0,1,0,purchase coconut grove spring financial cx gift card $ 10 tim horton cards,5700 office expense
4,0,0,-820.96,6,3,364,0,0,0,0,0,1,0,0,0,0,1,1,0,0,1,0,purchase coconut grove spring financial cx gift card $ 10 tim horton cards,5700 office expense
4,0,0,-820.96,7,4,364,0,0,0,0,0,1,0,0,0,0,1,1,0,0,1,0,purchase coconut grove spring financial cx gift card $ 10 tim horton cards,5700 office expense
4,0,0,-820.96,8,4,364,0,0,0,0,0,1,0,0,0,0,1,1,0,0,1,0,purchase coconut grove spring financial cx gift card $ 10 tim horton cards,5700 office expense
4,0,0,-820.96,9,6,364,0,0,0,0,0,1,0,0,0,0,1,1,0,0,1,0,purchase coconut grove spring financial cx gift card $ 10 tim horton cards,5700 office expense
4,0,0,-820.96,10,2,364,0,0,0,0,0,1,0,0,0,0,1,1,0,0,1,0,purchase coconut grove spring financial cx gift card $ 10 tim horton cards,5700 office expense
4,0,0,-820.96,11,4,364,0,0,0,0,0,1,0,0,0,0,1,1,0,0,1,0,purchase coconut grove spring financial cx gift card $ 10 tim horton cards,5700 office expense
4,0,0,-820.96,12,2,364,0,0,0,0,0,1,0,0,0,0,1,1,0,0,1,0,purchase coconut grove spring financial cx gift card $ 10 tim horton cards,5700 office expense
11,0,0,-12.23,1,5,8593,0,0,0,0,0,1,0,0,0,0,1,1,0,0,1,0,purchase cpc scp 645001,5700 office expense
6,0,0,-15.32,1,5,8593,0,0,0,0,0,1,0,0,0,0,1,1,0,0,1,0,purchase cpc scp 645001,5700 office expense
6,0,0,-15.32,1,3,8593,0,0,0,0,0,1,0,0,0,0,1,1,0,0,1,0,purchase cpc scp 645001,5700 office expense
10,0,0,-25.43,1,1,8593,0,0,0,0,0,1,0,0,0,0,1,1,0,0,1,0,purchase cpc scp 645001 license renewal,5700 office expense
11,0,0,-27.01,2,3,8593,0,0,0,0,0,1,0,0,0,0,1,1,0,0,1,0,purchase cpc scp 645001,5700 office expense
11,0,0,-203.7,2,2,8593,0,0,0,0,0,1,0,0,0,0,1,1,0,0,1,0,purchase cpc scp 645001,5700 office expense
11,0,0,-228.27,2,2,8593,0,0,0,0,0,1,0,0,0,0,1,1,0,0,1,0,purchase cpc scp 645001,5700 office expense
11,0,0,-15.32,3,5,8593,0,0,0,0,0,1,0,0,0,0,1,1,0,0,1,0,purchase cpc scp 645001,5700 office expense
11,0,0,-34.42,3,5,8593,0,0,0,0,0,1,0,0,0,0,1,1,0,0,1,0,purchase cpc scp 645001,5700 office expense
11,0,0,-15.32,3,3,8593,0,0,0,0,0,1,0,0,0,0,1,1,0,0,1,0,purchase cpc scp 645001,5700 office expense
11,0,0,-88.39,3,5,8593,0,0,0,0,0,1,0,0,0,0,1,1,0,0,1,0,purchase cpc scp 645001,5700 office expense
11,0,0,-60.88,3,3,8593,0,0,0,0,0,1,0,0,0,0,1,1,0,0,1,0,purchase cpc scp 645001,5700 office expense
11,0,0,-128.95,3,1,8593,0,0,0,0,0,1,0,0,0,0,1,1,0,0,1,0,purchase cpc scp 645001,5700 office expense
11,0,0,-214.1,3,2,8593,0,0,0,0,0,1,0,0,0,0,1,1,0,0,1,0,purchase cpc scp 645001,5700 office expense
11,0,0,-237.33,4,2,8593,0,0,0,0,0,1,0,0,0,0,1,1,0,0,1,0,purchase cpc scp 645001,5700 office expense
11,0,0,-15.32,4,3,8593,0,0,0,0,0,1,0,0,0,0,1,1,0,0,1,0,purchase cpc scp 645001,5700 office expense
11,0,0,-143.88,4,5,8593,0,0,0,0,0,1,0,0,0,0,1,1,0,0,1,0,purchase cpc scp 645001,5700 office expense
11,0,0,-391.56,4,2,8593,0,0,0,0,0,1,0,0,0,0,1,1,0,0,1,0,purchase cpc scp 645001,5700 office expense
17,0,0,-126.57,4,4,8593,0,0,0,0,0,1,0,0,0,0,1,1,0,0,1,0,purchase cpc scp 645001 hardware shipment india office,5700 office expense
11,0,0,-15.32,4,5,8593,0,0,0,0,0,1,0,0,0,0,1,1,0,0,1,0,purchase cpc scp 645001,5700 office expense
17,0,0,-69.28,4,2,8593,0,0,0,0,0,1,0,0,0,0,1,1,0,0,1,0,purchase cpc scp 645001,5700 office expense
17,0,0,-15.94,4,2,8593,0,0,0,0,0,1,0,0,0,0,1,1,0,0,1,0,purchase cpc scp 645001 shipping box hardware,5700 office expense
17,0,0,69.28,4,2,8593,0,0,0,0,0,1,0,0,0,0,1,1,0,0,0,1,refund cpc scp 645001,5700 office expense
17,0,0,-92.19,4,2,8593,0,0,0,0,0,1,0,0,0,0,1,1,0,0,1,0,purchase cpc scp 645001 hardware shipment,5700 office expense
17,0,0,-85.66,4,2,8593,0,0,0,0,0,1,0,0,0,0,1,1,0,0,1,0,purchase cpc scp 645001 hardware shipment,5700 office expense
17,0,0,-101.72,4,3,8593,0,0,0,0,0,1,0,0,0,0,1,1,0,0,1,0,purchase cpc scp 645001 hardware shipment india,5700 office expense
17,0,0,-101.72,4,2,8593,0,0,0,0,0,1,0,0,0,0,1,1,0,0,1,0,purchase cpc scp 645001 hardware shipment,5700 office expense
17,0,0,-54.44,4,5,8593,0,0,0,0,0,1,0,0,0,0,1,1,0,0,1,0,purchase cpc scp 645001 hardware shipment,5700 office expense
17,0,0,-8.38,4,2,8593,0,0,0,0,0,1,0,0,0,0,1,1,0,0,1,0,purchase cpc scp 645001 hardware shipment box,5700 office expense
17,0,0,-34.98,4,2,8593,0,0,0,0,0,1,0,0,0,0,1,1,0,0,1,0,purchase cpc scp 645001 hardware shipment,5700 office expense
17,0,0,-16.78,5,4,8593,0,0,0,0,0,1,0,0,0,0,1,1,0,0,1,0,purchase cpc scp 645001 hardware shipment box,5700 office expense
17,0,0,-86.02,5,5,8593,0,0,0,0,0,1,0,0,0,0,1,1,0,0,1,0,purchase cpc scp 645001 hardware shipment,5700 office expense
17,0,0,-90.05,5,5,8593,0,0,0,0,0,1,0,0,0,0,1,1,0,0,1,0,purchase cpc scp 645001 hardware shipment,5700 office expense
11,0,0,-15.32,5,2,8593,0,0,0,0,0,1,0,0,0,0,1,1,0,0,1,0,purchase cpc scp 645001,5700 office expense
11,0,0,-15.32,5,3,8593,0,0,0,0,0,1,0,0,0,0,1,1,0,0,1,0,purchase cpc scp 645001,5700 office expense
17,0,0,8.38,5,2,8593,0,0,0,0,0,1,0,0,0,0,1,1,0,0,0,1,refund cpc scp 645001,5700 office expense
17,0,0,-7.83,5,2,8593,0,0,0,0,0,1,0,0,0,0,1,1,0,0,1,0,purchase cpc scp 645001 hardware shipping box,5700 office expense
17,0,0,-8.95,5,2,8593,0,0,0,0,0,1,0,0,0,0,1,1,0,0,1,0,purchase cpc scp 645001 hardware shipment,5700 office expense
17,0,0,-0.55,5,2,8593,0,0,0,0,0,1,0,0,0,0,1,1,0,0,1,0,purchase cpc scp 645001,5700 office expense
11,0,0,-15.32,6,4,8593,0,0,0,0,0,1,0,0,0,0,1,1,0,0,1,0,purchase cpc scp 645001,5700 office expense
17,0,0,-8.95,6,1,8593,0,0,0,0,0,1,0,0,0,0,1,1,0,0,1,0,purchase cpc scp 645001 hardware shipment box,5700 office expense
17,0,0,-8.5,6,5,8593,0,0,0,0,0,1,0,0,0,0,1,1,0,0,1,0,purchase cpc scp 645001 hardware shipment box,5700 office expense
6,0,0,-15.32,7,2,8593,0,0,0,0,0,1,0,0,0,0,1,1,0,0,1,0,purchase cpc scp 645001,5700 office expense
11,0,0,-160.84,7,2,8593,0,0,0,0,0,1,0,0,0,0,1,1,0,0,1,0,purchase cpc scp 645001,5700 office expense
11,0,0,-15.32,7,3,8593,0,0,0,0,0,1,0,0,0,0,1,1,0,0,1,0,purchase cpc scp 645001,5700 office expense
11,0,0,-8.5,8,3,8593,0,0,0,0,0,1,0,0,0,0,1,1,0,0,1,0,purchase cpc scp 645001,5700 office expense
17,0,0,-8.5,8,4,8593,0,0,0,0,0,1,0,0,0,0,1,1,0,0,1,0,purchase cpc scp 645001 hardware shipment box,5700 office expense
11,0,0,-15.32,8,3,8593,0,0,0,0,0,1,0,0,0,0,1,1,0,0,1,0,purchase cpc scp 645001,5700 office expense
11,0,0,-15.32,8,1,8593,0,0,0,0,0,1,0,0,0,0,1,1,0,0,1,0,purchase cpc scp 645001,5700 office expense
17,0,0,-17.0,8,2,8593,0,0,0,0,0,1,0,0,0,0,1,1,0,0,1,0,purchase cpc scp 645001 hardware shipment box,5700 office expense
11,0,0,-15.32,8,3,8593,0,0,0,0,0,1,0,0,0,0,1,1,0,0,1,0,purchase cpc scp 645001,5700 office expense
11,0,0,-15.32,9,2,8593,0,0,0,0,0,1,0,0,0,0,1,1,0,0,1,0,purchase cpc scp 645001,5700 office expense
6,0,0,-15.32,9,4,8593,0,0,0,0,0,1,0,0,0,0,1,1,0,0,1,0,purchase cpc scp 645001,5700 office expense
11,0,0,-15.32,9,2,8593,0,0,0,0,0,1,0,0,0,0,1,1,0,0,1,0,purchase cpc scp 645001,5700 office expense
11,0,0,-15.32,9,3,8593,0,0,0,0,0,1,0,0,0,0,1,1,0,0,1,0,purchase cpc scp 645001,5700 office expense
17,0,0,-8.95,9,4,8593,0,0,0,0,0,1,0,0,0,0,1,1,0,0,1,0,purchase cpc scp 645001 hardware shipment box,5700 office expense
11,0,0,-15.32,9,1,8593,0,0,0,0,0,1,0,0,0,0,1,1,0,0,1,0,purchase cpc scp 645001,5700 office expense
11,0,0,-8.95,9,2,8593,0,0,0,0,0,1,0,0,0,0,1,1,0,0,1,0,purchase cpc scp 645001,5700 office expense
11,0,0,-15.32,10,2,8593,0,0,0,0,0,1,0,0,0,0,1,1,0,0,1,0,purchase cpc scp 645001,5700 office expense
11,0,0,-14.13,10,2,8593,0,0,0,0,0,1,0,0,0,0,1,1,0,0,1,0,purchase cpc scp 645001,5700 office expense
11,0,0,-15.32,11,3,8593,0,0,0,0,0,1,0,0,0,0,1,1,0,0,1,0,purchase cpc scp 645001,5700 office expense
11,0,0,-15.32,11,4,8593,0,0,0,0,0,1,0,0,0,0,1,1,0,0,1,0,purchase cpc scp 645001,5700 office expense
11,0,0,-15.32,11,2,8593,0,0,0,0,0,1,0,0,0,0,1,1,0,0,1,0,purchase cpc scp 645001,5700 office expense
11,0,0,-15.32,11,3,8593,0,0,0,0,0,1,0,0,0,0,1,1,0,0,1,0,purchase cpc scp 645001,5700 office expense
11,0,0,-15.32,11,5,8593,0,0,0,0,0,1,0,0,0,0,1,1,0,0,1,0,purchase cpc scp 645001,5700 office expense
11,0,0,-15.32,12,2,8593,0,0,0,0,0,1,0,0,0,0,1,1,0,0,1,0,purchase cpc scp 645001,5700 office expense
11,0,0,-15.32,12,4,8593,0,0,0,0,0,1,0,0,0,0,1,1,0,0,1,0,purchase cpc scp 645001,5700 office expense
11,0,0,-15.32,12,1,8593,0,0,0,0,0,1,0,0,0,0,1,1,0,0,1,0,purchase cpc scp 645001,5700 office expense
11,0,0,-15.32,12,2,8593,0,0,0,0,0,1,0,0,0,0,1,1,0,0,1,0,purchase cpc scp 645001,5700 office expense
11,0,0,-15.32,12,5,8593,0,0,0,0,0,1,0,0,0,0,1,1,0,0,1,0,purchase cpc scp 645001,5700 office expense
17,0,0,-26.85,12,1,8593,0,0,0,0,0,1,0,0,0,0,1,1,0,0,1,0,purchase cpc scp 645001 computer shipment box,5700 office expense
17,0,0,-8.95,12,1,8593,0,0,0,0,0,1,0,0,0,0,1,1,0,0,1,0,purchase cpc scp 645001 computer shipment box,5700 office expense
11,0,0,-25.0,9,6,6664,0,0,0,0,0,1,0,0,0,0,1,1,0,0,1,0,purchase cs aritzia gc food beverage event prize award etc,5700 office expense
11,0,0,-15.0,1,2,6664,0,0,0,0,0,1,0,0,0,0,1,1,0,0,1,0,purchase cs cashstar gft crd food beverage event prize award etc,5700 office expense
6,0,0,-150.0,11,5,6664,0,0,0,0,0,1,0,0,0,0,1,1,0,0,1,0,purchase cs cashstar gft crd,5700 office expense
6,0,0,-200.0,11,1,6664,0,0,0,0,0,1,0,0,0,0,1,1,0,0,1,0,purchase cs cashstar gft crd,5700 office expense
6,0,0,-400.0,11,1,6664,0,0,0,0,0,1,0,0,0,0,1,1,0,0,1,0,purchase cs cashstar gft crd,5700 office expense
11,0,0,-250.0,4,4,6664,0,0,0,0,0,1,0,0,0,0,1,1,0,0,1,0,purchase cs lululemon gc food beverage event prize award etc,5700 office expense
11,0,0,-100.0,10,6,6664,0,0,0,0,0,1,0,0,0,0,1,1,0,0,1,0,purchase cs lululemon gc food beverage event prize award etc,5700 office expense
11,0,0,-25.0,10,2,6664,0,0,0,0,0,1,0,0,0,0,1,1,0,0,1,0,purchase cs skip gc food beverage event prize award etc,5700 office expense
11,0,0,-50.0,6,6,6664,0,0,0,0,0,1,0,0,0,0,1,1,0,0,1,0,purchase cs thdca gc,5700 office expense
11,0,0,-150.0,11,3,6664,0,0,0,0,0,1,0,0,0,0,1,1,0,0,1,0,purchase cs timhorton gc,5700 office expense
11,0,0,-110.0,11,3,6664,0,0,0,0,0,1,0,0,0,0,1,1,0,0,1,0,purchase cs timhorton gc,5700 office expense
11,0,0,-120.0,11,3,6664,0,0,0,0,0,1,0,0,0,0,1,1,0,0,1,0,purchase cs timhorton gc,5700 office expense
11,0,0,-150.0,11,5,6664,0,0,0,0,0,1,0,0,0,0,1,1,0,0,1,0,purchase cs timhorton gc,5700 office expense
11,0,0,-160.0,11,5,6664,0,0,0,0,0,1,0,0,0,0,1,1,0,0,1,0,purchase cs timhorton gc,5700 office expense
11,0,0,-65.0,11,1,6664,0,0,0,0,0,1,0,0,0,0,1,1,0,0,1,0,purchase cs timhorton gc,5700 office expense
11,0,0,-30.0,11,3,6664,0,0,0,0,0,1,0,0,0,0,1,1,0,0,1,0,purchase cs timhorton gc,5700 office expense
11,0,0,-50.0,11,3,6664,0,0,0,0,0,1,0,0,0,0,1,1,0,0,1,0,purchase cs timhorton gc food beverage event prize award etc,5700 office expense
11,0,0,-150.0,11,4,6664,0,0,0,0,0,1,0,0,0,0,1,1,0,0,1,0,purchase cs timhorton gc,5700 office expense
11,0,0,-40.0,11,1,6664,0,0,0,0,0,1,0,0,0,0,1,1,0,0,1,0,purchase cs timhorton gc,5700 office expense
11,0,0,-160.0,11,1,6664,0,0,0,0,0,1,0,0,0,0,1,1,0,0,1,0,purchase cs timhorton gc,5700 office expense
11,0,0,-80.0,12,1,6664,0,0,0,0,0,1,0,0,0,0,1,1,0,0,1,0,purchase cs timhorton gc,5700 office expense
11,0,0,-20.0,1,5,6858,0,0,0,0,0,1,0,0,0,0,1,1,0,0,1,0,purchase blackhawk network inc,5700 office expense
6,0,0,-171.75,2,1,3972,0,1,0,0,0,1,0,0,0,0,1,1,0,0,1,0,purchase dd doordashbombaykitch,5700 office expense
12,0,0,-13.42,1,4,1248,0,1,0,0,0,1,0,0,0,0,1,1,0,0,1,0,purchase dd doordashnofrill,5700 office expense
12,0,0,-33.21,1,4,1248,0,1,0,0,0,1,0,0,0,0,1,1,0,0,1,0,purchase dd doordashnofrill,5700 office expense
12,0,0,-1.05,1,2,602,0,1,0,0,0,1,0,0,0,0,1,1,0,0,1,0,purchase dd doordashwalmart,5700 office expense
12,0,0,-34.2,1,2,602,0,1,0,0,0,1,0,0,0,0,1,1,0,0,1,0,purchase dd doordashwalmart,5700 office expense
6,0,0,-5.05,6,5,7602,0,0,0,0,0,1,0,0,0,0,1,1,0,0,1,0,purchase dollarama 512,5700 office expense
6,0,0,-12.6,9,5,7602,0,0,0,0,0,1,0,0,0,0,1,1,0,0,1,0,purchase dollarama 512,5700 office expense
6,0,0,-15.96,4,4,9608,0,0,0,0,0,1,0,0,0,0,1,1,0,0,1,0,purchase dollarama 818,5700 office expense
11,0,0,-19.04,5,4,9608,0,0,0,0,0,1,0,0,0,0,1,1,0,0,1,0,purchase dollarama 818,5700 office expense
11,0,0,-9.8,8,3,9608,0,0,0,0,0,1,0,0,0,0,1,1,0,0,1,0,purchase dollarama 818,5700 office expense
6,0,0,-11.48,7,2,7665,0,0,0,0,0,1,0,0,0,0,1,1,0,0,1,0,purchase dollarama 846,5700 office expense
11,0,0,-15.96,8,4,7665,0,0,0,0,0,1,0,0,0,0,1,1,0,0,1,0,purchase dollarama 846,5700 office expense
11,0,0,-27.45,8,2,9678,0,0,0,0,0,1,0,0,0,0,1,1,0,0,1,0,purchase dollarama 1225,5700 office expense
11,0,0,-35.05,2,1,4709,0,0,0,0,0,1,0,0,0,0,1,1,0,0,1,0,purchase dollarama 1416,5700 office expense
6,0,0,-6.44,5,4,4709,0,0,0,0,0,1,0,0,0,0,1,1,0,0,1,0,purchase dollarama 1416,5700 office expense
6,0,0,-10.49,6,4,4709,0,0,0,0,0,1,0,0,0,0,1,1,0,0,1,0,purchase dollarama 1416,5700 office expense
6,0,0,-40.6,7,4,4709,0,0,0,0,0,1,0,0,0,0,1,1,0,0,1,0,purchase dollarama 1416,5700 office expense
11,0,0,-38.92,7,3,4709,0,0,0,0,0,1,0,0,0,0,1,1,0,0,1,0,purchase dollarama 1416,5700 office expense
11,0,0,-38.95,8,5,4709,0,0,0,0,0,1,0,0,0,0,1,1,0,0,1,0,purchase dollarama 1416,5700 office expense
11,0,0,-45.0,1,2,6858,0,0,0,0,0,1,0,0,0,0,1,1,0,0,1,0,purchase blackhawk network inc,5700 office expense
11,0,0,-895.99,4,4,4383,0,0,0,0,0,1,0,0,0,0,1,1,0,0,1,0,purchase dyson canada food beverage event prize award etc,5700 office expense
11,0,0,705.59,5,4,4383,0,0,0,0,0,1,0,0,0,0,1,1,0,0,0,1,refund dyson canada,5700 office expense
5,0,0,-73.45,7,5,4665,0,0,0,0,0,1,0,0,0,0,1,1,0,0,1,0,purchase carfax canada ulc passtime gps renewal spring auto financial product manage cypress hill use passtime platform reduce risk prevent loss vehicle cypress portfolio 6/20/2022 update card limit $ 1000 need match renewal requirement,5700 office expense
11,0,0,-5.38,12,3,8285,0,0,0,0,0,1,0,0,0,0,1,1,0,0,1,0,purchase easypark cp9 pos parking xmas party prize pick,5700 office expense
16,0,0,-1387.0,5,5,7572,0,0,0,0,0,1,0,0,0,0,1,1,0,0,1,0,purchase eventbrite canadianfin,5700 office expense
11,0,0,-351.55,9,5,4258,0,1,0,0,0,1,0,0,0,0,1,1,0,0,1,0,purchase coal harbour liquor store,5700 office expense
11,0,0,-120.0,2,3,6664,0,0,0,0,0,1,0,0,0,0,1,1,0,0,1,0,purchase cs timhorton gc,5700 office expense
11,0,0,-599.27,10,3,92,0,0,0,0,0,1,0,0,0,0,1,1,0,0,1,0,purchase wine/12424,5700 office expense
11,0,0,23.03,10,3,92,0,0,0,0,0,1,0,0,0,0,1,1,0,0,0,1,refund wine/12424,5700 office expense
11,0,0,-812.79,10,3,92,0,0,0,0,0,1,0,0,0,0,1,1,0,0,1,0,purchase wine/12424,5700 office expense
6,0,0,-500.0,2,2,7786,0,0,0,0,0,1,0,0,0,0,1,1,0,0,1,0,purchase f&f(finishing furnish,5700 office expense
7,0,0,-36.0,4,5,5223,0,0,0,0,0,0,0,0,0,0,1,0,0,0,1,0,purchase fa gift private limited,5700 office expense
7,0,0,-36.68,6,4,5223,0,0,0,0,0,0,0,0,0,0,1,0,0,0,1,0,purchase fa gift private limited,5700 office expense
11,0,0,-705.87,4,3,4383,0,0,0,0,0,1,0,0,0,0,1,1,0,0,1,0,purchase dyson canada,5700 office expense
5,0,0,-1610.39,9,4,6512,0,0,0,0,0,1,0,0,0,0,1,1,0,0,1,0,purchase fh canadian wilderne,5700 office expense
5,0,0,-530.46,9,3,6512,0,0,0,0,0,1,0,0,0,0,1,1,0,0,1,0,purchase fh canadian wilderne,5700 office expense
10,0,0,-8500.0,2,5,870,0,0,0,0,0,1,0,0,0,0,1,1,0,0,1,0,purchase financial consumer af license renewal,5700 office expense
11,0,0,-80.64,8,5,179,0,0,0,0,0,1,0,0,0,0,1,1,0,0,1,0,purchase gearbase camera,5700 office expense
5,0,0,-1387.0,10,3,1382,0,0,0,0,0,1,0,0,0,0,1,1,0,0,1,0,purchase eventbrite canadianlen,5700 office expense
2,0,0,-500.0,10,4,6230,0,0,0,0,0,1,0,0,0,0,1,1,0,0,1,0,purchase eventbrite stanfordde,5700 office expense
5,0,0,-10.0,3,2,7125,0,0,0,0,0,1,0,0,0,0,1,1,0,0,1,0,purchase gov nl lien check passtime gps renewal spring auto financial product manage cypress hill use passtime platform reduce risk prevent loss vehicle cypress portfolio 6/20/2022 update card limit $ 1000 need match renewal requirement,5700 office expense
5,0,0,-10.0,7,6,7125,0,0,0,0,0,1,0,0,0,0,1,1,0,0,1,0,purchase gov nl lien check passtime gps renewal spring auto financial product manage cypress hill use passtime platform reduce risk prevent loss vehicle cypress portfolio 6/20/2022 update card limit $ 1000 need match renewal requirement,5700 office expense
5,0,0,-10.0,7,6,7125,0,0,0,0,0,1,0,0,0,0,1,1,0,0,1,0,purchase gov nl lien check passtime gps renewal spring auto financial product manage cypress hill use passtime platform reduce risk prevent loss vehicle cypress portfolio 6/20/2022 update card limit $ 1000 need match renewal requirement,5700 office expense
5,0,0,-10.0,8,5,7125,0,0,0,0,0,1,0,0,0,0,1,1,0,0,1,0,purchase gov nl lien check passtime gps renewal spring auto financial product manage cypress hill use passtime platform reduce risk prevent loss vehicle cypress portfolio 6/20/2022 update card limit $ 1000 need match renewal requirement,5700 office expense
5,0,0,-10.0,8,6,7125,0,0,0,0,0,1,0,0,0,0,1,1,0,0,1,0,purchase gov nl lien check passtime gps renewal spring auto financial product manage cypress hill use passtime platform reduce risk prevent loss vehicle cypress portfolio 6/20/2022 update card limit $ 1000 need match renewal requirement,5700 office expense
5,0,0,-10.0,8,6,7125,0,0,0,0,0,1,0,0,0,0,1,1,0,0,1,0,purchase gov nl lien check passtime gps renewal spring auto financial product manage cypress hill use passtime platform reduce risk prevent loss vehicle cypress portfolio 6/20/2022 update card limit $ 1000 need match renewal requirement,5700 office expense
5,0,0,-10.0,8,5,7125,0,0,0,0,0,1,0,0,0,0,1,1,0,0,1,0,purchase gov nl lien check passtime gps renewal spring auto financial product manage cypress hill use passtime platform reduce risk prevent loss vehicle cypress portfolio 6/20/2022 update card limit $ 1000 need match renewal requirement,5700 office expense
5,0,0,-10.0,9,6,7125,0,0,0,0,0,1,0,0,0,0,1,1,0,0,1,0,purchase gov nl lien check passtime gps renewal spring auto financial product manage cypress hill use passtime platform reduce risk prevent loss vehicle cypress portfolio 6/20/2022 update card limit $ 1000 need match renewal requirement,5700 office expense
5,0,0,-10.0,9,2,7125,0,0,0,0,0,1,0,0,0,0,1,1,0,0,1,0,purchase gov nl lien check,5700 office expense
5,0,0,-10.0,4,2,7125,0,0,0,0,0,1,0,0,0,0,1,1,0,0,1,0,purchase gov nl lien check passtime gps renewal spring auto financial product manage cypress hill use passtime platform reduce risk prevent loss vehicle cypress portfolio 6/20/2022 update card limit $ 1000 need match renewal requirement,5700 office expense
5,0,0,-10.0,5,6,7125,0,0,0,0,0,1,0,0,0,0,1,1,0,0,1,0,purchase gov nl lien check passtime gps renewal spring auto financial product manage cypress hill use passtime platform reduce risk prevent loss vehicle cypress portfolio 6/20/2022 update card limit $ 1000 need match renewal requirement,5700 office expense
5,0,0,-10.0,5,2,7125,0,0,0,0,0,1,0,0,0,0,1,1,0,0,1,0,purchase gov nl lien check passtime gps renewal spring auto financial product manage cypress hill use passtime platform reduce risk prevent loss vehicle cypress portfolio 6/20/2022 update card limit $ 1000 need match renewal requirement,5700 office expense
5,0,0,-10.0,5,3,7125,0,0,0,0,0,1,0,0,0,0,1,1,0,0,1,0,purchase gov nl lien check passtime gps renewal spring auto financial product manage cypress hill use passtime platform reduce risk prevent loss vehicle cypress portfolio 6/20/2022 update card limit $ 1000 need match renewal requirement,5700 office expense
5,0,0,-10.0,5,2,7125,0,0,0,0,0,1,0,0,0,0,1,1,0,0,1,0,purchase gov nl lien check passtime gps renewal spring auto financial product manage cypress hill use passtime platform reduce risk prevent loss vehicle cypress portfolio 6/20/2022 update card limit $ 1000 need match renewal requirement,5700 office expense
5,0,0,-10.0,6,5,7125,0,0,0,0,0,1,0,0,0,0,1,1,0,0,1,0,purchase gov nl lien check passtime gps renewal spring auto financial product manage cypress hill use passtime platform reduce risk prevent loss vehicle cypress portfolio 6/20/2022 update card limit $ 1000 need match renewal requirement,5700 office expense
5,0,0,-10.0,6,5,7125,0,0,0,0,0,1,0,0,0,0,1,1,0,0,1,0,purchase gov nl lien check passtime gps renewal spring auto financial product manage cypress hill use passtime platform reduce risk prevent loss vehicle cypress portfolio 6/20/2022 update card limit $ 1000 need match renewal requirement,5700 office expense
5,0,0,-10.0,6,5,7125,0,0,0,0,0,1,0,0,0,0,1,1,0,0,1,0,purchase gov nl lien check passtime gps renewal spring auto financial product manage cypress hill use passtime platform reduce risk prevent loss vehicle cypress portfolio 6/20/2022 update card limit $ 1000 need match renewal requirement,5700 office expense
5,0,0,-10.0,6,4,7125,0,0,0,0,0,1,0,0,0,0,1,1,0,0,1,0,purchase gov nl lien check passtime gps renewal spring auto financial product manage cypress hill use passtime platform reduce risk prevent loss vehicle cypress portfolio 6/20/2022 update card limit $ 1000 need match renewal requirement,5700 office expense
6,0,0,-644.77,9,2,9008,0,0,0,0,0,0,0,0,0,0,1,0,0,0,1,0,purchase hallmark bus connection,5700 office expense
6,0,0,-5.97,5,5,2038,0,1,0,0,0,0,0,0,0,0,1,0,0,0,1,0,purchase grab,5700 office expense
6,0,0,-6.26,5,5,2038,0,1,0,0,0,0,0,0,0,0,1,0,0,0,1,0,purchase grab,5700 office expense
6,0,0,-5.21,5,6,2038,0,1,0,0,0,0,0,0,0,0,1,0,0,0,1,0,purchase grab,5700 office expense
6,0,0,-0.63,5,0,2038,0,1,0,0,0,0,0,0,0,0,1,0,0,0,1,0,purchase grab,5700 office expense
6,0,0,-6.97,5,0,2038,0,1,0,0,0,0,0,0,0,0,1,0,0,0,1,0,purchase grab,5700 office expense
6,0,0,-7.07,5,0,2038,0,1,0,0,0,0,0,0,0,0,1,0,0,0,1,0,purchase grab,5700 office expense
6,0,0,-5.84,5,0,2038,0,1,0,0,0,0,0,0,0,0,1,0,0,0,1,0,purchase grab,5700 office expense
6,0,0,-1.05,5,1,2038,0,1,0,0,0,0,0,0,0,0,1,0,0,0,1,0,purchase grab,5700 office expense
6,0,0,-41.2,5,1,2038,0,1,0,0,0,0,0,0,0,0,1,0,0,0,1,0,purchase grab,5700 office expense
6,0,0,-8.3,5,1,2038,0,1,0,0,0,0,0,0,0,0,1,0,0,0,1,0,purchase grab,5700 office expense
6,0,0,-147.55,5,1,2038,0,1,0,0,0,0,0,0,0,0,1,0,0,0,1,0,purchase grab,5700 office expense
6,0,0,-118.62,5,1,2038,0,1,0,0,0,0,0,0,0,0,1,0,0,0,1,0,purchase grab,5700 office expense
6,0,0,-5.27,5,2,2038,0,1,0,0,0,0,0,0,0,0,1,0,0,0,1,0,purchase grab,5700 office expense
6,0,0,-5.98,5,2,2038,0,1,0,0,0,0,0,0,0,0,1,0,0,0,1,0,purchase grab,5700 office expense
6,0,0,-63.27,5,2,2038,0,1,0,0,0,0,0,0,0,0,1,0,0,0,1,0,purchase grab,5700 office expense
6,0,0,-5.47,5,3,2038,0,1,0,0,0,0,0,0,0,0,1,0,0,0,1,0,purchase grab,5700 office expense
6,0,0,-3.82,5,3,2038,0,1,0,0,0,0,0,0,0,0,1,0,0,0,1,0,purchase grab,5700 office expense
6,0,0,-2.75,5,4,2038,0,1,0,0,0,0,0,0,0,0,1,0,0,0,1,0,purchase grab,5700 office expense
6,0,0,-6.93,5,4,2038,0,1,0,0,0,0,0,0,0,0,1,0,0,0,1,0,purchase grab,5700 office expense
6,0,0,-11.31,5,4,2038,0,1,0,0,0,0,0,0,0,0,1,0,0,0,1,0,purchase grab,5700 office expense
6,0,0,-4.29,5,4,2038,0,1,0,0,0,0,0,0,0,0,1,0,0,0,1,0,purchase grab,5700 office expense
6,0,0,-14.6,5,4,2038,0,1,0,0,0,0,0,0,0,0,1,0,0,0,1,0,purchase grab,5700 office expense
6,0,0,-13.56,5,4,2038,0,1,0,0,0,0,0,0,0,0,1,0,0,0,1,0,purchase grab,5700 office expense
6,0,0,-14.24,5,5,2038,0,1,0,0,0,0,0,0,0,0,1,0,0,0,1,0,purchase grab,5700 office expense
6,0,0,-6.51,5,6,2038,0,1,0,0,0,0,0,0,0,0,1,0,0,0,1,0,purchase grab,5700 office expense
6,0,0,-6.91,5,6,2038,0,1,0,0,0,0,0,0,0,0,1,0,0,0,1,0,purchase grab,5700 office expense
6,0,0,-7.54,5,1,2038,0,1,0,0,0,0,0,0,0,0,1,0,0,0,1,0,purchase grab,5700 office expense
11,0,0,-419.69,2,5,4295,0,0,0,0,0,1,0,0,0,0,1,1,0,0,1,0,purchase ic instacart,5700 office expense
9,0,0,-140.0,1,5,1115,0,0,0,0,0,1,0,0,0,0,1,1,0,0,1,0,purchase groupgreete,5700 office expense
9,0,0,-140.0,9,1,1115,0,0,0,0,0,1,0,0,0,0,1,1,0,0,1,0,purchase groupgreete,5700 office expense
6,0,0,-2501.94,4,2,3030,0,0,0,0,0,1,0,0,0,0,1,1,0,0,1,0,purchase gymshark,5700 office expense
6,0,0,338.1,5,5,3030,0,0,0,0,0,1,0,0,0,0,1,1,0,0,0,1,refund gymshark,5700 office expense
6,0,0,67.62,5,5,3030,0,0,0,0,0,1,0,0,0,0,1,1,0,0,0,1,refund gymshark,5700 office expense
6,0,0,980.49,5,5,3030,0,0,0,0,0,1,0,0,0,0,1,1,0,0,0,1,refund gymshark,5700 office expense
6,0,0,1115.73,5,1,3030,0,0,0,0,0,1,0,0,0,0,1,1,0,0,0,1,refund gymshark,5700 office expense
7,0,0,-20.33,8,4,513,0,1,0,0,0,0,0,0,0,0,1,0,0,0,1,0,purchase haldiram,5700 office expense
11,0,0,-32.47,7,5,4295,0,0,0,0,0,1,0,0,0,0,1,1,0,0,1,0,purchase ic instacart,5700 office expense
6,0,0,-34.37,7,4,4295,0,0,0,0,0,1,0,0,0,0,1,1,0,0,1,0,purchase ic instacart,5700 office expense
6,0,0,-323.38,3,2,9008,0,0,0,0,0,0,0,0,0,0,1,0,0,0,1,0,purchase hallmark bus connection,5700 office expense
6,0,0,-39.33,7,3,4295,0,0,0,0,0,1,0,0,0,0,1,1,0,0,1,0,purchase ic instacart,5700 office expense
13,0,0,-297.91,12,5,2704,0,0,0,0,0,1,0,0,0,0,1,1,0,0,1,0,purchase hazelton christmas basket business partner,5700 office expense
13,0,0,-243.59,12,5,2704,0,0,0,0,0,1,0,0,0,0,1,1,0,0,1,0,purchase hazelton holiday gift basket partner,5700 office expense
6,0,0,-3.0,7,3,4295,0,0,0,0,0,1,0,0,0,0,1,1,0,0,1,0,purchase ic instacart,5700 office expense
11,0,0,-36.73,10,3,3962,0,0,0,0,0,1,0,0,0,0,1,1,0,0,1,0,purchase hm ca0037,5700 office expense
6,0,0,-55.91,10,3,3962,0,0,0,0,0,1,0,0,0,0,1,1,0,0,1,0,purchase hm ca0037,5700 office expense
6,0,0,-1491.96,2,2,8892,0,0,0,0,0,1,0,0,0,0,1,1,0,0,1,0,purchase home sweet home candy co,5700 office expense
6,0,0,-342.65,4,5,1049,0,0,0,0,0,1,0,0,0,0,1,1,0,0,1,0,purchase houle game,5700 office expense
6,0,0,-675.43,8,2,1049,0,0,0,0,0,1,0,0,0,0,1,1,0,0,1,0,purchase houle game,5700 office expense
6,0,0,-347.2,8,3,1049,0,0,0,0,0,1,0,0,0,0,1,1,0,0,1,0,purchase houle game,5700 office expense
11,0,0,-112.92,11,3,4295,0,0,0,0,0,1,0,0,0,0,1,1,0,0,1,0,purchase ic costco instacar,5700 office expense
11,0,0,-276.43,12,2,4295,0,0,0,0,0,1,0,0,0,0,1,1,0,0,1,0,purchase ic costco instacar,5700 office expense
6,0,0,-34.04,8,5,4295,0,0,0,0,0,1,0,0,0,0,1,1,0,0,1,0,purchase ic instacart,5700 office expense
11,0,0,-116.69,4,4,4295,0,0,0,0,0,1,0,0,0,0,1,1,0,0,1,0,purchase ic instacart,5700 office expense
11,0,0,-243.33,6,5,4295,0,0,0,0,0,1,0,0,0,0,1,1,0,0,1,0,purchase ic instacart,5700 office expense
11,0,0,-30.22,10,2,4295,0,0,0,0,0,1,0,0,0,0,1,1,0,0,1,0,purchase ic instacart,5700 office expense
11,0,0,-122.89,10,4,4295,0,0,0,0,0,1,0,0,0,0,1,1,0,0,1,0,purchase ic instacart,5700 office expense
11,0,0,-130.08,10,4,4295,0,0,0,0,0,1,0,0,0,0,1,1,0,0,1,0,purchase ic instacart,5700 office expense
11,0,0,-81.03,10,1,4295,0,0,0,0,0,1,0,0,0,0,1,1,0,0,1,0,purchase ic instacart,5700 office expense
11,0,0,-169.42,11,3,4295,0,0,0,0,0,1,0,0,0,0,1,1,0,0,1,0,purchase ic instacart,5700 office expense
11,0,0,-46.45,12,1,4295,0,0,0,0,0,1,0,0,0,0,1,1,0,0,1,0,purchase ic instacart,5700 office expense
11,0,0,-75.26,12,3,4295,0,0,0,0,0,1,0,0,0,0,1,1,0,0,1,0,purchase ic instacart,5700 office expense
6,0,0,-42.18,8,4,4295,0,0,0,0,0,1,0,0,0,0,1,1,0,0,1,0,purchase ic instacart,5700 office expense
6,0,0,-44.57,8,5,4295,0,0,0,0,0,1,0,0,0,0,1,1,0,0,1,0,purchase ic instacart,5700 office expense
6,0,0,-44.87,9,5,4295,0,0,0,0,0,1,0,0,0,0,1,1,0,0,1,0,purchase ic instacart,5700 office expense
11,0,0,-41.01,9,4,4295,0,0,0,0,0,1,0,0,0,0,1,1,0,0,1,0,purchase ic instacart,5700 office expense
11,0,0,-38.1,9,5,4295,0,0,0,0,0,1,0,0,0,0,1,1,0,0,1,0,purchase ic instacart,5700 office expense
6,0,0,-20.0,5,5,5437,0,0,0,0,0,1,0,0,0,0,1,1,0,0,1,0,purchase indigo park pay phon,5700 office expense
6,0,0,-20.0,7,2,5437,0,0,0,0,0,1,0,0,0,0,1,1,0,0,1,0,purchase indigo park pay phon,5700 office expense
11,0,0,-830.87,6,2,7984,0,0,0,0,0,1,0,0,0,0,1,1,0,0,1,0,purchase indigo park v101/102 mo,5700 office expense
11,0,0,-620.55,7,2,7984,0,0,0,0,0,1,0,0,0,0,1,1,0,0,1,0,purchase indigo park v101/102 mo,5700 office expense
11,0,0,-645.49,8,5,7984,0,0,0,0,0,1,0,0,0,0,1,1,0,0,1,0,purchase indigo park v101/102 mo,5700 office expense
11,0,0,-645.49,9,1,7984,0,0,0,0,0,1,0,0,0,0,1,1,0,0,1,0,purchase indigo park v101/102 mo,5700 office expense
11,0,0,-645.49,10,3,7984,0,0,0,0,0,1,0,0,0,0,1,1,0,0,1,0,purchase indigo park v101/102 mo,5700 office expense
5,0,0,-8.0,1,4,5539,0,0,0,0,0,1,0,0,0,0,1,1,0,0,1,0,purchase mpbsd -so personal proper passtime gps renewal spring auto financial product manage cypress hill use passtime platform reduce risk prevent loss vehicle cypress portfolio 6/20/2022 update card limit $ 1000 need match renewal requirement,5700 office expense
11,0,0,-225.68,5,6,6203,0,0,0,0,0,1,0,0,0,0,1,1,0,0,1,0,purchase instant imprint,5700 office expense
11,0,0,-261.45,11,2,6203,0,0,0,0,0,1,0,0,0,0,1,1,0,0,1,0,purchase pacific blue mechanic,5700 office expense
11,0,0,-1438.5,11,3,6203,0,0,0,0,0,1,0,0,0,0,1,1,0,0,1,0,purchase pacific blue mechanic,5700 office expense
11,0,0,-1701.0,12,1,6203,0,0,0,0,0,1,0,0,0,0,1,1,0,0,1,0,purchase pacific blue mechanic,5700 office expense
5,0,0,-8.0,1,2,5539,0,0,0,0,0,1,0,0,0,0,1,1,0,0,1,0,purchase mpbsd -so personal proper passtime gps renewal spring auto financial product manage cypress hill use passtime platform reduce risk prevent loss vehicle cypress portfolio 6/20/2022 update card limit $ 1000 need match renewal requirement,5700 office expense
6,0,0,-113.07,7,2,2490,0,0,0,0,0,1,0,0,0,0,1,1,0,0,1,0,purchase indigo 789,5700 office expense
6,0,0,-109.72,7,2,2490,0,0,0,0,0,1,0,0,0,0,1,1,0,0,1,0,purchase indigo 789,5700 office expense
11,0,0,-43.1,10,3,2993,0,0,0,0,0,1,0,0,0,0,1,1,0,0,1,0,purchase indigo 975,5700 office expense
6,0,0,-10.5,10,3,2993,0,0,0,0,0,1,0,0,0,0,1,1,0,0,1,0,purchase indigo 975,5700 office expense
6,0,0,-103.82,3,6,2092,0,0,0,0,0,1,0,0,0,0,1,1,0,0,1,0,purchase indigo online,5700 office expense
6,0,0,-84.62,7,2,2092,0,0,0,0,0,1,0,0,0,0,1,1,0,0,1,0,purchase indigo online,5700 office expense
6,0,0,10.47,7,2,2092,0,0,0,0,0,1,0,0,0,0,1,1,0,0,0,1,refund indigo online,5700 office expense
6,0,0,-262.85,10,4,2092,0,0,0,0,0,1,0,0,0,0,1,1,0,0,1,0,purchase indigo online,5700 office expense
5,0,0,-8.0,1,2,7518,0,0,0,0,0,1,0,0,0,0,1,1,0,0,1,0,purchase mpbsdp -so personal prope passtime gps renewal spring auto financial product manage cypress hill use passtime platform reduce risk prevent loss vehicle cypress portfolio 6/20/2022 update card limit $ 1000 need match renewal requirement,5700 office expense
5,0,0,-8.0,1,3,7518,0,0,0,0,0,1,0,0,0,0,1,1,0,0,1,0,purchase mpbsdp -so personal prope passtime gps renewal spring auto financial product manage cypress hill use passtime platform reduce risk prevent loss vehicle cypress portfolio 6/20/2022 update card limit $ 1000 need match renewal requirement,5700 office expense
5,0,0,-8.0,2,6,7518,0,0,0,0,0,1,0,0,0,0,1,1,0,0,1,0,purchase mpbsdp -so personal prope passtime gps renewal spring auto financial product manage cypress hill use passtime platform reduce risk prevent loss vehicle cypress portfolio 6/20/2022 update card limit $ 1000 need match renewal requirement,5700 office expense
5,0,0,-8.0,2,3,7518,0,0,0,0,0,1,0,0,0,0,1,1,0,0,1,0,purchase mpbsdp -so personal prope passtime gps renewal spring auto financial product manage cypress hill use passtime platform reduce risk prevent loss vehicle cypress portfolio 6/20/2022 update card limit $ 1000 need match renewal requirement,5700 office expense
5,0,0,-8.0,3,5,7518,0,0,0,0,0,1,0,0,0,0,1,1,0,0,1,0,purchase mpbsdp -so personal prope passtime gps renewal spring auto financial product manage cypress hill use passtime platform reduce risk prevent loss vehicle cypress portfolio 6/20/2022 update card limit $ 1000 need match renewal requirement,5700 office expense
5,0,0,-8.0,3,2,7518,0,0,0,0,0,1,0,0,0,0,1,1,0,0,1,0,purchase mpbsdp -so personal prope passtime gps renewal spring auto financial product manage cypress hill use passtime platform reduce risk prevent loss vehicle cypress portfolio 6/20/2022 update card limit $ 1000 need match renewal requirement,5700 office expense
5,0,0,-8.0,3,2,7518,0,0,0,0,0,1,0,0,0,0,1,1,0,0,1,0,purchase mpbsdp -so personal prope passtime gps renewal spring auto financial product manage cypress hill use passtime platform reduce risk prevent loss vehicle cypress portfolio 6/20/2022 update card limit $ 1000 need match renewal requirement,5700 office expense
11,0,0,-645.49,11,6,7984,0,0,0,0,0,1,0,0,0,0,1,1,0,0,1,0,purchase indigo park v101/102 mo,5700 office expense
11,0,0,-645.49,12,1,7984,0,0,0,0,0,1,0,0,0,0,1,1,0,0,1,0,purchase indigo park v101/102 mo,5700 office expense
5,0,0,-8.0,3,2,7518,0,0,0,0,0,1,0,0,0,0,1,1,0,0,1,0,purchase mpbsdp -so personal prope passtime gps renewal spring auto financial product manage cypress hill use passtime platform reduce risk prevent loss vehicle cypress portfolio 6/20/2022 update card limit $ 1000 need match renewal requirement,5700 office expense
10,0,0,-700.0,1,6,3631,0,0,0,0,0,1,0,0,0,0,1,1,0,0,1,0,purchase insurance council sas license renewal,5700 office expense
6,0,0,-6.2,4,3,4293,0,0,0,0,0,1,0,0,0,0,1,1,0,0,1,0,purchase international news,5700 office expense
11,0,0,-6.27,5,4,4293,0,0,0,0,0,1,0,0,0,0,1,1,0,0,1,0,purchase international news,5700 office expense
6,0,0,-36.21,5,5,4293,0,0,0,0,0,1,0,0,0,0,1,1,0,0,1,0,purchase international news,5700 office expense
5,0,0,-8.0,3,2,7518,0,0,0,0,0,1,0,0,0,0,1,1,0,0,1,0,purchase mpbsdp -so personal prope passtime gps renewal spring auto financial product manage cypress hill use passtime platform reduce risk prevent loss vehicle cypress portfolio 6/20/2022 update card limit $ 1000 need match renewal requirement,5700 office expense
5,0,0,-8.0,3,2,7518,0,0,0,0,0,1,0,0,0,0,1,1,0,0,1,0,purchase mpbsdp -so personal prope passtime gps renewal spring auto financial product manage cypress hill use passtime platform reduce risk prevent loss vehicle cypress portfolio 6/20/2022 update card limit $ 1000 need match renewal requirement,5700 office expense
5,0,0,-8.0,3,2,7518,0,0,0,0,0,1,0,0,0,0,1,1,0,0,1,0,purchase mpbsdp -so personal prope passtime gps renewal spring auto financial product manage cypress hill use passtime platform reduce risk prevent loss vehicle cypress portfolio 6/20/2022 update card limit $ 1000 need match renewal requirement,5700 office expense
5,0,0,-8.0,3,4,7518,0,0,0,0,0,1,0,0,0,0,1,1,0,0,1,0,purchase mpbsdp -so personal prope passtime gps renewal spring auto financial product manage cypress hill use passtime platform reduce risk prevent loss vehicle cypress portfolio 6/20/2022 update card limit $ 1000 need match renewal requirement,5700 office expense
3,0,0,-163.87,11,0,9477,0,0,0,0,0,0,0,0,0,0,1,0,0,0,1,0,purchase kinsta,5700 office expense
5,0,0,-8.0,3,5,7518,0,0,0,0,0,1,0,0,0,0,1,1,0,0,1,0,purchase mpbsdp -so personal prope passtime gps renewal spring auto financial product manage cypress hill use passtime platform reduce risk prevent loss vehicle cypress portfolio 6/20/2022 update card limit $ 1000 need match renewal requirement,5700 office expense
5,0,0,-8.0,3,6,7518,0,0,0,0,0,1,0,0,0,0,1,1,0,0,1,0,purchase mpbsdp -so personal prope passtime gps renewal spring auto financial product manage cypress hill use passtime platform reduce risk prevent loss vehicle cypress portfolio 6/20/2022 update card limit $ 1000 need match renewal requirement,5700 office expense
5,0,0,-8.0,3,6,7518,0,0,0,0,0,1,0,0,0,0,1,1,0,0,1,0,purchase mpbsdp -so personal prope passtime gps renewal spring auto financial product manage cypress hill use passtime platform reduce risk prevent loss vehicle cypress portfolio 6/20/2022 update card limit $ 1000 need match renewal requirement,5700 office expense
5,0,0,-8.0,3,6,7518,0,0,0,0,0,1,0,0,0,0,1,1,0,0,1,0,purchase mpbsdp -so personal prope passtime gps renewal spring auto financial product manage cypress hill use passtime platform reduce risk prevent loss vehicle cypress portfolio 6/20/2022 update card limit $ 1000 need match renewal requirement,5700 office expense
5,0,0,-8.0,3,6,7518,0,0,0,0,0,1,0,0,0,0,1,1,0,0,1,0,purchase mpbsdp -so personal prope passtime gps renewal spring auto financial product manage cypress hill use passtime platform reduce risk prevent loss vehicle cypress portfolio 6/20/2022 update card limit $ 1000 need match renewal requirement,5700 office expense
5,0,0,-8.0,3,2,7518,0,0,0,0,0,1,0,0,0,0,1,1,0,0,1,0,purchase mpbsdp -so personal prope passtime gps renewal spring auto financial product manage cypress hill use passtime platform reduce risk prevent loss vehicle cypress portfolio 6/20/2022 update card limit $ 1000 need match renewal requirement,5700 office expense
5,0,0,-8.0,3,2,7518,0,0,0,0,0,1,0,0,0,0,1,1,0,0,1,0,purchase mpbsdp -so personal prope passtime gps renewal spring auto financial product manage cypress hill use passtime platform reduce risk prevent loss vehicle cypress portfolio 6/20/2022 update card limit $ 1000 need match renewal requirement,5700 office expense
13,0,0,-300.0,12,3,7945,0,0,0,0,0,1,0,0,0,0,1,1,0,0,1,0,purchase la maison simon simon gift card brodie marshall win mtl xmas party,5700 office expense
10,0,0,-239.0,2,1,6706,0,0,0,0,0,1,0,0,0,0,1,1,0,0,1,0,purchase lawinsider.com license renewal,5700 office expense
11,0,0,-811.87,10,3,4282,0,1,0,0,0,1,0,0,0,0,1,1,0,0,1,0,purchase legacy liquor store,5700 office expense
11,0,0,-16.55,8,3,5904,0,0,1,0,0,1,0,0,0,0,1,1,0,0,1,0,purchase loblaws city market,5700 office expense
11,0,0,-77.65,10,2,1952,0,0,0,0,0,1,0,0,0,0,1,1,0,0,1,0,purchase london drug 19,5700 office expense
7,0,0,-921.71,5,1,6913,0,0,0,0,0,0,0,0,0,0,1,0,0,0,1,0,purchase luv com iphone flutter developer bloom,5700 office expense
5,0,0,-8.0,3,2,7518,0,0,0,0,0,1,0,0,0,0,1,1,0,0,1,0,purchase mpbsdp -so personal prope passtime gps renewal spring auto financial product manage cypress hill use passtime platform reduce risk prevent loss vehicle cypress portfolio 6/20/2022 update card limit $ 1000 need match renewal requirement,5700 office expense
6,0,0,-78.39,7,3,5992,0,0,0,0,0,1,0,0,0,0,1,1,0,0,1,0,purchase michael 3974,5700 office expense
5,0,0,-8.0,3,3,7518,0,0,0,0,0,1,0,0,0,0,1,1,0,0,1,0,purchase mpbsdp -so personal prope passtime gps renewal spring auto financial product manage cypress hill use passtime platform reduce risk prevent loss vehicle cypress portfolio 6/20/2022 update card limit $ 1000 need match renewal requirement,5700 office expense
0,16,16,-91.98,12,1,9995,0,0,0,0,0,1,0,0,0,0,1,1,0,1,0,0,bill payment montreal cowork montreal cowork,5700 office expense
6,0,0,-454.15,10,2,1638,0,0,0,0,0,1,0,0,0,0,1,1,0,0,1,0,purchase montreal cowork inc,5700 office expense
11,0,0,-303.54,8,4,3491,0,0,0,0,0,1,0,0,0,0,1,1,0,0,1,0,purchase montvr,5700 office expense
6,0,0,-239.95,8,2,6572,0,0,0,0,0,1,0,0,0,0,1,1,0,0,1,0,purchase movinghelpcom,5700 office expense
6,0,0,75.0,9,3,6572,0,0,0,0,0,1,0,0,0,0,1,1,0,0,0,1,refund movinghelpcom,5700 office expense
5,0,0,-8.0,3,3,7518,0,0,0,0,0,1,0,0,0,0,1,1,0,0,1,0,purchase mpbsdp -so personal prope passtime gps renewal spring auto financial product manage cypress hill use passtime platform reduce risk prevent loss vehicle cypress portfolio 6/20/2022 update card limit $ 1000 need match renewal requirement,5700 office expense
5,0,0,-8.0,3,4,7518,0,0,0,0,0,1,0,0,0,0,1,1,0,0,1,0,purchase mpbsdp -so personal prope passtime gps renewal spring auto financial product manage cypress hill use passtime platform reduce risk prevent loss vehicle cypress portfolio 6/20/2022 update card limit $ 1000 need match renewal requirement,5700 office expense
5,0,0,-8.0,3,4,7518,0,0,0,0,0,1,0,0,0,0,1,1,0,0,1,0,purchase mpbsdp -so personal prope passtime gps renewal spring auto financial product manage cypress hill use passtime platform reduce risk prevent loss vehicle cypress portfolio 6/20/2022 update card limit $ 1000 need match renewal requirement,5700 office expense
5,0,0,-8.0,3,6,7518,0,0,0,0,0,1,0,0,0,0,1,1,0,0,1,0,purchase mpbsdp -so personal prope passtime gps renewal spring auto financial product manage cypress hill use passtime platform reduce risk prevent loss vehicle cypress portfolio 6/20/2022 update card limit $ 1000 need match renewal requirement,5700 office expense
5,0,0,-8.0,4,2,7518,0,0,0,0,0,1,0,0,0,0,1,1,0,0,1,0,purchase mpbsdp -so personal prope passtime gps renewal spring auto financial product manage cypress hill use passtime platform reduce risk prevent loss vehicle cypress portfolio 6/20/2022 update card limit $ 1000 need match renewal requirement,5700 office expense
5,0,0,-8.0,4,5,7518,0,0,0,0,0,1,0,0,0,0,1,1,0,0,1,0,purchase mpbsdp -so personal prope passtime gps renewal spring auto financial product manage cypress hill use passtime platform reduce risk prevent loss vehicle cypress portfolio 6/20/2022 update card limit $ 1000 need match renewal requirement,5700 office expense
5,0,0,-8.0,4,2,7518,0,0,0,0,0,1,0,0,0,0,1,1,0,0,1,0,purchase mpbsdp -so personal prope passtime gps renewal spring auto financial product manage cypress hill use passtime platform reduce risk prevent loss vehicle cypress portfolio 6/20/2022 update card limit $ 1000 need match renewal requirement,5700 office expense
5,0,0,-8.0,4,3,7518,0,0,0,0,0,1,0,0,0,0,1,1,0,0,1,0,purchase mpbsdp -so personal prope passtime gps renewal spring auto financial product manage cypress hill use passtime platform reduce risk prevent loss vehicle cypress portfolio 6/20/2022 update card limit $ 1000 need match renewal requirement,5700 office expense
5,0,0,-8.0,4,2,7518,0,0,0,0,0,1,0,0,0,0,1,1,0,0,1,0,purchase mpbsdp -so personal prope passtime gps renewal spring auto financial product manage cypress hill use passtime platform reduce risk prevent loss vehicle cypress portfolio 6/20/2022 update card limit $ 1000 need match renewal requirement,5700 office expense
5,0,0,-8.0,4,2,7518,0,0,0,0,0,1,0,0,0,0,1,1,0,0,1,0,purchase mpbsdp -so personal prope passtime gps renewal spring auto financial product manage cypress hill use passtime platform reduce risk prevent loss vehicle cypress portfolio 6/20/2022 update card limit $ 1000 need match renewal requirement,5700 office expense
5,0,0,-8.0,4,2,7518,0,0,0,0,0,1,0,0,0,0,1,1,0,0,1,0,purchase mpbsdp -so personal prope passtime gps renewal spring auto financial product manage cypress hill use passtime platform reduce risk prevent loss vehicle cypress portfolio 6/20/2022 update card limit $ 1000 need match renewal requirement,5700 office expense
5,0,0,-8.0,4,3,7518,0,0,0,0,0,1,0,0,0,0,1,1,0,0,1,0,purchase mpbsdp -so personal prope passtime gps renewal spring auto financial product manage cypress hill use passtime platform reduce risk prevent loss vehicle cypress portfolio 6/20/2022 update card limit $ 1000 need match renewal requirement,5700 office expense
5,0,0,-8.0,4,4,7518,0,0,0,0,0,1,0,0,0,0,1,1,0,0,1,0,purchase mpbsdp -so personal prope passtime gps renewal spring auto financial product manage cypress hill use passtime platform reduce risk prevent loss vehicle cypress portfolio 6/20/2022 update card limit $ 1000 need match renewal requirement,5700 office expense
5,0,0,-8.0,4,4,7518,0,0,0,0,0,1,0,0,0,0,1,1,0,0,1,0,purchase mpbsdp -so personal prope passtime gps renewal spring auto financial product manage cypress hill use passtime platform reduce risk prevent loss vehicle cypress portfolio 6/20/2022 update card limit $ 1000 need match renewal requirement,5700 office expense
5,0,0,-8.0,4,5,7518,0,0,0,0,0,1,0,0,0,0,1,1,0,0,1,0,purchase mpbsdp -so personal prope passtime gps renewal spring auto financial product manage cypress hill use passtime platform reduce risk prevent loss vehicle cypress portfolio 6/20/2022 update card limit $ 1000 need match renewal requirement,5700 office expense
5,0,0,-8.0,4,5,7518,0,0,0,0,0,1,0,0,0,0,1,1,0,0,1,0,purchase mpbsdp -so personal prope passtime gps renewal spring auto financial product manage cypress hill use passtime platform reduce risk prevent loss vehicle cypress portfolio 6/20/2022 update card limit $ 1000 need match renewal requirement,5700 office expense
5,0,0,-8.0,4,0,7518,0,0,0,0,0,1,0,0,0,0,1,1,0,0,1,0,purchase mpbsdp -so personal prope passtime gps renewal spring auto financial product manage cypress hill use passtime platform reduce risk prevent loss vehicle cypress portfolio 6/20/2022 update card limit $ 1000 need match renewal requirement,5700 office expense
5,0,0,-8.0,5,3,7518,0,0,0,0,0,1,0,0,0,0,1,1,0,0,1,0,purchase mpbsdp -so personal prope passtime gps renewal spring auto financial product manage cypress hill use passtime platform reduce risk prevent loss vehicle cypress portfolio 6/20/2022 update card limit $ 1000 need match renewal requirement,5700 office expense
5,0,0,-8.0,5,3,7518,0,0,0,0,0,1,0,0,0,0,1,1,0,0,1,0,purchase mpbsdp -so personal prope passtime gps renewal spring auto financial product manage cypress hill use passtime platform reduce risk prevent loss vehicle cypress portfolio 6/20/2022 update card limit $ 1000 need match renewal requirement,5700 office expense
5,0,0,-8.0,5,3,7518,0,0,0,0,0,1,0,0,0,0,1,1,0,0,1,0,purchase mpbsdp -so personal prope passtime gps renewal spring auto financial product manage cypress hill use passtime platform reduce risk prevent loss vehicle cypress portfolio 6/20/2022 update card limit $ 1000 need match renewal requirement,5700 office expense
5,0,0,-8.0,5,4,7518,0,0,0,0,0,1,0,0,0,0,1,1,0,0,1,0,purchase mpbsdp -so personal prope passtime gps renewal spring auto financial product manage cypress hill use passtime platform reduce risk prevent loss vehicle cypress portfolio 6/20/2022 update card limit $ 1000 need match renewal requirement,5700 office expense
5,0,0,-8.0,7,4,7518,0,0,0,0,0,1,0,0,0,0,1,1,0,0,1,0,purchase mpbsdp -so personal prope passtime gps renewal spring auto financial product manage cypress hill use passtime platform reduce risk prevent loss vehicle cypress portfolio 6/20/2022 update card limit $ 1000 need match renewal requirement,5700 office expense
5,0,0,-8.0,7,4,7518,0,0,0,0,0,1,0,0,0,0,1,1,0,0,1,0,purchase mpbsdp -so personal prope passtime gps renewal spring auto financial product manage cypress hill use passtime platform reduce risk prevent loss vehicle cypress portfolio 6/20/2022 update card limit $ 1000 need match renewal requirement,5700 office expense
5,0,0,-8.0,7,4,7518,0,0,0,0,0,1,0,0,0,0,1,1,0,0,1,0,purchase mpbsdp -so personal prope passtime gps renewal spring auto financial product manage cypress hill use passtime platform reduce risk prevent loss vehicle cypress portfolio 6/20/2022 update card limit $ 1000 need match renewal requirement,5700 office expense
5,0,0,-8.0,7,6,7518,0,0,0,0,0,1,0,0,0,0,1,1,0,0,1,0,purchase mpbsdp -so personal prope passtime gps renewal spring auto financial product manage cypress hill use passtime platform reduce risk prevent loss vehicle cypress portfolio 6/20/2022 update card limit $ 1000 need match renewal requirement,5700 office expense
5,0,0,-8.0,7,2,7518,0,0,0,0,0,1,0,0,0,0,1,1,0,0,1,0,purchase mpbsdp -so personal prope passtime gps renewal spring auto financial product manage cypress hill use passtime platform reduce risk prevent loss vehicle cypress portfolio 6/20/2022 update card limit $ 1000 need match renewal requirement,5700 office expense
5,0,0,-8.0,7,2,7518,0,0,0,0,0,1,0,0,0,0,1,1,0,0,1,0,purchase mpbsdp -so personal prope passtime gps renewal spring auto financial product manage cypress hill use passtime platform reduce risk prevent loss vehicle cypress portfolio 6/20/2022 update card limit $ 1000 need match renewal requirement,5700 office expense
5,0,0,-8.0,7,2,7518,0,0,0,0,0,1,0,0,0,0,1,1,0,0,1,0,purchase mpbsdp -so personal prope passtime gps renewal spring auto financial product manage cypress hill use passtime platform reduce risk prevent loss vehicle cypress portfolio 6/20/2022 update card limit $ 1000 need match renewal requirement,5700 office expense
5,0,0,-8.0,7,3,7518,0,0,0,0,0,1,0,0,0,0,1,1,0,0,1,0,purchase mpbsdp -so personal prope passtime gps renewal spring auto financial product manage cypress hill use passtime platform reduce risk prevent loss vehicle cypress portfolio 6/20/2022 update card limit $ 1000 need match renewal requirement,5700 office expense
5,0,0,-8.0,7,3,7518,0,0,0,0,0,1,0,0,0,0,1,1,0,0,1,0,purchase mpbsdp -so personal prope passtime gps renewal spring auto financial product manage cypress hill use passtime platform reduce risk prevent loss vehicle cypress portfolio 6/20/2022 update card limit $ 1000 need match renewal requirement,5700 office expense
5,0,0,-8.0,7,3,7518,0,0,0,0,0,1,0,0,0,0,1,1,0,0,1,0,purchase mpbsdp -so personal prope passtime gps renewal spring auto financial product manage cypress hill use passtime platform reduce risk prevent loss vehicle cypress portfolio 6/20/2022 update card limit $ 1000 need match renewal requirement,5700 office expense
5,0,0,-8.0,7,4,7518,0,0,0,0,0,1,0,0,0,0,1,1,0,0,1,0,purchase mpbsdp -so personal prope passtime gps renewal spring auto financial product manage cypress hill use passtime platform reduce risk prevent loss vehicle cypress portfolio 6/20/2022 update card limit $ 1000 need match renewal requirement,5700 office expense
5,0,0,-8.0,7,4,7518,0,0,0,0,0,1,0,0,0,0,1,1,0,0,1,0,purchase mpbsdp -so personal prope passtime gps renewal spring auto financial product manage cypress hill use passtime platform reduce risk prevent loss vehicle cypress portfolio 6/20/2022 update card limit $ 1000 need match renewal requirement,5700 office expense
5,0,0,-8.0,7,4,7518,0,0,0,0,0,1,0,0,0,0,1,1,0,0,1,0,purchase mpbsdp -so personal prope passtime gps renewal spring auto financial product manage cypress hill use passtime platform reduce risk prevent loss vehicle cypress portfolio 6/20/2022 update card limit $ 1000 need match renewal requirement,5700 office expense
5,0,0,-8.0,7,5,7518,0,0,0,0,0,1,0,0,0,0,1,1,0,0,1,0,purchase mpbsdp -so personal prope passtime gps renewal spring auto financial product manage cypress hill use passtime platform reduce risk prevent loss vehicle cypress portfolio 6/20/2022 update card limit $ 1000 need match renewal requirement,5700 office expense
5,0,0,-8.0,7,5,7518,0,0,0,0,0,1,0,0,0,0,1,1,0,0,1,0,purchase mpbsdp -so personal prope passtime gps renewal spring auto financial product manage cypress hill use passtime platform reduce risk prevent loss vehicle cypress portfolio 6/20/2022 update card limit $ 1000 need match renewal requirement,5700 office expense
5,0,0,-8.0,7,6,7518,0,0,0,0,0,1,0,0,0,0,1,1,0,0,1,0,purchase mpbsdp -so personal prope passtime gps renewal spring auto financial product manage cypress hill use passtime platform reduce risk prevent loss vehicle cypress portfolio 6/20/2022 update card limit $ 1000 need match renewal requirement,5700 office expense
5,0,0,-8.0,7,6,7518,0,0,0,0,0,1,0,0,0,0,1,1,0,0,1,0,purchase mpbsdp -so personal prope passtime gps renewal spring auto financial product manage cypress hill use passtime platform reduce risk prevent loss vehicle cypress portfolio 6/20/2022 update card limit $ 1000 need match renewal requirement,5700 office expense
5,0,0,-8.0,7,3,7518,0,0,0,0,0,1,0,0,0,0,1,1,0,0,1,0,purchase mpbsdp -so personal prope passtime gps renewal spring auto financial product manage cypress hill use passtime platform reduce risk prevent loss vehicle cypress portfolio 6/20/2022 update card limit $ 1000 need match renewal requirement,5700 office expense
5,0,0,-8.0,7,4,7518,0,0,0,0,0,1,0,0,0,0,1,1,0,0,1,0,purchase mpbsdp -so personal prope passtime gps renewal spring auto financial product manage cypress hill use passtime platform reduce risk prevent loss vehicle cypress portfolio 6/20/2022 update card limit $ 1000 need match renewal requirement,5700 office expense
5,0,0,-8.0,7,4,7518,0,0,0,0,0,1,0,0,0,0,1,1,0,0,1,0,purchase mpbsdp -so personal prope passtime gps renewal spring auto financial product manage cypress hill use passtime platform reduce risk prevent loss vehicle cypress portfolio 6/20/2022 update card limit $ 1000 need match renewal requirement,5700 office expense
5,0,0,-8.0,7,4,7518,0,0,0,0,0,1,0,0,0,0,1,1,0,0,1,0,purchase mpbsdp -so personal prope passtime gps renewal spring auto financial product manage cypress hill use passtime platform reduce risk prevent loss vehicle cypress portfolio 6/20/2022 update card limit $ 1000 need match renewal requirement,5700 office expense
5,0,0,-8.0,7,4,7518,0,0,0,0,0,1,0,0,0,0,1,1,0,0,1,0,purchase mpbsdp -so personal prope passtime gps renewal spring auto financial product manage cypress hill use passtime platform reduce risk prevent loss vehicle cypress portfolio 6/20/2022 update card limit $ 1000 need match renewal requirement,5700 office expense
5,0,0,-8.0,7,5,7518,0,0,0,0,0,1,0,0,0,0,1,1,0,0,1,0,purchase mpbsdp -so personal prope passtime gps renewal spring auto financial product manage cypress hill use passtime platform reduce risk prevent loss vehicle cypress portfolio 6/20/2022 update card limit $ 1000 need match renewal requirement,5700 office expense
5,0,0,-8.0,7,5,7518,0,0,0,0,0,1,0,0,0,0,1,1,0,0,1,0,purchase mpbsdp -so personal prope passtime gps renewal spring auto financial product manage cypress hill use passtime platform reduce risk prevent loss vehicle cypress portfolio 6/20/2022 update card limit $ 1000 need match renewal requirement,5700 office expense
5,0,0,-8.0,7,5,7518,0,0,0,0,0,1,0,0,0,0,1,1,0,0,1,0,purchase mpbsdp -so personal prope passtime gps renewal spring auto financial product manage cypress hill use passtime platform reduce risk prevent loss vehicle cypress portfolio 6/20/2022 update card limit $ 1000 need match renewal requirement,5700 office expense
5,0,0,-8.0,7,2,7518,0,0,0,0,0,1,0,0,0,0,1,1,0,0,1,0,purchase mpbsdp -so personal prope passtime gps renewal spring auto financial product manage cypress hill use passtime platform reduce risk prevent loss vehicle cypress portfolio 6/20/2022 update card limit $ 1000 need match renewal requirement,5700 office expense
5,0,0,-8.0,7,3,7518,0,0,0,0,0,1,0,0,0,0,1,1,0,0,1,0,purchase mpbsdp -so personal prope,5700 office expense
5,0,0,-8.0,7,4,7518,0,0,0,0,0,1,0,0,0,0,1,1,0,0,1,0,purchase mpbsdp -so personal prope passtime gps renewal spring auto financial product manage cypress hill use passtime platform reduce risk prevent loss vehicle cypress portfolio 6/20/2022 update card limit $ 1000 need match renewal requirement,5700 office expense
5,0,0,-8.0,7,4,7518,0,0,0,0,0,1,0,0,0,0,1,1,0,0,1,0,purchase mpbsdp -so personal prope passtime gps renewal spring auto financial product manage cypress hill use passtime platform reduce risk prevent loss vehicle cypress portfolio 6/20/2022 update card limit $ 1000 need match renewal requirement,5700 office expense
5,0,0,-8.0,7,4,7518,0,0,0,0,0,1,0,0,0,0,1,1,0,0,1,0,purchase mpbsdp -so personal prope passtime gps renewal spring auto financial product manage cypress hill use passtime platform reduce risk prevent loss vehicle cypress portfolio 6/20/2022 update card limit $ 1000 need match renewal requirement,5700 office expense
5,0,0,-8.0,5,5,7518,0,0,0,0,0,1,0,0,0,0,1,1,0,0,1,0,purchase mpbsdp -so personal prope passtime gps renewal spring auto financial product manage cypress hill use passtime platform reduce risk prevent loss vehicle cypress portfolio 6/20/2022 update card limit $ 1000 need match renewal requirement,5700 office expense
5,0,0,-8.0,5,4,7518,0,0,0,0,0,1,0,0,0,0,1,1,0,0,1,0,purchase mpbsdp -so personal prope passtime gps renewal spring auto financial product manage cypress hill use passtime platform reduce risk prevent loss vehicle cypress portfolio 6/20/2022 update card limit $ 1000 need match renewal requirement,5700 office expense
5,0,0,-8.0,5,6,7518,0,0,0,0,0,1,0,0,0,0,1,1,0,0,1,0,purchase mpbsdp -so personal prope passtime gps renewal spring auto financial product manage cypress hill use passtime platform reduce risk prevent loss vehicle cypress portfolio 6/20/2022 update card limit $ 1000 need match renewal requirement,5700 office expense
5,0,0,-8.0,5,6,7518,0,0,0,0,0,1,0,0,0,0,1,1,0,0,1,0,purchase mpbsdp -so personal prope passtime gps renewal spring auto financial product manage cypress hill use passtime platform reduce risk prevent loss vehicle cypress portfolio 6/20/2022 update card limit $ 1000 need match renewal requirement,5700 office expense
5,0,0,-8.0,5,0,7518,0,0,0,0,0,1,0,0,0,0,1,1,0,0,1,0,purchase mpbsdp -so personal prope passtime gps renewal spring auto financial product manage cypress hill use passtime platform reduce risk prevent loss vehicle cypress portfolio 6/20/2022 update card limit $ 1000 need match renewal requirement,5700 office expense
5,0,0,-8.0,5,2,7518,0,0,0,0,0,1,0,0,0,0,1,1,0,0,1,0,purchase mpbsdp -so personal prope passtime gps renewal spring auto financial product manage cypress hill use passtime platform reduce risk prevent loss vehicle cypress portfolio 6/20/2022 update card limit $ 1000 need match renewal requirement,5700 office expense
5,0,0,-8.0,5,3,7518,0,0,0,0,0,1,0,0,0,0,1,1,0,0,1,0,purchase mpbsdp -so personal prope passtime gps renewal spring auto financial product manage cypress hill use passtime platform reduce risk prevent loss vehicle cypress portfolio 6/20/2022 update card limit $ 1000 need match renewal requirement,5700 office expense
5,0,0,-8.0,5,3,7518,0,0,0,0,0,1,0,0,0,0,1,1,0,0,1,0,purchase mpbsdp -so personal prope passtime gps renewal spring auto financial product manage cypress hill use passtime platform reduce risk prevent loss vehicle cypress portfolio 6/20/2022 update card limit $ 1000 need match renewal requirement,5700 office expense
5,0,0,-8.0,5,3,7518,0,0,0,0,0,1,0,0,0,0,1,1,0,0,1,0,purchase mpbsdp -so personal prope passtime gps renewal spring auto financial product manage cypress hill use passtime platform reduce risk prevent loss vehicle cypress portfolio 6/20/2022 update card limit $ 1000 need match renewal requirement,5700 office expense
5,0,0,-8.0,5,3,7518,0,0,0,0,0,1,0,0,0,0,1,1,0,0,1,0,purchase mpbsdp -so personal prope passtime gps renewal spring auto financial product manage cypress hill use passtime platform reduce risk prevent loss vehicle cypress portfolio 6/20/2022 update card limit $ 1000 need match renewal requirement,5700 office expense
5,0,0,-8.0,5,4,7518,0,0,0,0,0,1,0,0,0,0,1,1,0,0,1,0,purchase mpbsdp -so personal prope passtime gps renewal spring auto financial product manage cypress hill use passtime platform reduce risk prevent loss vehicle cypress portfolio 6/20/2022 update card limit $ 1000 need match renewal requirement,5700 office expense
5,0,0,-8.0,5,4,7518,0,0,0,0,0,1,0,0,0,0,1,1,0,0,1,0,purchase mpbsdp -so personal prope passtime gps renewal spring auto financial product manage cypress hill use passtime platform reduce risk prevent loss vehicle cypress portfolio 6/20/2022 update card limit $ 1000 need match renewal requirement,5700 office expense
5,0,0,-8.0,5,4,7518,0,0,0,0,0,1,0,0,0,0,1,1,0,0,1,0,purchase mpbsdp -so personal prope passtime gps renewal spring auto financial product manage cypress hill use passtime platform reduce risk prevent loss vehicle cypress portfolio 6/20/2022 update card limit $ 1000 need match renewal requirement,5700 office expense
5,0,0,-8.0,5,4,7518,0,0,0,0,0,1,0,0,0,0,1,1,0,0,1,0,purchase mpbsdp -so personal prope passtime gps renewal spring auto financial product manage cypress hill use passtime platform reduce risk prevent loss vehicle cypress portfolio 6/20/2022 update card limit $ 1000 need match renewal requirement,5700 office expense
5,0,0,-8.0,5,5,7518,0,0,0,0,0,1,0,0,0,0,1,1,0,0,1,0,purchase mpbsdp -so personal prope passtime gps renewal spring auto financial product manage cypress hill use passtime platform reduce risk prevent loss vehicle cypress portfolio 6/20/2022 update card limit $ 1000 need match renewal requirement,5700 office expense
5,0,0,-8.0,5,2,7518,0,0,0,0,0,1,0,0,0,0,1,1,0,0,1,0,purchase mpbsdp -so personal prope passtime gps renewal spring auto financial product manage cypress hill use passtime platform reduce risk prevent loss vehicle cypress portfolio 6/20/2022 update card limit $ 1000 need match renewal requirement,5700 office expense
5,0,0,-8.0,5,2,7518,0,0,0,0,0,1,0,0,0,0,1,1,0,0,1,0,purchase mpbsdp -so personal prope passtime gps renewal spring auto financial product manage cypress hill use passtime platform reduce risk prevent loss vehicle cypress portfolio 6/20/2022 update card limit $ 1000 need match renewal requirement,5700 office expense
5,0,0,-8.0,5,2,7518,0,0,0,0,0,1,0,0,0,0,1,1,0,0,1,0,purchase mpbsdp -so personal prope passtime gps renewal spring auto financial product manage cypress hill use passtime platform reduce risk prevent loss vehicle cypress portfolio 6/20/2022 update card limit $ 1000 need match renewal requirement,5700 office expense
5,0,0,-8.0,5,2,7518,0,0,0,0,0,1,0,0,0,0,1,1,0,0,1,0,purchase mpbsdp -so personal prope passtime gps renewal spring auto financial product manage cypress hill use passtime platform reduce risk prevent loss vehicle cypress portfolio 6/20/2022 update card limit $ 1000 need match renewal requirement,5700 office expense
5,0,0,-8.0,5,4,7518,0,0,0,0,0,1,0,0,0,0,1,1,0,0,1,0,purchase mpbsdp -so personal prope passtime gps renewal spring auto financial product manage cypress hill use passtime platform reduce risk prevent loss vehicle cypress portfolio 6/20/2022 update card limit $ 1000 need match renewal requirement,5700 office expense
5,0,0,-8.0,5,4,7518,0,0,0,0,0,1,0,0,0,0,1,1,0,0,1,0,purchase mpbsdp -so personal prope passtime gps renewal spring auto financial product manage cypress hill use passtime platform reduce risk prevent loss vehicle cypress portfolio 6/20/2022 update card limit $ 1000 need match renewal requirement,5700 office expense
5,0,0,-8.0,5,5,7518,0,0,0,0,0,1,0,0,0,0,1,1,0,0,1,0,purchase mpbsdp -so personal prope passtime gps renewal spring auto financial product manage cypress hill use passtime platform reduce risk prevent loss vehicle cypress portfolio 6/20/2022 update card limit $ 1000 need match renewal requirement,5700 office expense
5,0,0,-8.0,5,5,7518,0,0,0,0,0,1,0,0,0,0,1,1,0,0,1,0,purchase mpbsdp -so personal prope passtime gps renewal spring auto financial product manage cypress hill use passtime platform reduce risk prevent loss vehicle cypress portfolio 6/20/2022 update card limit $ 1000 need match renewal requirement,5700 office expense
5,0,0,-8.0,5,5,7518,0,0,0,0,0,1,0,0,0,0,1,1,0,0,1,0,purchase mpbsdp -so personal prope passtime gps renewal spring auto financial product manage cypress hill use passtime platform reduce risk prevent loss vehicle cypress portfolio 6/20/2022 update card limit $ 1000 need match renewal requirement,5700 office expense
5,0,0,-8.0,6,6,7518,0,0,0,0,0,1,0,0,0,0,1,1,0,0,1,0,purchase mpbsdp -so personal prope passtime gps renewal spring auto financial product manage cypress hill use passtime platform reduce risk prevent loss vehicle cypress portfolio 6/20/2022 update card limit $ 1000 need match renewal requirement,5700 office expense
5,0,0,-8.0,6,6,7518,0,0,0,0,0,1,0,0,0,0,1,1,0,0,1,0,purchase mpbsdp -so personal prope passtime gps renewal spring auto financial product manage cypress hill use passtime platform reduce risk prevent loss vehicle cypress portfolio 6/20/2022 update card limit $ 1000 need match renewal requirement,5700 office expense
5,0,0,-8.0,6,3,7518,0,0,0,0,0,1,0,0,0,0,1,1,0,0,1,0,purchase mpbsdp -so personal prope passtime gps renewal spring auto financial product manage cypress hill use passtime platform reduce risk prevent loss vehicle cypress portfolio 6/20/2022 update card limit $ 1000 need match renewal requirement,5700 office expense
5,0,0,-8.0,6,4,7518,0,0,0,0,0,1,0,0,0,0,1,1,0,0,1,0,purchase mpbsdp -so personal prope passtime gps renewal spring auto financial product manage cypress hill use passtime platform reduce risk prevent loss vehicle cypress portfolio 6/20/2022 update card limit $ 1000 need match renewal requirement,5700 office expense
5,0,0,-8.0,6,4,7518,0,0,0,0,0,1,0,0,0,0,1,1,0,0,1,0,purchase mpbsdp -so personal prope passtime gps renewal spring auto financial product manage cypress hill use passtime platform reduce risk prevent loss vehicle cypress portfolio 6/20/2022 update card limit $ 1000 need match renewal requirement,5700 office expense
5,0,0,-8.0,6,4,7518,0,0,0,0,0,1,0,0,0,0,1,1,0,0,1,0,purchase mpbsdp -so personal prope passtime gps renewal spring auto financial product manage cypress hill use passtime platform reduce risk prevent loss vehicle cypress portfolio 6/20/2022 update card limit $ 1000 need match renewal requirement,5700 office expense
5,0,0,-8.0,6,4,7518,0,0,0,0,0,1,0,0,0,0,1,1,0,0,1,0,purchase mpbsdp -so personal prope passtime gps renewal spring auto financial product manage cypress hill use passtime platform reduce risk prevent loss vehicle cypress portfolio 6/20/2022 update card limit $ 1000 need match renewal requirement,5700 office expense
5,0,0,-8.0,6,5,7518,0,0,0,0,0,1,0,0,0,0,1,1,0,0,1,0,purchase mpbsdp -so personal prope passtime gps renewal spring auto financial product manage cypress hill use passtime platform reduce risk prevent loss vehicle cypress portfolio 6/20/2022 update card limit $ 1000 need match renewal requirement,5700 office expense
5,0,0,-8.0,6,5,7518,0,0,0,0,0,1,0,0,0,0,1,1,0,0,1,0,purchase mpbsdp -so personal prope passtime gps renewal spring auto financial product manage cypress hill use passtime platform reduce risk prevent loss vehicle cypress portfolio 6/20/2022 update card limit $ 1000 need match renewal requirement,5700 office expense
5,0,0,-8.0,6,5,7518,0,0,0,0,0,1,0,0,0,0,1,1,0,0,1,0,purchase mpbsdp -so personal prope passtime gps renewal spring auto financial product manage cypress hill use passtime platform reduce risk prevent loss vehicle cypress portfolio 6/20/2022 update card limit $ 1000 need match renewal requirement,5700 office expense
5,0,0,-8.0,6,5,7518,0,0,0,0,0,1,0,0,0,0,1,1,0,0,1,0,purchase mpbsdp -so personal prope passtime gps renewal spring auto financial product manage cypress hill use passtime platform reduce risk prevent loss vehicle cypress portfolio 6/20/2022 update card limit $ 1000 need match renewal requirement,5700 office expense
5,0,0,-8.0,6,5,7518,0,0,0,0,0,1,0,0,0,0,1,1,0,0,1,0,purchase mpbsdp -so personal prope passtime gps renewal spring auto financial product manage cypress hill use passtime platform reduce risk prevent loss vehicle cypress portfolio 6/20/2022 update card limit $ 1000 need match renewal requirement,5700 office expense
5,0,0,-8.0,6,2,7518,0,0,0,0,0,1,0,0,0,0,1,1,0,0,1,0,purchase mpbsdp -so personal prope passtime gps renewal spring auto financial product manage cypress hill use passtime platform reduce risk prevent loss vehicle cypress portfolio 6/20/2022 update card limit $ 1000 need match renewal requirement,5700 office expense
5,0,0,-8.0,6,5,7518,0,0,0,0,0,1,0,0,0,0,1,1,0,0,1,0,purchase mpbsdp -so personal prope passtime gps renewal spring auto financial product manage cypress hill use passtime platform reduce risk prevent loss vehicle cypress portfolio 6/20/2022 update card limit $ 1000 need match renewal requirement,5700 office expense
5,0,0,-8.0,6,5,7518,0,0,0,0,0,1,0,0,0,0,1,1,0,0,1,0,purchase mpbsdp -so personal prope passtime gps renewal spring auto financial product manage cypress hill use passtime platform reduce risk prevent loss vehicle cypress portfolio 6/20/2022 update card limit $ 1000 need match renewal requirement,5700 office expense
5,0,0,-8.0,6,5,7518,0,0,0,0,0,1,0,0,0,0,1,1,0,0,1,0,purchase mpbsdp -so personal prope passtime gps renewal spring auto financial product manage cypress hill use passtime platform reduce risk prevent loss vehicle cypress portfolio 6/20/2022 update card limit $ 1000 need match renewal requirement,5700 office expense
5,0,0,-8.0,6,5,7518,0,0,0,0,0,1,0,0,0,0,1,1,0,0,1,0,purchase mpbsdp -so personal prope passtime gps renewal spring auto financial product manage cypress hill use passtime platform reduce risk prevent loss vehicle cypress portfolio 6/20/2022 update card limit $ 1000 need match renewal requirement,5700 office expense
5,0,0,-8.0,6,2,7518,0,0,0,0,0,1,0,0,0,0,1,1,0,0,1,0,purchase mpbsdp -so personal prope passtime gps renewal spring auto financial product manage cypress hill use passtime platform reduce risk prevent loss vehicle cypress portfolio 6/20/2022 update card limit $ 1000 need match renewal requirement,5700 office expense
5,0,0,-8.0,6,3,7518,0,0,0,0,0,1,0,0,0,0,1,1,0,0,1,0,purchase mpbsdp -so personal prope passtime gps renewal spring auto financial product manage cypress hill use passtime platform reduce risk prevent loss vehicle cypress portfolio 6/20/2022 update card limit $ 1000 need match renewal requirement,5700 office expense
5,0,0,-8.0,6,5,7518,0,0,0,0,0,1,0,0,0,0,1,1,0,0,1,0,purchase mpbsdp -so personal prope passtime gps renewal spring auto financial product manage cypress hill use passtime platform reduce risk prevent loss vehicle cypress portfolio 6/20/2022 update card limit $ 1000 need match renewal requirement,5700 office expense
5,0,0,-8.0,6,5,7518,0,0,0,0,0,1,0,0,0,0,1,1,0,0,1,0,purchase mpbsdp -so personal prope passtime gps renewal spring auto financial product manage cypress hill use passtime platform reduce risk prevent loss vehicle cypress portfolio 6/20/2022 update card limit $ 1000 need match renewal requirement,5700 office expense
5,0,0,-8.0,6,6,7518,0,0,0,0,0,1,0,0,0,0,1,1,0,0,1,0,purchase mpbsdp -so personal prope passtime gps renewal spring auto financial product manage cypress hill use passtime platform reduce risk prevent loss vehicle cypress portfolio 6/20/2022 update card limit $ 1000 need match renewal requirement,5700 office expense
5,0,0,-8.0,6,6,7518,0,0,0,0,0,1,0,0,0,0,1,1,0,0,1,0,purchase mpbsdp -so personal prope passtime gps renewal spring auto financial product manage cypress hill use passtime platform reduce risk prevent loss vehicle cypress portfolio 6/20/2022 update card limit $ 1000 need match renewal requirement,5700 office expense
5,0,0,-8.0,6,2,7518,0,0,0,0,0,1,0,0,0,0,1,1,0,0,1,0,purchase mpbsdp -so personal prope passtime gps renewal spring auto financial product manage cypress hill use passtime platform reduce risk prevent loss vehicle cypress portfolio 6/20/2022 update card limit $ 1000 need match renewal requirement,5700 office expense
5,0,0,-8.0,6,2,7518,0,0,0,0,0,1,0,0,0,0,1,1,0,0,1,0,purchase mpbsdp -so personal prope passtime gps renewal spring auto financial product manage cypress hill use passtime platform reduce risk prevent loss vehicle cypress portfolio 6/20/2022 update card limit $ 1000 need match renewal requirement,5700 office expense
5,0,0,-8.0,6,4,7518,0,0,0,0,0,1,0,0,0,0,1,1,0,0,1,0,purchase mpbsdp -so personal prope passtime gps renewal spring auto financial product manage cypress hill use passtime platform reduce risk prevent loss vehicle cypress portfolio 6/20/2022 update card limit $ 1000 need match renewal requirement,5700 office expense
5,0,0,-8.0,6,4,7518,0,0,0,0,0,1,0,0,0,0,1,1,0,0,1,0,purchase mpbsdp -so personal prope passtime gps renewal spring auto financial product manage cypress hill use passtime platform reduce risk prevent loss vehicle cypress portfolio 6/20/2022 update card limit $ 1000 need match renewal requirement,5700 office expense
5,0,0,-8.0,6,4,7518,0,0,0,0,0,1,0,0,0,0,1,1,0,0,1,0,purchase mpbsdp -so personal prope passtime gps renewal spring auto financial product manage cypress hill use passtime platform reduce risk prevent loss vehicle cypress portfolio 6/20/2022 update card limit $ 1000 need match renewal requirement,5700 office expense
6,0,0,-170.01,6,0,6631,0,0,0,0,0,0,0,0,0,0,1,0,0,0,1,0,purchase paypal flowdelpnet,5700 office expense
5,0,0,-10.0,1,3,7027,1,0,0,0,0,1,0,0,0,0,1,1,0,0,1,0,purchase registrysearch.ca passtime gps renewal spring auto financial product manage cypress hill use passtime platform reduce risk prevent loss vehicle cypress portfolio 6/20/2022 update card limit $ 1000 need match renewal requirement,5700 office expense
5,0,0,-10.0,3,2,7027,1,0,0,0,0,1,0,0,0,0,1,1,0,0,1,0,purchase registrysearch.ca passtime gps renewal spring auto financial product manage cypress hill use passtime platform reduce risk prevent loss vehicle cypress portfolio 6/20/2022 update card limit $ 1000 need match renewal requirement,5700 office expense
5,0,0,-10.0,3,2,7027,1,0,0,0,0,1,0,0,0,0,1,1,0,0,1,0,purchase registrysearch.ca passtime gps renewal spring auto financial product manage cypress hill use passtime platform reduce risk prevent loss vehicle cypress portfolio 6/20/2022 update card limit $ 1000 need match renewal requirement,5700 office expense
5,0,0,-10.0,3,2,7027,1,0,0,0,0,1,0,0,0,0,1,1,0,0,1,0,purchase registrysearch.ca passtime gps renewal spring auto financial product manage cypress hill use passtime platform reduce risk prevent loss vehicle cypress portfolio 6/20/2022 update card limit $ 1000 need match renewal requirement,5700 office expense
5,0,0,-10.0,4,2,7027,1,0,0,0,0,1,0,0,0,0,1,1,0,0,1,0,purchase registrysearch.ca passtime gps renewal spring auto financial product manage cypress hill use passtime platform reduce risk prevent loss vehicle cypress portfolio 6/20/2022 update card limit $ 1000 need match renewal requirement,5700 office expense
5,0,0,-10.0,4,4,7027,1,0,0,0,0,1,0,0,0,0,1,1,0,0,1,0,purchase registrysearch.ca passtime gps renewal spring auto financial product manage cypress hill use passtime platform reduce risk prevent loss vehicle cypress portfolio 6/20/2022 update card limit $ 1000 need match renewal requirement,5700 office expense
5,0,0,-10.0,4,2,7027,1,0,0,0,0,1,0,0,0,0,1,1,0,0,1,0,purchase registrysearch.ca passtime gps renewal spring auto financial product manage cypress hill use passtime platform reduce risk prevent loss vehicle cypress portfolio 6/20/2022 update card limit $ 1000 need match renewal requirement,5700 office expense
5,0,0,-10.0,4,2,7027,1,0,0,0,0,1,0,0,0,0,1,1,0,0,1,0,purchase registrysearch.ca passtime gps renewal spring auto financial product manage cypress hill use passtime platform reduce risk prevent loss vehicle cypress portfolio 6/20/2022 update card limit $ 1000 need match renewal requirement,5700 office expense
5,0,0,-10.0,4,5,7027,1,0,0,0,0,1,0,0,0,0,1,1,0,0,1,0,purchase registrysearch.ca passtime gps renewal spring auto financial product manage cypress hill use passtime platform reduce risk prevent loss vehicle cypress portfolio 6/20/2022 update card limit $ 1000 need match renewal requirement,5700 office expense
5,0,0,-10.0,4,1,7027,1,0,0,0,0,1,0,0,0,0,1,1,0,0,1,0,purchase registrysearch.ca passtime gps renewal spring auto financial product manage cypress hill use passtime platform reduce risk prevent loss vehicle cypress portfolio 6/20/2022 update card limit $ 1000 need match renewal requirement,5700 office expense
5,0,0,-10.0,4,3,7027,1,0,0,0,0,1,0,0,0,0,1,1,0,0,1,0,purchase registrysearch.ca passtime gps renewal spring auto financial product manage cypress hill use passtime platform reduce risk prevent loss vehicle cypress portfolio 6/20/2022 update card limit $ 1000 need match renewal requirement,5700 office expense
5,0,0,-10.0,4,1,7027,1,0,0,0,0,1,0,0,0,0,1,1,0,0,1,0,purchase registrysearch.ca passtime gps renewal spring auto financial product manage cypress hill use passtime platform reduce risk prevent loss vehicle cypress portfolio 6/20/2022 update card limit $ 1000 need match renewal requirement,5700 office expense
5,0,0,-10.0,4,2,7027,1,0,0,0,0,1,0,0,0,0,1,1,0,0,1,0,purchase registrysearch.ca passtime gps renewal spring auto financial product manage cypress hill use passtime platform reduce risk prevent loss vehicle cypress portfolio 6/20/2022 update card limit $ 1000 need match renewal requirement,5700 office expense
5,0,0,-10.0,4,4,7027,1,0,0,0,0,1,0,0,0,0,1,1,0,0,1,0,purchase registrysearch.ca passtime gps renewal spring auto financial product manage cypress hill use passtime platform reduce risk prevent loss vehicle cypress portfolio 6/20/2022 update card limit $ 1000 need match renewal requirement,5700 office expense
5,0,0,-10.0,5,3,7027,1,0,0,0,0,1,0,0,0,0,1,1,0,0,1,0,purchase registrysearch.ca passtime gps renewal spring auto financial product manage cypress hill use passtime platform reduce risk prevent loss vehicle cypress portfolio 6/20/2022 update card limit $ 1000 need match renewal requirement,5700 office expense
5,0,0,-10.0,5,6,7027,1,0,0,0,0,1,0,0,0,0,1,1,0,0,1,0,purchase registrysearch.ca passtime gps renewal spring auto financial product manage cypress hill use passtime platform reduce risk prevent loss vehicle cypress portfolio 6/20/2022 update card limit $ 1000 need match renewal requirement,5700 office expense
5,0,0,-10.0,5,4,7027,1,0,0,0,0,1,0,0,0,0,1,1,0,0,1,0,purchase registrysearch.ca passtime gps renewal spring auto financial product manage cypress hill use passtime platform reduce risk prevent loss vehicle cypress portfolio 6/20/2022 update card limit $ 1000 need match renewal requirement,5700 office expense
5,0,0,-10.0,5,5,7027,1,0,0,0,0,1,0,0,0,0,1,1,0,0,1,0,purchase registrysearch.ca passtime gps renewal spring auto financial product manage cypress hill use passtime platform reduce risk prevent loss vehicle cypress portfolio 6/20/2022 update card limit $ 1000 need match renewal requirement,5700 office expense
5,0,0,-10.0,5,6,7027,1,0,0,0,0,1,0,0,0,0,1,1,0,0,1,0,purchase registrysearch.ca passtime gps renewal spring auto financial product manage cypress hill use passtime platform reduce risk prevent loss vehicle cypress portfolio 6/20/2022 update card limit $ 1000 need match renewal requirement,5700 office expense
5,0,0,-10.0,5,2,7027,1,0,0,0,0,1,0,0,0,0,1,1,0,0,1,0,purchase registrysearch.ca passtime gps renewal spring auto financial product manage cypress hill use passtime platform reduce risk prevent loss vehicle cypress portfolio 6/20/2022 update card limit $ 1000 need match renewal requirement,5700 office expense
5,0,0,-10.0,5,5,7027,1,0,0,0,0,1,0,0,0,0,1,1,0,0,1,0,purchase registrysearch.ca passtime gps renewal spring auto financial product manage cypress hill use passtime platform reduce risk prevent loss vehicle cypress portfolio 6/20/2022 update card limit $ 1000 need match renewal requirement,5700 office expense
5,0,0,-10.0,5,4,7027,1,0,0,0,0,1,0,0,0,0,1,1,0,0,1,0,purchase registrysearch.ca passtime gps renewal spring auto financial product manage cypress hill use passtime platform reduce risk prevent loss vehicle cypress portfolio 6/20/2022 update card limit $ 1000 need match renewal requirement,5700 office expense
5,0,0,-8.0,7,5,2108,0,0,0,0,0,1,0,0,0,0,1,1,0,0,1,0,purchase mpbsdpliensppsr passtime gps renewal spring auto financial product manage cypress hill use passtime platform reduce risk prevent loss vehicle cypress portfolio 6/20/2022 update card limit $ 1000 need match renewal requirement,5700 office expense
5,0,0,-8.0,7,5,2108,0,0,0,0,0,1,0,0,0,0,1,1,0,0,1,0,purchase mpbsdpliensppsr passtime gps renewal spring auto financial product manage cypress hill use passtime platform reduce risk prevent loss vehicle cypress portfolio 6/20/2022 update card limit $ 1000 need match renewal requirement,5700 office expense
5,0,0,-8.0,7,5,2108,0,0,0,0,0,1,0,0,0,0,1,1,0,0,1,0,purchase mpbsdpliensppsr passtime gps renewal spring auto financial product manage cypress hill use passtime platform reduce risk prevent loss vehicle cypress portfolio 6/20/2022 update card limit $ 1000 need match renewal requirement,5700 office expense
5,0,0,-8.0,7,6,2108,0,0,0,0,0,1,0,0,0,0,1,1,0,0,1,0,purchase mpbsdpliensppsr passtime gps renewal spring auto financial product manage cypress hill use passtime platform reduce risk prevent loss vehicle cypress portfolio 6/20/2022 update card limit $ 1000 need match renewal requirement,5700 office expense
5,0,0,-8.0,7,2,2108,0,0,0,0,0,1,0,0,0,0,1,1,0,0,1,0,purchase mpbsdpliensppsr passtime gps renewal spring auto financial product manage cypress hill use passtime platform reduce risk prevent loss vehicle cypress portfolio 6/20/2022 update card limit $ 1000 need match renewal requirement,5700 office expense
5,0,0,-8.0,7,3,2108,0,0,0,0,0,1,0,0,0,0,1,1,0,0,1,0,purchase mpbsdpliensppsr passtime gps renewal spring auto financial product manage cypress hill use passtime platform reduce risk prevent loss vehicle cypress portfolio 6/20/2022 update card limit $ 1000 need match renewal requirement,5700 office expense
5,0,0,-8.0,8,4,2108,0,0,0,0,0,1,0,0,0,0,1,1,0,0,1,0,purchase mpbsdpliensppsr,5700 office expense
5,0,0,-8.0,8,3,2108,0,0,0,0,0,1,0,0,0,0,1,1,0,0,1,0,purchase mpbsdpliensppsr passtime gps renewal spring auto financial product manage cypress hill use passtime platform reduce risk prevent loss vehicle cypress portfolio 6/20/2022 update card limit $ 1000 need match renewal requirement,5700 office expense
5,0,0,-8.0,8,3,2108,0,0,0,0,0,1,0,0,0,0,1,1,0,0,1,0,purchase mpbsdpliensppsr passtime gps renewal spring auto financial product manage cypress hill use passtime platform reduce risk prevent loss vehicle cypress portfolio 6/20/2022 update card limit $ 1000 need match renewal requirement,5700 office expense
5,0,0,-8.0,8,4,2108,0,0,0,0,0,1,0,0,0,0,1,1,0,0,1,0,purchase mpbsdpliensppsr passtime gps renewal spring auto financial product manage cypress hill use passtime platform reduce risk prevent loss vehicle cypress portfolio 6/20/2022 update card limit $ 1000 need match renewal requirement,5700 office expense
5,0,0,-8.0,8,5,2108,0,0,0,0,0,1,0,0,0,0,1,1,0,0,1,0,purchase mpbsdpliensppsr passtime gps renewal spring auto financial product manage cypress hill use passtime platform reduce risk prevent loss vehicle cypress portfolio 6/20/2022 update card limit $ 1000 need match renewal requirement,5700 office expense
5,0,0,-8.0,8,2,2108,0,0,0,0,0,1,0,0,0,0,1,1,0,0,1,0,purchase mpbsdpliensppsr passtime gps renewal spring auto financial product manage cypress hill use passtime platform reduce risk prevent loss vehicle cypress portfolio 6/20/2022 update card limit $ 1000 need match renewal requirement,5700 office expense
5,0,0,-8.0,8,3,2108,0,0,0,0,0,1,0,0,0,0,1,1,0,0,1,0,purchase mpbsdpliensppsr passtime gps renewal spring auto financial product manage cypress hill use passtime platform reduce risk prevent loss vehicle cypress portfolio 6/20/2022 update card limit $ 1000 need match renewal requirement,5700 office expense
5,0,0,-8.0,8,5,2108,0,0,0,0,0,1,0,0,0,0,1,1,0,0,1,0,purchase mpbsdpliensppsr passtime gps renewal spring auto financial product manage cypress hill use passtime platform reduce risk prevent loss vehicle cypress portfolio 6/20/2022 update card limit $ 1000 need match renewal requirement,5700 office expense
5,0,0,-8.0,8,5,2108,0,0,0,0,0,1,0,0,0,0,1,1,0,0,1,0,purchase mpbsdpliensppsr passtime gps renewal spring auto financial product manage cypress hill use passtime platform reduce risk prevent loss vehicle cypress portfolio 6/20/2022 update card limit $ 1000 need match renewal requirement,5700 office expense
5,0,0,-8.0,8,6,2108,0,0,0,0,0,1,0,0,0,0,1,1,0,0,1,0,purchase mpbsdpliensppsr passtime gps renewal spring auto financial product manage cypress hill use passtime platform reduce risk prevent loss vehicle cypress portfolio 6/20/2022 update card limit $ 1000 need match renewal requirement,5700 office expense
5,0,0,-8.0,8,6,2108,0,0,0,0,0,1,0,0,0,0,1,1,0,0,1,0,purchase mpbsdpliensppsr passtime gps renewal spring auto financial product manage cypress hill use passtime platform reduce risk prevent loss vehicle cypress portfolio 6/20/2022 update card limit $ 1000 need match renewal requirement,5700 office expense
5,0,0,-8.0,8,4,2108,0,0,0,0,0,1,0,0,0,0,1,1,0,0,1,0,purchase mpbsdpliensppsr passtime gps renewal spring auto financial product manage cypress hill use passtime platform reduce risk prevent loss vehicle cypress portfolio 6/20/2022 update card limit $ 1000 need match renewal requirement,5700 office expense
5,0,0,-8.0,8,4,2108,0,0,0,0,0,1,0,0,0,0,1,1,0,0,1,0,purchase mpbsdpliensppsr passtime gps renewal spring auto financial product manage cypress hill use passtime platform reduce risk prevent loss vehicle cypress portfolio 6/20/2022 update card limit $ 1000 need match renewal requirement,5700 office expense
5,0,0,-8.0,8,4,2108,0,0,0,0,0,1,0,0,0,0,1,1,0,0,1,0,purchase mpbsdpliensppsr passtime gps renewal spring auto financial product manage cypress hill use passtime platform reduce risk prevent loss vehicle cypress portfolio 6/20/2022 update card limit $ 1000 need match renewal requirement,5700 office expense
5,0,0,-8.0,8,5,2108,0,0,0,0,0,1,0,0,0,0,1,1,0,0,1,0,purchase mpbsdpliensppsr passtime gps renewal spring auto financial product manage cypress hill use passtime platform reduce risk prevent loss vehicle cypress portfolio 6/20/2022 update card limit $ 1000 need match renewal requirement,5700 office expense
5,0,0,-8.0,8,6,2108,0,0,0,0,0,1,0,0,0,0,1,1,0,0,1,0,purchase mpbsdpliensppsr passtime gps renewal spring auto financial product manage cypress hill use passtime platform reduce risk prevent loss vehicle cypress portfolio 6/20/2022 update card limit $ 1000 need match renewal requirement,5700 office expense
5,0,0,-8.0,8,6,2108,0,0,0,0,0,1,0,0,0,0,1,1,0,0,1,0,purchase mpbsdpliensppsr passtime gps renewal spring auto financial product manage cypress hill use passtime platform reduce risk prevent loss vehicle cypress portfolio 6/20/2022 update card limit $ 1000 need match renewal requirement,5700 office expense
5,0,0,-8.0,9,6,2108,0,0,0,0,0,1,0,0,0,0,1,1,0,0,1,0,purchase mpbsdpliensppsr passtime gps renewal spring auto financial product manage cypress hill use passtime platform reduce risk prevent loss vehicle cypress portfolio 6/20/2022 update card limit $ 1000 need match renewal requirement,5700 office expense
5,0,0,-8.0,9,2,2108,0,0,0,0,0,1,0,0,0,0,1,1,0,0,1,0,purchase mpbsdpliensppsr passtime gps renewal spring auto financial product manage cypress hill use passtime platform reduce risk prevent loss vehicle cypress portfolio 6/20/2022 update card limit $ 1000 need match renewal requirement,5700 office expense
5,0,0,-8.0,9,5,2108,0,0,0,0,0,1,0,0,0,0,1,1,0,0,1,0,purchase mpbsdpliensppsr passtime gps renewal spring auto financial product manage cypress hill use passtime platform reduce risk prevent loss vehicle cypress portfolio 6/20/2022 update card limit $ 1000 need match renewal requirement,5700 office expense
5,0,0,-8.0,9,4,2108,0,0,0,0,0,1,0,0,0,0,1,1,0,0,1,0,purchase mpbsdpliensppsr passtime gps renewal spring auto financial product manage cypress hill use passtime platform reduce risk prevent loss vehicle cypress portfolio 6/20/2022 update card limit $ 1000 need match renewal requirement,5700 office expense
5,0,0,-8.0,9,2,2108,0,0,0,0,0,1,0,0,0,0,1,1,0,0,1,0,purchase mpbsdpliensppsr passtime gps renewal spring auto financial product manage cypress hill use passtime platform reduce risk prevent loss vehicle cypress portfolio 6/20/2022 update card limit $ 1000 need match renewal requirement,5700 office expense
5,0,0,-8.0,9,2,2108,0,0,0,0,0,1,0,0,0,0,1,1,0,0,1,0,purchase mpbsdpliensppsr,5700 office expense
5,0,0,-8.0,9,4,2108,0,0,0,0,0,1,0,0,0,0,1,1,0,0,1,0,purchase mpbsdpliensppsr,5700 office expense
5,0,0,-8.0,12,2,2108,0,0,0,0,0,1,0,0,0,0,1,1,0,0,1,0,purchase mpbsdpliensppsr passtime gps renewal spring auto financial product manage cypress hill use passtime platform reduce risk prevent loss vehicle cypress portfolio 6/20/2022 update card limit $ 1000 need match renewal requirement,5700 office expense
5,0,0,-8.0,12,5,2108,0,0,0,0,0,1,0,0,0,0,1,1,0,0,1,0,purchase mpbsdpliensppsr,5700 office expense
6,0,0,-339.36,5,0,1031,0,0,0,0,0,0,0,0,0,0,1,0,0,0,1,0,purchase music plaza 21 qc,5700 office expense
5,0,0,-10.0,6,3,7027,1,0,0,0,0,1,0,0,0,0,1,1,0,0,1,0,purchase registrysearch.ca passtime gps renewal spring auto financial product manage cypress hill use passtime platform reduce risk prevent loss vehicle cypress portfolio 6/20/2022 update card limit $ 1000 need match renewal requirement,5700 office expense
6,0,0,-9.75,6,4,6109,0,0,1,0,0,0,0,0,0,0,1,0,0,0,1,0,purchase name-cheap.com kbrgs1,5700 office expense
5,0,0,-10.0,6,5,7027,1,0,0,0,0,1,0,0,0,0,1,1,0,0,1,0,purchase registrysearch.ca passtime gps renewal spring auto financial product manage cypress hill use passtime platform reduce risk prevent loss vehicle cypress portfolio 6/20/2022 update card limit $ 1000 need match renewal requirement,5700 office expense
11,0,0,-263.2,3,3,7917,0,0,0,0,0,1,0,0,0,0,1,1,0,0,1,0,purchase nike esw cad,5700 office expense
11,0,0,-114.08,2,4,3270,0,0,0,0,0,1,0,0,0,0,1,1,0,0,1,0,purchase deal $ 1 plus store valentineâ€ ™ s day,5700 office expense
11,0,0,-18.94,2,5,3270,0,0,0,0,0,1,0,0,0,0,1,1,0,0,1,0,purchase deal $ 1 plus store valentineâ€ ™ s day,5700 office expense
11,0,0,-58.74,3,1,3270,0,0,0,0,0,1,0,0,0,0,1,1,0,0,1,0,purchase deal $ 1 plus store,5700 office expense
11,0,0,-10.08,3,5,3270,0,0,0,0,0,1,0,0,0,0,1,1,0,0,1,0,purchase deal $ 1 plus store,5700 office expense
11,0,0,-15.67,4,4,3270,0,0,0,0,0,1,0,0,0,0,1,1,0,0,1,0,purchase deal $ 1 plus store,5700 office expense
6,0,0,-26.85,6,5,3270,0,0,0,0,0,1,0,0,0,0,1,1,0,0,1,0,purchase deal $ 1 plus store,5700 office expense
6,0,0,-13.44,6,3,3270,0,0,0,0,0,1,0,0,0,0,1,1,0,0,1,0,purchase deal $ 1 plus store,5700 office expense
6,0,0,-8.37,6,4,3270,0,0,0,0,0,1,0,0,0,0,1,1,0,0,1,0,purchase deal $ 1 plus store,5700 office expense
11,0,0,-1.96,10,3,3270,0,0,0,0,0,1,0,0,0,0,1,1,0,0,1,0,purchase deal $ 1 plus store,5700 office expense
6,0,0,-10.08,10,4,3270,0,0,0,0,0,1,0,0,0,0,1,1,0,0,1,0,purchase deal $ 1 plus store,5700 office expense
11,0,0,-26.82,11,5,3270,0,0,0,0,0,1,0,0,0,0,1,1,0,0,1,0,purchase deal $ 1 plus store,5700 office expense
6,0,0,-790.13,11,3,8259,0,0,1,0,0,0,0,0,0,0,1,0,0,0,1,0,purchase openai,5700 office expense
5,0,0,-10.0,6,1,7027,1,0,0,0,0,1,0,0,0,0,1,1,0,0,1,0,purchase registrysearch.ca passtime gps renewal spring auto financial product manage cypress hill use passtime platform reduce risk prevent loss vehicle cypress portfolio 6/20/2022 update card limit $ 1000 need match renewal requirement,5700 office expense
5,0,0,-10.0,6,4,7027,1,0,0,0,0,1,0,0,0,0,1,1,0,0,1,0,purchase registrysearch.ca passtime gps renewal spring auto financial product manage cypress hill use passtime platform reduce risk prevent loss vehicle cypress portfolio 6/20/2022 update card limit $ 1000 need match renewal requirement,5700 office expense
5,0,0,-10.0,6,5,7027,1,0,0,0,0,1,0,0,0,0,1,1,0,0,1,0,purchase registrysearch.ca passtime gps renewal spring auto financial product manage cypress hill use passtime platform reduce risk prevent loss vehicle cypress portfolio 6/20/2022 update card limit $ 1000 need match renewal requirement,5700 office expense
5,0,0,-10.0,6,1,7027,1,0,0,0,0,1,0,0,0,0,1,1,0,0,1,0,purchase registrysearch.ca passtime gps renewal spring auto financial product manage cypress hill use passtime platform reduce risk prevent loss vehicle cypress portfolio 6/20/2022 update card limit $ 1000 need match renewal requirement,5700 office expense
5,0,0,-10.0,6,4,7027,1,0,0,0,0,1,0,0,0,0,1,1,0,0,1,0,purchase registrysearch.ca passtime gps renewal spring auto financial product manage cypress hill use passtime platform reduce risk prevent loss vehicle cypress portfolio 6/20/2022 update card limit $ 1000 need match renewal requirement,5700 office expense
5,0,0,-10.0,6,4,7027,1,0,0,0,0,1,0,0,0,0,1,1,0,0,1,0,purchase registrysearch.ca passtime gps renewal spring auto financial product manage cypress hill use passtime platform reduce risk prevent loss vehicle cypress portfolio 6/20/2022 update card limit $ 1000 need match renewal requirement,5700 office expense
7,0,0,-84.39,3,4,6293,0,0,0,0,0,0,0,0,0,0,1,0,0,0,1,0,purchase patio imperfecto holi party,5700 office expense
7,0,0,-33.76,3,4,6293,0,0,0,0,0,0,0,0,0,0,1,0,0,0,1,0,purchase patio imperfecto holi party,5700 office expense
7,0,0,-84.39,3,4,6293,0,0,0,0,0,0,0,0,0,0,1,0,0,0,1,0,purchase patio imperfecto holi party,5700 office expense
7,0,0,-84.39,3,4,6293,0,0,0,0,0,0,0,0,0,0,1,0,0,0,1,0,purchase patio imperfecto holi party,5700 office expense
11,0,0,-58.5,3,3,6631,0,0,0,0,0,1,0,0,0,0,1,1,0,0,1,0,purchase paypal bulbscanada,5700 office expense
5,0,0,-10.0,6,4,7027,1,0,0,0,0,1,0,0,0,0,1,1,0,0,1,0,purchase registrysearch.ca passtime gps renewal spring auto financial product manage cypress hill use passtime platform reduce risk prevent loss vehicle cypress portfolio 6/20/2022 update card limit $ 1000 need match renewal requirement,5700 office expense
11,0,0,-32.85,2,2,8016,0,0,0,0,0,1,0,0,0,0,1,1,0,0,1,0,purchase pharmasave 1101,5700 office expense
11,0,0,-131.06,2,5,8016,0,0,0,0,0,1,0,0,0,0,1,1,0,0,1,0,purchase pharmasave 1101,5700 office expense
11,0,0,-14.9,2,1,8016,0,0,0,0,0,1,0,0,0,0,1,1,0,0,1,0,purchase pharmasave 1101,5700 office expense
11,0,0,-20.4,2,4,8016,0,0,0,0,0,1,0,0,0,0,1,1,0,0,1,0,purchase pharmasave 1101,5700 office expense
11,0,0,-5.6,2,4,8016,0,0,0,0,0,1,0,0,0,0,1,1,0,0,1,0,purchase pharmasave 1101,5700 office expense
11,0,0,-22.0,3,5,8016,0,0,0,0,0,1,0,0,0,0,1,1,0,0,1,0,purchase pharmasave 1101,5700 office expense
11,0,0,-24.0,3,4,8016,0,0,0,0,0,1,0,0,0,0,1,1,0,0,1,0,purchase pharmasave 1101,5700 office expense
11,0,0,-3.6,3,5,8016,0,0,0,0,0,1,0,0,0,0,1,1,0,0,1,0,purchase pharmasave 1101,5700 office expense
11,0,0,-29.6,3,1,8016,0,0,0,0,0,1,0,0,0,0,1,1,0,0,1,0,purchase pharmasave 1101,5700 office expense
11,0,0,-83.91,3,4,8016,0,0,0,0,0,1,0,0,0,0,1,1,0,0,1,0,purchase pharmasave 1101,5700 office expense
11,0,0,-11.2,4,2,8016,0,0,0,0,0,1,0,0,0,0,1,1,0,0,1,0,purchase pharmasave 1101,5700 office expense
11,0,0,-47.09,6,4,8016,0,0,0,0,0,1,0,0,0,0,1,1,0,0,1,0,purchase pharmasave 1101,5700 office expense
11,0,0,-70.41,6,3,8016,0,0,0,0,0,1,0,0,0,0,1,1,0,0,1,0,purchase pharmasave 1101,5700 office expense
11,0,0,-88.13,7,3,8016,0,0,0,0,0,1,0,0,0,0,1,1,0,0,1,0,purchase pharmasave 1101,5700 office expense
11,0,0,-61.52,7,5,8016,0,0,0,0,0,1,0,0,0,0,1,1,0,0,1,0,purchase pharmasave 1101,5700 office expense
11,0,0,-17.9,7,1,8016,0,0,0,0,0,1,0,0,0,0,1,1,0,0,1,0,purchase pharmasave 1101,5700 office expense
11,0,0,-17.57,7,4,8016,0,0,0,0,0,1,0,0,0,0,1,1,0,0,1,0,purchase pharmasave 1101,5700 office expense
11,0,0,-15.04,7,4,8016,0,0,0,0,0,1,0,0,0,0,1,1,0,0,1,0,purchase pharmasave 1101,5700 office expense
11,0,0,-105.41,8,4,8016,0,0,0,0,0,1,0,0,0,0,1,1,0,0,1,0,purchase pharmasave 1101,5700 office expense
11,0,0,-104.4,8,5,8016,0,0,0,0,0,1,0,0,0,0,1,1,0,0,1,0,purchase pharmasave 1101,5700 office expense
11,0,0,-40.71,8,4,8016,0,0,0,0,0,1,0,0,0,0,1,1,0,0,1,0,purchase pharmasave 1101,5700 office expense
11,0,0,-10.07,8,5,8016,0,0,0,0,0,1,0,0,0,0,1,1,0,0,1,0,purchase pharmasave 1101,5700 office expense
11,0,0,-40.28,8,5,8016,0,0,0,0,0,1,0,0,0,0,1,1,0,0,1,0,purchase pharmasave 1101,5700 office expense
11,0,0,-105.41,9,2,8016,0,0,0,0,0,1,0,0,0,0,1,1,0,0,1,0,purchase pharmasave 1101,5700 office expense
11,0,0,-12.33,9,2,8016,0,0,0,0,0,1,0,0,0,0,1,1,0,0,1,0,purchase pharmasave 1101,5700 office expense
11,0,0,-124.49,9,3,8016,0,0,0,0,0,1,0,0,0,0,1,1,0,0,1,0,purchase pharmasave 1101,5700 office expense
11,0,0,-93.7,9,4,8016,0,0,0,0,0,1,0,0,0,0,1,1,0,0,1,0,purchase pharmasave 1101,5700 office expense
11,0,0,-400.0,10,5,8016,0,0,0,0,0,1,0,0,0,0,1,1,0,0,1,0,purchase pharmasave 1101,5700 office expense
11,0,0,-119.78,10,3,8016,0,0,0,0,0,1,0,0,0,0,1,1,0,0,1,0,purchase pharmasave 1101,5700 office expense
11,0,0,-18.4,10,1,8016,0,0,0,0,0,1,0,0,0,0,1,1,0,0,1,0,purchase pharmasave 1101,5700 office expense
11,0,0,-72.42,11,3,8016,0,0,0,0,0,1,0,0,0,0,1,1,0,0,1,0,purchase pharmasave 1101,5700 office expense
11,0,0,-30.5,12,1,8016,0,0,0,0,0,1,0,0,0,0,1,1,0,0,1,0,purchase pharmasave 1101,5700 office expense
11,0,0,-30.96,12,1,8016,0,0,0,0,0,1,0,0,0,0,1,1,0,0,1,0,purchase pharmasave 1101,5700 office expense
5,0,0,-10.0,6,5,7027,1,0,0,0,0,1,0,0,0,0,1,1,0,0,1,0,purchase registrysearch.ca passtime gps renewal spring auto financial product manage cypress hill use passtime platform reduce risk prevent loss vehicle cypress portfolio 6/20/2022 update card limit $ 1000 need match renewal requirement,5700 office expense
5,0,0,-10.0,6,1,7027,1,0,0,0,0,1,0,0,0,0,1,1,0,0,1,0,purchase registrysearch.ca passtime gps renewal spring auto financial product manage cypress hill use passtime platform reduce risk prevent loss vehicle cypress portfolio 6/20/2022 update card limit $ 1000 need match renewal requirement,5700 office expense
6,0,0,-72.75,4,1,6384,0,0,0,0,0,0,0,0,0,0,1,0,0,0,1,0,purchase private internet access recur monthly purchase license,5700 office expense
11,0,0,-202.99,5,0,6508,0,0,0,0,0,1,0,0,0,0,1,1,0,0,1,0,purchase puro/335426924197,5700 office expense
11,0,0,-204.67,3,2,7919,0,0,0,0,0,1,0,0,0,0,1,1,0,0,1,0,purchase puro/6937215876,5700 office expense
11,0,0,-204.67,4,2,7845,0,0,0,0,0,1,0,0,0,0,1,1,0,0,1,0,purchase puro/6937393385,5700 office expense
11,0,0,-433.44,4,4,3671,0,0,0,0,0,1,0,0,0,0,1,1,0,0,1,0,purchase purolator food beverage event prize award etc,5700 office expense
11,0,0,-43.2,10,5,3481,0,0,0,0,0,1,0,0,0,0,1,1,0,0,1,0,purchase purolator eso/335685 food beverage event prize award etc,5700 office expense
11,0,0,-49.37,10,4,564,0,0,0,0,0,1,0,0,0,0,1,1,0,0,1,0,purchase purolator eso/335690,5700 office expense
11,0,0,-36.71,10,4,564,0,0,0,0,0,1,0,0,0,0,1,1,0,0,1,0,purchase purolator eso/335690,5700 office expense
11,0,0,-55.91,10,4,564,0,0,0,0,0,1,0,0,0,0,1,1,0,0,1,0,purchase purolator eso/335690,5700 office expense
11,0,0,-59.27,10,4,1594,0,0,0,0,0,1,0,0,0,0,1,1,0,0,1,0,purchase purolator eso/335691,5700 office expense
11,0,0,-55.91,10,4,1594,0,0,0,0,0,1,0,0,0,0,1,1,0,0,1,0,purchase purolator eso/335691,5700 office expense
11,0,0,-55.91,10,4,1594,0,0,0,0,0,1,0,0,0,0,1,1,0,0,1,0,purchase purolator eso/335691,5700 office expense
11,0,0,-49.37,10,5,1594,0,0,0,0,0,1,0,0,0,0,1,1,0,0,1,0,purchase purolator eso/335691,5700 office expense
11,0,0,-41.88,11,6,7333,0,0,0,0,0,1,0,0,0,0,1,1,0,0,1,0,purchase purolator eso/335700,5700 office expense
11,0,0,-175.5,11,3,5439,0,0,0,0,0,1,0,0,0,0,1,1,0,0,1,0,purchase purolator eso/335706,5700 office expense
11,0,0,-42.05,12,2,8924,0,0,0,0,0,1,0,0,0,0,1,1,0,0,1,0,purchase purolator eso/335723,5700 office expense
11,0,0,-42.22,12,4,7215,0,0,0,0,0,1,0,0,0,0,1,1,0,0,1,0,purchase purolator eso/335725,5700 office expense
11,0,0,-192.82,7,5,7159,0,0,0,0,0,1,0,0,0,0,1,1,0,0,1,0,purchase purolator eso/693802,5700 office expense
7,0,0,-4.5,5,5,8206,0,0,0,0,0,1,0,0,0,0,1,1,0,0,1,0,purchase raz*blinkit,5700 office expense
7,0,0,-21.16,6,2,8206,0,0,0,0,0,1,0,0,0,0,1,1,0,0,1,0,purchase raz*blinkit bouquet cory,5700 office expense
7,0,0,-5.44,8,4,8206,0,0,0,0,0,1,0,0,0,0,1,1,0,0,1,0,purchase raz*blinkit flower bouquet farewell employee siddhant sharma,5700 office expense
7,0,0,-10.76,6,2,8206,0,1,0,0,0,1,0,0,0,0,1,1,0,0,1,0,purchase raz*swiggy green tea office,5700 office expense
7,0,0,-23.38,8,4,8206,0,0,0,0,0,1,0,0,0,0,1,1,0,0,1,0,purchase raz*theobroma food priva cake farewell siddhant sharma,5700 office expense
7,0,0,-7.5,4,1,8206,0,0,0,0,0,1,0,0,0,0,1,1,0,0,1,0,purchase raz*zepto marketplace pri aaa battery keyboard zmouse staff,5700 office expense
7,0,0,-42.44,9,2,8206,0,1,0,0,0,1,0,0,0,0,1,1,0,0,1,0,purchase raz*zomato online order cake birthday farewell,5700 office expense
6,0,0,-29.31,5,3,8564,0,0,0,0,0,0,0,0,0,0,1,0,0,0,1,0,purchase red dynasty,5700 office expense
5,0,0,-10.0,6,5,7027,1,0,0,0,0,1,0,0,0,0,1,1,0,0,1,0,purchase registrysearch.ca passtime gps renewal spring auto financial product manage cypress hill use passtime platform reduce risk prevent loss vehicle cypress portfolio 6/20/2022 update card limit $ 1000 need match renewal requirement,5700 office expense
5,0,0,-10.0,6,5,7027,1,0,0,0,0,1,0,0,0,0,1,1,0,0,1,0,purchase registrysearch.ca passtime gps renewal spring auto financial product manage cypress hill use passtime platform reduce risk prevent loss vehicle cypress portfolio 6/20/2022 update card limit $ 1000 need match renewal requirement,5700 office expense
5,0,0,-10.0,4,5,4847,0,0,0,0,0,1,0,0,0,0,1,1,0,0,1,0,purchase snb acol lien check passtime gps renewal spring auto financial product manage cypress hill use passtime platform reduce risk prevent loss vehicle cypress portfolio 6/20/2022 update card limit $ 1000 need match renewal requirement,5700 office expense
5,0,0,-10.0,4,4,4847,0,0,0,0,0,1,0,0,0,0,1,1,0,0,1,0,purchase snb acol lien check passtime gps renewal spring auto financial product manage cypress hill use passtime platform reduce risk prevent loss vehicle cypress portfolio 6/20/2022 update card limit $ 1000 need match renewal requirement,5700 office expense
5,0,0,-10.0,6,5,4847,0,0,0,0,0,1,0,0,0,0,1,1,0,0,1,0,purchase snb acol lien check passtime gps renewal spring auto financial product manage cypress hill use passtime platform reduce risk prevent loss vehicle cypress portfolio 6/20/2022 update card limit $ 1000 need match renewal requirement,5700 office expense
5,0,0,-10.0,6,6,4847,0,0,0,0,0,1,0,0,0,0,1,1,0,0,1,0,purchase snb acol lien check passtime gps renewal spring auto financial product manage cypress hill use passtime platform reduce risk prevent loss vehicle cypress portfolio 6/20/2022 update card limit $ 1000 need match renewal requirement,5700 office expense
5,0,0,-10.0,6,6,4847,0,0,0,0,0,1,0,0,0,0,1,1,0,0,1,0,purchase snb acol lien check passtime gps renewal spring auto financial product manage cypress hill use passtime platform reduce risk prevent loss vehicle cypress portfolio 6/20/2022 update card limit $ 1000 need match renewal requirement,5700 office expense
5,0,0,-10.0,6,2,4847,0,0,0,0,0,1,0,0,0,0,1,1,0,0,1,0,purchase snb acol lien check passtime gps renewal spring auto financial product manage cypress hill use passtime platform reduce risk prevent loss vehicle cypress portfolio 6/20/2022 update card limit $ 1000 need match renewal requirement,5700 office expense
5,0,0,-24.68,1,1,725,1,0,0,0,0,1,0,0,0,0,1,1,0,0,1,0,purchase speedy search regist passtime gps renewal spring auto financial product manage cypress hill use passtime platform reduce risk prevent loss vehicle cypress portfolio 6/20/2022 update card limit $ 1000 need match renewal requirement,5700 office expense
5,0,0,-26.25,3,4,725,1,0,0,0,0,1,0,0,0,0,1,1,0,0,1,0,purchase speedy search regist passtime gps renewal spring auto financial product manage cypress hill use passtime platform reduce risk prevent loss vehicle cypress portfolio 6/20/2022 update card limit $ 1000 need match renewal requirement,5700 office expense
5,0,0,-52.5,3,4,725,1,0,0,0,0,1,0,0,0,0,1,1,0,0,1,0,purchase speedy search regist passtime gps renewal spring auto financial product manage cypress hill use passtime platform reduce risk prevent loss vehicle cypress portfolio 6/20/2022 update card limit $ 1000 need match renewal requirement,5700 office expense
5,0,0,-24.68,3,5,725,1,0,0,0,0,1,0,0,0,0,1,1,0,0,1,0,purchase speedy search regist passtime gps renewal spring auto financial product manage cypress hill use passtime platform reduce risk prevent loss vehicle cypress portfolio 6/20/2022 update card limit $ 1000 need match renewal requirement,5700 office expense
5,0,0,-78.75,3,3,725,1,0,0,0,0,1,0,0,0,0,1,1,0,0,1,0,purchase speedy search regist passtime gps renewal spring auto financial product manage cypress hill use passtime platform reduce risk prevent loss vehicle cypress portfolio 6/20/2022 update card limit $ 1000 need match renewal requirement,5700 office expense
5,0,0,-24.68,3,5,725,1,0,0,0,0,1,0,0,0,0,1,1,0,0,1,0,purchase speedy search regist passtime gps renewal spring auto financial product manage cypress hill use passtime platform reduce risk prevent loss vehicle cypress portfolio 6/20/2022 update card limit $ 1000 need match renewal requirement,5700 office expense
5,0,0,-24.68,3,3,725,1,0,0,0,0,1,0,0,0,0,1,1,0,0,1,0,purchase speedy search regist passtime gps renewal spring auto financial product manage cypress hill use passtime platform reduce risk prevent loss vehicle cypress portfolio 6/20/2022 update card limit $ 1000 need match renewal requirement,5700 office expense
5,0,0,-24.68,3,3,725,1,0,0,0,0,1,0,0,0,0,1,1,0,0,1,0,purchase speedy search regist passtime gps renewal spring auto financial product manage cypress hill use passtime platform reduce risk prevent loss vehicle cypress portfolio 6/20/2022 update card limit $ 1000 need match renewal requirement,5700 office expense
5,0,0,-24.68,3,4,725,1,0,0,0,0,1,0,0,0,0,1,1,0,0,1,0,purchase speedy search regist passtime gps renewal spring auto financial product manage cypress hill use passtime platform reduce risk prevent loss vehicle cypress portfolio 6/20/2022 update card limit $ 1000 need match renewal requirement,5700 office expense
5,0,0,-26.25,3,5,725,1,0,0,0,0,1,0,0,0,0,1,1,0,0,1,0,purchase speedy search regist passtime gps renewal spring auto financial product manage cypress hill use passtime platform reduce risk prevent loss vehicle cypress portfolio 6/20/2022 update card limit $ 1000 need match renewal requirement,5700 office expense
5,0,0,-24.68,4,3,725,1,0,0,0,0,1,0,0,0,0,1,1,0,0,1,0,purchase speedy search regist passtime gps renewal spring auto financial product manage cypress hill use passtime platform reduce risk prevent loss vehicle cypress portfolio 6/20/2022 update card limit $ 1000 need match renewal requirement,5700 office expense
5,0,0,-24.68,4,5,725,1,0,0,0,0,1,0,0,0,0,1,1,0,0,1,0,purchase speedy search regist passtime gps renewal spring auto financial product manage cypress hill use passtime platform reduce risk prevent loss vehicle cypress portfolio 6/20/2022 update card limit $ 1000 need match renewal requirement,5700 office expense
5,0,0,-24.68,4,2,725,1,0,0,0,0,1,0,0,0,0,1,1,0,0,1,0,purchase speedy search regist passtime gps renewal spring auto financial product manage cypress hill use passtime platform reduce risk prevent loss vehicle cypress portfolio 6/20/2022 update card limit $ 1000 need match renewal requirement,5700 office expense
5,0,0,-24.68,4,2,725,1,0,0,0,0,1,0,0,0,0,1,1,0,0,1,0,purchase speedy search regist passtime gps renewal spring auto financial product manage cypress hill use passtime platform reduce risk prevent loss vehicle cypress portfolio 6/20/2022 update card limit $ 1000 need match renewal requirement,5700 office expense
5,0,0,-49.36,4,4,725,1,0,0,0,0,1,0,0,0,0,1,1,0,0,1,0,purchase speedy search regist passtime gps renewal spring auto financial product manage cypress hill use passtime platform reduce risk prevent loss vehicle cypress portfolio 6/20/2022 update card limit $ 1000 need match renewal requirement,5700 office expense
5,0,0,-24.68,4,5,725,1,0,0,0,0,1,0,0,0,0,1,1,0,0,1,0,purchase speedy search regist passtime gps renewal spring auto financial product manage cypress hill use passtime platform reduce risk prevent loss vehicle cypress portfolio 6/20/2022 update card limit $ 1000 need match renewal requirement,5700 office expense
5,0,0,-24.68,4,1,725,1,0,0,0,0,1,0,0,0,0,1,1,0,0,1,0,purchase speedy search regist passtime gps renewal spring auto financial product manage cypress hill use passtime platform reduce risk prevent loss vehicle cypress portfolio 6/20/2022 update card limit $ 1000 need match renewal requirement,5700 office expense
5,0,0,-24.68,4,3,725,1,0,0,0,0,1,0,0,0,0,1,1,0,0,1,0,purchase speedy search regist passtime gps renewal spring auto financial product manage cypress hill use passtime platform reduce risk prevent loss vehicle cypress portfolio 6/20/2022 update card limit $ 1000 need match renewal requirement,5700 office expense
5,0,0,-24.68,4,3,725,1,0,0,0,0,1,0,0,0,0,1,1,0,0,1,0,purchase speedy search regist passtime gps renewal spring auto financial product manage cypress hill use passtime platform reduce risk prevent loss vehicle cypress portfolio 6/20/2022 update card limit $ 1000 need match renewal requirement,5700 office expense
5,0,0,-24.68,4,6,725,1,0,0,0,0,1,0,0,0,0,1,1,0,0,1,0,purchase speedy search regist passtime gps renewal spring auto financial product manage cypress hill use passtime platform reduce risk prevent loss vehicle cypress portfolio 6/20/2022 update card limit $ 1000 need match renewal requirement,5700 office expense
5,0,0,-10.0,2,1,7027,1,0,0,0,0,1,0,0,0,0,1,1,0,0,1,0,purchase registrysearch.ca passtime gps renewal spring auto financial product manage cypress hill use passtime platform reduce risk prevent loss vehicle cypress portfolio 6/20/2022 update card limit $ 1000 need match renewal requirement,5700 office expense
5,0,0,-10.0,2,2,7027,1,0,0,0,0,1,0,0,0,0,1,1,0,0,1,0,purchase registrysearch.ca passtime gps renewal spring auto financial product manage cypress hill use passtime platform reduce risk prevent loss vehicle cypress portfolio 6/20/2022 update card limit $ 1000 need match renewal requirement,5700 office expense
5,0,0,-10.0,7,1,7027,1,0,0,0,0,1,0,0,0,0,1,1,0,0,1,0,purchase registrysearch.ca passtime gps renewal spring auto financial product manage cypress hill use passtime platform reduce risk prevent loss vehicle cypress portfolio 6/20/2022 update card limit $ 1000 need match renewal requirement,5700 office expense
5,0,0,-10.0,7,3,7027,1,0,0,0,0,1,0,0,0,0,1,1,0,0,1,0,purchase registrysearch.ca passtime gps renewal spring auto financial product manage cypress hill use passtime platform reduce risk prevent loss vehicle cypress portfolio 6/20/2022 update card limit $ 1000 need match renewal requirement,5700 office expense
5,0,0,-10.0,7,4,7027,1,0,0,0,0,1,0,0,0,0,1,1,0,0,1,0,purchase registrysearch.ca passtime gps renewal spring auto financial product manage cypress hill use passtime platform reduce risk prevent loss vehicle cypress portfolio 6/20/2022 update card limit $ 1000 need match renewal requirement,5700 office expense
5,0,0,-10.0,7,5,7027,1,0,0,0,0,1,0,0,0,0,1,1,0,0,1,0,purchase registrysearch.ca passtime gps renewal spring auto financial product manage cypress hill use passtime platform reduce risk prevent loss vehicle cypress portfolio 6/20/2022 update card limit $ 1000 need match renewal requirement,5700 office expense
5,0,0,-10.0,7,1,7027,1,0,0,0,0,1,0,0,0,0,1,1,0,0,1,0,purchase registrysearch.ca passtime gps renewal spring auto financial product manage cypress hill use passtime platform reduce risk prevent loss vehicle cypress portfolio 6/20/2022 update card limit $ 1000 need match renewal requirement,5700 office expense
5,0,0,-10.0,7,1,7027,1,0,0,0,0,1,0,0,0,0,1,1,0,0,1,0,purchase registrysearch.ca passtime gps renewal spring auto financial product manage cypress hill use passtime platform reduce risk prevent loss vehicle cypress portfolio 6/20/2022 update card limit $ 1000 need match renewal requirement,5700 office expense
5,0,0,-10.0,7,2,7027,1,0,0,0,0,1,0,0,0,0,1,1,0,0,1,0,purchase registrysearch.ca passtime gps renewal spring auto financial product manage cypress hill use passtime platform reduce risk prevent loss vehicle cypress portfolio 6/20/2022 update card limit $ 1000 need match renewal requirement,5700 office expense
5,0,0,-10.0,7,3,7027,1,0,0,0,0,1,0,0,0,0,1,1,0,0,1,0,purchase registrysearch.ca passtime gps renewal spring auto financial product manage cypress hill use passtime platform reduce risk prevent loss vehicle cypress portfolio 6/20/2022 update card limit $ 1000 need match renewal requirement,5700 office expense
5,0,0,-10.0,7,5,7027,1,0,0,0,0,1,0,0,0,0,1,1,0,0,1,0,purchase registrysearch.ca passtime gps renewal spring auto financial product manage cypress hill use passtime platform reduce risk prevent loss vehicle cypress portfolio 6/20/2022 update card limit $ 1000 need match renewal requirement,5700 office expense
5,0,0,-10.0,7,2,7027,1,0,0,0,0,1,0,0,0,0,1,1,0,0,1,0,purchase registrysearch.ca passtime gps renewal spring auto financial product manage cypress hill use passtime platform reduce risk prevent loss vehicle cypress portfolio 6/20/2022 update card limit $ 1000 need match renewal requirement,5700 office expense
5,0,0,-10.0,7,2,7027,1,0,0,0,0,1,0,0,0,0,1,1,0,0,1,0,purchase registrysearch.ca passtime gps renewal spring auto financial product manage cypress hill use passtime platform reduce risk prevent loss vehicle cypress portfolio 6/20/2022 update card limit $ 1000 need match renewal requirement,5700 office expense
5,0,0,-10.0,7,1,7027,1,0,0,0,0,1,0,0,0,0,1,1,0,0,1,0,purchase registrysearch.ca passtime gps renewal spring auto financial product manage cypress hill use passtime platform reduce risk prevent loss vehicle cypress portfolio 6/20/2022 update card limit $ 1000 need match renewal requirement,5700 office expense
5,0,0,-10.0,7,2,7027,1,0,0,0,0,1,0,0,0,0,1,1,0,0,1,0,purchase registrysearch.ca passtime gps renewal spring auto financial product manage cypress hill use passtime platform reduce risk prevent loss vehicle cypress portfolio 6/20/2022 update card limit $ 1000 need match renewal requirement,5700 office expense
5,0,0,-10.0,7,4,7027,1,0,0,0,0,1,0,0,0,0,1,1,0,0,1,0,purchase registrysearch.ca passtime gps renewal spring auto financial product manage cypress hill use passtime platform reduce risk prevent loss vehicle cypress portfolio 6/20/2022 update card limit $ 1000 need match renewal requirement,5700 office expense
5,0,0,-10.0,7,2,7027,1,0,0,0,0,1,0,0,0,0,1,1,0,0,1,0,purchase registrysearch.ca passtime gps renewal spring auto financial product manage cypress hill use passtime platform reduce risk prevent loss vehicle cypress portfolio 6/20/2022 update card limit $ 1000 need match renewal requirement,5700 office expense
5,0,0,-10.0,7,3,7027,1,0,0,0,0,1,0,0,0,0,1,1,0,0,1,0,purchase registrysearch.ca,5700 office expense
5,0,0,-10.0,8,3,7027,1,0,0,0,0,1,0,0,0,0,1,1,0,0,1,0,purchase registrysearch.ca passtime gps renewal spring auto financial product manage cypress hill use passtime platform reduce risk prevent loss vehicle cypress portfolio 6/20/2022 update card limit $ 1000 need match renewal requirement,5700 office expense
5,0,0,-10.0,8,5,7027,1,0,0,0,0,1,0,0,0,0,1,1,0,0,1,0,purchase registrysearch.ca passtime gps renewal spring auto financial product manage cypress hill use passtime platform reduce risk prevent loss vehicle cypress portfolio 6/20/2022 update card limit $ 1000 need match renewal requirement,5700 office expense
5,0,0,-10.0,8,5,7027,1,0,0,0,0,1,0,0,0,0,1,1,0,0,1,0,purchase registrysearch.ca passtime gps renewal spring auto financial product manage cypress hill use passtime platform reduce risk prevent loss vehicle cypress portfolio 6/20/2022 update card limit $ 1000 need match renewal requirement,5700 office expense
5,0,0,-10.0,8,2,7027,1,0,0,0,0,1,0,0,0,0,1,1,0,0,1,0,purchase registrysearch.ca passtime gps renewal spring auto financial product manage cypress hill use passtime platform reduce risk prevent loss vehicle cypress portfolio 6/20/2022 update card limit $ 1000 need match renewal requirement,5700 office expense
5,0,0,-10.0,8,3,7027,1,0,0,0,0,1,0,0,0,0,1,1,0,0,1,0,purchase registrysearch.ca passtime gps renewal spring auto financial product manage cypress hill use passtime platform reduce risk prevent loss vehicle cypress portfolio 6/20/2022 update card limit $ 1000 need match renewal requirement,5700 office expense
5,0,0,-10.0,8,1,7027,1,0,0,0,0,1,0,0,0,0,1,1,0,0,1,0,purchase registrysearch.ca passtime gps renewal spring auto financial product manage cypress hill use passtime platform reduce risk prevent loss vehicle cypress portfolio 6/20/2022 update card limit $ 1000 need match renewal requirement,5700 office expense
5,0,0,-10.0,8,3,7027,1,0,0,0,0,1,0,0,0,0,1,1,0,0,1,0,purchase registrysearch.ca passtime gps renewal spring auto financial product manage cypress hill use passtime platform reduce risk prevent loss vehicle cypress portfolio 6/20/2022 update card limit $ 1000 need match renewal requirement,5700 office expense
5,0,0,-10.0,9,2,7027,1,0,0,0,0,1,0,0,0,0,1,1,0,0,1,0,purchase registrysearch.ca passtime gps renewal spring auto financial product manage cypress hill use passtime platform reduce risk prevent loss vehicle cypress portfolio 6/20/2022 update card limit $ 1000 need match renewal requirement,5700 office expense
5,0,0,-10.0,9,1,7027,1,0,0,0,0,1,0,0,0,0,1,1,0,0,1,0,purchase registrysearch.ca passtime gps renewal spring auto financial product manage cypress hill use passtime platform reduce risk prevent loss vehicle cypress portfolio 6/20/2022 update card limit $ 1000 need match renewal requirement,5700 office expense
5,0,0,-10.0,10,4,7027,1,0,0,0,0,1,0,0,0,0,1,1,0,0,1,0,purchase registrysearch.ca passtime gps renewal spring auto financial product manage cypress hill use passtime platform reduce risk prevent loss vehicle cypress portfolio 6/20/2022 update card limit $ 1000 need match renewal requirement,5700 office expense
5,0,0,-24.68,5,6,725,1,0,0,0,0,1,0,0,0,0,1,1,0,0,1,0,purchase speedy search regist passtime gps renewal spring auto financial product manage cypress hill use passtime platform reduce risk prevent loss vehicle cypress portfolio 6/20/2022 update card limit $ 1000 need match renewal requirement,5700 office expense
5,0,0,-28.35,5,2,725,1,0,0,0,0,1,0,0,0,0,1,1,0,0,1,0,purchase speedy search regist passtime gps renewal spring auto financial product manage cypress hill use passtime platform reduce risk prevent loss vehicle cypress portfolio 6/20/2022 update card limit $ 1000 need match renewal requirement,5700 office expense
5,0,0,-24.68,5,3,725,1,0,0,0,0,1,0,0,0,0,1,1,0,0,1,0,purchase speedy search regist passtime gps renewal spring auto financial product manage cypress hill use passtime platform reduce risk prevent loss vehicle cypress portfolio 6/20/2022 update card limit $ 1000 need match renewal requirement,5700 office expense
5,0,0,-24.68,5,3,725,1,0,0,0,0,1,0,0,0,0,1,1,0,0,1,0,purchase speedy search regist passtime gps renewal spring auto financial product manage cypress hill use passtime platform reduce risk prevent loss vehicle cypress portfolio 6/20/2022 update card limit $ 1000 need match renewal requirement,5700 office expense
5,0,0,-24.68,5,2,725,1,0,0,0,0,1,0,0,0,0,1,1,0,0,1,0,purchase speedy search regist passtime gps renewal spring auto financial product manage cypress hill use passtime platform reduce risk prevent loss vehicle cypress portfolio 6/20/2022 update card limit $ 1000 need match renewal requirement,5700 office expense
5,0,0,-24.68,5,2,725,1,0,0,0,0,1,0,0,0,0,1,1,0,0,1,0,purchase speedy search regist passtime gps renewal spring auto financial product manage cypress hill use passtime platform reduce risk prevent loss vehicle cypress portfolio 6/20/2022 update card limit $ 1000 need match renewal requirement,5700 office expense
7,0,0,-0.03,3,2,7684,0,0,0,0,0,0,0,0,0,0,1,0,0,0,1,0,purchase retail fiesta private l test transaction,5700 office expense
6,0,0,-12.63,10,4,965,0,0,0,0,0,1,0,0,0,0,1,1,0,0,1,0,purchase rexall pharmacy 7149,5700 office expense
11,0,0,-115.43,7,3,8200,0,0,0,0,0,1,0,0,0,0,1,1,0,0,1,0,purchase safeway 4908,5700 office expense
11,0,0,-84.21,7,6,4079,0,0,0,0,0,1,0,0,0,0,1,1,0,0,1,0,purchase safeway 4998,5700 office expense
11,0,0,-200.0,10,5,2671,0,0,0,0,0,1,0,0,0,0,1,1,0,0,1,0,purchase sephora pacific centre,5700 office expense
6,0,0,-15.66,11,2,6019,0,0,0,0,0,1,0,0,0,0,1,1,0,0,1,0,purchase shoppers drug mart 22,5700 office expense
5,0,0,-24.68,5,5,725,1,0,0,0,0,1,0,0,0,0,1,1,0,0,1,0,purchase speedy search regist passtime gps renewal spring auto financial product manage cypress hill use passtime platform reduce risk prevent loss vehicle cypress portfolio 6/20/2022 update card limit $ 1000 need match renewal requirement,5700 office expense
5,0,0,-24.68,6,1,725,1,0,0,0,0,1,0,0,0,0,1,1,0,0,1,0,purchase speedy search regist passtime gps renewal spring auto financial product manage cypress hill use passtime platform reduce risk prevent loss vehicle cypress portfolio 6/20/2022 update card limit $ 1000 need match renewal requirement,5700 office expense
5,0,0,-24.68,6,5,725,1,0,0,0,0,1,0,0,0,0,1,1,0,0,1,0,purchase speedy search regist passtime gps renewal spring auto financial product manage cypress hill use passtime platform reduce risk prevent loss vehicle cypress portfolio 6/20/2022 update card limit $ 1000 need match renewal requirement,5700 office expense
5,0,0,-26.25,6,2,725,1,0,0,0,0,1,0,0,0,0,1,1,0,0,1,0,purchase speedy search regist passtime gps renewal spring auto financial product manage cypress hill use passtime platform reduce risk prevent loss vehicle cypress portfolio 6/20/2022 update card limit $ 1000 need match renewal requirement,5700 office expense
5,0,0,-24.68,6,1,725,1,0,0,0,0,1,0,0,0,0,1,1,0,0,1,0,purchase speedy search regist passtime gps renewal spring auto financial product manage cypress hill use passtime platform reduce risk prevent loss vehicle cypress portfolio 6/20/2022 update card limit $ 1000 need match renewal requirement,5700 office expense
5,0,0,-24.68,6,4,725,1,0,0,0,0,1,0,0,0,0,1,1,0,0,1,0,purchase speedy search regist passtime gps renewal spring auto financial product manage cypress hill use passtime platform reduce risk prevent loss vehicle cypress portfolio 6/20/2022 update card limit $ 1000 need match renewal requirement,5700 office expense
5,0,0,-28.35,6,4,725,1,0,0,0,0,1,0,0,0,0,1,1,0,0,1,0,purchase speedy search regist passtime gps renewal spring auto financial product manage cypress hill use passtime platform reduce risk prevent loss vehicle cypress portfolio 6/20/2022 update card limit $ 1000 need match renewal requirement,5700 office expense
5,0,0,-10.0,7,6,4847,0,0,0,0,0,1,0,0,0,0,1,1,0,0,1,0,purchase snb acol lien check passtime gps renewal spring auto financial product manage cypress hill use passtime platform reduce risk prevent loss vehicle cypress portfolio 6/20/2022 update card limit $ 1000 need match renewal requirement,5700 office expense
5,0,0,-10.0,7,6,4847,0,0,0,0,0,1,0,0,0,0,1,1,0,0,1,0,purchase snb acol lien check passtime gps renewal spring auto financial product manage cypress hill use passtime platform reduce risk prevent loss vehicle cypress portfolio 6/20/2022 update card limit $ 1000 need match renewal requirement,5700 office expense
5,0,0,-10.0,7,6,4847,0,0,0,0,0,1,0,0,0,0,1,1,0,0,1,0,purchase snb acol lien check passtime gps renewal spring auto financial product manage cypress hill use passtime platform reduce risk prevent loss vehicle cypress portfolio 6/20/2022 update card limit $ 1000 need match renewal requirement,5700 office expense
5,0,0,-10.0,7,4,4847,0,0,0,0,0,1,0,0,0,0,1,1,0,0,1,0,purchase snb acol lien check passtime gps renewal spring auto financial product manage cypress hill use passtime platform reduce risk prevent loss vehicle cypress portfolio 6/20/2022 update card limit $ 1000 need match renewal requirement,5700 office expense
5,0,0,-10.0,7,2,4847,0,0,0,0,0,1,0,0,0,0,1,1,0,0,1,0,purchase snb acol lien check passtime gps renewal spring auto financial product manage cypress hill use passtime platform reduce risk prevent loss vehicle cypress portfolio 6/20/2022 update card limit $ 1000 need match renewal requirement,5700 office expense
5,0,0,-10.0,7,4,4847,0,0,0,0,0,1,0,0,0,0,1,1,0,0,1,0,purchase snb acol lien check passtime gps renewal spring auto financial product manage cypress hill use passtime platform reduce risk prevent loss vehicle cypress portfolio 6/20/2022 update card limit $ 1000 need match renewal requirement,5700 office expense
5,0,0,-10.0,7,2,4847,0,0,0,0,0,1,0,0,0,0,1,1,0,0,1,0,purchase snb acol lien check passtime gps renewal spring auto financial product manage cypress hill use passtime platform reduce risk prevent loss vehicle cypress portfolio 6/20/2022 update card limit $ 1000 need match renewal requirement,5700 office expense
5,0,0,-10.0,8,3,4847,0,0,0,0,0,1,0,0,0,0,1,1,0,0,1,0,purchase snb acol lien check passtime gps renewal spring auto financial product manage cypress hill use passtime platform reduce risk prevent loss vehicle cypress portfolio 6/20/2022 update card limit $ 1000 need match renewal requirement,5700 office expense
5,0,0,-10.0,8,5,4847,0,0,0,0,0,1,0,0,0,0,1,1,0,0,1,0,purchase snb acol lien check passtime gps renewal spring auto financial product manage cypress hill use passtime platform reduce risk prevent loss vehicle cypress portfolio 6/20/2022 update card limit $ 1000 need match renewal requirement,5700 office expense
5,0,0,-10.0,8,5,4847,0,0,0,0,0,1,0,0,0,0,1,1,0,0,1,0,purchase snb acol lien check passtime gps renewal spring auto financial product manage cypress hill use passtime platform reduce risk prevent loss vehicle cypress portfolio 6/20/2022 update card limit $ 1000 need match renewal requirement,5700 office expense
5,0,0,-10.0,8,4,4847,0,0,0,0,0,1,0,0,0,0,1,1,0,0,1,0,purchase snb acol lien check passtime gps renewal spring auto financial product manage cypress hill use passtime platform reduce risk prevent loss vehicle cypress portfolio 6/20/2022 update card limit $ 1000 need match renewal requirement,5700 office expense
5,0,0,-10.0,8,4,4847,0,0,0,0,0,1,0,0,0,0,1,1,0,0,1,0,purchase snb acol lien check passtime gps renewal spring auto financial product manage cypress hill use passtime platform reduce risk prevent loss vehicle cypress portfolio 6/20/2022 update card limit $ 1000 need match renewal requirement,5700 office expense
5,0,0,-10.0,8,4,4847,0,0,0,0,0,1,0,0,0,0,1,1,0,0,1,0,purchase snb acol lien check passtime gps renewal spring auto financial product manage cypress hill use passtime platform reduce risk prevent loss vehicle cypress portfolio 6/20/2022 update card limit $ 1000 need match renewal requirement,5700 office expense
5,0,0,-10.0,8,4,4847,0,0,0,0,0,1,0,0,0,0,1,1,0,0,1,0,purchase snb acol lien check passtime gps renewal spring auto financial product manage cypress hill use passtime platform reduce risk prevent loss vehicle cypress portfolio 6/20/2022 update card limit $ 1000 need match renewal requirement,5700 office expense
5,0,0,-10.0,8,2,4847,0,0,0,0,0,1,0,0,0,0,1,1,0,0,1,0,purchase snb acol lien check passtime gps renewal spring auto financial product manage cypress hill use passtime platform reduce risk prevent loss vehicle cypress portfolio 6/20/2022 update card limit $ 1000 need match renewal requirement,5700 office expense
5,0,0,-10.0,9,4,4847,0,0,0,0,0,1,0,0,0,0,1,1,0,0,1,0,purchase snb acol lien check passtime gps renewal spring auto financial product manage cypress hill use passtime platform reduce risk prevent loss vehicle cypress portfolio 6/20/2022 update card limit $ 1000 need match renewal requirement,5700 office expense
5,0,0,-10.0,9,4,4847,0,0,0,0,0,1,0,0,0,0,1,1,0,0,1,0,purchase snb acol lien check passtime gps renewal spring auto financial product manage cypress hill use passtime platform reduce risk prevent loss vehicle cypress portfolio 6/20/2022 update card limit $ 1000 need match renewal requirement,5700 office expense
5,0,0,-10.0,10,2,4847,0,0,0,0,0,1,0,0,0,0,1,1,0,0,1,0,purchase snb acol lien check passtime gps renewal spring auto financial product manage cypress hill use passtime platform reduce risk prevent loss vehicle cypress portfolio 6/20/2022 update card limit $ 1000 need match renewal requirement,5700 office expense
5,0,0,-10.0,11,5,4847,0,0,0,0,0,1,0,0,0,0,1,1,0,0,1,0,purchase snb acol lien check passtime gps renewal spring auto financial product manage cypress hill use passtime platform reduce risk prevent loss vehicle cypress portfolio 6/20/2022 update card limit $ 1000 need match renewal requirement,5700 office expense
11,0,0,-497.0,7,2,9197,0,0,0,0,0,1,0,0,0,0,1,1,0,0,1,0,purchase sp backdropsource,5700 office expense
11,0,0,-25.0,1,2,956,0,0,0,0,0,1,0,0,0,0,1,1,0,0,1,0,purchase sp herschel supply co food beverage event prize award etc,5700 office expense
13,0,0,-640.5,12,2,4901,0,0,0,0,0,1,0,0,0,0,1,1,0,0,1,0,purchase sp sky helicopter prize christmas party,5700 office expense
13,0,0,-242.89,12,4,3723,0,0,0,0,0,1,0,0,0,0,1,1,0,0,1,0,purchase sp vyno.ca christmas holiday basket partner,5700 office expense
13,0,0,-242.89,12,4,3723,0,0,0,0,0,1,0,0,0,0,1,1,0,0,1,0,purchase sp vyno.ca holiday present business partner,5700 office expense
13,0,0,-271.14,12,4,3723,0,0,0,0,0,1,0,0,0,0,1,1,0,0,1,0,purchase sp vyno.ca holiday christmas present partner,5700 office expense
13,0,0,-247.41,12,4,3723,0,0,0,0,0,1,0,0,0,0,1,1,0,0,1,0,purchase sp vyno.ca holiday present business partner,5700 office expense
5,0,0,-26.25,6,1,725,1,0,0,0,0,1,0,0,0,0,1,1,0,0,1,0,purchase speedy search regist passtime gps renewal spring auto financial product manage cypress hill use passtime platform reduce risk prevent loss vehicle cypress portfolio 6/20/2022 update card limit $ 1000 need match renewal requirement,5700 office expense
5,0,0,-26.25,6,2,725,1,0,0,0,0,1,0,0,0,0,1,1,0,0,1,0,purchase speedy search regist passtime gps renewal spring auto financial product manage cypress hill use passtime platform reduce risk prevent loss vehicle cypress portfolio 6/20/2022 update card limit $ 1000 need match renewal requirement,5700 office expense
3,0,0,-132.15,1,5,683,0,0,0,0,0,0,0,0,0,0,1,0,0,0,1,0,purchase spline.design,5700 office expense
3,0,0,-134.93,2,1,683,0,0,0,0,0,0,0,0,0,0,1,0,0,0,1,0,purchase spline.design,5700 office expense
3,0,0,-132.87,3,2,683,0,0,0,0,0,0,0,0,0,0,1,0,0,0,1,0,purchase spline.design,5700 office expense
3,0,0,-44.9,3,5,683,0,0,0,0,0,0,0,0,0,0,1,0,0,0,1,0,purchase spline.design,5700 office expense
3,0,0,-196.23,4,5,683,0,0,0,0,0,0,0,0,0,0,1,0,0,0,1,0,purchase spline.design,5700 office expense
3,0,0,-54.23,4,3,683,0,0,0,0,0,0,0,0,0,0,1,0,0,0,1,0,purchase spline.design,5700 office expense
3,0,0,-253.32,5,0,683,0,0,0,0,0,0,0,0,0,0,1,0,0,0,1,0,purchase spline.design,5700 office expense
3,0,0,-251.13,6,3,683,0,0,0,0,0,0,0,0,0,0,1,0,0,0,1,0,purchase spline.design,5700 office expense
3,0,0,-248.97,7,5,683,0,0,0,0,0,0,0,0,0,0,1,0,0,0,1,0,purchase spline.design,5700 office expense
3,0,0,-253.63,8,1,683,0,0,0,0,0,0,0,0,0,0,1,0,0,0,1,0,purchase spline.design,5700 office expense
3,0,0,-252.33,9,4,683,0,0,0,0,0,0,0,0,0,0,1,0,0,0,1,0,purchase spline.design,5700 office expense
3,0,0,-255.29,10,6,683,0,0,0,0,0,0,0,0,0,0,1,0,0,0,1,0,purchase spline.design,5700 office expense
3,0,0,-257.21,11,1,683,0,0,0,0,0,0,0,0,0,0,1,0,0,0,1,0,purchase spline.design,5700 office expense
3,0,0,-255.4,12,4,683,0,0,0,0,0,0,0,0,0,0,1,0,0,0,1,0,purchase spline.design,5700 office expense
6,0,0,-124.24,9,1,229,0,0,0,0,0,1,0,0,0,0,1,1,0,0,1,0,purchase u haul move&storage,5700 office expense
6,0,0,-293.68,9,1,229,0,0,0,0,0,1,0,0,0,0,1,1,0,0,1,0,purchase u haul move&storage,5700 office expense
6,0,0,-38.6,1,2,1310,0,0,0,0,0,1,0,0,0,0,1,1,0,0,1,0,purchase urban fare 7615,5700 office expense
11,0,0,-50.83,2,5,1310,0,0,0,0,0,1,0,0,0,0,1,1,0,0,1,0,purchase urban fare 7615 beer friday,5700 office expense
11,0,0,-38.34,2,6,1310,0,0,0,0,0,1,0,0,0,0,1,1,0,0,1,0,purchase urban fare 7615 birthday cake,5700 office expense
11,0,0,-29.99,7,4,1310,0,0,0,0,0,1,0,0,0,0,1,1,0,0,1,0,purchase urban fare 7615,5700 office expense
11,0,0,-32.99,8,4,1310,0,0,0,0,0,1,0,0,0,0,1,1,0,0,1,0,purchase urban fare 7615,5700 office expense
11,0,0,-21.99,9,4,1310,0,0,0,0,0,1,0,0,0,0,1,1,0,0,1,0,purchase urban fare 7615,5700 office expense
11,0,0,-32.99,9,5,1310,0,0,0,0,0,1,0,0,0,0,1,1,0,0,1,0,purchase urban fare 7615,5700 office expense
11,0,0,-60.26,9,3,1310,0,0,0,0,0,1,0,0,0,0,1,1,0,0,1,0,purchase urban fare 7615,5700 office expense
11,0,0,-31.98,9,4,1310,0,0,0,0,0,1,0,0,0,0,1,1,0,0,1,0,purchase urban fare 7615,5700 office expense
11,0,0,-48.98,9,5,1310,0,0,0,0,0,1,0,0,0,0,1,1,0,0,1,0,purchase urban fare 7615,5700 office expense
11,0,0,-90.19,9,6,1310,0,0,0,0,0,1,0,0,0,0,1,1,0,0,1,0,purchase urban fare 7615,5700 office expense
10,0,0,-24.68,1,3,725,1,0,0,0,0,1,0,0,0,0,1,1,0,0,1,0,purchase speedy search regist license renewal,5700 office expense
5,0,0,-49.36,1,1,725,1,0,0,0,0,1,0,0,0,0,1,1,0,0,1,0,purchase speedy search regist passtime gps renewal spring auto financial product manage cypress hill use passtime platform reduce risk prevent loss vehicle cypress portfolio 6/20/2022 update card limit $ 1000 need match renewal requirement,5700 office expense
5,0,0,-24.68,1,2,725,1,0,0,0,0,1,0,0,0,0,1,1,0,0,1,0,purchase speedy search regist passtime gps renewal spring auto financial product manage cypress hill use passtime platform reduce risk prevent loss vehicle cypress portfolio 6/20/2022 update card limit $ 1000 need match renewal requirement,5700 office expense
5,0,0,-26.25,1,2,725,1,0,0,0,0,1,0,0,0,0,1,1,0,0,1,0,purchase speedy search regist passtime gps renewal spring auto financial product manage cypress hill use passtime platform reduce risk prevent loss vehicle cypress portfolio 6/20/2022 update card limit $ 1000 need match renewal requirement,5700 office expense
5,0,0,-26.25,1,3,725,1,0,0,0,0,1,0,0,0,0,1,1,0,0,1,0,purchase speedy search regist passtime gps renewal spring auto financial product manage cypress hill use passtime platform reduce risk prevent loss vehicle cypress portfolio 6/20/2022 update card limit $ 1000 need match renewal requirement,5700 office expense
5,0,0,-26.25,2,3,725,1,0,0,0,0,1,0,0,0,0,1,1,0,0,1,0,purchase speedy search regist passtime gps renewal spring auto financial product manage cypress hill use passtime platform reduce risk prevent loss vehicle cypress portfolio 6/20/2022 update card limit $ 1000 need match renewal requirement,5700 office expense
5,0,0,-28.35,2,5,725,1,0,0,0,0,1,0,0,0,0,1,1,0,0,1,0,purchase speedy search regist passtime gps renewal spring auto financial product manage cypress hill use passtime platform reduce risk prevent loss vehicle cypress portfolio 6/20/2022 update card limit $ 1000 need match renewal requirement,5700 office expense
5,0,0,-26.25,2,4,725,1,0,0,0,0,1,0,0,0,0,1,1,0,0,1,0,purchase speedy search regist passtime gps renewal spring auto financial product manage cypress hill use passtime platform reduce risk prevent loss vehicle cypress portfolio 6/20/2022 update card limit $ 1000 need match renewal requirement,5700 office expense
5,0,0,-26.25,2,4,725,1,0,0,0,0,1,0,0,0,0,1,1,0,0,1,0,purchase speedy search regist passtime gps renewal spring auto financial product manage cypress hill use passtime platform reduce risk prevent loss vehicle cypress portfolio 6/20/2022 update card limit $ 1000 need match renewal requirement,5700 office expense
5,0,0,-28.35,2,2,725,1,0,0,0,0,1,0,0,0,0,1,1,0,0,1,0,purchase speedy search regist passtime gps renewal spring auto financial product manage cypress hill use passtime platform reduce risk prevent loss vehicle cypress portfolio 6/20/2022 update card limit $ 1000 need match renewal requirement,5700 office expense
5,0,0,-24.68,7,1,725,1,0,0,0,0,1,0,0,0,0,1,1,0,0,1,0,purchase speedy search regist passtime gps renewal spring auto financial product manage cypress hill use passtime platform reduce risk prevent loss vehicle cypress portfolio 6/20/2022 update card limit $ 1000 need match renewal requirement,5700 office expense
5,0,0,-24.68,7,1,725,1,0,0,0,0,1,0,0,0,0,1,1,0,0,1,0,purchase speedy search regist passtime gps renewal spring auto financial product manage cypress hill use passtime platform reduce risk prevent loss vehicle cypress portfolio 6/20/2022 update card limit $ 1000 need match renewal requirement,5700 office expense
5,0,0,-24.68,7,1,725,1,0,0,0,0,1,0,0,0,0,1,1,0,0,1,0,purchase speedy search regist passtime gps renewal spring auto financial product manage cypress hill use passtime platform reduce risk prevent loss vehicle cypress portfolio 6/20/2022 update card limit $ 1000 need match renewal requirement,5700 office expense
5,0,0,-24.68,7,3,725,1,0,0,0,0,1,0,0,0,0,1,1,0,0,1,0,purchase speedy search regist passtime gps renewal spring auto financial product manage cypress hill use passtime platform reduce risk prevent loss vehicle cypress portfolio 6/20/2022 update card limit $ 1000 need match renewal requirement,5700 office expense
5,0,0,-24.68,7,4,725,1,0,0,0,0,1,0,0,0,0,1,1,0,0,1,0,purchase speedy search regist passtime gps renewal spring auto financial product manage cypress hill use passtime platform reduce risk prevent loss vehicle cypress portfolio 6/20/2022 update card limit $ 1000 need match renewal requirement,5700 office expense
5,0,0,-24.68,7,4,725,1,0,0,0,0,1,0,0,0,0,1,1,0,0,1,0,purchase speedy search regist passtime gps renewal spring auto financial product manage cypress hill use passtime platform reduce risk prevent loss vehicle cypress portfolio 6/20/2022 update card limit $ 1000 need match renewal requirement,5700 office expense
5,0,0,-24.68,7,4,725,1,0,0,0,0,1,0,0,0,0,1,1,0,0,1,0,purchase speedy search regist passtime gps renewal spring auto financial product manage cypress hill use passtime platform reduce risk prevent loss vehicle cypress portfolio 6/20/2022 update card limit $ 1000 need match renewal requirement,5700 office expense
5,0,0,-24.68,7,5,725,1,0,0,0,0,1,0,0,0,0,1,1,0,0,1,0,purchase speedy search regist passtime gps renewal spring auto financial product manage cypress hill use passtime platform reduce risk prevent loss vehicle cypress portfolio 6/20/2022 update card limit $ 1000 need match renewal requirement,5700 office expense
5,0,0,-24.68,7,5,725,1,0,0,0,0,1,0,0,0,0,1,1,0,0,1,0,purchase speedy search regist passtime gps renewal spring auto financial product manage cypress hill use passtime platform reduce risk prevent loss vehicle cypress portfolio 6/20/2022 update card limit $ 1000 need match renewal requirement,5700 office expense
5,0,0,-24.68,7,5,725,1,0,0,0,0,1,0,0,0,0,1,1,0,0,1,0,purchase speedy search regist passtime gps renewal spring auto financial product manage cypress hill use passtime platform reduce risk prevent loss vehicle cypress portfolio 6/20/2022 update card limit $ 1000 need match renewal requirement,5700 office expense
5,0,0,-24.68,7,3,725,1,0,0,0,0,1,0,0,0,0,1,1,0,0,1,0,purchase speedy search regist passtime gps renewal spring auto financial product manage cypress hill use passtime platform reduce risk prevent loss vehicle cypress portfolio 6/20/2022 update card limit $ 1000 need match renewal requirement,5700 office expense
5,0,0,-24.68,7,3,725,1,0,0,0,0,1,0,0,0,0,1,1,0,0,1,0,purchase speedy search regist passtime gps renewal spring auto financial product manage cypress hill use passtime platform reduce risk prevent loss vehicle cypress portfolio 6/20/2022 update card limit $ 1000 need match renewal requirement,5700 office expense
5,0,0,-26.25,7,1,725,1,0,0,0,0,1,0,0,0,0,1,1,0,0,1,0,purchase speedy search regist passtime gps renewal spring auto financial product manage cypress hill use passtime platform reduce risk prevent loss vehicle cypress portfolio 6/20/2022 update card limit $ 1000 need match renewal requirement,5700 office expense
5,0,0,-24.68,7,1,725,1,0,0,0,0,1,0,0,0,0,1,1,0,0,1,0,purchase speedy search regist passtime gps renewal spring auto financial product manage cypress hill use passtime platform reduce risk prevent loss vehicle cypress portfolio 6/20/2022 update card limit $ 1000 need match renewal requirement,5700 office expense
5,0,0,-24.68,7,1,725,1,0,0,0,0,1,0,0,0,0,1,1,0,0,1,0,purchase speedy search regist passtime gps renewal spring auto financial product manage cypress hill use passtime platform reduce risk prevent loss vehicle cypress portfolio 6/20/2022 update card limit $ 1000 need match renewal requirement,5700 office expense
5,0,0,-24.68,7,5,725,1,0,0,0,0,1,0,0,0,0,1,1,0,0,1,0,purchase speedy search regist passtime gps renewal spring auto financial product manage cypress hill use passtime platform reduce risk prevent loss vehicle cypress portfolio 6/20/2022 update card limit $ 1000 need match renewal requirement,5700 office expense
5,0,0,-26.25,7,5,725,1,0,0,0,0,1,0,0,0,0,1,1,0,0,1,0,purchase speedy search regist passtime gps renewal spring auto financial product manage cypress hill use passtime platform reduce risk prevent loss vehicle cypress portfolio 6/20/2022 update card limit $ 1000 need match renewal requirement,5700 office expense
5,0,0,-24.68,7,1,725,1,0,0,0,0,1,0,0,0,0,1,1,0,0,1,0,purchase speedy search regist passtime gps renewal spring auto financial product manage cypress hill use passtime platform reduce risk prevent loss vehicle cypress portfolio 6/20/2022 update card limit $ 1000 need match renewal requirement,5700 office expense
5,0,0,-24.68,7,1,725,1,0,0,0,0,1,0,0,0,0,1,1,0,0,1,0,purchase speedy search regist passtime gps renewal spring auto financial product manage cypress hill use passtime platform reduce risk prevent loss vehicle cypress portfolio 6/20/2022 update card limit $ 1000 need match renewal requirement,5700 office expense
5,0,0,-24.68,7,3,725,1,0,0,0,0,1,0,0,0,0,1,1,0,0,1,0,purchase speedy search regist passtime gps renewal spring auto financial product manage cypress hill use passtime platform reduce risk prevent loss vehicle cypress portfolio 6/20/2022 update card limit $ 1000 need match renewal requirement,5700 office expense
5,0,0,-24.68,7,4,725,1,0,0,0,0,1,0,0,0,0,1,1,0,0,1,0,purchase speedy search regist passtime gps renewal spring auto financial product manage cypress hill use passtime platform reduce risk prevent loss vehicle cypress portfolio 6/20/2022 update card limit $ 1000 need match renewal requirement,5700 office expense
5,0,0,-24.68,7,5,725,1,0,0,0,0,1,0,0,0,0,1,1,0,0,1,0,purchase speedy search regist passtime gps renewal spring auto financial product manage cypress hill use passtime platform reduce risk prevent loss vehicle cypress portfolio 6/20/2022 update card limit $ 1000 need match renewal requirement,5700 office expense
5,0,0,-24.68,7,5,725,1,0,0,0,0,1,0,0,0,0,1,1,0,0,1,0,purchase speedy search regist passtime gps renewal spring auto financial product manage cypress hill use passtime platform reduce risk prevent loss vehicle cypress portfolio 6/20/2022 update card limit $ 1000 need match renewal requirement,5700 office expense
5,0,0,-49.36,7,2,725,1,0,0,0,0,1,0,0,0,0,1,1,0,0,1,0,purchase speedy search regist passtime gps renewal spring auto financial product manage cypress hill use passtime platform reduce risk prevent loss vehicle cypress portfolio 6/20/2022 update card limit $ 1000 need match renewal requirement,5700 office expense
5,0,0,-49.36,7,2,725,1,0,0,0,0,1,0,0,0,0,1,1,0,0,1,0,purchase speedy search regist,5700 office expense
5,0,0,-26.25,7,3,725,1,0,0,0,0,1,0,0,0,0,1,1,0,0,1,0,purchase speedy search regist,5700 office expense
5,0,0,-28.35,7,3,725,1,0,0,0,0,1,0,0,0,0,1,1,0,0,1,0,purchase speedy search regist,5700 office expense
5,0,0,-24.68,8,3,725,1,0,0,0,0,1,0,0,0,0,1,1,0,0,1,0,purchase speedy search regist passtime gps renewal spring auto financial product manage cypress hill use passtime platform reduce risk prevent loss vehicle cypress portfolio 6/20/2022 update card limit $ 1000 need match renewal requirement,5700 office expense
5,0,0,-24.68,8,5,725,1,0,0,0,0,1,0,0,0,0,1,1,0,0,1,0,purchase speedy search regist passtime gps renewal spring auto financial product manage cypress hill use passtime platform reduce risk prevent loss vehicle cypress portfolio 6/20/2022 update card limit $ 1000 need match renewal requirement,5700 office expense
5,0,0,-24.68,8,1,725,1,0,0,0,0,1,0,0,0,0,1,1,0,0,1,0,purchase speedy search regist passtime gps renewal spring auto financial product manage cypress hill use passtime platform reduce risk prevent loss vehicle cypress portfolio 6/20/2022 update card limit $ 1000 need match renewal requirement,5700 office expense
5,0,0,-24.68,8,2,725,1,0,0,0,0,1,0,0,0,0,1,1,0,0,1,0,purchase speedy search regist passtime gps renewal spring auto financial product manage cypress hill use passtime platform reduce risk prevent loss vehicle cypress portfolio 6/20/2022 update card limit $ 1000 need match renewal requirement,5700 office expense
5,0,0,-24.68,8,3,725,1,0,0,0,0,1,0,0,0,0,1,1,0,0,1,0,purchase speedy search regist passtime gps renewal spring auto financial product manage cypress hill use passtime platform reduce risk prevent loss vehicle cypress portfolio 6/20/2022 update card limit $ 1000 need match renewal requirement,5700 office expense
5,0,0,-24.68,8,5,725,1,0,0,0,0,1,0,0,0,0,1,1,0,0,1,0,purchase speedy search regist passtime gps renewal spring auto financial product manage cypress hill use passtime platform reduce risk prevent loss vehicle cypress portfolio 6/20/2022 update card limit $ 1000 need match renewal requirement,5700 office expense
5,0,0,-24.68,8,5,725,1,0,0,0,0,1,0,0,0,0,1,1,0,0,1,0,purchase speedy search regist passtime gps renewal spring auto financial product manage cypress hill use passtime platform reduce risk prevent loss vehicle cypress portfolio 6/20/2022 update card limit $ 1000 need match renewal requirement,5700 office expense
5,0,0,-26.25,8,5,725,1,0,0,0,0,1,0,0,0,0,1,1,0,0,1,0,purchase speedy search regist passtime gps renewal spring auto financial product manage cypress hill use passtime platform reduce risk prevent loss vehicle cypress portfolio 6/20/2022 update card limit $ 1000 need match renewal requirement,5700 office expense
5,0,0,-24.68,8,1,725,1,0,0,0,0,1,0,0,0,0,1,1,0,0,1,0,purchase speedy search regist passtime gps renewal spring auto financial product manage cypress hill use passtime platform reduce risk prevent loss vehicle cypress portfolio 6/20/2022 update card limit $ 1000 need match renewal requirement,5700 office expense
5,0,0,-24.68,8,4,725,1,0,0,0,0,1,0,0,0,0,1,1,0,0,1,0,purchase speedy search regist passtime gps renewal spring auto financial product manage cypress hill use passtime platform reduce risk prevent loss vehicle cypress portfolio 6/20/2022 update card limit $ 1000 need match renewal requirement,5700 office expense
5,0,0,-24.68,8,1,725,1,0,0,0,0,1,0,0,0,0,1,1,0,0,1,0,purchase speedy search regist passtime gps renewal spring auto financial product manage cypress hill use passtime platform reduce risk prevent loss vehicle cypress portfolio 6/20/2022 update card limit $ 1000 need match renewal requirement,5700 office expense
5,0,0,-24.68,8,1,725,1,0,0,0,0,1,0,0,0,0,1,1,0,0,1,0,purchase speedy search regist passtime gps renewal spring auto financial product manage cypress hill use passtime platform reduce risk prevent loss vehicle cypress portfolio 6/20/2022 update card limit $ 1000 need match renewal requirement,5700 office expense
5,0,0,-24.68,8,3,725,1,0,0,0,0,1,0,0,0,0,1,1,0,0,1,0,purchase speedy search regist passtime gps renewal spring auto financial product manage cypress hill use passtime platform reduce risk prevent loss vehicle cypress portfolio 6/20/2022 update card limit $ 1000 need match renewal requirement,5700 office expense
5,0,0,-24.68,9,1,725,1,0,0,0,0,1,0,0,0,0,1,1,0,0,1,0,purchase speedy search regist passtime gps renewal spring auto financial product manage cypress hill use passtime platform reduce risk prevent loss vehicle cypress portfolio 6/20/2022 update card limit $ 1000 need match renewal requirement,5700 office expense
5,0,0,-24.68,9,4,725,1,0,0,0,0,1,0,0,0,0,1,1,0,0,1,0,purchase speedy search regist passtime gps renewal spring auto financial product manage cypress hill use passtime platform reduce risk prevent loss vehicle cypress portfolio 6/20/2022 update card limit $ 1000 need match renewal requirement,5700 office expense
6,0,0,-24.68,9,5,725,1,0,0,0,0,1,0,0,0,0,1,1,0,0,1,0,purchase speedy search regist,5700 office expense
5,0,0,-24.68,10,4,725,1,0,0,0,0,1,0,0,0,0,1,1,0,0,1,0,purchase speedy search regist passtime gps renewal spring auto financial product manage cypress hill use passtime platform reduce risk prevent loss vehicle cypress portfolio 6/20/2022 update card limit $ 1000 need match renewal requirement,5700 office expense
5,0,0,-24.68,10,4,725,1,0,0,0,0,1,0,0,0,0,1,1,0,0,1,0,purchase speedy search regist,5700 office expense
6,0,0,-46.9,6,6,3016,0,0,0,0,0,1,0,0,0,0,1,1,0,0,1,0,purchase urban fare 7618,5700 office expense
6,0,0,-31.42,7,3,3016,0,0,0,0,0,1,0,0,0,0,1,1,0,0,1,0,purchase urban fare 7618,5700 office expense
6,0,0,-59.98,7,5,3016,0,0,0,0,0,1,0,0,0,0,1,1,0,0,1,0,purchase urban fare 7618,5700 office expense
6,0,0,-26.99,7,5,3016,0,0,0,0,0,1,0,0,0,0,1,1,0,0,1,0,purchase urban fare 7618,5700 office expense
11,0,0,-32.99,7,5,3016,0,0,0,0,0,1,0,0,0,0,1,1,0,0,1,0,purchase urban fare 7618,5700 office expense
11,0,0,-32.99,7,6,3016,0,0,0,0,0,1,0,0,0,0,1,1,0,0,1,0,purchase urban fare 7618,5700 office expense
11,0,0,-65.56,7,3,3016,0,0,0,0,0,1,0,0,0,0,1,1,0,0,1,0,purchase urban fare 7618,5700 office expense
11,0,0,-66.45,8,5,3016,0,0,0,0,0,1,0,0,0,0,1,1,0,0,1,0,purchase urban fare 7618,5700 office expense
11,0,0,-70.45,8,3,3016,0,0,0,0,0,1,0,0,0,0,1,1,0,0,1,0,purchase urban fare 7618,5700 office expense
11,0,0,-26.99,8,5,3016,0,0,0,0,0,1,0,0,0,0,1,1,0,0,1,0,purchase urban fare 7618,5700 office expense
11,0,0,-32.99,8,2,3016,0,0,0,0,0,1,0,0,0,0,1,1,0,0,1,0,purchase urban fare 7618,5700 office expense
11,0,0,-21.99,8,5,3016,0,0,0,0,0,1,0,0,0,0,1,1,0,0,1,0,purchase urban fare 7618,5700 office expense
11,0,0,-65.98,8,6,3016,0,0,0,0,0,1,0,0,0,0,1,1,0,0,1,0,purchase urban fare 7618,5700 office expense
11,0,0,-60.98,8,2,3016,0,0,0,0,0,1,0,0,0,0,1,1,0,0,1,0,purchase urban fare 7618,5700 office expense
11,0,0,-22.99,8,5,3016,0,0,0,0,0,1,0,0,0,0,1,1,0,0,1,0,purchase urban fare 7618,5700 office expense
11,0,0,-32.99,8,5,3016,0,0,0,0,0,1,0,0,0,0,1,1,0,0,1,0,purchase urban fare 7618,5700 office expense
11,0,0,-26.99,8,3,3016,0,0,0,0,0,1,0,0,0,0,1,1,0,0,1,0,purchase urban fare 7618,5700 office expense
11,0,0,-26.99,8,4,3016,0,0,0,0,0,1,0,0,0,0,1,1,0,0,1,0,purchase urban fare 7618,5700 office expense
11,0,0,-76.97,9,3,3016,0,0,0,0,0,1,0,0,0,0,1,1,0,0,1,0,purchase urban fare 7618,5700 office expense
6,0,0,-60.98,9,5,3016,0,0,0,0,0,1,0,0,0,0,1,1,0,0,1,0,purchase urban fare 7618,5700 office expense
6,0,0,-29.99,9,6,3016,0,0,0,0,0,1,0,0,0,0,1,1,0,0,1,0,purchase urban fare 7618,5700 office expense
11,0,0,-2303.13,5,3,777,0,0,0,0,0,1,0,0,0,0,1,1,0,0,1,0,purchase vt canteenvan-58073,5700 office expense
11,0,0,-36.31,3,1,144,0,0,0,0,0,1,0,0,0,0,1,1,0,0,1,0,purchase staple store 254,5700 office expense
11,0,0,-24.59,3,2,144,0,0,0,0,0,1,0,0,0,0,1,1,0,0,1,0,purchase staple store 254,5700 office expense
11,0,0,-19.54,3,5,144,0,0,0,0,0,1,0,0,0,0,1,1,0,0,1,0,purchase staple store 254,5700 office expense
11,0,0,-72.78,4,1,144,0,0,0,0,0,1,0,0,0,0,1,1,0,0,1,0,purchase staple store 254,5700 office expense
11,0,0,-57.09,4,1,144,0,0,0,0,0,1,0,0,0,0,1,1,0,0,1,0,purchase staple store 254,5700 office expense
11,0,0,-46.43,4,5,144,0,0,0,0,0,1,0,0,0,0,1,1,0,0,1,0,purchase staple store 254,5700 office expense
6,0,0,-9.85,4,2,144,0,0,0,0,0,1,0,0,0,0,1,1,0,0,1,0,purchase staple store 254,5700 office expense
17,0,0,-187.65,5,2,144,0,0,0,0,0,1,0,0,0,0,1,1,0,0,1,0,purchase staple store 254 hardware shipment,5700 office expense
17,0,0,-133.68,6,1,144,0,0,0,0,0,1,0,0,0,0,1,1,0,0,1,0,purchase staple store 254 hardware shipment,5700 office expense
17,0,0,-191.54,6,5,144,0,0,0,0,0,1,0,0,0,0,1,1,0,0,1,0,purchase staple store 254 hardware shipment,5700 office expense
11,0,0,-87.13,7,3,144,0,0,0,0,0,1,0,0,0,0,1,1,0,0,1,0,purchase staple store 254,5700 office expense
11,0,0,-224.73,8,3,144,0,0,0,0,0,1,0,0,0,0,1,1,0,0,1,0,purchase staple store 254,5700 office expense
17,0,0,-223.85,8,4,144,0,0,0,0,0,1,0,0,0,0,1,1,0,0,1,0,purchase staple store 254 hardware shipment,5700 office expense
11,0,0,-60.89,8,5,144,0,0,0,0,0,1,0,0,0,0,1,1,0,0,1,0,purchase staple store 254,5700 office expense
17,0,0,-178.31,8,2,144,0,0,0,0,0,1,0,0,0,0,1,1,0,0,1,0,purchase staple store 254 hardware shipment,5700 office expense
17,0,0,-178.31,8,2,144,0,0,0,0,0,1,0,0,0,0,1,1,0,0,1,0,purchase staple store 254 hardware shipment,5700 office expense
11,0,0,-95.72,9,4,144,0,0,0,0,0,1,0,0,0,0,1,1,0,0,1,0,purchase staple store 254,5700 office expense
17,0,0,-205.71,9,4,144,0,0,0,0,0,1,0,0,0,0,1,1,0,0,1,0,purchase staple store 254,5700 office expense
11,0,0,-179.43,9,2,144,0,0,0,0,0,1,0,0,0,0,1,1,0,0,1,0,purchase staple store 254,5700 office expense
11,0,0,-4.25,10,1,144,0,0,0,0,0,1,0,0,0,0,1,1,0,0,1,0,purchase staple store 254,5700 office expense
11,0,0,-126.6,10,1,144,0,0,0,0,0,1,0,0,0,0,1,1,0,0,1,0,purchase staple store 254,5700 office expense
11,0,0,-4.47,10,3,144,0,0,0,0,0,1,0,0,0,0,1,1,0,0,1,0,purchase staple store 254,5700 office expense
11,0,0,-234.21,10,3,144,0,0,0,0,0,1,0,0,0,0,1,1,0,0,1,0,purchase staple store 254,5700 office expense
11,0,0,-27.75,10,3,144,0,0,0,0,0,1,0,0,0,0,1,1,0,0,1,0,purchase staple store 254,5700 office expense
11,0,0,-57.39,11,2,144,0,0,0,0,0,1,0,0,0,0,1,1,0,0,1,0,purchase staple store 254,5700 office expense
11,0,0,-48.67,12,4,144,0,0,0,0,0,1,0,0,0,0,1,1,0,0,1,0,purchase staple store 254,5700 office expense
17,0,0,-235.05,12,2,144,0,0,0,0,0,1,0,0,0,0,1,1,0,0,1,0,purchase staple store 254 hardware shipment,5700 office expense
11,0,0,-174.62,7,4,9221,0,0,0,0,0,1,0,0,0,0,1,1,0,0,1,0,purchase staples.ca/43546171125 food beverage event prize award etc,5700 office expense
11,0,0,-251.86,7,1,9692,0,0,0,0,0,1,0,0,0,0,1,1,0,0,1,0,purchase staples.ca/43733039125 food beverage event prize award etc,5700 office expense
11,0,0,-48.15,8,5,9692,0,0,0,0,0,1,0,0,0,0,1,1,0,0,1,0,purchase staples.ca/43733039125 food beverage event prize award etc,5700 office expense
11,0,0,48.15,8,5,9653,0,0,0,0,0,1,0,0,0,0,1,1,0,0,0,1,refund staples.ca/43733039157 food beverage event prize award etc,5700 office expense
11,0,0,-117.58,9,1,7359,0,0,0,0,0,1,0,0,0,0,1,1,0,0,1,0,purchase staples.ca/44438250126 food beverage event prize award etc,5700 office expense
11,0,0,-470.31,12,2,2192,0,0,0,0,0,1,0,0,0,0,1,1,0,0,1,0,purchase staples.ca/45790473227 food beverage event prize award etc,5700 office expense
13,0,0,-6.89,12,3,4070,0,0,0,0,0,1,0,0,0,0,1,1,0,0,1,0,purchase staplesprint.ca/79kmyt printing material christmas party,5700 office expense
11,0,0,-23.52,10,4,6342,0,1,0,0,0,1,0,0,0,0,1,1,0,0,1,0,purchase starbuck 04370,5700 office expense
11,0,0,-2019.73,6,5,4765,0,0,0,0,0,1,0,0,0,0,1,1,0,0,1,0,purchase vt canteenvan-58073 bc,5700 office expense
11,0,0,-2555.28,7,4,4765,0,0,0,0,0,1,0,0,0,0,1,1,0,0,1,0,purchase vt canteenvan-58073 bc,5700 office expense
11,0,0,-50.0,9,5,2612,0,0,0,0,0,1,0,0,0,0,1,1,0,0,1,0,purchase steamgames.com 4259522985 food beverage event prize award etc,5700 office expense
11,0,0,-170.4,1,3,2634,0,0,0,0,0,1,0,0,0,0,1,1,0,0,1,0,purchase stericycle ulc food beverage event prize award etc,5700 office expense
11,0,0,-172.29,2,1,2634,0,0,0,0,0,1,0,0,0,0,1,1,0,0,1,0,purchase stericycle ulc food beverage event prize award etc,5700 office expense
11,0,0,-172.29,3,4,2634,0,0,0,0,0,1,0,0,0,0,1,1,0,0,1,0,purchase stericycle ulc food beverage event prize award etc,5700 office expense
11,0,0,-350.25,4,4,2634,0,0,0,0,0,1,0,0,0,0,1,1,0,0,1,0,purchase stericycle ulc food beverage event prize award etc,5700 office expense
11,0,0,-173.55,5,1,477,0,0,0,0,0,1,0,0,0,0,1,1,0,0,1,0,purchase stericycle ulc cad food beverage event prize award etc,5700 office expense
11,0,0,-180.32,6,3,477,0,0,0,0,0,1,0,0,0,0,1,1,0,0,1,0,purchase stericycle ulc cad food beverage event prize award etc,5700 office expense
11,0,0,-175.6,7,6,477,0,0,0,0,0,1,0,0,0,0,1,1,0,0,1,0,purchase stericycle ulc cad food beverage event prize award etc,5700 office expense
11,0,0,-175.6,8,1,477,0,0,0,0,0,1,0,0,0,0,1,1,0,0,1,0,purchase stericycle ulc cad food beverage event prize award etc,5700 office expense
11,0,0,-175.86,9,4,477,0,0,0,0,0,1,0,0,0,0,1,1,0,0,1,0,purchase stericycle ulc cad food beverage event prize award etc,5700 office expense
11,0,0,-356.84,11,2,477,0,0,0,0,0,1,0,0,0,0,1,1,0,0,1,0,purchase stericycle ulc cad food beverage event prize award etc,5700 office expense
11,0,0,-172.28,12,4,477,0,0,0,0,0,1,0,0,0,0,1,1,0,0,1,0,purchase stericycle ulc cad food beverage event prize award etc,5700 office expense
11,0,0,-150.0,10,3,9247,0,0,0,0,0,1,0,0,0,0,1,1,0,0,1,0,purchase suyo modern peruvian food beverage event prize award etc,5700 office expense
6,0,0,-114.47,7,1,8255,0,0,0,0,0,1,0,0,0,0,1,1,0,0,1,0,purchase t shirt,5700 office expense
11,0,0,-123.27,1,3,5223,0,0,0,0,0,1,0,0,0,0,1,1,0,0,1,0,purchase tasker taskrabbit,5700 office expense
11,0,0,-250.73,2,0,5223,0,0,0,0,0,1,0,0,0,0,1,1,0,0,1,0,purchase tasker taskrabbit,5700 office expense
0,0,0,-1.05,6,4,4479,0,0,0,0,0,1,0,0,0,0,1,1,0,1,0,0,bill payment test test,5700 office expense
11,0,0,-100.0,8,6,9836,0,0,0,0,0,1,0,0,0,0,1,1,0,0,1,0,purchase home depot 7042,5700 office expense
11,0,0,-9.87,8,0,9836,0,0,0,0,0,1,0,0,0,0,1,1,0,0,1,0,purchase home depot 7042,5700 office expense
7,0,0,-129.36,8,1,1527,0,0,0,0,0,0,0,0,0,0,1,0,0,0,1,0,purchase timezone entertainment team outing engagement activity,5700 office expense
7,0,0,-56.24,11,4,1527,0,0,0,0,0,0,0,0,0,0,1,0,0,0,1,0,purchase timezone entertainment employee engagement activity,5700 office expense
11,0,0,-1858.58,3,2,2775,0,0,0,0,0,1,0,0,0,0,1,1,0,0,1,0,purchase vt canteenvan-58073 br,5700 office expense
11,0,0,-2226.54,4,4,2775,0,0,0,0,0,1,0,0,0,0,1,1,0,0,1,0,purchase vt canteenvan-58073 br,5700 office expense
8,0,0,-100.57,10,3,2588,0,0,0,0,0,1,0,0,0,0,1,1,0,0,1,0,purchase wave startuptive virtual office space toronto initial deposit 1 month 79+hst promo 30 discount $ 89.27 3 month initial charge $ 144.64 79 + 49+hst ontario,5700 office expense
8,0,0,-100.57,11,6,2588,0,0,0,0,0,1,0,0,0,0,1,1,0,0,1,0,purchase wave startuptive virtual office space toronto initial deposit 1 month 79+hst promo 30 discount $ 89.27 3 month initial charge $ 144.64 79 + 49+hst ontario,5700 office expense
6,0,0,-742.28,9,4,4135,0,0,0,0,0,1,0,0,0,0,1,1,0,0,1,0,purchase turkey party maker,5700 office expense
5,0,0,-10.0,4,4,8098,0,0,0,0,0,1,0,0,0,0,1,1,0,0,1,0,purchase yg ppsr lien search acol passtime gps renewal spring auto financial product manage cypress hill use passtime platform reduce risk prevent loss vehicle cypress portfolio 6/20/2022 update card limit $ 1000 need match renewal requirement,5700 office expense
5,0,0,-10.0,5,6,8098,0,0,0,0,0,1,0,0,0,0,1,1,0,0,1,0,purchase yg ppsr lien search acol passtime gps renewal spring auto financial product manage cypress hill use passtime platform reduce risk prevent loss vehicle cypress portfolio 6/20/2022 update card limit $ 1000 need match renewal requirement,5700 office expense
5,0,0,-10.0,6,3,8098,0,0,0,0,0,1,0,0,0,0,1,1,0,0,1,0,purchase yg ppsr lien search acol passtime gps renewal spring auto financial product manage cypress hill use passtime platform reduce risk prevent loss vehicle cypress portfolio 6/20/2022 update card limit $ 1000 need match renewal requirement,5700 office expense
7,0,0,-3.85,3,5,1999,0,0,0,0,0,0,0,0,0,0,1,0,0,0,1,0,purchase zepto marketplace private cold drink employee engagement activity,5700 office expense
6,0,0,124.24,10,5,229,0,0,0,0,0,1,0,0,0,0,1,1,0,0,0,1,refund u haul move&storage,5700 office expense
11,0,0,-32.99,3,2,1310,0,0,0,0,0,1,0,0,0,0,1,1,0,0,1,0,purchase urban fare 7615 birthday cake,5700 office expense
11,0,0,-32.99,3,4,1310,0,0,0,0,0,1,0,0,0,0,1,1,0,0,1,0,purchase urban fare 7615 emily gardner birthday cake,5700 office expense
11,0,0,-70.97,10,5,1310,0,0,0,0,0,1,0,0,0,0,1,1,0,0,1,0,purchase urban fare 7615,5700 office expense
11,0,0,-21.99,11,2,1310,0,0,0,0,0,1,0,0,0,0,1,1,0,0,1,0,purchase urban fare 7615,5700 office expense
11,0,0,-21.99,11,1,1310,0,0,0,0,0,1,0,0,0,0,1,1,0,0,1,0,purchase urban fare 7615,5700 office expense
11,0,0,-65.97,11,4,1310,0,0,0,0,0,1,0,0,0,0,1,1,0,0,1,0,purchase urban fare 7615,5700 office expense
11,0,0,-53.98,11,6,1310,0,0,0,0,0,1,0,0,0,0,1,1,0,0,1,0,purchase urban fare 7615,5700 office expense
11,0,0,-49.98,12,3,1310,0,0,0,0,0,1,0,0,0,0,1,1,0,0,1,0,purchase urban fare 7615,5700 office expense
11,0,0,-26.99,12,4,1310,0,0,0,0,0,1,0,0,0,0,1,1,0,0,1,0,purchase urban fare 7615,5700 office expense
11,0,0,-110.96,12,3,1310,0,0,0,0,0,1,0,0,0,0,1,1,0,0,1,0,purchase urban fare 7615,5700 office expense
11,0,0,-115.96,12,4,1310,0,0,0,0,0,1,0,0,0,0,1,1,0,0,1,0,purchase urban fare 7615,5700 office expense
11,0,0,-23.27,12,3,1310,0,0,0,0,0,1,0,0,0,0,1,1,0,0,1,0,purchase urban fare 7615,5700 office expense
11,0,0,-21.99,12,4,1310,0,0,0,0,0,1,0,0,0,0,1,1,0,0,1,0,purchase urban fare 7615,5700 office expense
6,0,0,-26.99,4,2,3016,0,0,0,0,0,1,0,0,0,0,1,1,0,0,1,0,purchase urban fare 7618,5700 office expense
11,0,0,-70.97,10,5,3016,0,0,0,0,0,1,0,0,0,0,1,1,0,0,1,0,purchase urban fare 7618,5700 office expense
11,0,0,-19.99,10,3,3016,0,0,0,0,0,1,0,0,0,0,1,1,0,0,1,0,purchase urban fare 7618,5700 office expense
11,0,0,-26.46,10,3,3016,0,0,0,0,0,1,0,0,0,0,1,1,0,0,1,0,purchase urban fare 7618,5700 office expense
6,0,0,-98.97,10,5,3016,0,0,0,0,0,1,0,0,0,0,1,1,0,0,1,0,purchase urban fare 7618,5700 office expense
6,0,0,-65.98,10,6,3016,0,0,0,0,0,1,0,0,0,0,1,1,0,0,1,0,purchase urban fare 7618,5700 office expense
6,0,0,-21.99,10,2,3016,0,0,0,0,0,1,0,0,0,0,1,1,0,0,1,0,purchase urban fare 7618,5700 office expense
6,0,0,-43.98,10,3,3016,0,0,0,0,0,1,0,0,0,0,1,1,0,0,1,0,purchase urban fare 7618,5700 office expense
11,0,0,-65.98,10,6,3016,0,0,0,0,0,1,0,0,0,0,1,1,0,0,1,0,purchase urban fare 7618,5700 office expense
6,0,0,-21.99,10,2,3016,0,0,0,0,0,1,0,0,0,0,1,1,0,0,1,0,purchase urban fare 7618,5700 office expense
6,0,0,-32.99,10,2,3016,0,0,0,0,0,1,0,0,0,0,1,1,0,0,1,0,purchase urban fare 7618,5700 office expense
11,0,0,-54.98,10,2,3016,0,0,0,0,0,1,0,0,0,0,1,1,0,0,1,0,purchase urban fare 7618,5700 office expense
6,0,0,-65.98,11,6,3016,0,0,0,0,0,1,0,0,0,0,1,1,0,0,1,0,purchase urban fare 7618,5700 office expense
6,0,0,-32.99,11,1,3016,0,0,0,0,0,1,0,0,0,0,1,1,0,0,1,0,purchase urban fare 7618,5700 office expense
6,0,0,-32.99,11,4,3016,0,0,0,0,0,1,0,0,0,0,1,1,0,0,1,0,purchase urban fare 7618,5700 office expense
6,0,0,-32.99,11,5,3016,0,0,0,0,0,1,0,0,0,0,1,1,0,0,1,0,purchase urban fare 7618,5700 office expense
6,0,0,-21.99,11,3,3016,0,0,0,0,0,1,0,0,0,0,1,1,0,0,1,0,purchase urban fare 7618,5700 office expense
6,0,0,-32.99,11,6,3016,0,0,0,0,0,1,0,0,0,0,1,1,0,0,1,0,purchase urban fare 7618,5700 office expense
6,0,0,-98.97,11,1,3016,0,0,0,0,0,1,0,0,0,0,1,1,0,0,1,0,purchase urban fare 7618,5700 office expense
11,0,0,-32.99,11,2,3016,0,0,0,0,0,1,0,0,0,0,1,1,0,0,1,0,purchase urban fare 7618,5700 office expense
6,0,0,-65.98,11,3,3016,0,0,0,0,0,1,0,0,0,0,1,1,0,0,1,0,purchase urban fare 7618,5700 office expense
6,0,0,-32.99,11,4,3016,0,0,0,0,0,1,0,0,0,0,1,1,0,0,1,0,purchase urban fare 7618,5700 office expense
6,0,0,-32.99,11,5,3016,0,0,0,0,0,1,0,0,0,0,1,1,0,0,1,0,purchase urban fare 7618,5700 office expense
11,0,0,-3825.94,9,2,5722,0,0,0,0,0,1,0,0,0,0,1,1,0,0,1,0,purchase vancouver partywork,5700 office expense
11,0,0,-3825.94,12,4,5722,0,0,0,0,0,1,0,0,0,0,1,1,0,0,1,0,purchase vancouver partywork,5700 office expense
6,0,0,-746.55,2,5,5151,0,0,0,0,0,1,0,0,0,0,1,1,0,0,1,0,purchase vancouver pb recreatio,5700 office expense
2,0,0,-411.74,6,5,9851,0,0,0,0,0,1,0,0,0,0,1,1,0,0,1,0,purchase vancouver rise,5700 office expense
11,0,0,-404.3,7,1,1605,0,0,0,0,0,1,0,0,0,0,1,1,0,0,1,0,purchase vistaprint canada corp,5700 office expense
11,0,0,-2612.18,9,2,4765,0,0,0,0,0,1,0,0,0,0,1,1,0,0,1,0,purchase vt canteenvan-58073 bc,5700 office expense
11,0,0,-361.14,9,5,4765,0,0,0,0,0,1,0,0,0,0,1,1,0,0,1,0,purchase vt canteenvan-58073 bc food beverage event prize award etc,5700 office expense
11,0,0,-219.0,9,5,4765,0,0,0,0,0,1,0,0,0,0,1,1,0,0,1,0,purchase vt canteenvan-58073 bc food beverage event prize award etc,5700 office expense
11,0,0,-5834.47,12,1,4765,0,0,0,0,0,1,0,0,0,0,1,1,0,0,1,0,purchase vt canteenvan-58073 bc,5700 office expense
11,0,0,-2060.85,1,4,2775,0,0,0,0,0,1,0,0,0,0,1,1,0,0,1,0,purchase vt canteenvan-58073 br,5700 office expense
11,0,0,-140.0,8,5,2140,0,0,0,0,0,1,0,0,0,0,1,1,0,0,1,0,purchase walmart giftcard,5700 office expense
11,0,0,-35.66,3,2,1005,0,0,0,0,0,1,0,0,0,0,1,1,0,0,1,0,purchase wal mart supercenter#1104,5700 office expense
11,0,0,-138.39,4,1,1005,0,0,0,0,0,1,0,0,0,0,1,1,0,0,1,0,purchase wal mart supercenter#1104,5700 office expense
11,0,0,-1.97,10,2,1091,0,0,0,0,0,1,0,0,0,0,1,1,0,0,1,0,purchase wal mart supercenter#1213,5700 office expense
6,0,0,-42.31,8,6,130,0,0,0,0,0,1,0,0,0,0,1,1,0,0,1,0,purchase walmart.ca,5700 office expense
6,0,0,31.72,10,2,130,0,0,0,0,0,1,0,0,0,0,1,1,0,0,0,1,refund walmart.ca,5700 office expense
6,0,0,31.66,10,2,130,0,0,0,0,0,1,0,0,0,0,1,1,0,0,0,1,refund walmart.ca,5700 office expense
6,0,0,-116.46,10,3,130,0,0,0,0,0,1,0,0,0,0,1,1,0,0,1,0,purchase walmart.ca,5700 office expense
8,0,0,-100.57,1,3,2588,0,0,0,0,0,1,0,0,0,0,1,1,0,0,1,0,purchase wave startuptive virtual office space toronto initial deposit 1 month 79+hst promo 30 discount $ 89.27 3 month initial charge $ 144.64 79 + 49+hst ontario,5700 office expense
8,0,0,-100.57,2,6,2588,0,0,0,0,0,1,0,0,0,0,1,1,0,0,1,0,purchase wave startuptive virtual office space toronto initial deposit 1 month 79+hst promo 30 discount $ 89.27 3 month initial charge $ 144.64 79 + 49+hst ontario,5700 office expense
8,0,0,-100.57,3,6,2588,0,0,0,0,0,1,0,0,0,0,1,1,0,0,1,0,purchase wave startuptive virtual office space toronto initial deposit 1 month 79+hst promo 30 discount $ 89.27 3 month initial charge $ 144.64 79 + 49+hst ontario,5700 office expense
8,0,0,-100.57,4,2,2588,0,0,0,0,0,1,0,0,0,0,1,1,0,0,1,0,purchase wave startuptive virtual office space toronto initial deposit 1 month 79+hst promo 30 discount $ 89.27 3 month initial charge $ 144.64 79 + 49+hst ontario,5700 office expense
8,0,0,-100.57,5,4,2588,0,0,0,0,0,1,0,0,0,0,1,1,0,0,1,0,purchase wave startuptive virtual office space toronto initial deposit 1 month 79+hst promo 30 discount $ 89.27 3 month initial charge $ 144.64 79 + 49+hst ontario,5700 office expense
8,0,0,-100.57,6,0,2588,0,0,0,0,0,1,0,0,0,0,1,1,0,0,1,0,purchase wave startuptive virtual office space toronto initial deposit 1 month 79+hst promo 30 discount $ 89.27 3 month initial charge $ 144.64 79 + 49+hst ontario,5700 office expense
8,0,0,-100.57,7,2,2588,0,0,0,0,0,1,0,0,0,0,1,1,0,0,1,0,purchase wave startuptive virtual office space toronto initial deposit 1 month 79+hst promo 30 discount $ 89.27 3 month initial charge $ 144.64 79 + 49+hst ontario,5700 office expense
8,0,0,-100.57,8,5,2588,0,0,0,0,0,1,0,0,0,0,1,1,0,0,1,0,purchase wave startuptive virtual office space toronto initial deposit 1 month 79+hst promo 30 discount $ 89.27 3 month initial charge $ 144.64 79 + 49+hst ontario,5700 office expense
8,0,0,-100.57,9,1,2588,0,0,0,0,0,1,0,0,0,0,1,1,0,0,1,0,purchase wave startuptive virtual office space toronto initial deposit 1 month 79+hst promo 30 discount $ 89.27 3 month initial charge $ 144.64 79 + 49+hst ontario,5700 office expense
8,0,0,-100.57,12,1,2588,0,0,0,0,0,1,0,0,0,0,1,1,0,0,1,0,purchase wave startuptive virtual office space toronto initial deposit 1 month 79+hst promo 30 discount $ 89.27 3 month initial charge $ 144.64 79 + 49+hst ontario,5700 office expense
11,0,0,-1060.7,2,3,5810,0,0,0,0,0,1,0,0,0,0,1,1,0,0,1,0,purchase weiss office,5700 office expense
7,0,0,-159.37,9,2,2016,0,0,0,0,0,0,0,0,0,0,1,0,0,0,1,0,purchase www awfis com gift voucher work anniversary star month employee,5700 office expense
7,0,0,-824.11,10,5,2016,0,0,0,0,0,0,0,0,0,0,1,0,0,0,1,0,purchase www awfis com diwali outing payment,5700 office expense
7,0,0,-655.5,10,2,2016,0,0,0,0,0,0,0,0,0,0,1,0,0,0,1,0,purchase www awfis com diwali party advance,5700 office expense
7,0,0,-112.75,11,3,2016,0,0,0,0,0,0,0,0,0,0,1,0,0,0,1,0,purchase www awfis com,5700 office expense
11,0,0,-280.44,1,2,1741,0,0,0,0,0,1,0,0,0,0,1,1,0,0,1,0,purchase www.canadiantire.ca,5700 office expense
11,0,0,-285.08,1,2,1741,0,0,0,0,0,1,0,0,0,0,1,1,0,0,1,0,purchase www.canadiantire.ca,5700 office expense
6,0,0,-241.92,5,2,8343,0,0,0,0,0,1,0,0,0,0,1,1,0,0,1,0,purchase yeti 1 833 225 9384,5700 office expense
6,0,0,-120.96,9,4,8343,0,0,0,0,0,1,0,0,0,0,1,1,0,0,1,0,purchase yeti 1 833 225 9384,5700 office expense
11,0,0,-45.0,1,2,42,0,0,0,0,0,1,0,0,0,0,1,1,0,0,1,0,purchase zara.com food beverage event prize award etc,5700 office expense
7,0,0,-14.29,10,2,1999,0,0,0,0,0,0,0,0,0,0,1,0,0,0,1,0,purchase zepto marketplace private stationary office,5700 office expense
8,0,0,-387.66,12,3,6800,0,0,0,0,0,0,0,0,0,0,1,0,0,0,1,0,purchase ahrefs.com,5773 software license
7,0,0,-185.52,3,1,5153,0,0,0,1,0,0,0,0,0,0,1,0,0,0,1,0,purchase amazon pay india private android qa testing -mihir,5773 software license
7,0,0,-194.19,3,1,5153,0,0,0,1,0,0,0,0,0,0,1,0,0,0,1,0,purchase amazon pay india private android mobile buy qa testing preksha shukla,5773 software license
7,0,0,-194.19,3,1,5153,0,0,0,1,0,0,0,0,0,0,1,0,0,0,1,0,purchase amazon pay india private samsung android sapana mali qa testing,5773 software license
6,0,0,-72.71,1,3,2664,0,0,0,1,0,1,0,0,0,0,1,1,0,0,1,0,purchase amazon web service spring vendor card amazon web service ii google cloud platform,5773 software license
6,0,0,-75621.45,1,1,2664,0,0,0,1,0,1,0,0,0,0,1,1,0,0,1,0,purchase amazon web service spring vendor card amazon web service ii google cloud platform,5773 software license
6,0,0,-70.45,2,6,2664,0,0,0,1,0,1,0,0,0,0,1,1,0,0,1,0,purchase amazon web service spring vendor card amazon web service ii google cloud platform,5773 software license
6,0,0,-84293.2,2,4,2664,0,0,0,1,0,1,0,0,0,0,1,1,0,0,1,0,purchase amazon web service spring vendor card amazon web service ii google cloud platform,5773 software license
6,0,0,-62.35,3,6,2664,0,0,0,1,0,1,0,0,0,0,1,1,0,0,1,0,purchase amazon web service spring vendor card amazon web service ii google cloud platform,5773 software license
6,0,0,-80475.09,3,6,2664,0,0,0,1,0,1,0,0,0,0,1,1,0,0,1,0,purchase amazon web service spring vendor card amazon web service ii google cloud platform,5773 software license
6,0,0,-93.32,4,2,2664,0,0,0,1,0,1,0,0,0,0,1,1,0,0,1,0,purchase amazon web service spring vendor card amazon web service ii google cloud platform,5773 software license
6,0,0,-87729.28,4,2,2664,0,0,0,1,0,1,0,0,0,0,1,1,0,0,1,0,purchase amazon web service spring vendor card amazon web service ii google cloud platform,5773 software license
6,0,0,-89245.54,5,4,2664,0,0,0,1,0,1,0,0,0,0,1,1,0,0,1,0,purchase amazon web service spring vendor card amazon web service ii google cloud platform,5773 software license
6,0,0,-61.15,5,4,2664,0,0,0,1,0,1,0,0,0,0,1,1,0,0,1,0,purchase amazon web service spring vendor card amazon web service ii google cloud platform,5773 software license
6,0,0,-60.01,6,0,2664,0,0,0,1,0,1,0,0,0,0,1,1,0,0,1,0,purchase amazon web service spring vendor card amazon web service ii google cloud platform,5773 software license
6,0,0,-96304.57,6,4,2664,0,0,0,1,0,1,0,0,0,0,1,1,0,0,1,0,purchase amazon web service spring vendor card amazon web service ii google cloud platform,5773 software license
6,0,0,-94776.76,7,2,2664,0,0,0,1,0,1,0,0,0,0,1,1,0,0,1,0,purchase amazon web service spring vendor card amazon web service ii google cloud platform,5773 software license
6,0,0,-68.24,7,2,2664,0,0,0,1,0,1,0,0,0,0,1,1,0,0,1,0,purchase amazon web service spring vendor card amazon web service ii google cloud platform,5773 software license
6,0,0,-58.83,8,5,2664,0,0,0,1,0,1,0,0,0,0,1,1,0,0,1,0,purchase amazon web service spring vendor card amazon web service ii google cloud platform,5773 software license
6,0,0,-101619.59,8,6,2664,0,0,0,1,0,1,0,0,0,0,1,1,0,0,1,0,purchase amazon web service spring vendor card amazon web service ii google cloud platform,5773 software license
6,0,0,-103562.77,9,1,2664,0,0,0,1,0,1,0,0,0,0,1,1,0,0,1,0,purchase amazon web service spring vendor card amazon web service ii google cloud platform,5773 software license
6,0,0,-67.69,9,1,2664,0,0,0,1,0,1,0,0,0,0,1,1,0,0,1,0,purchase amazon web service spring vendor card amazon web service ii google cloud platform,5773 software license
6,0,0,-104.32,10,3,2664,0,0,0,1,0,1,0,0,0,0,1,1,0,0,1,0,purchase amazon web service spring vendor card amazon web service ii google cloud platform,5773 software license
6,0,0,-105543.85,10,3,2664,0,0,0,1,0,1,0,0,0,0,1,1,0,0,1,0,purchase amazon web service spring vendor card amazon web service ii google cloud platform,5773 software license
6,0,0,-148.02,11,5,2664,0,0,0,1,0,1,0,0,0,0,1,1,0,0,1,0,purchase amazon web service spring vendor card amazon web service ii google cloud platform,5773 software license
6,0,0,-118143.04,11,5,2664,0,0,0,1,0,1,0,0,0,0,1,1,0,0,1,0,purchase amazon web service spring vendor card amazon web service ii google cloud platform,5773 software license
6,0,0,-110914.35,12,1,2664,0,0,0,1,0,1,0,0,0,0,1,1,0,0,1,0,purchase amazon web service spring vendor card amazon web service ii google cloud platform,5773 software license
6,0,0,-89.06,12,1,2664,0,0,0,1,0,1,0,0,0,0,1,1,0,0,1,0,purchase amazon web service spring vendor card amazon web service ii google cloud platform,5773 software license
2,0,0,-135.59,8,3,2686,0,0,1,0,0,0,0,0,0,0,1,0,0,0,1,0,purchase anthropic,5773 software license
6,0,0,-2553.33,5,6,9792,0,0,0,0,0,1,0,0,0,0,1,1,0,0,1,0,purchase apple store r280,5773 software license
3,0,0,-1095.92,2,0,686,0,0,1,0,0,1,0,0,0,0,1,1,0,0,1,0,purchase asana.com,5773 software license
3,0,0,-484.25,6,1,686,0,0,1,0,0,1,0,0,0,0,1,1,0,0,1,0,purchase asana.com,5773 software license
3,0,0,-8287.87,1,1,3657,0,0,1,0,0,0,0,0,0,0,1,0,0,0,1,0,purchase atlassian ~$5350usd atlassian monthly invoice jira confluence round $ 5500usd convert cad ~$7500cad,5773 software license
6,0,0,-59.81,1,0,3657,0,0,1,0,0,0,0,0,0,0,1,0,0,0,1,0,purchase atlassian recur monthly purchase license,5773 software license
3,0,0,-1171.68,1,2,3657,0,0,1,0,0,0,0,0,0,0,1,0,0,0,1,0,purchase atlassian ~$5350usd atlassian monthly invoice jira confluence round $ 5500usd convert cad ~$7500cad,5773 software license
3,0,0,-8414.18,2,3,3657,0,0,1,0,0,0,0,0,0,0,1,0,0,0,1,0,purchase atlassian ~$5350usd atlassian monthly invoice jira confluence round $ 5500usd convert cad ~$7500cad,5773 software license
6,0,0,-53.45,2,3,3657,0,0,1,0,0,0,0,0,0,0,1,0,0,0,1,0,purchase atlassian recur monthly purchase license,5773 software license
3,0,0,-1194.68,3,5,3657,0,0,1,0,0,0,0,0,0,0,1,0,0,0,1,0,purchase atlassian ~$5350usd atlassian monthly invoice jira confluence round $ 5500usd convert cad ~$7500cad,5773 software license
3,0,0,-8518.13,3,3,3657,0,0,1,0,0,0,0,0,0,0,1,0,0,0,1,0,purchase atlassian ~$5350usd atlassian monthly invoice jira confluence round $ 5500usd convert cad ~$7500cad,5773 software license
6,0,0,-53.84,3,3,3657,0,0,1,0,0,0,0,0,0,0,1,0,0,0,1,0,purchase atlassian recur monthly purchase license,5773 software license
3,0,0,-1202.59,4,3,3657,0,0,1,0,0,0,0,0,0,0,1,0,0,0,1,0,purchase atlassian ~$5350usd atlassian monthly invoice jira confluence round $ 5500usd convert cad ~$7500cad,5773 software license
3,0,0,-8307.77,4,6,3657,0,0,1,0,0,0,0,0,0,0,1,0,0,0,1,0,purchase atlassian ~$5350usd atlassian monthly invoice jira confluence round $ 5500usd convert cad ~$7500cad,5773 software license
6,0,0,-41.65,4,6,3657,0,0,1,0,0,0,0,0,0,0,1,0,0,0,1,0,purchase atlassian recur monthly purchase license,5773 software license
3,0,0,-1177.08,4,1,3657,0,0,1,0,0,0,0,0,0,0,1,0,0,0,1,0,purchase atlassian ~$5350usd atlassian monthly invoice jira confluence round $ 5500usd convert cad ~$7500cad,5773 software license
3,0,0,-8133.04,5,1,3657,0,0,1,0,0,0,0,0,0,0,1,0,0,0,1,0,purchase atlassian ~$5350usd atlassian monthly invoice jira confluence round $ 5500usd convert cad ~$7500cad,5773 software license
6,0,0,-41.98,5,1,3657,0,0,1,0,0,0,0,0,0,0,1,0,0,0,1,0,purchase atlassian recur monthly purchase license,5773 software license
3,0,0,-1185.04,5,3,3657,0,0,1,0,0,0,0,0,0,0,1,0,0,0,1,0,purchase atlassian ~$5350usd atlassian monthly invoice jira confluence round $ 5500usd convert cad ~$7500cad,5773 software license
3,0,0,-27.52,5,4,3657,0,0,1,0,0,0,0,0,0,0,1,0,0,0,1,0,purchase atlassian ~$5350usd atlassian monthly invoice jira confluence round $ 5500usd convert cad ~$7500cad,5773 software license
3,0,0,-8880.17,6,4,3657,0,0,1,0,0,0,0,0,0,0,1,0,0,0,1,0,purchase atlassian ~$5350usd atlassian monthly invoice jira confluence round $ 5500usd convert cad ~$7500cad,5773 software license
6,0,0,-41.27,6,4,3657,0,0,1,0,0,0,0,0,0,0,1,0,0,0,1,0,purchase atlassian recur monthly purchase license,5773 software license
3,0,0,-1147.88,6,6,3657,0,0,1,0,0,0,0,0,0,0,1,0,0,0,1,0,purchase atlassian ~$5350usd atlassian monthly invoice jira confluence round $ 5500usd convert cad ~$7500cad,5773 software license
3,0,0,-8950.09,7,6,3657,0,0,1,0,0,0,0,0,0,0,1,0,0,0,1,0,purchase atlassian ~$5350usd atlassian monthly invoice jira confluence round $ 5500usd convert cad ~$7500cad,5773 software license
6,0,0,-41.32,7,6,3657,0,0,1,0,0,0,0,0,0,0,1,0,0,0,1,0,purchase atlassian recur monthly purchase license,5773 software license
3,0,0,-27.19,7,4,3657,0,0,1,0,0,0,0,0,0,0,1,0,0,0,1,0,purchase atlassian ~$5350usd atlassian monthly invoice jira confluence round $ 5500usd convert cad ~$7500cad,5773 software license
3,0,0,-1164.37,7,1,3657,0,0,1,0,0,0,0,0,0,0,1,0,0,0,1,0,purchase atlassian ~$5350usd atlassian monthly invoice jira confluence round $ 5500usd convert cad ~$7500cad,5773 software license
3,0,0,-9436.43,8,2,3657,0,0,1,0,0,0,0,0,0,0,1,0,0,0,1,0,purchase atlassian ~$5350usd atlassian monthly invoice jira confluence round $ 5500usd convert cad ~$7500cad,5773 software license
6,0,0,-41.64,8,2,3657,0,0,1,0,0,0,0,0,0,0,1,0,0,0,1,0,purchase atlassian recur monthly purchase license,5773 software license
3,0,0,-1186.67,8,4,3657,0,0,1,0,0,0,0,0,0,0,1,0,0,0,1,0,purchase atlassian ~$5350usd atlassian monthly invoice jira confluence round $ 5500usd convert cad ~$7500cad,5773 software license
3,0,0,-9627.09,9,5,3657,0,0,1,0,0,0,0,0,0,0,1,0,0,0,1,0,purchase atlassian ~$5350usd atlassian monthly invoice jira confluence round $ 5500usd convert cad ~$7500cad,5773 software license
6,0,0,-41.51,9,5,3657,0,0,1,0,0,0,0,0,0,0,1,0,0,0,1,0,purchase atlassian recur monthly purchase license,5773 software license
3,0,0,-1207.01,9,0,3657,0,0,1,0,0,0,0,0,0,0,1,0,0,0,1,0,purchase atlassian ~$5350usd atlassian monthly invoice jira confluence round $ 5500usd convert cad ~$7500cad,5773 software license
3,0,0,-9857.39,10,0,3657,0,0,1,0,0,0,0,0,0,0,1,0,0,0,1,0,purchase atlassian ~$5350usd atlassian monthly invoice jira confluence round $ 5500usd convert cad ~$7500cad,5773 software license
6,0,0,-46.71,10,1,3657,0,0,1,0,0,0,0,0,0,0,1,0,0,0,1,0,purchase atlassian recur monthly purchase license,5773 software license
3,0,0,-1271.55,10,2,3657,0,0,1,0,0,0,0,0,0,0,1,0,0,0,1,0,purchase atlassian ~$5350usd atlassian monthly invoice jira confluence round $ 5500usd convert cad ~$7500cad,5773 software license
3,0,0,-10088.32,11,3,3657,0,0,1,0,0,0,0,0,0,0,1,0,0,0,1,0,purchase atlassian ~$5350usd atlassian monthly invoice jira confluence round $ 5500usd convert cad ~$7500cad,5773 software license
6,0,0,-46.69,11,3,3657,0,0,1,0,0,0,0,0,0,0,1,0,0,0,1,0,purchase atlassian recur monthly purchase license,5773 software license
3,0,0,-1256.56,11,5,3657,0,0,1,0,0,0,0,0,0,0,1,0,0,0,1,0,purchase atlassian ~$5350usd atlassian monthly invoice jira confluence round $ 5500usd convert cad ~$7500cad,5773 software license
3,0,0,-87.36,12,5,3657,0,0,1,0,0,0,0,0,0,0,1,0,0,0,1,0,purchase atlassian ~$5350usd atlassian monthly invoice jira confluence round $ 5500usd convert cad ~$7500cad,5773 software license
3,0,0,-10338.19,12,5,3657,0,0,1,0,0,0,0,0,0,0,1,0,0,0,1,0,purchase atlassian ~$5350usd atlassian monthly invoice jira confluence round $ 5500usd convert cad ~$7500cad,5773 software license
6,0,0,-40.12,12,5,3657,0,0,1,0,0,0,0,0,0,0,1,0,0,0,1,0,purchase atlassian recur monthly purchase license,5773 software license
3,0,0,-1209.52,12,0,3657,0,0,1,0,0,0,0,0,0,0,1,0,0,0,1,0,purchase atlassian ~$5350usd atlassian monthly invoice jira confluence round $ 5500usd convert cad ~$7500cad,5773 software license
16,0,0,-876.52,1,2,3422,0,0,0,0,0,0,0,0,0,0,1,0,0,0,1,0,purchase autopal software,5773 software license
16,0,0,-884.47,2,1,3422,0,0,0,0,0,0,0,0,0,0,1,0,0,0,1,0,purchase autopal software,5773 software license
16,0,0,-844.84,4,3,3422,0,0,0,0,0,0,0,0,0,0,1,0,0,0,1,0,purchase autopal software,5773 software license
16,0,0,-810.2,5,5,3422,0,0,0,0,0,0,0,0,0,0,1,0,0,0,1,0,purchase autopal software,5773 software license
16,0,0,-800.82,6,2,3422,0,0,0,0,0,0,0,0,0,0,1,0,0,0,1,0,purchase autopal software,5773 software license
16,0,0,-784.84,7,3,3422,0,0,0,0,0,0,0,0,0,0,1,0,0,0,1,0,purchase autopal software,5773 software license
6,0,0,-796.46,8,3,3422,0,0,0,0,0,0,0,0,0,0,1,0,0,0,1,0,purchase autopal software auto pal lms software,5773 software license
6,0,0,-782.19,9,2,3422,0,0,0,0,0,0,0,0,0,0,1,0,0,0,1,0,purchase autopal software auto pal lms software,5773 software license
6,0,0,-787.09,10,4,3422,0,0,0,0,0,0,0,0,0,0,1,0,0,0,1,0,purchase autopal software auto pal lms software,5773 software license
6,0,0,-793.73,11,1,3422,0,0,0,0,0,0,0,0,0,0,1,0,0,0,1,0,purchase autopal software auto pal lms software,5773 software license
6,0,0,-785.71,12,1,3422,0,0,0,0,0,0,0,0,0,0,1,0,0,0,1,0,purchase autopal software auto pal lms software,5773 software license
11,0,0,-274.78,5,4,2187,0,1,0,0,0,1,0,0,0,0,1,1,0,0,1,0,purchase bc liquor 129,5773 software license
8,0,0,-7352.65,1,2,5219,0,0,0,0,0,0,0,0,0,0,1,0,0,0,1,0,purchase billo.app,5773 software license
6,0,0,-80.24,1,4,7184,0,0,1,0,0,0,0,0,0,0,1,0,0,0,1,0,purchase browserstack.com browserstack browser compatibility testing software,5773 software license
6,0,0,-79.12,2,6,7184,0,0,1,0,0,0,0,0,0,0,1,0,0,0,1,0,purchase browserstack.com browserstack browser compatibility testing software,5773 software license
6,0,0,-80.51,3,6,7184,0,0,1,0,0,0,0,0,0,0,1,0,0,0,1,0,purchase browserstack.com browserstack browser compatibility testing software,5773 software license
6,0,0,-77.89,4,2,7184,0,0,1,0,0,0,0,0,0,0,1,0,0,0,1,0,purchase browserstack.com browserstack browser compatibility testing software,5773 software license
6,0,0,-78.03,5,4,7184,0,0,1,0,0,0,0,0,0,0,1,0,0,0,1,0,purchase browserstack.com browserstack browser compatibility testing software,5773 software license
6,0,0,-76.07,6,0,7184,0,0,1,0,0,0,0,0,0,0,1,0,0,0,1,0,purchase browserstack.com browserstack browser compatibility testing software,5773 software license
3,0,0,-1041.06,6,0,7184,0,0,1,0,0,0,0,0,0,0,1,0,0,0,1,0,purchase browserstack.com,5773 software license
6,0,0,-76.51,7,2,7184,0,0,1,0,0,0,0,0,0,0,1,0,0,0,1,0,purchase browserstack.com browserstack browser compatibility testing software,5773 software license
6,0,0,-77.0,8,5,7184,0,0,1,0,0,0,0,0,0,0,1,0,0,0,1,0,purchase browserstack.com browserstack browser compatibility testing software,5773 software license
6,0,0,-77.16,9,1,7184,0,0,1,0,0,0,0,0,0,0,1,0,0,0,1,0,purchase browserstack.com browserstack browser compatibility testing software,5773 software license
6,0,0,-78.34,10,3,7184,0,0,1,0,0,0,0,0,0,0,1,0,0,0,1,0,purchase browserstack.com browserstack browser compatibility testing software,5773 software license
6,0,0,-78.26,11,6,7184,0,0,1,0,0,0,0,0,0,0,1,0,0,0,1,0,purchase browserstack.com browserstack browser compatibility testing software,5773 software license
6,0,0,-76.83,12,1,7184,0,0,1,0,0,0,0,0,0,0,1,0,0,0,1,0,purchase browserstack.com browserstack browser compatibility testing software,5773 software license
3,0,0,-2132.85,3,1,3600,0,0,0,0,0,0,0,0,0,0,1,0,0,0,1,0,purchase click studio,5773 software license
6,0,0,-133.05,1,3,22,0,0,0,0,0,0,0,0,0,0,1,0,0,0,1,0,purchase cloudflare recur monthly purchase license,5773 software license
6,0,0,-134.44,2,6,22,0,0,0,0,0,0,0,0,0,0,1,0,0,0,1,0,purchase cloudflare recur monthly purchase license,5773 software license
6,0,0,-133.62,3,6,22,0,0,0,0,0,0,0,0,0,0,1,0,0,0,1,0,purchase cloudflare recur monthly purchase license,5773 software license
6,0,0,-749.59,3,4,22,0,0,0,0,0,0,0,0,0,0,1,0,0,0,1,0,purchase cloudflare recur monthly purchase license,5773 software license
6,0,0,-133.1,4,2,22,0,0,0,0,0,0,0,0,0,0,1,0,0,0,1,0,purchase cloudflare recur monthly purchase license,5773 software license
6,0,0,-128.01,5,4,22,0,0,0,0,0,0,0,0,0,0,1,0,0,0,1,0,purchase cloudflare recur monthly purchase license,5773 software license
6,0,0,-127.7,6,0,22,0,0,0,0,0,0,0,0,0,0,1,0,0,0,1,0,purchase cloudflare recur monthly purchase license,5773 software license
6,0,0,-126.2,7,2,22,0,0,0,0,0,0,0,0,0,0,1,0,0,0,1,0,purchase cloudflare recur monthly purchase license,5773 software license
6,0,0,-128.16,8,5,22,0,0,0,0,0,0,0,0,0,0,1,0,0,0,1,0,purchase cloudflare recur monthly purchase license,5773 software license
6,0,0,-197.6,8,2,22,0,0,0,0,0,0,0,0,0,0,1,0,0,0,1,0,purchase cloudflare recur monthly purchase license,5773 software license
6,0,0,-192.98,8,0,22,0,0,0,0,0,0,0,0,0,0,1,0,0,0,1,0,purchase cloudflare recur monthly purchase license,5773 software license
6,0,0,-127.07,9,1,22,0,0,0,0,0,0,0,0,0,0,1,0,0,0,1,0,purchase cloudflare recur monthly purchase license,5773 software license
6,0,0,-128.88,10,3,22,0,0,0,0,0,0,0,0,0,0,1,0,0,0,1,0,purchase cloudflare recur monthly purchase license,5773 software license
6,0,0,-131.1,10,1,22,0,0,0,0,0,0,0,0,0,0,1,0,0,0,1,0,purchase cloudflare recur monthly purchase license,5773 software license
6,0,0,-129.6,11,6,22,0,0,0,0,0,0,0,0,0,0,1,0,0,0,1,0,purchase cloudflare recur monthly purchase license,5773 software license
6,0,0,-129.3,12,1,22,0,0,0,0,0,0,0,0,0,0,1,0,0,0,1,0,purchase cloudflare,5773 software license
3,0,0,-284.76,1,3,3044,0,0,0,0,0,1,0,0,0,0,1,1,0,0,1,0,purchase connectwise,5773 software license
3,0,0,-284.76,2,6,3044,0,0,0,0,0,1,0,0,0,0,1,1,0,0,1,0,purchase connectwise,5773 software license
3,0,0,-284.76,3,5,3044,0,0,0,0,0,1,0,0,0,0,1,1,0,0,1,0,purchase connectwise,5773 software license
3,0,0,-297.7,4,1,3044,0,0,0,0,0,1,0,0,0,0,1,1,0,0,1,0,purchase connectwise,5773 software license
3,0,0,-67.12,5,5,3044,0,0,0,0,0,1,0,0,0,0,1,1,0,0,1,0,purchase connectwise,5773 software license
3,0,0,-398.37,5,3,3044,0,0,0,0,0,1,0,0,0,0,1,1,0,0,1,0,purchase connectwise,5773 software license
3,0,0,-398.37,6,6,3044,0,0,0,0,0,1,0,0,0,0,1,1,0,0,1,0,purchase connectwise,5773 software license
3,0,0,-398.37,7,1,3044,0,0,0,0,0,1,0,0,0,0,1,1,0,0,1,0,purchase connectwise,5773 software license
3,0,0,-398.37,8,5,3044,0,0,0,0,0,1,0,0,0,0,1,1,0,0,1,0,purchase connectwise,5773 software license
3,0,0,-398.37,9,0,3044,0,0,0,0,0,1,0,0,0,0,1,1,0,0,1,0,purchase connectwise,5773 software license
3,0,0,-398.37,10,3,3044,0,0,0,0,0,1,0,0,0,0,1,1,0,0,1,0,purchase connectwise,5773 software license
3,0,0,-398.37,11,5,3044,0,0,0,0,0,1,0,0,0,0,1,1,0,0,1,0,purchase connectwise,5773 software license
3,0,0,-398.37,12,0,3044,0,0,0,0,0,1,0,0,0,0,1,1,0,0,1,0,purchase connectwise,5773 software license
6,0,0,-7092.07,10,4,2582,0,0,0,0,0,0,0,0,0,0,1,0,0,0,1,0,purchase datadog inc,5773 software license
6,0,0,-7918.13,11,2,2582,0,0,0,0,0,0,0,0,0,0,1,0,0,0,1,0,purchase datadog inc,5773 software license
6,0,0,-7215.37,11,2,2582,0,0,0,0,0,0,0,0,0,0,1,0,0,0,1,0,purchase datadog inc,5773 software license
6,0,0,-6741.66,12,1,2582,0,0,0,0,0,0,0,0,0,0,1,0,0,0,1,0,purchase datadog inc,5773 software license
6,0,0,-351.45,9,2,7857,0,0,0,0,0,0,0,0,0,0,1,0,0,0,1,0,purchase dbt cloud subscription dw project dbt license 5 user,5773 software license
6,0,0,-708.47,10,3,7857,0,0,0,0,0,0,0,0,0,0,1,0,0,0,1,0,purchase dbt cloud subscription dw project dbt license 5 user,5773 software license
6,0,0,-712.43,11,1,7857,0,0,0,0,0,0,0,0,0,0,1,0,0,0,1,0,purchase dbt cloud subscription dw project dbt license 5 user,5773 software license
6,0,0,-710.76,12,1,7857,0,0,0,0,0,0,0,0,0,0,1,0,0,0,1,0,purchase dbt cloud subscription dw project dbt license 5 user,5773 software license
16,0,0,-17.91,4,4,8515,0,0,1,0,0,1,0,0,0,0,1,1,0,0,1,0,purchase dropbox 1n7tbhlw947r dropbox plus subscription use f&a team,5773 software license
16,0,0,-17.91,1,5,8515,0,0,1,0,0,1,0,0,0,0,1,1,0,0,1,0,purchase dropbox 326txg34mtlg dropbox plus subscription use f&a team,5773 software license
4,0,0,-17.91,10,3,8515,0,0,1,0,0,1,0,0,0,0,1,1,0,0,1,0,purchase dropbox 32xnhp57xt1r,5773 software license
16,0,0,-17.91,6,5,8515,0,0,1,0,0,1,0,0,0,0,1,1,0,0,1,0,purchase dropbox 4113qnqx18m3 new card dropbox spring financial email cancel cd email card,5773 software license
16,0,0,-17.91,9,5,8515,0,0,1,0,0,1,0,0,0,0,1,1,0,0,1,0,purchase dropbox 4sdndxjlb5pg spring dropbox account pause cancel cd dropbox account float card angela,5773 software license
16,0,0,-17.91,4,0,8515,0,0,1,0,0,1,0,0,0,0,1,1,0,0,1,0,purchase dropbox 4xpfbl4y1947 new card dropbox spring financial email cancel cd email card,5773 software license
16,0,0,-17.91,5,2,8515,0,0,1,0,0,1,0,0,0,0,1,1,0,0,1,0,purchase dropbox 5dtmwyfs181v new card dropbox spring financial email cancel cd email card,5773 software license
16,0,0,-17.91,3,1,8515,0,0,1,0,0,1,0,0,0,0,1,1,0,0,1,0,purchase dropbox 6cddxbrrnk8k dropbox plus subscription use f&a team,5773 software license
4,0,0,-17.91,3,6,8515,0,0,1,0,0,1,0,0,0,0,1,1,0,0,1,0,purchase dropbox 7p86cm63h3df monthly dropbox subscription,5773 software license
16,0,0,-17.91,3,4,8515,0,0,1,0,0,1,0,0,0,0,1,1,0,0,1,0,purchase dropbox 7tvdgblwrynz new card dropbox spring financial email cancel cd email card,5773 software license
16,0,0,-17.91,8,2,8515,0,0,1,0,0,1,0,0,0,0,1,1,0,0,1,0,purchase dropbox 7wq6tnscd5s7 spring dropbox account pause cancel cd dropbox account float card angela,5773 software license
16,0,0,-17.91,7,6,8515,0,0,1,0,0,1,0,0,0,0,1,1,0,0,1,0,purchase dropbox 7wtfjf1f1g9c spring dropbox account pause cancel cd dropbox account float card angela,5773 software license
16,0,0,-17.91,11,2,8515,0,0,1,0,0,1,0,0,0,0,1,1,0,0,1,0,purchase dropbox 85vb1tjqrmvh spring dropbox account pause cancel cd dropbox account float card angela,5773 software license
16,0,0,-17.91,12,5,8515,0,0,1,0,0,1,0,0,0,0,1,1,0,0,1,0,purchase dropbox b8x2msm5317w spring dropbox account pause cancel cd dropbox account float card angela,5773 software license
16,0,0,-17.91,8,0,8515,0,0,1,0,0,1,0,0,0,0,1,1,0,0,1,0,purchase dropbox bbq7873sv6ll dropbox plus subscription use f&a team,5773 software license
16,0,0,-17.91,6,4,8515,0,0,1,0,0,1,0,0,0,0,1,1,0,0,1,0,purchase dropbox brtzyk7xqd9l spring dropbox account pause cancel cd dropbox account float card angela,5773 software license
16,0,0,-17.91,7,4,8515,0,0,1,0,0,1,0,0,0,0,1,1,0,0,1,0,purchase dropbox bwq8cwhmxtn6 dropbox plus subscription use f&a team,5773 software license
16,0,0,-17.91,10,1,8515,0,0,1,0,0,1,0,0,0,0,1,1,0,0,1,0,purchase dropbox dzx4pwk8918n new card dropbox spring financial email cancel cd email card,5773 software license
16,0,0,-17.91,5,1,8515,0,0,1,0,0,1,0,0,0,0,1,1,0,0,1,0,purchase dropbox g5bphmnnntl7 spring dropbox account pause cancel cd dropbox account float card angela,5773 software license
4,0,0,-17.91,12,2,8515,0,0,1,0,0,1,0,0,0,0,1,1,0,0,1,0,purchase dropbox hb1khnw93vdl,5773 software license
16,0,0,-17.91,10,0,8515,0,0,1,0,0,1,0,0,0,0,1,1,0,0,1,0,purchase dropbox hrr7btfcdvt4 spring dropbox account pause cancel cd dropbox account float card angela,5773 software license
16,0,0,-17.91,11,4,8515,0,0,1,0,0,1,0,0,0,0,1,1,0,0,1,0,purchase dropbox hw84v14d5wk1 new card dropbox spring financial email cancel cd email card,5773 software license
4,0,0,-17.91,9,2,8515,0,0,1,0,0,1,0,0,0,0,1,1,0,0,1,0,purchase dropbox j5gchlbm2flm,5773 software license
16,0,0,-17.91,5,6,8515,0,0,1,0,0,1,0,0,0,0,1,1,0,0,1,0,purchase dropbox jtkm6vvn2q21 dropbox plus subscription use f&a team,5773 software license
16,0,0,-17.91,12,3,8515,0,0,1,0,0,1,0,0,0,0,1,1,0,0,1,0,purchase dropbox lzjkrsdzscbz dropbox plus subscription use f&a team,5773 software license
16,0,0,-17.91,8,3,8515,0,0,1,0,0,1,0,0,0,0,1,1,0,0,1,0,purchase dropbox m1pfghg1czvv new card dropbox spring financial email cancel cd email card,5773 software license
4,0,0,-17.91,10,4,8515,0,0,1,0,0,1,0,0,0,0,1,1,0,0,1,0,purchase dropbox mbzzd1tkb6k4,5773 software license
16,0,0,-17.91,11,1,8515,0,0,1,0,0,1,0,0,0,0,1,1,0,0,1,0,purchase dropbox n7c1lmlz8jy7 dropbox plus subscription use f&a team,5773 software license
16,0,0,-17.91,3,3,8515,0,0,1,0,0,1,0,0,0,0,1,1,0,0,1,0,purchase dropbox nr14sw25h25s spring dropbox account pause cancel cd dropbox account float card angela,5773 software license
16,0,0,-17.91,7,0,8515,0,0,1,0,0,1,0,0,0,0,1,1,0,0,1,0,purchase dropbox pc7592sf6hj5 new card dropbox spring financial email cancel cd email card,5773 software license
4,0,0,-17.91,11,6,8515,0,0,1,0,0,1,0,0,0,0,1,1,0,0,1,0,purchase dropbox pmsgd13hvd2w,5773 software license
16,0,0,-17.91,9,3,8515,0,0,1,0,0,1,0,0,0,0,1,1,0,0,1,0,purchase dropbox q6pw4338cfks dropbox plus subscription use f&a team,5773 software license
4,0,0,-17.91,12,2,8515,0,0,1,0,0,1,0,0,0,0,1,1,0,0,1,0,purchase dropbox rnz8lxf6w6ls,5773 software license
16,0,0,-17.91,2,4,8515,0,0,1,0,0,1,0,0,0,0,1,1,0,0,1,0,purchase dropbox sth4gq2vjf7x new card dropbox spring financial email cancel cd email card,5773 software license
16,0,0,-17.91,2,1,8515,0,0,1,0,0,1,0,0,0,0,1,1,0,0,1,0,purchase dropbox tbyj5697j2p9 dropbox plus subscription use f&a team,5773 software license
4,0,0,-17.91,8,6,8515,0,0,1,0,0,1,0,0,0,0,1,1,0,0,1,0,purchase dropbox ttyb843xnywx,5773 software license
4,0,0,-17.91,1,3,8515,0,0,1,0,0,1,0,0,0,0,1,1,0,0,1,0,purchase dropbox v5r1kh9xccy monthly dropbox subscription,5773 software license
4,0,0,-17.91,6,1,8515,0,0,1,0,0,1,0,0,0,0,1,1,0,0,1,0,purchase dropbox v7nzdfj7jh42,5773 software license
4,0,0,-17.91,7,3,8515,0,0,1,0,0,1,0,0,0,0,1,1,0,0,1,0,purchase dropbox vqy89z896klk,5773 software license
4,0,0,-17.91,10,2,8515,0,0,1,0,0,1,0,0,0,0,1,1,0,0,1,0,purchase dropbox w2x3t3cjkx7f,5773 software license
16,0,0,-17.91,12,6,8515,0,0,1,0,0,1,0,0,0,0,1,1,0,0,1,0,purchase dropbox w8gpxbfyw6zc new card dropbox spring financial email cancel cd email card,5773 software license
16,0,0,-17.91,4,6,8515,0,0,1,0,0,1,0,0,0,0,1,1,0,0,1,0,purchase dropbox x64x3fkkfczs spring dropbox account pause cancel cd dropbox account float card angela,5773 software license
16,0,0,-17.91,1,1,8515,0,0,1,0,0,1,0,0,0,0,1,1,0,0,1,0,purchase dropbox xb14xg45qntk new card dropbox spring financial email cancel cd email card,5773 software license
4,0,0,-17.91,11,0,8515,0,0,1,0,0,1,0,0,0,0,1,1,0,0,1,0,purchase dropbox xnn2bptg52kn,5773 software license
16,0,0,-17.91,6,2,8515,0,0,1,0,0,1,0,0,0,0,1,1,0,0,1,0,purchase dropbox xw93757sjlc8 dropbox plus subscription use f&a team,5773 software license
4,0,0,-17.91,2,6,8515,0,0,1,0,0,1,0,0,0,0,1,1,0,0,1,0,purchase dropbox ypl938mw97qv monthly dropbox subscription,5773 software license
16,0,0,-17.91,10,5,8515,0,0,1,0,0,1,0,0,0,0,1,1,0,0,1,0,purchase dropbox z1ggjft7cbqv dropbox plus subscription use f&a team,5773 software license
16,0,0,-17.91,9,6,8515,0,0,1,0,0,1,0,0,0,0,1,1,0,0,1,0,purchase dropbox z1nm9ccfgrlz new card dropbox spring financial email cancel cd email card,5773 software license
16,0,0,-17.91,2,3,8515,0,0,1,0,0,1,0,0,0,0,1,1,0,0,1,0,purchase dropbox zz2352xt45l4 spring dropbox account pause cancel cd dropbox account float card angela,5773 software license
4,0,0,-24.06,6,5,8515,0,0,1,0,0,1,0,0,0,0,1,1,0,0,1,0,purchase dropbox*14wh778z7n3s,5773 software license
4,0,0,-17.91,4,6,8515,0,0,1,0,0,1,0,0,0,0,1,1,0,0,1,0,purchase dropbox*16blwqbc41vc,5773 software license
4,0,0,-17.91,11,5,8515,0,0,1,0,0,1,0,0,0,0,1,1,0,0,1,0,purchase dropbox*1sycntd9wcjp monthly dropbox subscription,5773 software license
4,0,0,-24.06,5,1,8515,0,0,1,0,0,1,0,0,0,0,1,1,0,0,1,0,purchase dropbox*25wf8bbnbwrr,5773 software license
4,0,0,-17.91,11,3,8515,0,0,1,0,0,1,0,0,0,0,1,1,0,0,1,0,purchase dropbox*2y2bv8vqvxfs,5773 software license
4,0,0,-17.91,8,2,8515,0,0,1,0,0,1,0,0,0,0,1,1,0,0,1,0,purchase dropbox*2yhm61jn18gk,5773 software license
4,0,0,-24.06,4,6,8515,0,0,1,0,0,1,0,0,0,0,1,1,0,0,1,0,purchase dropbox*3yxld6tw24b1,5773 software license
4,0,0,-17.91,9,1,8515,0,0,1,0,0,1,0,0,0,0,1,1,0,0,1,0,purchase dropbox*7rbsrz8lhsjs monthly dropbox subscription,5773 software license
4,0,0,-17.91,5,1,8515,0,0,1,0,0,1,0,0,0,0,1,1,0,0,1,0,purchase dropbox*8clglfv4xzkx,5773 software license
4,0,0,-17.91,9,5,8515,0,0,1,0,0,1,0,0,0,0,1,1,0,0,1,0,purchase dropbox*8d8bfyqcmps7,5773 software license
4,0,0,-17.91,4,6,8515,0,0,1,0,0,1,0,0,0,0,1,1,0,0,1,0,purchase dropbox*8syhg3mr4dqr monthly dropbox subscription,5773 software license
4,0,0,-24.06,9,5,8515,0,0,1,0,0,1,0,0,0,0,1,1,0,0,1,0,purchase dropbox*9jy4fjqf7yl1,5773 software license
4,0,0,-24.06,2,3,8515,0,0,1,0,0,1,0,0,0,0,1,1,0,0,1,0,purchase dropbox*9jytf8cppdj1,5773 software license
4,0,0,-17.91,12,1,8515,0,0,1,0,0,1,0,0,0,0,1,1,0,0,1,0,purchase dropbox*bd5dd9tq28x9 monthly dropbox subscription,5773 software license
4,0,0,-24.06,11,3,8515,0,0,1,0,0,1,0,0,0,0,1,1,0,0,1,0,purchase dropbox*c2vq4rzxh9 mb,5773 software license
4,0,0,-17.91,6,0,8515,0,0,1,0,0,1,0,0,0,0,1,1,0,0,1,0,purchase dropbox*cljy26dqbbjb monthly dropbox subscription,5773 software license
4,0,0,-24.06,8,2,8515,0,0,1,0,0,1,0,0,0,0,1,1,0,0,1,0,purchase dropbox*fpgxrf66zw5r,5773 software license
4,0,0,-17.91,5,4,8515,0,0,1,0,0,1,0,0,0,0,1,1,0,0,1,0,purchase dropbox*hmlcb48hmtbf monthly dropbox subscription,5773 software license
4,0,0,-17.91,1,0,8515,0,0,1,0,0,1,0,0,0,0,1,1,0,0,1,0,purchase dropbox*j5gcqhq3lmkz,5773 software license
4,0,0,-24.06,12,5,8515,0,0,1,0,0,1,0,0,0,0,1,1,0,0,1,0,purchase dropbox*j83j2zj39vvv,5773 software license
4,0,0,-24.06,3,3,8515,0,0,1,0,0,1,0,0,0,0,1,1,0,0,1,0,purchase dropbox*kznhgvztsn8s,5773 software license
4,0,0,-17.91,6,4,8515,0,0,1,0,0,1,0,0,0,0,1,1,0,0,1,0,purchase dropbox*lv2jczcftqqn,5773 software license
4,0,0,-17.91,10,3,8515,0,0,1,0,0,1,0,0,0,0,1,1,0,0,1,0,purchase dropbox*lz5g9ywz7821 monthly dropbox subscription,5773 software license
4,0,0,-17.91,12,5,8515,0,0,1,0,0,1,0,0,0,0,1,1,0,0,1,0,purchase dropbox*myzzgpf47wft,5773 software license
4,0,0,-17.91,2,3,8515,0,0,1,0,0,1,0,0,0,0,1,1,0,0,1,0,purchase dropbox*q1br2k5b2ght,5773 software license
4,0,0,-17.91,8,5,8515,0,0,1,0,0,1,0,0,0,0,1,1,0,0,1,0,purchase dropbox*qb8jymdcvxdq monthly dropbox subscription,5773 software license
4,0,0,-17.91,7,3,8515,0,0,1,0,0,1,0,0,0,0,1,1,0,0,1,0,purchase dropbox*qfchjcmp47pg monthly dropbox subscription,5773 software license
4,0,0,-24.06,1,0,8515,0,0,1,0,0,1,0,0,0,0,1,1,0,0,1,0,purchase dropbox*rn8k1ksb82q4,5773 software license
4,0,0,-17.91,7,6,8515,1,0,1,0,0,1,0,0,0,0,1,1,0,0,1,0,purchase dropbox*stl9jsyvrdww,5773 software license
4,0,0,-17.91,10,0,8515,0,0,1,0,0,1,0,0,0,0,1,1,0,0,1,0,purchase dropbox*t3h132561q8j,5773 software license
4,0,0,-24.06,10,0,8515,0,0,1,0,0,1,0,0,0,0,1,1,0,0,1,0,purchase dropbox*vhwqjsyy5819,5773 software license
4,0,0,-24.06,7,6,8515,0,0,1,0,0,1,0,0,0,0,1,1,0,0,1,0,purchase dropbox*wn7k493syxhr,5773 software license
4,0,0,-17.91,3,3,8515,0,0,1,0,0,1,0,0,0,0,1,1,0,0,1,0,purchase dropbox*yrst9wjsk5sy,5773 software license
2,0,0,-138.0,7,1,7463,0,0,0,0,0,0,0,0,0,0,1,0,0,0,1,0,purchase elementor.com,5773 software license
8,0,0,-10135.98,3,1,2010,0,0,1,0,0,0,0,0,0,0,1,0,0,0,1,0,purchase figma,5773 software license
8,0,0,-466.34,10,4,2010,0,0,1,0,0,1,0,0,0,0,1,1,0,0,1,0,purchase figma,5773 software license
3,0,0,-637.9,1,6,8031,0,0,1,0,0,0,0,0,0,0,1,0,0,0,1,0,purchase figma monthly renewal,5773 software license
3,0,0,-600.23,2,2,8031,0,0,1,0,0,0,0,0,0,0,1,0,0,0,1,0,purchase figma monthly renewal,5773 software license
3,0,0,-21.21,7,1,1960,0,0,0,0,0,1,0,0,0,0,1,1,0,0,1,0,purchase fiverreu,5773 software license
6,0,0,-25.0,1,6,4705,0,0,0,0,0,1,0,0,0,0,1,1,0,0,1,0,purchase framer.com recur monthly purchase license,5773 software license
6,0,0,-25.0,2,2,4705,0,0,0,0,0,1,0,0,0,0,1,1,0,0,1,0,purchase framer.com recur monthly purchase license,5773 software license
6,0,0,-25.0,3,2,4705,0,0,0,0,0,1,0,0,0,0,1,1,0,0,1,0,purchase framer.com recur monthly purchase license,5773 software license
6,0,0,-25.0,4,5,4705,0,0,0,0,0,1,0,0,0,0,1,1,0,0,1,0,purchase framer.com recur monthly purchase license,5773 software license
6,0,0,-25.0,5,0,4705,0,0,0,0,0,1,0,0,0,0,1,1,0,0,1,0,purchase framer.com recur monthly purchase license,5773 software license
6,0,0,-25.0,6,3,4705,0,0,0,0,0,1,0,0,0,0,1,1,0,0,1,0,purchase framer.com recur monthly purchase license,5773 software license
6,0,0,-25.0,7,5,4705,0,0,0,0,0,1,0,0,0,0,1,1,0,0,1,0,purchase framer.com recur monthly purchase license,5773 software license
6,0,0,-25.0,8,1,4705,0,0,0,0,0,1,0,0,0,0,1,1,0,0,1,0,purchase framer.com recur monthly purchase license,5773 software license
6,0,0,-25.0,9,4,4705,0,0,0,0,0,1,0,0,0,0,1,1,0,0,1,0,purchase framer.com recur monthly purchase license,5773 software license
6,0,0,25.0,9,2,4705,0,0,0,0,0,1,0,0,0,0,1,1,0,0,0,1,refund framer.com recur monthly purchase license,5773 software license
2,0,0,-417.81,8,1,8327,0,0,0,0,0,0,0,0,0,0,1,0,0,0,1,0,purchase freemius blocksy comp,5773 software license
6,0,0,-1009.35,1,3,5221,0,0,0,0,0,0,0,0,0,0,1,0,0,0,1,0,purchase fs gearset.com recur monthly purchase license,5773 software license
6,0,0,-1019.93,2,6,5221,0,0,0,0,0,0,0,0,0,0,1,0,0,0,1,0,purchase fs gearset.com recur monthly purchase license,5773 software license
6,0,0,-1013.69,3,6,5221,0,0,0,0,0,0,0,0,0,0,1,0,0,0,1,0,purchase fs gearset.com recur monthly purchase license,5773 software license
3,0,0,-29.99,1,5,4821,0,0,0,0,0,1,0,0,0,0,1,1,0,0,1,0,purchase fubo,5773 software license
3,0,0,-29.99,2,1,4821,0,0,0,0,0,1,0,0,0,0,1,1,0,0,1,0,purchase fubo,5773 software license
3,0,0,-29.99,3,1,4821,0,0,0,0,0,1,0,0,0,0,1,1,0,0,1,0,purchase fubo,5773 software license
3,0,0,-29.99,4,4,4821,0,0,0,0,0,1,0,0,0,0,1,1,0,0,1,0,purchase fubo,5773 software license
3,0,0,-29.99,5,5,4821,0,0,0,0,0,1,0,0,0,0,1,1,0,0,1,0,purchase fubo,5773 software license
3,0,0,-29.99,6,2,4821,0,0,0,0,0,1,0,0,0,0,1,1,0,0,1,0,purchase fubo,5773 software license
3,0,0,-29.99,7,4,4821,0,0,0,0,0,1,0,0,0,0,1,1,0,0,1,0,purchase fubo,5773 software license
3,0,0,-33.59,8,0,4821,0,0,0,0,0,1,0,0,0,0,1,1,0,0,1,0,purchase fubo,5773 software license
3,0,0,-85.58,8,2,4821,0,0,0,0,0,1,0,0,0,0,1,1,0,0,1,0,purchase fubo,5773 software license
6,0,0,-36.59,1,5,6809,0,0,0,0,0,0,0,0,0,0,1,0,0,0,1,0,purchase gemfury recur monthly purchase license,5773 software license
6,0,0,-36.15,2,1,6809,0,0,0,0,0,0,0,0,0,0,1,0,0,0,1,0,purchase gemfury recur monthly purchase license,5773 software license
6,0,0,-36.48,3,1,6809,0,0,0,0,0,0,0,0,0,0,1,0,0,0,1,0,purchase gemfury recur monthly purchase license,5773 software license
6,0,0,-35.3,4,4,6809,0,0,0,0,0,0,0,0,0,0,1,0,0,0,1,0,purchase gemfury recur monthly purchase license,5773 software license
6,0,0,-35.2,5,6,6809,0,0,0,0,0,0,0,0,0,0,1,0,0,0,1,0,purchase gemfury recur monthly purchase license,5773 software license
6,0,0,-35.02,6,2,6809,0,0,0,0,0,0,0,0,0,0,1,0,0,0,1,0,purchase gemfury recur monthly purchase license,5773 software license
6,0,0,-34.6,7,4,6809,0,0,0,0,0,0,0,0,0,0,1,0,0,0,1,0,purchase gemfury recur monthly purchase license,5773 software license
6,0,0,-35.35,8,0,6809,0,0,0,0,0,0,0,0,0,0,1,0,0,0,1,0,purchase gemfury recur monthly purchase license,5773 software license
6,0,0,-35.15,9,3,6809,0,0,0,0,0,0,0,0,0,0,1,0,0,0,1,0,purchase gemfury recur monthly purchase license,5773 software license
6,0,0,-35.55,10,5,6809,0,0,0,0,0,0,0,0,0,0,1,0,0,0,1,0,purchase gemfury recur monthly purchase license,5773 software license
6,0,0,-35.86,11,1,6809,0,0,0,0,0,0,0,0,0,0,1,0,0,0,1,0,purchase gemfury,5773 software license
6,0,0,-34.92,12,3,6809,0,0,0,0,0,0,0,0,0,0,1,0,0,0,1,0,purchase gemfury,5773 software license
6,0,0,-14.63,1,3,9442,0,0,1,0,0,0,0,0,0,0,1,0,0,0,1,0,purchase github inc recur monthly purchase license,5773 software license
6,0,0,-14.63,1,3,9442,0,0,1,0,0,0,0,0,0,0,1,0,0,0,1,0,purchase github inc recur monthly purchase license,5773 software license
6,0,0,-14.66,1,5,9442,0,0,1,0,0,0,0,0,0,0,1,0,0,0,1,0,purchase github inc recur monthly purchase license,5773 software license
6,0,0,-14.69,1,5,9442,0,0,1,0,0,0,0,0,0,0,1,0,0,0,1,0,purchase github inc recur monthly purchase license,5773 software license
6,0,0,-14.69,1,1,9442,0,0,1,0,0,0,0,0,0,0,1,0,0,0,1,0,purchase github inc recur monthly purchase license,5773 software license
6,0,0,-14.68,1,2,9442,0,0,1,0,0,0,0,0,0,0,1,0,0,0,1,0,purchase github inc recur monthly purchase license,5773 software license
6,0,0,-14.62,1,5,9442,0,0,1,0,0,0,0,0,0,0,1,0,0,0,1,0,purchase github inc recur monthly purchase license,5773 software license
6,0,0,-428.31,1,5,9442,0,0,1,0,0,0,0,0,0,0,1,0,0,0,1,0,purchase github inc recur monthly purchase license,5773 software license
6,0,0,-5.89,1,5,9442,0,0,1,0,0,0,0,0,0,0,1,0,0,0,1,0,purchase github inc recur monthly purchase license,5773 software license
6,0,0,-14.78,2,0,9442,0,0,1,0,0,0,0,0,0,0,1,0,0,0,1,0,purchase github inc recur monthly purchase license,5773 software license
6,0,0,-14.78,2,0,9442,0,0,1,0,0,0,0,0,0,0,1,0,0,0,1,0,purchase github inc recur monthly purchase license,5773 software license
6,0,0,-14.78,2,1,9442,0,0,1,0,0,0,0,0,0,0,1,0,0,0,1,0,purchase github inc recur monthly purchase license,5773 software license
6,0,0,-15.0,2,1,9442,0,0,1,0,0,0,0,0,0,0,1,0,0,0,1,0,purchase github inc recur monthly purchase license,5773 software license
6,0,0,-14.59,2,4,9442,0,0,1,0,0,0,0,0,0,0,1,0,0,0,1,0,purchase github inc recur monthly purchase license,5773 software license
6,0,0,-14.59,2,5,9442,0,0,1,0,0,0,0,0,0,0,1,0,0,0,1,0,purchase github inc recur monthly purchase license,5773 software license
6,0,0,-14.42,2,1,9442,0,0,1,0,0,0,0,0,0,0,1,0,0,0,1,0,purchase github inc recur monthly purchase license,5773 software license
6,0,0,-5.77,2,2,9442,0,0,1,0,0,0,0,0,0,0,1,0,0,0,1,0,purchase github inc recur monthly purchase license,5773 software license
6,0,0,-521.46,2,2,9442,0,0,1,0,0,0,0,0,0,0,1,0,0,0,1,0,purchase github inc recur monthly purchase license,5773 software license
6,0,0,-3.1,2,1,9442,0,0,1,0,0,0,0,0,0,0,1,0,0,0,1,0,purchase github inc recur monthly purchase license,5773 software license
6,0,0,-14.69,3,0,9442,0,0,1,0,0,0,0,0,0,0,1,0,0,0,1,0,purchase github inc recur monthly purchase license,5773 software license
6,0,0,-14.69,3,0,9442,0,0,1,0,0,0,0,0,0,0,1,0,0,0,1,0,purchase github inc recur monthly purchase license,5773 software license
6,0,0,-14.69,3,0,9442,0,0,1,0,0,0,0,0,0,0,1,0,0,0,1,0,purchase github inc recur monthly purchase license,5773 software license
6,0,0,-14.69,3,1,9442,0,0,1,0,0,0,0,0,0,0,1,0,0,0,1,0,purchase github inc recur monthly purchase license,5773 software license
6,0,0,-14.76,3,2,9442,0,0,1,0,0,0,0,0,0,0,1,0,0,0,1,0,purchase github inc recur monthly purchase license,5773 software license
6,0,0,-14.67,3,4,9442,0,0,1,0,0,0,0,0,0,0,1,0,0,0,1,0,purchase github inc recur monthly purchase license,5773 software license
6,0,0,-14.6,3,5,9442,0,0,1,0,0,0,0,0,0,0,1,0,0,0,1,0,purchase github inc recur monthly purchase license,5773 software license
6,0,0,-14.67,3,1,9442,0,0,1,0,0,0,0,0,0,0,1,0,0,0,1,0,purchase github inc recur monthly purchase license,5773 software license
6,0,0,-5.84,3,2,9442,0,0,1,0,0,0,0,0,0,0,1,0,0,0,1,0,purchase github inc recur monthly purchase license,5773 software license
6,0,0,-508.45,3,2,9442,0,0,1,0,0,0,0,0,0,0,1,0,0,0,1,0,purchase github inc recur monthly purchase license,5773 software license
6,0,0,-14.64,4,3,9442,0,0,1,0,0,0,0,0,0,0,1,0,0,0,1,0,purchase github inc recur monthly purchase license,5773 software license
6,0,0,-14.64,4,3,9442,0,0,1,0,0,0,0,0,0,0,1,0,0,0,1,0,purchase github inc recur monthly purchase license,5773 software license
6,0,0,-14.64,4,3,9442,0,0,1,0,0,0,0,0,0,0,1,0,0,0,1,0,purchase github inc recur monthly purchase license,5773 software license
6,0,0,-14.59,4,4,9442,0,0,1,0,0,0,0,0,0,0,1,0,0,0,1,0,purchase github inc recur monthly purchase license,5773 software license
6,0,0,-14.54,4,4,9442,0,0,1,0,0,0,0,0,0,0,1,0,0,0,1,0,purchase github inc recur monthly purchase license,5773 software license
6,0,0,-14.48,4,0,9442,0,0,1,0,0,0,0,0,0,0,1,0,0,0,1,0,purchase github inc recur monthly purchase license,5773 software license
6,0,0,-14.48,4,0,9442,0,0,1,0,0,0,0,0,0,0,1,0,0,0,1,0,purchase github inc recur monthly purchase license,5773 software license
6,0,0,-14.18,4,4,9442,0,0,1,0,0,0,0,0,0,0,1,0,0,0,1,0,purchase github inc recur monthly purchase license,5773 software license
6,0,0,-440.69,4,5,9442,0,0,1,0,0,0,0,0,0,0,1,0,0,0,1,0,purchase github inc recur monthly purchase license,5773 software license
6,0,0,-5.65,4,5,9442,0,0,1,0,0,0,0,0,0,0,1,0,0,0,1,0,purchase github inc recur monthly purchase license,5773 software license
6,0,0,-14.08,5,5,9442,0,0,1,0,0,0,0,0,0,0,1,0,0,0,1,0,purchase github inc recur monthly purchase license,5773 software license
6,0,0,-14.08,5,5,9442,0,0,1,0,0,0,0,0,0,0,1,0,0,0,1,0,purchase github inc recur monthly purchase license,5773 software license
6,0,0,-14.08,5,5,9442,0,0,1,0,0,0,0,0,0,0,1,0,0,0,1,0,purchase github inc recur monthly purchase license,5773 software license
6,0,0,-14.07,5,5,9442,0,0,1,0,0,0,0,0,0,0,1,0,0,0,1,0,purchase github inc recur monthly purchase license,5773 software license
6,0,0,-14.07,5,6,9442,0,0,1,0,0,0,0,0,0,0,1,0,0,0,1,0,purchase github inc recur monthly purchase license,5773 software license
6,0,0,-14.04,5,2,9442,0,0,1,0,0,0,0,0,0,0,1,0,0,0,1,0,purchase github inc recur monthly purchase license,5773 software license
6,0,0,-210.24,5,2,9442,0,0,1,0,0,0,0,0,0,0,1,0,0,0,1,0,purchase github inc recur monthly purchase license,5773 software license
6,0,0,-14.06,5,3,9442,0,0,1,0,0,0,0,0,0,0,1,0,0,0,1,0,purchase github inc recur monthly purchase license,5773 software license
6,0,0,-5.67,5,1,9442,0,0,1,0,0,0,0,0,0,0,1,0,0,0,1,0,purchase github inc recur monthly purchase license,5773 software license
6,0,0,-14.21,5,6,9442,0,0,1,0,0,0,0,0,0,0,1,0,0,0,1,0,purchase github inc recur monthly purchase license,5773 software license
6,0,0,-5.69,5,0,9442,0,0,1,0,0,0,0,0,0,0,1,0,0,0,1,0,purchase github inc recur monthly purchase license,5773 software license
6,0,0,-358.05,5,0,9442,0,0,1,0,0,0,0,0,0,0,1,0,0,0,1,0,purchase github inc recur monthly purchase license,5773 software license
6,0,0,-14.04,6,0,9442,0,0,1,0,0,0,0,0,0,0,1,0,0,0,1,0,purchase github inc recur monthly purchase license,5773 software license
6,0,0,-14.04,6,0,9442,0,0,1,0,0,0,0,0,0,0,1,0,0,0,1,0,purchase github inc recur monthly purchase license,5773 software license
6,0,0,-14.04,6,0,9442,0,0,1,0,0,0,0,0,0,0,1,0,0,0,1,0,purchase github inc recur monthly purchase license,5773 software license
6,0,0,-13.96,6,2,9442,0,0,1,0,0,0,0,0,0,0,1,0,0,0,1,0,purchase github inc recur monthly purchase license,5773 software license
6,0,0,-13.95,6,3,9442,0,0,1,0,0,0,0,0,0,0,1,0,0,0,1,0,purchase github inc recur monthly purchase license,5773 software license
6,0,0,-13.9,6,5,9442,0,0,1,0,0,0,0,0,0,0,1,0,0,0,1,0,purchase github inc recur monthly purchase license,5773 software license
6,0,0,-13.82,6,2,9442,0,0,1,0,0,0,0,0,0,0,1,0,0,0,1,0,purchase github inc recur monthly purchase license,5773 software license
6,0,0,-608.8,6,3,9442,0,0,1,0,0,0,0,0,0,0,1,0,0,0,1,0,purchase github inc recur monthly purchase license,5773 software license
6,0,0,-5.57,6,3,9442,0,0,1,0,0,0,0,0,0,0,1,0,0,0,1,0,purchase github inc recur monthly purchase license,5773 software license
6,0,0,-13.88,7,3,9442,0,0,1,0,0,0,0,0,0,0,1,0,0,0,1,0,purchase github inc recur monthly purchase license,5773 software license
6,0,0,-13.88,7,3,9442,0,0,1,0,0,0,0,0,0,0,1,0,0,0,1,0,purchase github inc recur monthly purchase license,5773 software license
6,0,0,-13.88,7,3,9442,0,0,1,0,0,0,0,0,0,0,1,0,0,0,1,0,purchase github inc recur monthly purchase license,5773 software license
6,0,0,-13.87,7,4,9442,0,0,1,0,0,0,0,0,0,0,1,0,0,0,1,0,purchase github inc recur monthly purchase license,5773 software license
6,0,0,-13.84,7,5,9442,0,0,1,0,0,0,0,0,0,0,1,0,0,0,1,0,purchase github inc recur monthly purchase license,5773 software license
6,0,0,-13.83,7,0,9442,0,0,1,0,0,0,0,0,0,0,1,0,0,0,1,0,purchase github inc recur monthly purchase license,5773 software license
6,0,0,-13.83,7,0,9442,0,0,1,0,0,0,0,0,0,0,1,0,0,0,1,0,purchase github inc recur monthly purchase license,5773 software license
6,0,0,-1.85,7,2,9442,0,0,1,0,0,0,0,0,0,0,1,0,0,0,1,0,purchase github inc recur monthly purchase license,5773 software license
6,0,0,-105.53,7,2,9442,0,0,1,0,0,0,0,0,0,0,1,0,0,0,1,0,purchase github inc recur monthly purchase license,5773 software license
6,0,0,-13.97,7,4,9442,0,0,1,0,0,0,0,0,0,0,1,0,0,0,1,0,purchase github inc recur monthly purchase license,5773 software license
6,0,0,-5.6,7,5,9442,0,0,1,0,0,0,0,0,0,0,1,0,0,0,1,0,purchase github inc recur monthly purchase license,5773 software license
6,0,0,-363.61,7,5,9442,0,0,1,0,0,0,0,0,0,0,1,0,0,0,1,0,purchase github inc recur monthly purchase license,5773 software license
6,0,0,-14.09,8,5,9442,0,0,1,0,0,0,0,0,0,0,1,0,0,0,1,0,purchase github inc recur monthly purchase license,5773 software license
6,0,0,-14.09,8,5,9442,0,0,1,0,0,0,0,0,0,0,1,0,0,0,1,0,purchase github inc recur monthly purchase license,5773 software license
6,0,0,-14.09,8,5,9442,0,0,1,0,0,0,0,0,0,0,1,0,0,0,1,0,purchase github inc recur monthly purchase license,5773 software license
6,0,0,-14.09,8,0,9442,0,0,1,0,0,0,0,0,0,0,1,0,0,0,1,0,purchase github inc recur monthly purchase license,5773 software license
6,0,0,-14.09,8,0,9442,0,0,1,0,0,0,0,0,0,0,1,0,0,0,1,0,purchase github inc recur monthly purchase license,5773 software license
6,0,0,-14.02,8,3,9442,0,0,1,0,0,0,0,0,0,0,1,0,0,0,1,0,purchase github inc recur monthly purchase license,5773 software license
6,0,0,-13.99,8,4,9442,0,0,1,0,0,0,0,0,0,0,1,0,0,0,1,0,purchase github inc recur monthly purchase license,5773 software license
6,0,0,-14.03,8,0,9442,0,0,1,0,0,0,0,0,0,0,1,0,0,0,1,0,purchase github inc recur monthly purchase license,5773 software license
6,0,0,-658.02,8,0,9442,0,0,1,0,0,0,0,0,0,0,1,0,0,0,1,0,purchase github inc recur monthly purchase license,5773 software license
6,0,0,-5.62,8,0,9442,0,0,1,0,0,0,0,0,0,0,1,0,0,0,1,0,purchase github inc recur monthly purchase license,5773 software license
6,0,0,3.62,8,2,9442,0,0,1,0,0,0,0,0,0,0,1,0,0,0,0,1,refund github inc recur monthly purchase license,5773 software license
6,0,0,-13.97,9,1,9442,0,0,1,0,0,0,0,0,0,0,1,0,0,0,1,0,purchase github inc recur monthly purchase license,5773 software license
6,0,0,-13.97,9,1,9442,0,0,1,0,0,0,0,0,0,0,1,0,0,0,1,0,purchase github inc recur monthly purchase license,5773 software license
6,0,0,-14.03,9,3,9442,0,0,1,0,0,0,0,0,0,0,1,0,0,0,1,0,purchase github inc recur monthly purchase license,5773 software license
6,0,0,-14.02,9,4,9442,0,0,1,0,0,0,0,0,0,0,1,0,0,0,1,0,purchase github inc recur monthly purchase license,5773 software license
6,0,0,-14.06,9,6,9442,0,0,1,0,0,0,0,0,0,0,1,0,0,0,1,0,purchase github inc recur monthly purchase license,5773 software license
6,0,0,-14.06,9,0,9442,0,0,1,0,0,0,0,0,0,0,1,0,0,0,1,0,purchase github inc recur monthly purchase license,5773 software license
6,0,0,-889.11,9,5,9442,0,0,1,0,0,0,0,0,0,0,1,0,0,0,1,0,purchase github inc recur monthly purchase license,5773 software license
6,0,0,-14.0,9,3,9442,0,0,1,0,0,0,0,0,0,0,1,0,0,0,1,0,purchase github inc recur monthly purchase license,5773 software license
6,0,0,-5.61,9,4,9442,0,0,1,0,0,0,0,0,0,0,1,0,0,0,1,0,purchase github inc recur monthly purchase license,5773 software license
6,0,0,-391.95,9,4,9442,0,0,1,0,0,0,0,0,0,0,1,0,0,0,1,0,purchase github inc recur monthly purchase license,5773 software license
6,0,0,-14.17,10,4,9442,0,0,1,0,0,0,0,0,0,0,1,0,0,0,1,0,purchase github inc recur monthly purchase license,5773 software license
6,0,0,-14.17,10,4,9442,0,0,1,0,0,0,0,0,0,0,1,0,0,0,1,0,purchase github inc recur monthly purchase license,5773 software license
6,0,0,-14.2,10,5,9442,0,0,1,0,0,0,0,0,0,0,1,0,0,0,1,0,purchase github inc recur monthly purchase license,5773 software license
6,0,0,-14.18,10,6,9442,0,0,1,0,0,0,0,0,0,0,1,0,0,0,1,0,purchase github inc recur monthly purchase license,5773 software license
6,0,0,-14.18,10,1,9442,0,0,1,0,0,0,0,0,0,0,1,0,0,0,1,0,purchase github inc recur monthly purchase license,5773 software license
6,0,0,-14.18,10,2,9442,0,0,1,0,0,0,0,0,0,0,1,0,0,0,1,0,purchase github inc recur monthly purchase license,5773 software license
6,0,0,-14.28,10,4,9442,0,0,1,0,0,0,0,0,0,0,1,0,0,0,1,0,purchase github inc recur monthly purchase license,5773 software license
6,0,0,-5.72,10,6,9442,0,0,1,0,0,0,0,0,0,0,1,0,0,0,1,0,purchase github inc recur monthly purchase license,5773 software license
6,0,0,-1396.86,10,6,9442,0,0,1,0,0,0,0,0,0,0,1,0,0,0,1,0,purchase github inc recur monthly purchase license,5773 software license
6,0,0,-14.26,11,6,9442,0,0,1,0,0,0,0,0,0,0,1,0,0,0,1,0,purchase github inc recur monthly purchase license,5773 software license
6,0,0,-14.26,11,6,9442,0,0,1,0,0,0,0,0,0,0,1,0,0,0,1,0,purchase github inc recur monthly purchase license,5773 software license
6,0,0,-14.26,11,1,9442,0,0,1,0,0,0,0,0,0,0,1,0,0,0,1,0,purchase github inc recur monthly purchase license,5773 software license
6,0,0,-14.3,11,1,9442,0,0,1,0,0,0,0,0,0,0,1,0,0,0,1,0,purchase github inc recur monthly purchase license,5773 software license
6,0,0,-14.36,11,3,9442,0,0,1,0,0,0,0,0,0,0,1,0,0,0,1,0,purchase github inc recur monthly purchase license,5773 software license
6,0,0,-14.36,11,4,9442,0,0,1,0,0,0,0,0,0,0,1,0,0,0,1,0,purchase github inc recur monthly purchase license,5773 software license
6,0,0,-14.27,11,1,9442,0,0,1,0,0,0,0,0,0,0,1,0,0,0,1,0,purchase github inc recur monthly purchase license,5773 software license
6,0,0,-1462.78,11,1,9442,0,0,1,0,0,0,0,0,0,0,1,0,0,0,1,0,purchase github inc,5773 software license
6,0,0,-5.71,11,1,9442,0,0,1,0,0,0,0,0,0,0,1,0,0,0,1,0,purchase github inc recur monthly purchase license,5773 software license
6,0,0,-57.34,11,5,9442,0,0,1,0,0,0,0,0,0,0,1,0,0,0,1,0,purchase github inc,5773 software license
6,0,0,-14.21,12,2,9442,0,0,1,0,0,0,0,0,0,0,1,0,0,0,1,0,purchase github inc recur monthly purchase license,5773 software license
6,0,0,-14.21,12,2,9442,0,0,1,0,0,0,0,0,0,0,1,0,0,0,1,0,purchase github inc recur monthly purchase license,5773 software license
6,0,0,-429.74,12,2,9442,0,0,1,0,0,0,0,0,0,0,1,0,0,0,1,0,purchase github inc,5773 software license
6,0,0,-14.24,12,3,9442,0,0,1,0,0,0,0,0,0,0,1,0,0,0,1,0,purchase github inc recur monthly purchase license,5773 software license
6,0,0,-14.19,12,4,9442,0,0,1,0,0,0,0,0,0,0,1,0,0,0,1,0,purchase github inc recur monthly purchase license,5773 software license
6,0,0,-14.17,12,5,9442,0,0,1,0,0,0,0,0,0,0,1,0,0,0,1,0,purchase github inc recur monthly purchase license,5773 software license
6,0,0,-14.17,12,6,9442,0,0,1,0,0,0,0,0,0,0,1,0,0,0,1,0,purchase github inc recur monthly purchase license,5773 software license
6,0,0,-13.99,12,3,9442,0,0,1,0,0,0,0,0,0,0,1,0,0,0,1,0,purchase github inc recur monthly purchase license,5773 software license
6,0,0,-1619.18,12,4,9442,0,0,1,0,0,0,0,0,0,0,1,0,0,0,1,0,purchase github inc,5773 software license
6,0,0,-5.61,12,4,9442,0,0,1,0,0,0,0,0,0,0,1,0,0,0,1,0,purchase github inc recur monthly purchase license,5773 software license
3,0,0,-1.07,11,5,1104,0,0,1,0,0,1,0,0,0,0,1,1,0,0,1,0,purchase google cloud 3vtdwz,5773 software license
6,0,0,-4.66,7,2,1104,0,0,1,0,0,1,0,0,0,0,1,1,0,0,1,0,purchase google cloud dfhg7v,5773 software license
6,0,0,-17.95,1,3,1104,0,0,1,0,0,1,0,0,0,0,1,1,0,0,1,0,purchase google cloud kzknz7,5773 software license
6,0,0,-4.64,6,0,1104,0,0,1,0,0,1,0,0,0,0,1,1,0,0,1,0,purchase google cloud plqtb4,5773 software license
3,0,0,-0.58,6,0,1104,0,0,1,0,0,1,0,0,0,0,1,1,0,0,1,0,purchase google cloud qnx3wp,5773 software license
3,0,0,-1.49,12,0,1104,0,0,1,0,0,1,0,0,0,0,1,1,0,0,1,0,purchase google cloud qxzc8 g,5773 software license
3,0,0,-0.07,5,4,1104,0,0,1,0,0,1,0,0,0,0,1,1,0,0,1,0,purchase google cloud wd3rlb,5773 software license
6,0,0,-2.65,8,5,1104,0,0,1,0,0,1,0,0,0,0,1,1,0,0,1,0,purchase google cloud zlw4k6,5773 software license
6,0,0,-754.56,4,2,1104,0,0,0,0,0,1,0,0,0,0,1,1,0,0,1,0,purchase google gsuite_bloomap,5773 software license
6,0,0,-877.99,5,4,1104,0,0,0,0,0,1,0,0,0,0,1,1,0,0,1,0,purchase google gsuite_bloomap,5773 software license
6,0,0,-963.34,6,0,1104,0,0,0,0,0,1,0,0,0,0,1,1,0,0,1,0,purchase google gsuite_bloomap,5773 software license
3,0,0,-1115.25,9,1,1104,0,0,0,0,0,1,0,0,0,0,1,1,0,0,1,0,purchase google gsuite_bloomap,5773 software license
3,0,0,-78.62,1,3,1104,0,0,0,0,0,1,0,0,0,0,1,1,0,0,1,0,purchase google gsuite_freshst google g suite recurring charge spring $ 17.47 month freshstart $ 65.52 approve victor ko,5773 software license
3,0,0,-78.62,3,6,1104,0,0,0,0,0,1,0,0,0,0,1,1,0,0,1,0,purchase google gsuite_freshst google g suite recurring charge spring $ 17.47 month freshstart $ 65.52 approve victor ko,5773 software license
3,0,0,-78.62,7,2,1104,0,0,0,0,0,1,0,0,0,0,1,1,0,0,1,0,purchase google gsuite_freshst google g suite recurring charge spring $ 17.47 month freshstart $ 65.52 approve victor ko,5773 software license
3,0,0,-20.97,1,3,1104,0,0,0,0,0,1,0,0,0,0,1,1,0,0,1,0,purchase google gsuite_springa google g suite recurring charge spring $ 17.47 month freshstart $ 65.52 approve victor ko,5773 software license
3,0,0,-20.97,4,2,1104,0,0,0,0,0,1,0,0,0,0,1,1,0,0,1,0,purchase google gsuite_springa google g suite recurring charge spring $ 17.47 month freshstart $ 65.52 approve victor ko,5773 software license
3,0,0,-20.97,6,0,1104,0,0,0,0,0,1,0,0,0,0,1,1,0,0,1,0,purchase google gsuite_springa google g suite recurring charge spring $ 17.47 month freshstart $ 65.52 approve victor ko,5773 software license
3,0,0,-20.97,7,2,1104,0,0,0,0,0,1,0,0,0,0,1,1,0,0,1,0,purchase google gsuite_springa google g suite recurring charge spring $ 17.47 month freshstart $ 65.52 approve victor ko,5773 software license
3,0,0,-220.33,1,3,1104,0,0,0,0,0,1,0,0,0,0,1,1,0,0,1,0,purchase google gsuite_springb google g suite recurring charge spring $ 17.47 month freshstart $ 65.52 approve victor ko,5773 software license
3,0,0,-220.33,2,6,1104,0,0,0,0,0,1,0,0,0,0,1,1,0,0,1,0,purchase google gsuite_springb google g suite recurring charge spring $ 17.47 month freshstart $ 65.52 approve victor ko,5773 software license
3,0,0,-227.79,4,2,1104,0,0,0,0,0,1,0,0,0,0,1,1,0,0,1,0,purchase google gsuite_springb google g suite recurring charge spring $ 17.47 month freshstart $ 65.52 approve victor ko,5773 software license
3,0,0,-258.94,5,4,1104,0,0,0,0,0,1,0,0,0,0,1,1,0,0,1,0,purchase google gsuite_springb google g suite recurring charge spring $ 17.47 month freshstart $ 65.52 approve victor ko,5773 software license
3,0,0,-258.94,6,0,1104,0,0,0,0,0,1,0,0,0,0,1,1,0,0,1,0,purchase google gsuite_springb google g suite recurring charge spring $ 17.47 month freshstart $ 65.52 approve victor ko,5773 software license
3,0,0,-258.94,7,2,1104,0,0,0,0,0,1,0,0,0,0,1,1,0,0,1,0,purchase google gsuite_springb google g suite recurring charge spring $ 17.47 month freshstart $ 65.52 approve victor ko,5773 software license
3,0,0,-10327.81,7,2,1104,0,0,0,0,0,1,0,0,0,0,1,1,0,0,1,0,purchase google gsuite_springf google g suite recurring charge spring $ 17.47 month freshstart $ 65.52 approve victor ko,5773 software license
3,0,0,-14.55,1,1,1104,0,0,0,0,0,1,0,0,0,0,1,1,0,0,1,0,purchase google youtubepremium,5773 software license
3,0,0,-14.55,2,4,1104,0,0,0,0,0,1,0,0,0,0,1,1,0,0,1,0,purchase google youtubepremium,5773 software license
3,0,0,-14.55,3,4,1104,0,0,0,0,0,1,0,0,0,0,1,1,0,0,1,0,purchase google youtubepremium,5773 software license
3,0,0,-14.55,4,0,1104,0,0,0,0,0,1,0,0,0,0,1,1,0,0,1,0,purchase google youtubepremium,5773 software license
3,0,0,-14.55,5,2,1104,0,0,0,0,0,1,0,0,0,0,1,1,0,0,1,0,purchase google youtubepremium,5773 software license
3,0,0,-14.55,6,5,1104,0,0,0,0,0,1,0,0,0,0,1,1,0,0,1,0,purchase google youtubepremium,5773 software license
3,0,0,-14.55,10,1,1104,0,0,0,0,0,1,0,0,0,0,1,1,0,0,1,0,purchase google youtubepremium,5773 software license
3,0,0,-14.55,12,6,1104,0,0,0,0,0,1,0,0,0,0,1,1,0,0,1,0,purchase google youtubepremium,5773 software license
6,0,0,-0.71,2,6,1104,0,0,1,0,0,1,0,0,0,0,1,1,0,0,1,0,purchase google*cloud 3hhz62,5773 software license
3,0,0,-0.86,8,5,1104,0,0,1,0,0,1,0,0,0,0,1,1,0,0,1,0,purchase google*cloud 5dv3v4,5773 software license
3,0,0,-0.71,10,3,1104,0,0,1,0,0,1,0,0,0,0,1,1,0,0,1,0,purchase google*cloud 7s9hsw,5773 software license
6,0,0,-0.31,11,5,1104,0,0,1,0,0,1,0,0,0,0,1,1,0,0,1,0,purchase google*cloud fcwxst,5773 software license
6,0,0,-0.54,9,1,1104,0,0,1,0,0,1,0,0,0,0,1,1,0,0,1,0,purchase google*cloud fv9dj9,5773 software license
6,0,0,-2.46,4,2,1104,0,0,1,0,0,1,0,0,0,0,1,1,0,0,1,0,purchase google*cloud gl8xfl,5773 software license
6,0,0,-0.74,10,3,1104,0,0,1,0,0,1,0,0,0,0,1,1,0,0,1,0,purchase google*cloud k5rc5q,5773 software license
6,0,0,-1.46,3,6,1104,0,0,1,0,0,1,0,0,0,0,1,1,0,0,1,0,purchase google*cloud l6hb2v,5773 software license
3,0,0,-0.7,9,1,1104,0,0,1,0,0,1,0,0,0,0,1,1,0,0,1,0,purchase google*cloud mw4mjm,5773 software license
6,0,0,-3.5,5,4,1104,0,0,1,0,0,1,0,0,0,0,1,1,0,0,1,0,purchase google*cloud q5bzj8,5773 software license
3,0,0,-0.81,7,2,1104,0,0,1,0,0,1,0,0,0,0,1,1,0,0,1,0,purchase google*cloud r9vkbb,5773 software license
6,0,0,-0.23,12,1,1104,0,0,1,0,0,1,0,0,0,0,1,1,0,0,1,0,purchase google*cloud z9sgt6,5773 software license
6,0,0,-605.3,1,3,1104,0,0,0,0,0,1,0,0,0,0,1,1,0,0,1,0,purchase google*gsuite bloomapp,5773 software license
6,0,0,-639.81,2,6,1104,0,0,0,0,0,1,0,0,0,0,1,1,0,0,1,0,purchase google*gsuite bloomapp,5773 software license
6,0,0,-690.38,3,6,1104,0,0,0,0,0,1,0,0,0,0,1,1,0,0,1,0,purchase google*gsuite bloomapp,5773 software license
6,0,0,-985.6,7,2,1104,0,0,0,0,0,1,0,0,0,0,1,1,0,0,1,0,purchase google*gsuite bloomapp,5773 software license
6,0,0,-989.54,8,5,1104,0,0,0,0,0,1,0,0,0,0,1,1,0,0,1,0,purchase google*gsuite bloomapp,5773 software license
3,0,0,-221.76,10,3,1104,0,0,0,0,0,1,0,0,0,0,1,1,0,0,1,0,purchase google*gsuite bloomapp,5773 software license
3,0,0,-73.92,11,5,1104,0,0,0,0,0,1,0,0,0,0,1,1,0,0,1,0,purchase google*gsuite bloomapp,5773 software license
3,0,0,-73.92,12,1,1104,0,0,0,0,0,1,0,0,0,0,1,1,0,0,1,0,purchase google*gsuite bloomapp,5773 software license
3,0,0,-78.62,2,6,1104,0,0,0,0,0,1,0,0,0,0,1,1,0,0,1,0,purchase google*gsuite freshsta google g suite recurring charge spring $ 17.47 month freshstart $ 65.52 approve victor ko,5773 software license
3,0,0,-78.62,4,2,1104,0,0,0,0,0,1,0,0,0,0,1,1,0,0,1,0,purchase google*gsuite freshsta google g suite recurring charge spring $ 17.47 month freshstart $ 65.52 approve victor ko,5773 software license
3,0,0,-78.62,5,4,1104,0,0,0,0,0,1,0,0,0,0,1,1,0,0,1,0,purchase google*gsuite freshsta google g suite recurring charge spring $ 17.47 month freshstart $ 65.52 approve victor ko,5773 software license
3,0,0,-78.62,6,0,1104,0,0,0,0,0,1,0,0,0,0,1,1,0,0,1,0,purchase google*gsuite freshsta google g suite recurring charge spring $ 17.47 month freshstart $ 65.52 approve victor ko,5773 software license
3,0,0,-88.84,8,5,1104,0,0,0,0,0,1,0,0,0,0,1,1,0,0,1,0,purchase google*gsuite freshsta google g suite recurring charge spring $ 17.47 month freshstart $ 65.52 approve victor ko,5773 software license
3,0,0,-92.4,9,1,1104,0,0,0,0,0,1,0,0,0,0,1,1,0,0,1,0,purchase google*gsuite freshsta google g suite recurring charge spring $ 17.47 month freshstart $ 65.52 approve victor ko,5773 software license
3,0,0,-92.4,10,3,1104,0,0,0,0,0,1,0,0,0,0,1,1,0,0,1,0,purchase google*gsuite freshsta google g suite recurring charge spring $ 17.47 month freshstart $ 65.52 approve victor ko,5773 software license
3,0,0,-92.4,11,5,1104,0,0,0,0,0,1,0,0,0,0,1,1,0,0,1,0,purchase google*gsuite freshsta google g suite recurring charge spring $ 17.47 month freshstart $ 65.52 approve victor ko,5773 software license
3,0,0,-20.97,2,6,1104,0,0,0,0,0,1,0,0,0,0,1,1,0,0,1,0,purchase google*gsuite springau google g suite recurring charge spring $ 17.47 month freshstart $ 65.52 approve victor ko,5773 software license
3,0,0,-20.97,3,6,1104,0,0,0,0,0,1,0,0,0,0,1,1,0,0,1,0,purchase google*gsuite springau google g suite recurring charge spring $ 17.47 month freshstart $ 65.52 approve victor ko,5773 software license
3,0,0,-20.97,5,4,1104,0,0,0,0,0,1,0,0,0,0,1,1,0,0,1,0,purchase google*gsuite springau google g suite recurring charge spring $ 17.47 month freshstart $ 65.52 approve victor ko,5773 software license
3,0,0,-23.69,8,5,1104,0,0,0,0,0,1,0,0,0,0,1,1,0,0,1,0,purchase google*gsuite springau google g suite recurring charge spring $ 17.47 month freshstart $ 65.52 approve victor ko,5773 software license
3,0,0,-24.64,9,1,1104,0,0,0,0,0,1,0,0,0,0,1,1,0,0,1,0,purchase google*gsuite springau google g suite recurring charge spring $ 17.47 month freshstart $ 65.52 approve victor ko,5773 software license
3,0,0,-24.64,10,3,1104,0,0,0,0,0,1,0,0,0,0,1,1,0,0,1,0,purchase google*gsuite springau google g suite recurring charge spring $ 17.47 month freshstart $ 65.52 approve victor ko,5773 software license
3,0,0,-24.64,11,5,1104,0,0,0,0,0,1,0,0,0,0,1,1,0,0,1,0,purchase google*gsuite springau google g suite recurring charge spring $ 17.47 month freshstart $ 65.52 approve victor ko,5773 software license
3,0,0,-24.64,12,1,1104,0,0,0,0,0,1,0,0,0,0,1,1,0,0,1,0,purchase google*gsuite springau google g suite recurring charge spring $ 17.47 month freshstart $ 65.52 approve victor ko,5773 software license
3,0,0,-220.33,3,6,1104,0,0,0,0,0,1,0,0,0,0,1,1,0,0,1,0,purchase google*gsuite springby google g suite recurring charge spring $ 17.47 month freshstart $ 65.52 approve victor ko,5773 software license
3,0,0,-267.28,8,5,1104,0,0,0,0,0,1,0,0,0,0,1,1,0,0,1,0,purchase google*gsuite springby google g suite recurring charge spring $ 17.47 month freshstart $ 65.52 approve victor ko,5773 software license
3,0,0,-374.33,9,1,1104,0,0,0,0,0,1,0,0,0,0,1,1,0,0,1,0,purchase google*gsuite springby google g suite recurring charge spring $ 17.47 month freshstart $ 65.52 approve victor ko,5773 software license
3,0,0,-459.81,10,3,1104,0,0,0,0,0,1,0,0,0,0,1,1,0,0,1,0,purchase google*gsuite springby google g suite recurring charge spring $ 17.47 month freshstart $ 65.52 approve victor ko,5773 software license
3,0,0,-536.08,11,1,1104,0,0,0,0,0,1,0,0,0,0,1,1,0,0,1,0,purchase google*gsuite springby google g suite recurring charge spring $ 17.47 month freshstart $ 65.52 approve victor ko,5773 software license
3,0,0,-586.15,12,1,1104,0,0,0,0,0,1,0,0,0,0,1,1,0,0,1,0,purchase google*gsuite springby google g suite recurring charge spring $ 17.47 month freshstart $ 65.52 approve victor ko,5773 software license
3,0,0,-9750.73,1,3,1104,0,0,0,0,0,1,0,0,0,0,1,1,0,0,1,0,purchase google*gsuite springfi google g suite recurring charge spring $ 17.47 month freshstart $ 65.52 approve victor ko,5773 software license
3,0,0,-9750.73,2,6,1104,0,0,0,0,0,1,0,0,0,0,1,1,0,0,1,0,purchase google*gsuite springfi google g suite recurring charge spring $ 17.47 month freshstart $ 65.52 approve victor ko,5773 software license
3,0,0,-9750.73,3,6,1104,0,0,0,0,0,1,0,0,0,0,1,1,0,0,1,0,purchase google*gsuite springfi google g suite recurring charge spring $ 17.47 month freshstart $ 65.52 approve victor ko,5773 software license
3,0,0,-9782.83,4,2,1104,0,0,0,0,0,1,0,0,0,0,1,1,0,0,1,0,purchase google*gsuite springfi google g suite recurring charge spring $ 17.47 month freshstart $ 65.52 approve victor ko,5773 software license
3,0,0,-10092.36,5,4,1104,0,0,0,0,0,1,0,0,0,0,1,1,0,0,1,0,purchase google*gsuite springfi google g suite recurring charge spring $ 17.47 month freshstart $ 65.52 approve victor ko,5773 software license
3,0,0,-10327.81,6,0,1104,0,0,0,0,0,1,0,0,0,0,1,1,0,0,1,0,purchase google*gsuite springfi google g suite recurring charge spring $ 17.47 month freshstart $ 65.52 approve victor ko,5773 software license
3,0,0,-10329.1,8,5,1104,0,0,0,0,0,1,0,0,0,0,1,1,0,0,1,0,purchase google*gsuite springfi google g suite recurring charge spring $ 17.47 month freshstart $ 65.52 approve victor ko,5773 software license
3,0,0,-10896.56,9,1,1104,0,0,0,0,0,1,0,0,0,0,1,1,0,0,1,0,purchase google*gsuite springfi google g suite recurring charge spring $ 17.47 month freshstart $ 65.52 approve victor ko,5773 software license
3,0,0,-11472.05,10,3,1104,0,0,0,0,0,1,0,0,0,0,1,1,0,0,1,0,purchase google*gsuite springfi google g suite recurring charge spring $ 17.47 month freshstart $ 65.52 approve victor ko,5773 software license
3,0,0,-11587.25,11,5,1104,0,0,0,0,0,1,0,0,0,0,1,1,0,0,1,0,purchase google*gsuite springfi google g suite recurring charge spring $ 17.47 month freshstart $ 65.52 approve victor ko,5773 software license
3,0,0,-11661.07,12,1,1104,0,0,0,0,0,1,0,0,0,0,1,1,0,0,1,0,purchase google*gsuite springfi google g suite recurring charge spring $ 17.47 month freshstart $ 65.52 approve victor ko,5773 software license
3,0,0,-92.4,12,1,1104,0,0,1,0,0,1,0,0,0,0,1,1,0,0,1,0,purchase google*workspace fresh google g suite recurring charge spring $ 17.47 month freshstart $ 65.52 approve victor ko,5773 software license
3,0,0,-14.55,11,4,1104,0,0,0,0,0,1,0,0,0,0,1,1,0,0,1,0,purchase google*youtubepremium,5773 software license
3,0,0,-8.66,7,1,500,0,0,1,0,0,0,0,0,0,0,1,0,0,0,1,0,purchase grammarly co*ag5jlvs,5773 software license
3,0,0,-3403.21,7,0,500,0,0,1,0,0,0,0,0,0,0,1,0,0,0,1,0,purchase grammarly co*awrbp7,5773 software license
3,0,0,-175.87,11,1,500,0,0,1,0,0,0,0,0,0,0,1,0,0,0,1,0,purchase grammarly co*qxxigy7,5773 software license
3,0,0,-92.13,6,3,500,0,0,1,0,0,0,0,0,0,0,1,0,0,0,1,0,purchase grammarly co*v7wedtu,5773 software license
6,0,0,-329.39,1,3,3032,0,0,0,0,0,0,0,0,0,0,1,0,0,0,1,0,purchase hex technologies inc,5773 software license
6,0,0,-498.59,3,5,3032,0,0,0,0,0,0,0,0,0,0,1,0,0,0,1,0,purchase hex technologies inc,5773 software license
6,0,0,-436.54,3,6,3032,0,0,0,0,0,0,0,0,0,0,1,0,0,0,1,0,purchase hex technologies inc,5773 software license
6,0,0,-423.11,4,2,1825,0,0,0,0,0,0,0,0,0,0,1,0,0,0,1,0,purchase hex.tech,5773 software license
6,0,0,-624.02,7,4,1825,0,0,0,0,0,0,0,0,0,0,1,0,0,0,1,0,purchase hex.tech,5773 software license
6,0,0,-633.1,8,5,1825,0,0,0,0,0,0,0,0,0,0,1,0,0,0,1,0,purchase hex.tech,5773 software license
6,0,0,-630.82,9,4,1825,0,0,0,0,0,0,0,0,0,0,1,0,0,0,1,0,purchase hex.tech,5773 software license
6,0,0,-827.89,10,3,1825,0,0,0,0,0,0,0,0,0,0,1,0,0,0,1,0,purchase hex.tech,5773 software license
6,0,0,-746.46,10,3,1825,0,0,0,0,0,0,0,0,0,0,1,0,0,0,1,0,purchase hex.tech,5773 software license
6,0,0,-1387.19,12,2,1825,0,0,0,0,0,0,0,0,0,0,1,0,0,0,1,0,purchase hex.tech,5773 software license
3,0,0,-514.17,3,5,1277,0,0,0,0,0,0,0,0,0,0,1,0,0,0,1,0,purchase https://scribe.how/b,5773 software license
3,0,0,-218.37,3,5,1277,0,0,0,0,0,0,0,0,0,0,1,0,0,0,1,0,purchase https://scribe.how/b,5773 software license
3,0,0,-192.57,4,1,1277,0,0,0,0,0,0,0,0,0,0,1,0,0,0,1,0,purchase https://scribe.how/b,5773 software license
3,0,0,-138.8,5,3,1277,0,0,0,0,0,0,0,0,0,0,1,0,0,0,1,0,purchase https://scribe.how/b,5773 software license
3,0,0,-91.55,7,1,1277,0,0,0,0,0,0,0,0,0,0,1,0,0,0,1,0,purchase https://scribe.how/b,5773 software license
3,0,0,-4261.1,10,2,1277,0,0,0,0,0,0,0,0,0,0,1,0,0,0,1,0,purchase https://scribe.how/b,5773 software license
3,0,0,-109.09,12,1,1277,0,0,0,0,0,0,0,0,0,0,1,0,0,0,1,0,purchase https://scribe.how/b,5773 software license
3,0,0,-97.78,1,6,490,0,0,0,0,0,0,0,0,0,0,1,0,0,0,1,0,purchase jetbrains americas inc,5773 software license
3,0,0,-97.37,2,2,490,0,0,0,0,0,0,0,0,0,0,1,0,0,0,1,0,purchase jetbrains americas inc,5773 software license
3,0,0,-93.05,6,3,490,0,0,0,0,0,0,0,0,0,0,1,0,0,0,1,0,purchase jetbrains americas inc,5773 software license
3,0,0,-93.06,7,5,490,0,0,0,0,0,0,0,0,0,0,1,0,0,0,1,0,purchase jetbrains americas inc,5773 software license
3,0,0,-23.33,8,1,490,0,0,0,0,0,0,0,0,0,0,1,0,0,0,1,0,purchase jetbrains americas inc,5773 software license
3,0,0,-23.46,9,4,490,0,0,0,0,0,0,0,0,0,0,1,0,0,0,1,0,purchase jetbrains americas inc,5773 software license
3,0,0,-27.61,10,6,490,0,0,0,0,0,0,0,0,0,0,1,0,0,0,1,0,purchase jetbrains americas inc,5773 software license
3,0,0,-159.56,7,3,9477,0,0,0,0,0,0,0,0,0,0,1,0,0,0,1,0,purchase kinsta kick 30 day money trial spsd-13014 spend shift tech future,5773 software license
3,0,0,-162.04,8,6,9477,0,0,0,0,0,0,0,0,0,0,1,0,0,0,1,0,purchase kinsta,5773 software license
3,0,0,-160.68,9,2,9477,0,0,0,0,0,0,0,0,0,0,1,0,0,0,1,0,purchase kinsta,5773 software license
3,0,0,-162.95,10,4,9477,0,0,0,0,0,0,0,0,0,0,1,0,0,0,1,0,purchase kinsta,5773 software license
3,0,0,-163.48,12,2,9477,0,0,0,0,0,0,0,0,0,0,1,0,0,0,1,0,purchase kinsta,5773 software license
3,0,0,-4.17,9,3,4193,0,0,0,0,0,0,0,0,0,0,1,0,0,0,1,0,purchase krisp,5773 software license
3,0,0,-3.37,9,5,4193,0,0,0,0,0,0,0,0,0,0,1,0,0,0,1,0,purchase krisp,5773 software license
3,0,0,-3107.76,9,0,4193,0,0,0,0,0,0,0,0,0,0,1,0,0,0,1,0,purchase krisp,5773 software license
3,0,0,-131.41,9,3,4193,0,0,0,0,0,0,0,0,0,0,1,0,0,0,1,0,purchase krisp,5773 software license
3,0,0,-305.65,9,5,5662,0,0,0,0,0,0,0,0,0,0,1,0,0,0,1,0,purchase lucid software inc,5773 software license
3,0,0,-7070.63,6,1,8428,0,0,0,0,0,0,0,0,0,0,1,0,0,0,1,0,purchase lucidchart.com/charge,5773 software license
3,0,0,5626.18,6,3,8428,0,0,0,0,0,0,0,0,0,0,1,0,0,0,0,1,refund lucidchart.com/charge,5773 software license
3,0,0,-474.09,8,4,8428,0,0,0,0,0,0,0,0,0,0,1,0,0,0,1,0,purchase lucidchart.com/charge,5773 software license
6,0,0,-409.43,12,5,6109,0,0,1,0,0,0,0,0,0,0,1,0,0,0,1,0,purchase name-cheap.com 1hvxrg,5773 software license
6,0,0,-316.63,12,1,6109,0,0,1,0,0,0,0,0,0,0,1,0,0,0,1,0,purchase name-cheap.com a2fqvq,5773 software license
6,0,0,-15.75,11,3,6109,0,0,1,0,0,0,0,0,0,0,1,0,0,0,1,0,purchase name-cheap.com a3cczy,5773 software license
6,0,0,-17.1,10,2,6109,0,0,1,0,0,0,0,0,0,0,1,0,0,0,1,0,purchase name-cheap.com b29u2u,5773 software license
6,0,0,-19.35,7,4,6109,0,0,1,0,0,0,0,0,0,0,1,0,0,0,1,0,purchase name-cheap.com czvmvt,5773 software license
6,0,0,-205.77,12,1,6109,0,0,1,0,0,0,0,0,0,0,1,0,0,0,1,0,purchase name-cheap.com dhljpl,5773 software license
6,0,0,-233.06,1,3,6109,0,0,1,0,0,0,0,0,0,0,1,0,0,0,1,0,purchase name-cheap.com fj48il,5773 software license
6,0,0,-18.82,10,3,6109,0,0,1,0,0,0,0,0,0,0,1,0,0,0,1,0,purchase name-cheap.com jvqkye,5773 software license
6,0,0,-47.31,9,2,6109,0,0,1,0,0,0,0,0,0,0,1,0,0,0,1,0,purchase name-cheap.com mlua2f,5773 software license
6,0,0,-58.16,7,4,6109,0,0,1,0,0,0,0,0,0,0,1,0,0,0,1,0,purchase name-cheap.com n68ccq,5773 software license
6,0,0,-21.09,9,6,6109,0,0,1,0,0,0,0,0,0,0,1,0,0,0,1,0,purchase name-cheap.com nbzy7 t,5773 software license
6,0,0,-227.44,10,5,6109,0,0,1,0,0,0,0,0,0,0,1,0,0,0,1,0,purchase name-cheap.com s6f1ea,5773 software license
6,0,0,-10.96,10,2,6109,0,0,1,0,0,0,0,0,0,0,1,0,0,0,1,0,purchase name-cheap.com vkguw5,5773 software license
6,0,0,-17.1,10,2,6109,0,0,1,0,0,0,0,0,0,0,1,0,0,0,1,0,purchase name-cheap.com vvoiis,5773 software license
6,0,0,-19.54,8,1,6109,0,0,1,0,0,0,0,0,0,0,1,0,0,0,1,0,purchase name-cheap.com yqtess,5773 software license
6,0,0,-317.87,11,5,6109,0,0,1,0,0,0,0,0,0,0,1,0,0,0,1,0,purchase name-cheap.com ywkjxm,5773 software license
6,0,0,317.38,11,3,6109,0,0,1,0,0,0,0,0,0,0,1,0,0,0,0,1,refund name-cheap.com ywkjxm,5773 software license
6,0,0,-21.04,9,6,6109,0,0,1,0,0,0,0,0,0,0,1,0,0,0,1,0,purchase name-cheap.com zrbhfj,5773 software license
6,0,0,-250.47,7,4,6109,0,0,1,0,0,0,0,0,0,0,1,0,0,0,1,0,purchase name-cheap.com zuxdjp,5773 software license
6,0,0,-82.78,2,5,8259,0,0,1,0,0,0,0,0,0,0,1,0,0,0,1,0,purchase openai recur monthly purchase license,5773 software license
6,0,0,-66.25,3,2,8259,0,0,1,0,0,0,0,0,0,0,1,0,0,0,1,0,purchase openai recur monthly purchase license,5773 software license
6,0,0,-65.71,3,1,8259,0,0,1,0,0,0,0,0,0,0,1,0,0,0,1,0,purchase openai recur monthly purchase license,5773 software license
6,0,0,-66.04,3,5,8259,0,0,1,0,0,0,0,0,0,0,1,0,0,0,1,0,purchase openai recur monthly purchase license,5773 software license
6,0,0,-66.73,3,5,8259,0,0,1,0,0,0,0,0,0,0,1,0,0,0,1,0,purchase openai recur monthly purchase license,5773 software license
6,0,0,-66.99,3,5,8259,0,0,1,0,0,0,0,0,0,0,1,0,0,0,1,0,purchase openai recur monthly purchase license,5773 software license
6,0,0,-64.95,4,2,8259,0,0,1,0,0,0,0,0,0,0,1,0,0,0,1,0,purchase openai recur monthly purchase license,5773 software license
6,0,0,-63.88,4,1,8259,0,0,1,0,0,0,0,0,0,0,1,0,0,0,1,0,purchase openai recur monthly purchase license,5773 software license
6,0,0,-63.95,4,2,8259,0,0,1,0,0,0,0,0,0,0,1,0,0,0,1,0,purchase openai recur monthly purchase license,5773 software license
6,0,0,-63.85,4,3,8259,0,0,1,0,0,0,0,0,0,0,1,0,0,0,1,0,purchase openai recur monthly purchase license,5773 software license
6,0,0,-63.74,4,5,8259,0,0,1,0,0,0,0,0,0,0,1,0,0,0,1,0,purchase openai recur monthly purchase license,5773 software license
6,0,0,-63.4,4,2,8259,0,0,1,0,0,0,0,0,0,0,1,0,0,0,1,0,purchase openai recur monthly purchase license,5773 software license
6,0,0,-63.37,4,3,8259,0,0,1,0,0,0,0,0,0,0,1,0,0,0,1,0,purchase openai recur monthly purchase license,5773 software license
6,0,0,-63.62,4,3,8259,0,0,1,0,0,0,0,0,0,0,1,0,0,0,1,0,purchase openai recur monthly purchase license,5773 software license
6,0,0,-63.35,4,3,8259,0,0,1,0,0,0,0,0,0,0,1,0,0,0,1,0,purchase openai recur monthly purchase license,5773 software license
6,0,0,-63.74,4,3,8259,0,0,1,0,0,0,0,0,0,0,1,0,0,0,1,0,purchase openai recur monthly purchase license,5773 software license
6,0,0,-63.77,4,3,8259,0,0,1,0,0,0,0,0,0,0,1,0,0,0,1,0,purchase openai recur monthly purchase license,5773 software license
6,0,0,-63.06,5,3,8259,0,0,1,0,0,0,0,0,0,0,1,0,0,0,1,0,purchase openai recur monthly purchase license,5773 software license
6,0,0,-62.98,5,3,8259,0,0,1,0,0,0,0,0,0,0,1,0,0,0,1,0,purchase openai recur monthly purchase license,5773 software license
6,0,0,-63.46,5,1,8259,0,0,1,0,0,0,0,0,0,0,1,0,0,0,1,0,purchase openai recur monthly purchase license,5773 software license
6,0,0,-64.17,5,3,8259,0,0,1,0,0,0,0,0,0,0,1,0,0,0,1,0,purchase openai recur monthly purchase license,5773 software license
6,0,0,-63.68,5,5,8259,0,0,1,0,0,0,0,0,0,0,1,0,0,0,1,0,purchase openai recur monthly purchase license,5773 software license
6,0,0,-63.71,5,2,8259,0,0,1,0,0,0,0,0,0,0,1,0,0,0,1,0,purchase openai recur monthly purchase license,5773 software license
6,0,0,-63.09,5,0,8259,0,0,1,0,0,0,0,0,0,0,1,0,0,0,1,0,purchase openai recur monthly purchase license,5773 software license
6,0,0,-63.22,5,3,8259,0,0,1,0,0,0,0,0,0,0,1,0,0,0,1,0,purchase openai recur monthly purchase license,5773 software license
6,0,0,-63.05,6,0,8259,0,0,1,0,0,0,0,0,0,0,1,0,0,0,1,0,purchase openai recur monthly purchase license,5773 software license
6,0,0,-62.52,6,2,8259,0,0,1,0,0,0,0,0,0,0,1,0,0,0,1,0,purchase openai recur monthly purchase license,5773 software license
6,0,0,-62.58,6,4,8259,0,0,1,0,0,0,0,0,0,0,1,0,0,0,1,0,purchase openai recur monthly purchase license,5773 software license
6,0,0,-62.38,6,2,8259,0,0,1,0,0,0,0,0,0,0,1,0,0,0,1,0,purchase openai recur monthly purchase license,5773 software license
6,0,0,-62.33,6,4,8259,0,0,1,0,0,0,0,0,0,0,1,0,0,0,1,0,purchase openai recur monthly purchase license,5773 software license
6,0,0,-61.93,6,1,8259,0,0,1,0,0,0,0,0,0,0,1,0,0,0,1,0,purchase openai recur monthly purchase license,5773 software license
6,0,0,-62.56,6,6,8259,0,0,1,0,0,0,0,0,0,0,1,0,0,0,1,0,purchase openai recur monthly purchase license,5773 software license
6,0,0,-62.59,6,4,8259,0,0,1,0,0,0,0,0,0,0,1,0,0,0,1,0,purchase openai recur monthly purchase license,5773 software license
6,0,0,-62.32,7,2,8259,0,0,1,0,0,0,0,0,0,0,1,0,0,0,1,0,purchase openai recur monthly purchase license,5773 software license
6,0,0,-62.01,7,6,8259,0,0,1,0,0,0,0,0,0,0,1,0,0,0,1,0,purchase openai recur monthly purchase license,5773 software license
6,0,0,-62.39,7,3,8259,0,0,1,0,0,0,0,0,0,0,1,0,0,0,1,0,purchase openai recur monthly purchase license,5773 software license
6,0,0,-62.46,7,1,8259,0,0,1,0,0,0,0,0,0,0,1,0,0,0,1,0,purchase openai recur monthly purchase license,5773 software license
6,0,0,-62.61,7,5,8259,0,0,1,0,0,0,0,0,0,0,1,0,0,0,1,0,purchase openai recur monthly purchase license,5773 software license
6,0,0,-62.32,7,2,8259,0,0,1,0,0,0,0,0,0,0,1,0,0,0,1,0,purchase openai recur monthly purchase license,5773 software license
6,0,0,-62.55,7,6,8259,0,0,1,0,0,0,0,0,0,0,1,0,0,0,1,0,purchase openai recur monthly purchase license,5773 software license
6,0,0,-62.73,7,2,8259,0,0,1,0,0,0,0,0,0,0,1,0,0,0,1,0,purchase openai recur monthly purchase license,5773 software license
6,0,0,-63.2,8,5,8259,0,0,1,0,0,0,0,0,0,0,1,0,0,0,1,0,purchase openai recur monthly purchase license,5773 software license
6,0,0,-63.08,8,2,8259,0,0,1,0,0,0,0,0,0,0,1,0,0,0,1,0,purchase openai recur monthly purchase license,5773 software license
6,0,0,-62.63,8,5,8259,0,0,1,0,0,0,0,0,0,0,1,0,0,0,1,0,purchase openai recur monthly purchase license,5773 software license
6,0,0,-62.8,8,2,8259,0,0,1,0,0,0,0,0,0,0,1,0,0,0,1,0,purchase openai recur monthly purchase license,5773 software license
6,0,0,-62.87,8,6,8259,0,0,1,0,0,0,0,0,0,0,1,0,0,0,1,0,purchase openai recur monthly purchase license,5773 software license
6,0,0,-63.16,8,3,8259,0,0,1,0,0,0,0,0,0,0,1,0,0,0,1,0,purchase openai recur monthly purchase license,5773 software license
6,0,0,-63.39,8,1,8259,0,0,1,0,0,0,0,0,0,0,1,0,0,0,1,0,purchase openai recur monthly purchase license,5773 software license
6,0,0,-62.78,8,5,8259,0,0,1,0,0,0,0,0,0,0,1,0,0,0,1,0,purchase openai recur monthly purchase license,5773 software license
6,0,0,-62.88,9,2,8259,0,0,1,0,0,0,0,0,0,0,1,0,0,0,1,0,purchase openai recur monthly purchase license,5773 software license
6,0,0,-63.02,9,5,8259,0,0,1,0,0,0,0,0,0,0,1,0,0,0,1,0,purchase openai recur monthly purchase license,5773 software license
6,0,0,-63.01,9,2,8259,0,0,1,0,0,0,0,0,0,0,1,0,0,0,1,0,purchase openai recur monthly purchase license,5773 software license
6,0,0,-63.11,9,5,8259,0,0,1,0,0,0,0,0,0,0,1,0,0,0,1,0,purchase openai recur monthly purchase license,5773 software license
6,0,0,-62.75,9,2,8259,0,0,1,0,0,0,0,0,0,0,1,0,0,0,1,0,purchase openai recur monthly purchase license,5773 software license
6,0,0,-63.7,9,5,8259,0,0,1,0,0,0,0,0,0,0,1,0,0,0,1,0,purchase openai recur monthly purchase license,5773 software license
6,0,0,-63.72,9,5,8259,0,0,1,0,0,0,0,0,0,0,1,0,0,0,1,0,purchase openai recur monthly purchase license,5773 software license
6,0,0,-62.92,9,1,8259,0,0,1,0,0,0,0,0,0,0,1,0,0,0,1,0,purchase openai recur monthly purchase license,5773 software license
6,0,0,-66.35,9,3,8259,0,0,1,0,0,0,0,0,0,0,1,0,0,0,1,0,purchase openai recur monthly purchase license,5773 software license
6,0,0,-63.52,9,0,8259,0,0,1,0,0,0,0,0,0,0,1,0,0,0,1,0,purchase openai recur monthly purchase license,5773 software license
6,0,0,-63.54,10,3,8259,0,0,1,0,0,0,0,0,0,0,1,0,0,0,1,0,purchase openai recur monthly purchase license,5773 software license
6,0,0,-63.58,10,0,8259,0,0,1,0,0,0,0,0,0,0,1,0,0,0,1,0,purchase openai recur monthly purchase license,5773 software license
6,0,0,-781.72,10,4,8259,0,0,1,0,0,0,0,0,0,0,1,0,0,0,1,0,purchase openai,5773 software license
16,0,0,-32.78,1,2,8259,0,0,1,0,0,0,0,0,0,0,1,0,0,0,1,0,purchase openai chatgpt subscr,5773 software license
10,0,0,-32.78,1,3,8259,0,0,1,0,0,0,0,0,0,0,1,0,0,0,1,0,purchase openai chatgpt subscr license renewal,5773 software license
6,0,0,-32.78,1,3,8259,0,0,1,0,0,0,0,0,0,0,1,0,0,0,1,0,purchase openai chatgpt subscr recur monthly purchase license,5773 software license
6,0,0,-32.76,1,5,8259,0,0,1,0,0,0,0,0,0,0,1,0,0,0,1,0,purchase openai chatgpt subscr recur monthly purchase license,5773 software license
6,0,0,-198.67,2,6,8259,0,0,1,0,0,0,0,0,0,0,1,0,0,0,1,0,purchase openai chatgpt subscr,5773 software license
16,0,0,-32.3,2,5,8259,0,0,1,0,0,0,0,0,0,0,1,0,0,0,1,0,purchase openai chatgpt subscr,5773 software license
6,0,0,-32.3,2,6,8259,0,0,1,0,0,0,0,0,0,0,1,0,0,0,1,0,purchase openai chatgpt subscr recur monthly purchase license,5773 software license
6,0,0,-32.3,2,1,8259,0,0,1,0,0,0,0,0,0,0,1,0,0,0,1,0,purchase openai chatgpt subscr recur monthly purchase license,5773 software license
10,0,0,-32.39,2,0,8259,0,0,1,0,0,0,0,0,0,0,1,0,0,0,1,0,purchase openai chatgpt subscr license renewal,5773 software license
6,0,0,-197.15,3,5,8259,0,0,1,0,0,0,0,0,0,0,1,0,0,0,1,0,purchase openai chatgpt subscr,5773 software license
16,0,0,-32.86,3,5,8259,0,0,1,0,0,0,0,0,0,0,1,0,0,0,1,0,purchase openai chatgpt subscr,5773 software license
6,0,0,-32.86,3,6,8259,0,0,1,0,0,0,0,0,0,0,1,0,0,0,1,0,purchase openai chatgpt subscr recur monthly purchase license,5773 software license
6,0,0,-32.86,3,1,8259,0,0,1,0,0,0,0,0,0,0,1,0,0,0,1,0,purchase openai chatgpt subscr recur monthly purchase license,5773 software license
10,0,0,-32.69,3,1,8259,0,0,1,0,0,0,0,0,0,0,1,0,0,0,1,0,purchase openai chatgpt subscr license renewal,5773 software license
6,0,0,-195.58,3,0,8259,0,0,1,0,0,0,0,0,0,0,1,0,0,0,1,0,purchase openai chatgpt subscr,5773 software license
16,0,0,-31.64,4,2,8259,0,0,1,0,0,0,0,0,0,0,1,0,0,0,1,0,purchase openai chatgpt subscr,5773 software license
6,0,0,-31.64,4,2,8259,0,0,1,0,0,0,0,0,0,0,1,0,0,0,1,0,purchase openai chatgpt subscr recur monthly purchase license,5773 software license
6,0,0,-31.76,4,4,8259,0,0,1,0,0,0,0,0,0,0,1,0,0,0,1,0,purchase openai chatgpt subscr recur monthly purchase license,5773 software license
6,0,0,-10.72,4,3,8259,0,0,1,0,0,0,0,0,0,0,1,0,0,0,1,0,purchase openai chatgpt subscr,5773 software license
10,0,0,-31.62,4,4,8259,0,0,1,0,0,0,0,0,0,0,1,0,0,0,1,0,purchase openai chatgpt subscr license renewal,5773 software license
6,0,0,-1.48,4,2,8259,0,0,1,0,0,0,0,0,0,0,1,0,0,0,1,0,purchase openai chatgpt subscr,5773 software license
6,0,0,-283.9,5,3,8259,0,0,1,0,0,0,0,0,0,0,1,0,0,0,1,0,purchase openai chatgpt subscr,5773 software license
6,0,0,-34.6,5,4,8259,0,0,1,0,0,0,0,0,0,0,1,0,0,0,1,0,purchase openai chatgpt subscr,5773 software license
6,0,0,-28.49,5,1,8259,0,0,1,0,0,0,0,0,0,0,1,0,0,0,1,0,purchase openai chatgpt subscr,5773 software license
16,0,0,-31.82,5,4,8259,0,0,1,0,0,0,0,0,0,0,1,0,0,0,1,0,purchase openai chatgpt subscr,5773 software license
6,0,0,-31.82,5,4,8259,0,0,1,0,0,0,0,0,0,0,1,0,0,0,1,0,purchase openai chatgpt subscr recur monthly purchase license,5773 software license
6,0,0,-31.84,5,6,8259,0,0,1,0,0,0,0,0,0,0,1,0,0,0,1,0,purchase openai chatgpt subscr recur monthly purchase license,5773 software license
10,0,0,-31.53,5,6,8259,0,0,1,0,0,0,0,0,0,0,1,0,0,0,1,0,purchase openai chatgpt subscr license renewal,5773 software license
6,0,0,-378.29,5,5,8259,0,0,1,0,0,0,0,0,0,0,1,0,0,0,1,0,purchase openai chatgpt subscr,5773 software license
6,0,0,-31.05,6,0,8259,0,0,1,0,0,0,0,0,0,0,1,0,0,0,1,0,purchase openai chatgpt subscr recur monthly purchase license,5773 software license
6,0,0,-30.95,6,2,8259,0,0,1,0,0,0,0,0,0,0,1,0,0,0,1,0,purchase openai chatgpt subscr recur monthly purchase license,5773 software license
10,0,0,-31.38,6,2,8259,0,0,1,0,0,0,0,0,0,0,1,0,0,0,1,0,purchase openai chatgpt subscr license renewal,5773 software license
6,0,0,-375.47,7,1,8259,0,0,1,0,0,0,0,0,0,0,1,0,0,0,1,0,purchase openai chatgpt subscr,5773 software license
6,0,0,-31.18,7,2,8259,0,0,1,0,0,0,0,0,0,0,1,0,0,0,1,0,purchase openai chatgpt subscr recur monthly purchase license,5773 software license
6,0,0,-31.29,7,4,8259,0,0,1,0,0,0,0,0,0,0,1,0,0,0,1,0,purchase openai chatgpt subscr recur monthly purchase license,5773 software license
10,0,0,-31.0,7,4,8259,0,0,1,0,0,0,0,0,0,0,1,0,0,0,1,0,purchase openai chatgpt subscr license renewal,5773 software license
6,0,0,-188.15,7,3,8259,0,0,1,0,0,0,0,0,0,0,1,0,0,0,1,0,purchase openai chatgpt subscr,5773 software license
6,0,0,-31.43,8,5,8259,0,0,1,0,0,0,0,0,0,0,1,0,0,0,1,0,purchase openai chatgpt subscr recur monthly purchase license,5773 software license
6,0,0,-31.43,8,0,8259,0,0,1,0,0,0,0,0,0,0,1,0,0,0,1,0,purchase openai chatgpt subscr recur monthly purchase license,5773 software license
10,0,0,-31.67,8,0,8259,0,0,1,0,0,0,0,0,0,0,1,0,0,0,1,0,purchase openai chatgpt subscr license renewal,5773 software license
6,0,0,-31.53,9,1,8259,0,0,1,0,0,0,0,0,0,0,1,0,0,0,1,0,purchase openai chatgpt subscr recur monthly purchase license,5773 software license
6,0,0,-31.35,9,3,8259,0,0,1,0,0,0,0,0,0,0,1,0,0,0,1,0,purchase openai chatgpt subscr recur monthly purchase license,5773 software license
10,0,0,-31.5,9,3,8259,0,0,1,0,0,0,0,0,0,0,1,0,0,0,1,0,purchase openai chatgpt subscr license renewal,5773 software license
6,0,0,-32.03,10,3,8259,0,0,1,0,0,0,0,0,0,0,1,0,0,0,1,0,purchase openai chatgpt subscr recur monthly purchase license,5773 software license
6,0,0,-31.98,10,5,8259,0,0,1,0,0,0,0,0,0,0,1,0,0,0,1,0,purchase openai chatgpt subscr recur monthly purchase license,5773 software license
10,0,0,-31.86,10,4,8259,0,0,1,0,0,0,0,0,0,0,1,0,0,0,1,0,purchase openai chatgpt subscr license renewal,5773 software license
6,0,0,-31.38,12,1,8259,0,0,1,0,0,0,0,0,0,0,1,0,0,0,1,0,purchase openai chatgpt subscr recur monthly purchase license,5773 software license
6,0,0,-31.35,12,3,8259,0,0,1,0,0,0,0,0,0,0,1,0,0,0,1,0,purchase openai chatgpt subscr recur monthly purchase license,5773 software license
11,0,0,-22.07,5,3,3372,0,0,0,0,0,0,0,0,0,0,1,0,0,0,1,0,purchase originality.ai,5773 software license
11,0,0,-21.94,6,6,3372,0,0,0,0,0,0,0,0,0,0,1,0,0,0,1,0,purchase originality.ai,5773 software license
11,0,0,-21.91,7,1,3372,0,0,0,0,0,0,0,0,0,0,1,0,0,0,1,0,purchase originality.ai,5773 software license
11,0,0,-21.99,8,4,3372,0,0,0,0,0,0,0,0,0,0,1,0,0,0,1,0,purchase originality.ai,5773 software license
11,0,0,-22.25,9,0,3372,0,0,0,0,0,0,0,0,0,0,1,0,0,0,1,0,purchase originality.ai,5773 software license
11,0,0,-22.32,10,2,3372,0,0,0,0,0,0,0,0,0,0,1,0,0,0,1,0,purchase originality.ai,5773 software license
2,0,0,-35.0,12,2,7138,0,0,0,0,0,1,0,0,0,0,1,1,0,0,1,0,purchase pace group,5773 software license
2,0,0,-5.0,12,2,7138,0,0,0,0,0,1,0,0,0,0,1,1,0,0,1,0,purchase pace group,5773 software license
2,0,0,-5.0,12,2,7138,0,0,0,0,0,1,0,0,0,0,1,1,0,0,1,0,purchase pace group,5773 software license
3,0,0,-3754.12,9,5,3314,0,0,0,0,0,0,0,0,0,0,1,0,0,0,1,0,purchase paddle.net bluetally,5773 software license
6,0,0,-110.12,12,3,3314,0,0,0,0,0,0,0,0,0,0,1,0,0,0,1,0,purchase paddle.net n8n cloud1,5773 software license
3,0,0,-81.67,1,3,3314,0,0,0,0,0,1,0,0,0,0,1,1,0,0,1,0,purchase paddle.net strawpoll,5773 software license
3,0,0,-81.67,2,6,3314,0,0,0,0,0,1,0,0,0,0,1,1,0,0,1,0,purchase paddle.net strawpoll,5773 software license
3,0,0,-81.67,3,6,3314,0,0,0,0,0,1,0,0,0,0,1,1,0,0,1,0,purchase paddle.net strawpoll,5773 software license
3,0,0,-81.67,4,2,3314,0,0,0,0,0,1,0,0,0,0,1,1,0,0,1,0,purchase paddle.net strawpoll,5773 software license
3,0,0,-81.67,5,4,3314,0,0,0,0,0,1,0,0,0,0,1,1,0,0,1,0,purchase paddle.net strawpoll,5773 software license
3,0,0,-81.67,6,0,3314,0,0,0,0,0,1,0,0,0,0,1,1,0,0,1,0,purchase paddle.net strawpoll,5773 software license
3,0,0,-81.67,7,2,3314,0,0,0,0,0,1,0,0,0,0,1,1,0,0,1,0,purchase paddle.net strawpoll,5773 software license
3,0,0,-81.67,8,5,3314,0,0,0,0,0,1,0,0,0,0,1,1,0,0,1,0,purchase paddle.net strawpoll,5773 software license
3,0,0,-81.67,9,1,3314,0,0,0,0,0,1,0,0,0,0,1,1,0,0,1,0,purchase paddle.net strawpoll,5773 software license
3,0,0,-81.67,10,3,3314,0,0,0,0,0,1,0,0,0,0,1,1,0,0,1,0,purchase paddle.net strawpoll,5773 software license
3,0,0,-81.67,11,6,3314,0,0,0,0,0,1,0,0,0,0,1,1,0,0,1,0,purchase paddle.net strawpoll,5773 software license
3,0,0,-81.67,12,1,3314,0,0,0,0,0,1,0,0,0,0,1,1,0,0,1,0,purchase paddle.net strawpoll,5773 software license
3,0,0,-969.85,1,3,5881,0,0,0,0,0,0,0,0,0,0,1,0,0,0,1,0,purchase postman professional,5773 software license
3,0,0,-980.02,2,5,5881,0,0,0,0,0,0,0,0,0,0,1,0,0,0,1,0,purchase postman professional,5773 software license
3,0,0,-1031.32,3,5,5881,0,0,0,0,0,0,0,0,0,0,1,0,0,0,1,0,purchase postman professional,5773 software license
3,0,0,-1025.98,4,1,5881,0,0,0,0,0,0,0,0,0,0,1,0,0,0,1,0,purchase postman professional,5773 software license
3,0,0,-987.5,5,3,5881,0,0,0,0,0,0,0,0,0,0,1,0,0,0,1,0,purchase postman professional,5773 software license
3,0,0,-1097.38,8,4,5881,0,0,0,0,0,0,0,0,0,0,1,0,0,0,1,0,purchase postman professional,5773 software license
3,0,0,-1145.68,9,0,5881,0,0,0,0,0,0,0,0,0,0,1,0,0,0,1,0,purchase postman professional,5773 software license
3,0,0,-1158.65,10,2,5881,0,0,0,0,0,0,0,0,0,0,1,0,0,0,1,0,purchase postman professional,5773 software license
7,0,0,-87.25,6,4,5239,0,0,0,0,0,0,0,0,0,0,1,0,0,0,1,0,purchase pvr limited food monthly employee engagement,5773 software license
6,0,0,-493.36,1,0,5027,0,0,0,0,0,0,0,0,0,0,1,0,0,0,1,0,purchase qase.io qa testing tool spring tech,5773 software license
6,0,0,-494.69,2,3,5027,0,0,0,0,0,0,0,0,0,0,1,0,0,0,1,0,purchase qase.io qa testing tool spring tech,5773 software license
6,0,0,-496.02,3,3,5027,0,0,0,0,0,0,0,0,0,0,1,0,0,0,1,0,purchase qase.io qa testing tool spring tech,5773 software license
6,0,0,-486.39,4,6,5027,0,0,0,0,0,0,0,0,0,0,1,0,0,0,1,0,purchase qase.io qa testing tool spring tech,5773 software license
6,0,0,-472.85,5,1,5027,0,0,0,0,0,0,0,0,0,0,1,0,0,0,1,0,purchase qase.io qa testing tool spring tech,5773 software license
6,0,0,-468.39,6,4,5027,0,0,0,0,0,0,0,0,0,0,1,0,0,0,1,0,purchase qase.io qa testing tool spring tech,5773 software license
6,0,0,-464.6,7,6,5027,0,0,0,0,0,0,0,0,0,0,1,0,0,0,1,0,purchase qase.io qa testing tool spring tech,5773 software license
6,0,0,-470.67,8,2,5027,0,0,0,0,0,0,0,0,0,0,1,0,0,0,1,0,purchase qase.io qa testing tool spring tech,5773 software license
6,0,0,-472.31,9,5,5027,0,0,0,0,0,0,0,0,0,0,1,0,0,0,1,0,purchase qase.io qa testing tool spring tech,5773 software license
6,0,0,-609.42,10,1,5027,0,0,0,0,0,1,0,0,0,0,1,1,0,0,1,0,purchase qase.io,5773 software license
6,0,0,412.8,10,4,5027,0,0,0,0,0,1,0,0,0,0,1,1,0,0,0,1,refund qase.io,5773 software license
8,0,0,-559.67,4,1,4474,0,0,0,0,0,1,0,0,0,0,1,1,0,0,1,0,purchase reddit inc ad,5773 software license
8,0,0,-534.18,4,4,4474,0,0,0,0,0,1,0,0,0,0,1,1,0,0,1,0,purchase reddit inc ad,5773 software license
8,0,0,-393.31,4,6,4474,0,0,0,0,0,1,0,0,0,0,1,1,0,0,1,0,purchase reddit inc ad,5773 software license
8,0,0,-867.16,5,5,4474,0,0,0,0,0,1,0,0,0,0,1,1,0,0,1,0,purchase reddit inc ad,5773 software license
8,0,0,-12.5,5,2,4474,0,0,0,0,0,1,0,0,0,0,1,1,0,0,1,0,purchase reddit inc ad,5773 software license
6,0,0,-44.83,2,6,8126,0,0,0,0,0,0,0,0,0,0,1,0,0,0,1,0,purchase revenuecat,5773 software license
6,0,0,-56.92,3,6,8126,0,0,0,0,0,0,0,0,0,0,1,0,0,0,1,0,purchase revenuecat,5773 software license
6,0,0,-137.8,4,2,8126,0,0,0,0,0,0,0,0,0,0,1,0,0,0,1,0,purchase revenuecat,5773 software license
6,0,0,-149.82,5,4,8126,0,0,0,0,0,0,0,0,0,0,1,0,0,0,1,0,purchase revenuecat,5773 software license
6,0,0,-120.03,6,0,8126,0,0,0,0,0,0,0,0,0,0,1,0,0,0,1,0,purchase revenuecat,5773 software license
6,0,0,-65.54,7,2,8126,0,0,0,0,0,0,0,0,0,0,1,0,0,0,1,0,purchase revenuecat,5773 software license
6,0,0,-52.27,8,5,8126,0,0,0,0,0,0,0,0,0,0,1,0,0,0,1,0,purchase revenuecat,5773 software license
6,0,0,-44.92,9,1,8126,0,0,0,0,0,0,0,0,0,0,1,0,0,0,1,0,purchase revenuecat,5773 software license
6,0,0,-41.42,10,3,8126,0,0,0,0,0,0,0,0,0,0,1,0,0,0,1,0,purchase revenuecat,5773 software license
6,0,0,-1015.12,1,2,6982,0,1,0,0,0,0,0,0,0,0,1,0,0,0,1,0,purchase rollbar inc,5773 software license
6,0,0,-248.27,1,6,6982,0,1,0,0,0,0,0,0,0,0,1,0,0,0,1,0,purchase rollbar inc,5773 software license
6,0,0,-443.45,2,0,6982,0,1,0,0,0,0,0,0,0,0,1,0,0,0,1,0,purchase rollbar inc,5773 software license
6,0,0,-1880.08,2,2,6982,0,1,0,0,0,0,0,0,0,0,1,0,0,0,1,0,purchase rollbar inc,5773 software license
6,0,0,-439.37,3,5,6982,0,1,0,0,0,0,0,0,0,0,1,0,0,0,1,0,purchase rollbar inc,5773 software license
6,0,0,-2122.13,3,5,6982,0,1,0,0,0,0,0,0,0,0,1,0,0,0,1,0,purchase rollbar inc,5773 software license
6,0,0,-2303.86,4,1,6982,0,1,0,0,0,0,0,0,0,0,1,0,0,0,1,0,purchase rollbar inc,5773 software license
6,0,0,-2409.88,5,3,6982,0,1,0,0,0,0,0,0,0,0,1,0,0,0,1,0,purchase rollbar inc,5773 software license
6,0,0,-2646.93,6,6,6982,0,1,0,0,0,0,0,0,0,0,1,0,0,0,1,0,purchase rollbar inc,5773 software license
6,0,0,-2013.15,7,1,6982,0,1,0,0,0,0,0,0,0,0,1,0,0,0,1,0,purchase rollbar inc,5773 software license
6,0,0,-9664.0,8,1,6982,0,1,0,0,0,0,0,0,0,0,1,0,0,0,1,0,purchase rollbar inc,5773 software license
6,0,0,-422.83,8,3,6982,0,1,0,0,0,0,0,0,0,0,1,0,0,0,1,0,purchase rollbar inc,5773 software license
6,0,0,-2926.58,9,0,6982,0,1,0,0,0,0,0,0,0,0,1,0,0,0,1,0,purchase rollbar inc,5773 software license
6,0,0,-1628.77,10,2,6982,0,1,0,0,0,0,0,0,0,0,1,0,0,0,1,0,purchase rollbar inc,5773 software license
6,0,0,-2376.87,11,5,6982,0,1,0,0,0,0,0,0,0,0,1,0,0,0,1,0,purchase rollbar inc,5773 software license
6,0,0,-1982.19,12,0,6982,0,1,0,0,0,0,0,0,0,0,1,0,0,0,1,0,purchase rollbar inc,5773 software license
4,0,0,-2516.37,9,4,2348,0,0,0,0,0,1,0,0,0,0,1,1,0,0,1,0,purchase sage software canada l time credit card payment legal invoice,5773 software license
6,0,0,-285.83,1,1,4474,0,0,0,0,0,0,0,0,0,0,1,0,0,0,1,0,purchase solarwind recur monthly purchase license,5773 software license
6,0,0,-284.94,1,5,4474,0,0,0,0,0,0,0,0,0,0,1,0,0,0,1,0,purchase solarwind recur monthly purchase license,5773 software license
6,0,0,-280.97,2,1,4474,0,0,0,0,0,0,0,0,0,0,1,0,0,0,1,0,purchase solarwind recur monthly purchase license,5773 software license
6,0,0,-792.91,3,5,4474,0,0,0,0,0,0,0,0,0,0,1,0,0,0,1,0,purchase solarwind recur monthly purchase license,5773 software license
6,0,0,-1518.32,3,1,4474,0,0,0,0,0,0,0,0,0,0,1,0,0,0,1,0,purchase solarwind recur monthly purchase license,5773 software license
6,0,0,-1467.38,4,4,4474,0,0,0,0,0,0,0,0,0,0,1,0,0,0,1,0,purchase solarwind recur monthly purchase license,5773 software license
6,0,0,-1470.53,5,6,4474,0,0,0,0,0,0,0,0,0,0,1,0,0,0,1,0,purchase solarwind recur monthly purchase license,5773 software license
6,0,0,-1429.76,6,2,4474,0,0,0,0,0,0,0,0,0,0,1,0,0,0,1,0,purchase solarwind recur monthly purchase license,5773 software license
6,0,0,-1445.31,7,4,4474,0,0,0,0,0,0,0,0,0,0,1,0,0,0,1,0,purchase solarwind recur monthly purchase license,5773 software license
6,0,0,-1452.04,8,0,4474,0,0,0,0,0,0,0,0,0,0,1,0,0,0,1,0,purchase solarwind recur monthly purchase license,5773 software license
6,0,0,-1448.36,9,3,4474,0,0,0,0,0,0,0,0,0,0,1,0,0,0,1,0,purchase solarwind recur monthly purchase license,5773 software license
6,0,0,-1477.36,10,5,4474,0,0,0,0,0,0,0,0,0,0,1,0,0,0,1,0,purchase solarwind recur monthly purchase license,5773 software license
6,0,0,-1457.61,12,4,4474,0,0,0,0,0,0,0,0,0,0,1,0,0,0,1,0,purchase solarwind,5773 software license
6,0,0,-1449.62,12,5,4474,0,0,0,0,0,0,0,0,0,0,1,0,0,0,1,0,purchase solarwind,5773 software license
8,0,0,-410.88,10,2,914,0,0,0,0,0,1,0,0,0,0,1,1,0,0,1,0,purchase sqsp websit#206208801,5773 software license
6,0,0,-238.0,3,0,8399,0,0,0,0,0,1,0,0,0,0,1,1,0,0,1,0,purchase statuscake sup yearly recur monthly purchase license,5773 software license
6,0,0,-35.8,11,4,9062,0,0,0,0,0,0,0,0,0,0,1,0,0,0,1,0,purchase supabase,5773 software license
6,0,0,-121.62,12,6,9062,0,0,0,0,0,0,0,0,0,0,1,0,0,0,1,0,purchase supabase,5773 software license
4,0,0,-452.0,5,4,3499,0,0,0,0,0,1,0,0,0,0,1,1,0,0,1,0,purchase teranet inc rent reporting title pull manage oscar daniels approve tyler,5773 software license
6,0,0,-11.31,10,2,8716,0,0,0,0,0,0,0,0,0,0,1,0,0,0,1,0,purchase twilio sendgrid,5773 software license
6,0,0,-32.01,11,1,8716,0,0,0,0,0,0,0,0,0,0,1,0,0,0,1,0,purchase twilio sendgrid,5773 software license
6,0,0,-31.7,12,3,8716,0,0,0,0,0,0,0,0,0,0,1,0,0,0,1,0,purchase twilio sendgrid,5773 software license
8,0,0,-7385.1,5,3,747,0,0,0,0,0,0,0,0,0,0,1,0,0,0,1,0,purchase unity ad unity ad,5773 software license
8,0,0,-399.72,11,1,6800,0,0,0,0,0,0,0,0,0,0,1,0,0,0,1,0,purchase ahrefs.com,5773 software license
16,0,0,-17.91,1,0,8515,0,0,1,0,0,1,0,0,0,0,1,1,0,0,1,0,purchase dropbox g8hxyhpjg696 spring dropbox account pause cancel cd dropbox account float card angela,5773 software license
3,0,0,-14.55,7,0,1104,0,0,0,0,0,1,0,0,0,0,1,1,0,0,1,0,purchase google youtubepremium,5773 software license
3,0,0,-14.55,8,3,1104,0,0,0,0,0,1,0,0,0,0,1,1,0,0,1,0,purchase google youtubepremium,5773 software license
3,0,0,-14.55,9,6,1104,0,0,0,0,0,1,0,0,0,0,1,1,0,0,1,0,purchase google*youtubepremium,5773 software license
6,0,0,-809.41,6,1,1825,0,0,0,0,0,0,0,0,0,0,1,0,0,0,1,0,purchase hex.tech,5773 software license
3,0,0,-97.92,3,2,490,0,0,0,0,0,0,0,0,0,0,1,0,0,0,1,0,purchase jetbrains americas inc,5773 software license
3,0,0,-96.9,4,5,490,0,0,0,0,0,0,0,0,0,0,1,0,0,0,1,0,purchase jetbrains americas inc,5773 software license
3,0,0,-94.68,5,0,490,0,0,0,0,0,0,0,0,0,0,1,0,0,0,1,0,purchase jetbrains americas inc,5773 software license
3,0,0,-27.8,11,1,490,0,0,0,0,0,0,0,0,0,0,1,0,0,0,1,0,purchase jetbrains americas inc,5773 software license
3,0,0,-8.96,8,4,4193,0,0,0,0,0,0,0,0,0,0,1,0,0,0,1,0,purchase krisp,5773 software license
3,0,0,-30.61,6,0,4193,0,0,0,0,0,0,0,0,0,0,1,0,0,0,1,0,purchase krisp,5773 software license
3,0,0,-38.85,7,3,4193,0,0,0,0,0,0,0,0,0,0,1,0,0,0,1,0,purchase krisp,5773 software license
3,0,0,-69.31,7,2,4193,0,0,0,0,0,0,0,0,0,0,1,0,0,0,1,0,purchase krisp,5773 software license
3,0,0,-12.22,8,2,4193,0,0,0,0,0,0,0,0,0,0,1,0,0,0,1,0,purchase krisp,5773 software license
3,0,0,-11.89,8,3,4193,0,0,0,0,0,0,0,0,0,0,1,0,0,0,1,0,purchase krisp,5773 software license
3,0,0,-10.12,8,0,4193,0,0,0,0,0,0,0,0,0,0,1,0,0,0,1,0,purchase krisp,5773 software license
6,0,0,-31.11,5,5,6109,0,0,1,0,0,0,0,0,0,0,1,0,0,0,1,0,purchase name-cheap.com g71zzk,5773 software license
6,0,0,-20.52,3,0,6109,0,0,1,0,0,0,0,0,0,0,1,0,0,0,1,0,purchase name-cheap.com mpsjgz,5773 software license
10,0,0,-31.3,12,2,8259,0,0,1,0,0,0,0,0,0,0,1,0,0,0,1,0,purchase openai chatgpt subscr license renewal,5773 software license
6,0,0,-31.95,11,6,8259,0,0,1,0,0,0,0,0,0,0,1,0,0,0,1,0,purchase openai chatgpt subscr recur monthly purchase license,5773 software license
6,0,0,-31.95,11,1,8259,0,0,1,0,0,0,0,0,0,0,1,0,0,0,1,0,purchase openai chatgpt subscr recur monthly purchase license,5773 software license
10,0,0,-32.14,11,1,8259,0,0,1,0,0,0,0,0,0,0,1,0,0,0,1,0,purchase openai chatgpt subscr license renewal,5773 software license
11,0,0,-22.41,11,5,3372,0,0,0,0,0,0,0,0,0,0,1,0,0,0,1,0,purchase originality.ai,5773 software license
11,0,0,-21.83,12,0,3372,0,0,0,0,0,0,0,0,0,0,1,0,0,0,1,0,purchase originality.ai,5773 software license
3,0,0,-985.65,6,6,5881,0,0,0,0,0,0,0,0,0,0,1,0,0,0,1,0,purchase postman professional,5773 software license
3,0,0,-1030.4,7,1,5881,0,0,0,0,0,0,0,0,0,0,1,0,0,0,1,0,purchase postman professional,5773 software license
6,0,0,-13.92,6,1,9091,0,0,0,0,0,0,0,0,0,0,1,0,0,0,1,0,purchase workona subscription workona,5773 software license
6,0,0,-13.92,7,3,9091,0,0,0,0,0,0,0,0,0,0,1,0,0,0,1,0,purchase workona subscription workona,5773 software license
7,0,0,-20.61,11,3,1247,0,1,0,0,0,0,0,0,0,0,1,0,0,0,1,0,purchase zomato pvt ltd hyperpure,5773 software license
2,0,0,-152.5,7,4,1042,0,0,0,0,0,0,0,0,0,0,1,0,0,0,1,0,purchase vercel inc,5773 software license
2,0,0,-141.37,8,0,1042,0,0,0,0,0,0,0,0,0,0,1,0,0,0,1,0,purchase vercel inc,5773 software license
6,0,0,-140.61,9,3,1042,0,0,0,0,0,0,0,0,0,0,1,0,0,0,1,0,purchase vercel inc,5773 software license
6,0,0,-3.81,10,4,1042,0,0,0,0,0,0,0,0,0,0,1,0,0,0,1,0,purchase vercel inc,5773 software license
6,0,0,-156.83,10,0,1042,0,0,0,0,0,0,0,0,0,0,1,0,0,0,1,0,purchase vercel inc,5773 software license
6,0,0,-7.86,11,3,1042,0,0,0,0,0,0,0,0,0,0,1,0,0,0,1,0,purchase vercel inc,5773 software license
6,0,0,-64.77,11,3,1042,0,0,0,0,0,0,0,0,0,0,1,0,0,0,1,0,purchase vercel inc,5773 software license
6,0,0,-368.78,11,2,1042,0,0,0,0,0,0,0,0,0,0,1,0,0,0,1,0,purchase vercel inc,5773 software license
6,0,0,-500.64,12,2,1042,0,0,0,0,0,0,0,0,0,0,1,0,0,0,1,0,purchase vercel inc,5773 software license
6,0,0,-121.6,11,6,1483,0,0,0,0,0,0,0,0,0,0,1,0,0,0,1,0,purchase vercel mkt supabase,5773 software license
6,0,0,-842.81,12,3,1483,0,0,0,0,0,0,0,0,0,0,1,0,0,0,1,0,purchase vercel mkt supabase,5773 software license
6,0,0,-62.33,12,3,1483,0,0,0,0,0,0,0,0,0,0,1,0,0,0,1,0,purchase vercel mkt supabase,5773 software license
6,0,0,-35.14,9,1,530,0,0,0,0,0,0,0,0,0,0,1,0,0,0,1,0,purchase vercel supabase,5773 software license
6,0,0,-60.79,10,3,530,0,0,0,0,0,0,0,0,0,0,1,0,0,0,1,0,purchase vercel supabase,5773 software license
6,0,0,-16.8,1,4,8942,0,0,0,0,0,1,0,0,0,0,1,1,0,0,1,0,purchase vesta chatr recur monthly purchase license,5773 software license
6,0,0,-16.8,2,0,8942,0,0,0,0,0,1,0,0,0,0,1,1,0,0,1,0,purchase vesta chatr recur monthly purchase license,5773 software license
6,0,0,-16.8,3,0,8942,0,0,0,0,0,1,0,0,0,0,1,1,0,0,1,0,purchase vesta chatr recur monthly purchase license,5773 software license
6,0,0,-16.8,4,3,8942,0,0,0,0,0,1,0,0,0,0,1,1,0,0,1,0,purchase vesta chatr recur monthly purchase license,5773 software license
6,0,0,-16.8,5,5,8942,0,0,0,0,0,1,0,0,0,0,1,1,0,0,1,0,purchase vesta chatr recur monthly purchase license,5773 software license
6,0,0,-16.8,6,1,8942,0,0,0,0,0,1,0,0,0,0,1,1,0,0,1,0,purchase vesta chatr recur monthly purchase license,5773 software license
6,0,0,-16.8,7,3,8942,0,0,0,0,0,1,0,0,0,0,1,1,0,0,1,0,purchase vesta chatr recur monthly purchase license,5773 software license
6,0,0,-16.8,8,6,8942,0,0,0,0,0,1,0,0,0,0,1,1,0,0,1,0,purchase vesta chatr recur monthly purchase license,5773 software license
6,0,0,-16.8,9,2,8942,0,0,0,0,0,1,0,0,0,0,1,1,0,0,1,0,purchase vesta chatr recur monthly purchase license,5773 software license
6,0,0,-16.8,10,4,8942,0,0,0,0,0,1,0,0,0,0,1,1,0,0,1,0,purchase vesta chatr vesta chatr mobile phone devop cancel soon erin card set move separate card tech own soon cancel,5773 software license
6,0,0,-16.8,11,0,8942,0,0,0,0,0,1,0,0,0,0,1,1,0,0,1,0,purchase vesta chatr vesta chatr mobile phone devop cancel soon erin card set move separate card tech own soon cancel,5773 software license
6,0,0,-16.8,12,2,8942,0,0,0,0,0,1,0,0,0,0,1,1,0,0,1,0,purchase vesta chatr vesta chatr mobile phone devop cancel soon erin card set move separate card tech own soon cancel,5773 software license
3,0,0,-726.88,3,1,894,0,0,0,0,0,1,0,0,0,0,1,1,0,0,1,0,purchase vmo*vimeo.com,5773 software license
6,0,0,-14.63,1,4,9091,0,0,0,0,0,0,0,0,0,0,1,0,0,0,1,0,purchase workona subscription workona,5773 software license
6,0,0,-14.57,2,0,9091,0,0,0,0,0,0,0,0,0,0,1,0,0,0,1,0,purchase workona subscription workona,5773 software license
6,0,0,-14.65,3,0,9091,0,0,0,0,0,0,0,0,0,0,1,0,0,0,1,0,purchase workona subscription workona,5773 software license
6,0,0,-14.5,4,3,9091,0,0,0,0,0,0,0,0,0,0,1,0,0,0,1,0,purchase workona subscription workona,5773 software license
6,0,0,-14.14,5,5,9091,0,0,0,0,0,0,0,0,0,0,1,0,0,0,1,0,purchase workona subscription workona,5773 software license
6,0,0,-13.98,8,6,9091,0,0,0,0,0,0,0,0,0,0,1,0,0,0,1,0,purchase workona subscription workona,5773 software license
8,0,0,-102.25,11,3,4988,0,0,0,0,0,0,0,0,0,0,1,0,0,0,1,0,purchase wp medium,5773 software license
6,0,0,-299.96,11,3,1905,0,0,0,0,0,0,0,0,0,0,1,0,0,0,1,0,purchase wpengine db acf plugin recur monthly purchase license,5773 software license
8,0,0,-102.44,12,3,8252,0,0,0,0,0,0,0,0,0,0,1,0,0,0,1,0,purchase wpmu dev wpmu.com,5773 software license
7,0,0,-38.07,7,1,2016,0,0,0,0,0,0,0,0,0,0,1,0,0,0,1,0,purchase www awfis com,5773 software license
2,0,0,-835.0,5,3,9912,0,0,0,0,0,1,0,0,0,0,1,1,0,0,1,0,purchase www.collisionconf.com,5773 software license
3,0,0,-216.6,1,3,6253,0,0,0,0,0,0,0,0,0,0,1,0,0,0,1,0,purchase zapier.com/charge,5773 software license
3,0,0,-214.1,2,6,6253,0,0,0,0,0,0,0,0,0,0,1,0,0,0,1,0,purchase zapier.com/charge,5773 software license
3,0,0,-217.85,3,6,6253,0,0,0,0,0,0,0,0,0,0,1,0,0,0,1,0,purchase zapier.com/charge,5773 software license
3,0,0,-210.75,4,2,6253,0,0,0,0,0,0,0,0,0,0,1,0,0,0,1,0,purchase zapier.com/charge,5773 software license
3,0,0,-211.12,5,4,6253,0,0,0,0,0,0,0,0,0,0,1,0,0,0,1,0,purchase zapier.com/charge,5773 software license
3,0,0,-205.83,6,0,6253,0,0,0,0,0,0,0,0,0,0,1,0,0,0,1,0,purchase zapier.com/charge,5773 software license
3,0,0,-231.84,7,2,6253,0,0,0,0,0,0,0,0,0,0,1,0,0,0,1,0,purchase zapier.com/charge,5773 software license
3,0,0,-233.34,8,5,6253,0,0,0,0,0,0,0,0,0,0,1,0,0,0,1,0,purchase zapier.com/charge,5773 software license
3,0,0,-233.81,9,1,6253,0,0,0,0,0,0,0,0,0,0,1,0,0,0,1,0,purchase zapier.com/charge,5773 software license
3,0,0,-237.41,10,3,6253,0,0,0,0,0,0,0,0,0,0,1,0,0,0,1,0,purchase zapier.com/charge,5773 software license
3,0,0,-237.17,11,6,6253,0,0,0,0,0,0,0,0,0,0,1,0,0,0,1,0,purchase zapier.com/charge,5773 software license
6,0,0,-202.72,10,1,405,0,0,0,0,0,1,0,0,0,0,1,1,0,0,1,0,purchase zoho analytic,5773 software license
6,0,0,-1666.84,11,3,8558,0,0,0,0,0,1,0,0,0,0,1,1,0,0,1,0,purchase zoho crm,5773 software license
6,0,0,-1666.84,12,5,8558,0,0,0,0,0,1,0,0,0,0,1,1,0,0,1,0,purchase zoho crm,5773 software license
6,0,0,-51.8,10,1,2855,0,0,0,0,0,1,0,0,0,0,1,1,0,0,1,0,purchase zoho flow,5773 software license
2,0,0,-14.01,9,4,5240,0,0,0,0,0,1,0,0,0,0,1,1,0,0,1,0,purchase zoho leadchain,5773 software license
2,0,0,-14.01,10,6,5240,0,0,0,0,0,1,0,0,0,0,1,1,0,0,1,0,purchase zoho leadchain,5773 software license
6,0,0,-14.01,11,2,5240,0,0,0,0,0,1,0,0,0,0,1,1,0,0,1,0,purchase zoho leadchain,5773 software license
6,0,0,-14.01,12,4,5240,0,0,0,0,0,1,0,0,0,0,1,1,0,0,1,0,purchase zoho leadchain,5773 software license
6,0,0,-1.12,10,1,9419,0,0,0,0,0,1,0,0,0,0,1,1,0,0,1,0,purchase zoho vault,5773 software license
2,0,0,-14.01,8,2,8996,0,0,0,0,0,1,0,0,0,0,1,1,0,0,1,0,purchase zoho zoho corp,5773 software license
6,0,0,-1411.2,10,1,8996,0,0,0,0,0,1,0,0,0,0,1,1,0,0,1,0,purchase zoho zoho corp,5773 software license
3,0,0,-14.9,1,6,7300,0,0,1,0,0,1,0,0,0,0,1,1,0,0,1,0,purchase zoom.com 888 799 9666,5773 software license
3,0,0,-14.9,2,2,7300,0,0,1,0,0,1,0,0,0,0,1,1,0,0,1,0,purchase zoom.com 888 799 9666,5773 software license
3,0,0,-194.68,2,2,7300,0,0,1,0,0,1,0,0,0,0,1,1,0,0,1,0,purchase zoom.com 888 799 9666,5773 software license
3,0,0,-948.63,2,1,7300,0,0,1,0,0,1,0,0,0,0,1,1,0,0,1,0,purchase zoom.com 888 799 9666,5773 software license
3,0,0,-188.07,2,3,7300,0,0,1,0,0,1,0,0,0,0,1,1,0,0,1,0,purchase zoom.com 888 799 9666,5773 software license
3,0,0,-14.9,3,2,7300,0,0,1,0,0,1,0,0,0,0,1,1,0,0,1,0,purchase zoom.com 888 799 9666,5773 software license
3,0,0,-699.25,3,5,7300,0,0,1,0,0,1,0,0,0,0,1,1,0,0,1,0,purchase zoom.com 888 799 9666,5773 software license
3,0,0,-159.07,4,3,7300,0,0,1,0,0,1,0,0,0,0,1,1,0,0,1,0,purchase zoom.com 888 799 9666,5773 software license
3,0,0,-14.9,4,5,7300,0,0,1,0,0,1,0,0,0,0,1,1,0,0,1,0,purchase zoom.com 888 799 9666,5773 software license
3,0,0,-14.9,5,0,7300,0,0,1,0,0,1,0,0,0,0,1,1,0,0,1,0,purchase zoom.com 888 799 9666,5773 software license
3,0,0,-124.28,5,3,7300,0,0,1,0,0,1,0,0,0,0,1,1,0,0,1,0,purchase zoom.com 888 799 9666,5773 software license
3,0,0,-355.41,5,3,7300,0,0,1,0,0,1,0,0,0,0,1,1,0,0,1,0,purchase zoom.com 888 799 9666,5773 software license
3,0,0,-111.02,5,5,7300,0,0,1,0,0,1,0,0,0,0,1,1,0,0,1,0,purchase zoom.com 888 799 9666,5773 software license
3,0,0,-14.9,6,3,7300,0,0,1,0,0,1,0,0,0,0,1,1,0,0,1,0,purchase zoom.com 888 799 9666,5773 software license
3,0,0,-14.9,7,5,7300,0,0,1,0,0,1,0,0,0,0,1,1,0,0,1,0,purchase zoom.com 888 799 9666,5773 software license
3,0,0,-67.1,7,2,7300,0,0,1,0,0,1,0,0,0,0,1,1,0,0,1,0,purchase zoom.com 888 799 9666,5773 software license
3,0,0,-145.6,7,3,7300,0,0,1,0,0,1,0,0,0,0,1,1,0,0,1,0,purchase zoom.com 888 799 9666,5773 software license
3,0,0,-58.82,8,5,7300,0,0,1,0,0,1,0,0,0,0,1,1,0,0,1,0,purchase zoom.com 888 799 9666,5773 software license
3,0,0,-14.9,8,1,7300,0,0,1,0,0,1,0,0,0,0,1,1,0,0,1,0,purchase zoom.com 888 799 9666,5773 software license
3,0,0,-14.9,9,4,7300,0,0,1,0,0,1,0,0,0,0,1,1,0,0,1,0,purchase zoom.com 888 799 9666,5773 software license
3,0,0,-18489.68,10,6,7300,0,0,1,0,0,1,0,0,0,0,1,1,0,0,1,0,purchase zoom.com 888 799 9666,5773 software license
3,0,0,-14.9,11,1,7300,0,0,1,0,0,1,0,0,0,0,1,1,0,0,1,0,purchase zoom.com 888 799 9666,5773 software license
3,0,0,-14.9,12,3,7300,0,0,1,0,0,1,0,0,0,0,1,1,0,0,1,0,purchase zoom.com 888 799 9666,5773 software license
6,0,0,-176.11,4,2,6504,1,0,0,0,0,0,0,0,0,0,1,0,0,0,1,0,purchase 2c2p_ph*ph airasia,5784 travel entertainment
6,0,0,-229.55,4,2,6504,1,0,0,0,0,0,0,0,0,0,1,0,0,0,1,0,purchase 2c2p_ph*ph airasia,5784 travel entertainment
6,0,0,-123.39,4,2,6504,1,0,0,0,0,0,0,0,0,0,1,0,0,0,1,0,purchase 2c2p_ph*ph airasia,5784 travel entertainment
6,0,0,-226.91,4,1,6504,1,0,0,0,0,0,0,0,0,0,1,0,0,0,1,0,purchase 2c2p_ph*ph airasia,5784 travel entertainment
6,0,0,-1292.47,3,4,3316,1,0,0,0,0,1,0,0,0,0,1,1,0,0,1,0,purchase air 0142117709561,5784 travel entertainment
6,0,0,-1294.47,3,4,3316,1,0,0,0,0,1,0,0,0,0,1,1,0,0,1,0,purchase air 0142117709620,5784 travel entertainment
6,0,0,-1294.47,3,4,3316,1,0,0,0,0,1,0,0,0,0,1,1,0,0,1,0,purchase air 0142117709701,5784 travel entertainment
6,0,0,-1802.47,3,4,3316,1,0,0,0,0,1,0,0,0,0,1,1,0,0,1,0,purchase air 0142117722746,5784 travel entertainment
6,0,0,1802.47,3,5,3316,1,0,0,0,0,1,0,0,0,0,1,1,0,0,0,1,refund air 0142117722746,5784 travel entertainment
6,0,0,-1871.37,3,6,3316,1,0,0,0,0,1,0,0,0,0,1,1,0,0,1,0,purchase air 0142117830560,5784 travel entertainment
6,0,0,-1636.37,3,5,3316,1,0,0,0,0,1,0,0,0,0,1,1,0,0,1,0,purchase air 0142118352611,5784 travel entertainment
6,0,0,-1019.96,5,5,3316,1,0,0,0,0,1,0,0,0,0,1,1,0,0,1,0,purchase air 0142120669308,5784 travel entertainment
6,0,0,-1019.96,5,5,3316,1,0,0,0,0,1,0,0,0,0,1,1,0,0,1,0,purchase air 0142120669332,5784 travel entertainment
6,0,0,-1750.4,5,0,3316,1,0,0,0,0,1,0,0,0,0,1,1,0,0,1,0,purchase air 0142121292513,5784 travel entertainment
6,0,0,-3051.03,5,4,3316,1,0,0,0,0,1,0,0,0,0,1,1,0,0,1,0,purchase air 0142122008057,5784 travel entertainment
6,0,0,-550.12,5,3,3316,1,0,0,0,0,1,0,0,0,0,1,1,0,0,1,0,purchase air 0142122391221,5784 travel entertainment
11,0,0,-944.13,6,5,3316,1,0,0,0,0,1,0,0,0,0,1,1,0,0,1,0,purchase air 0142302209043,5784 travel entertainment
6,0,0,-693.97,7,3,3316,1,0,0,0,0,1,0,0,0,0,1,1,0,0,1,0,purchase air 0142305369358,5784 travel entertainment
6,0,0,-1098.22,8,4,3316,1,0,0,0,0,1,0,0,0,0,1,1,0,0,1,0,purchase air 0142306403334,5784 travel entertainment
5,0,0,-2176.13,10,4,3316,1,0,0,0,0,1,0,0,0,0,1,1,0,0,1,0,purchase air 0142310369576,5784 travel entertainment
5,0,0,-2176.13,10,4,3316,1,0,0,0,0,1,0,0,0,0,1,1,0,0,1,0,purchase air 0142310369577,5784 travel entertainment
5,0,0,-2176.13,10,4,3316,1,0,0,0,0,1,0,0,0,0,1,1,0,0,1,0,purchase air 0142310369578,5784 travel entertainment
6,0,0,-875.64,10,3,3316,1,0,0,0,0,1,0,0,0,0,1,1,0,0,1,0,purchase air 0142312196914,5784 travel entertainment
6,0,0,-47.1,5,5,3316,1,0,0,0,0,1,0,0,0,0,1,1,0,0,1,0,purchase air 0144287203683,5784 travel entertainment
6,0,0,-47.1,5,5,3316,1,0,0,0,0,1,0,0,0,0,1,1,0,0,1,0,purchase air 0144287203694,5784 travel entertainment
6,0,0,-47.1,5,5,3316,1,0,0,0,0,1,0,0,0,0,1,1,0,0,1,0,purchase air 0144287203695,5784 travel entertainment
16,0,0,-329.7,6,3,3316,1,0,0,0,0,1,0,0,0,0,1,1,0,0,1,0,purchase air 0144288961852,5784 travel entertainment
16,0,0,-329.7,6,3,3316,1,0,0,0,0,1,0,0,0,0,1,1,0,0,1,0,purchase air 0144288961853,5784 travel entertainment
6,0,0,-239.42,4,2,2289,1,0,0,0,0,0,0,0,0,0,1,0,0,0,1,0,purchase airasia aaz2 fligh usd,5784 travel entertainment
6,0,0,-165.34,4,2,2289,1,0,0,0,0,0,0,0,0,0,1,0,0,0,1,0,purchase airasia aaz2 fligh usd,5784 travel entertainment
6,0,0,-2492.27,4,4,7228,1,0,0,0,0,1,0,0,0,0,1,1,0,0,1,0,purchase air india,5784 travel entertainment
6,0,0,2246.67,5,5,7228,1,0,0,0,0,1,0,0,0,0,1,1,0,0,0,1,refund air india,5784 travel entertainment
6,0,0,-2582.77,5,5,7228,1,0,0,0,0,1,0,0,0,0,1,1,0,0,1,0,purchase air india,5784 travel entertainment
6,0,0,-2930.2,5,6,7228,1,0,0,0,0,1,0,0,0,0,1,1,0,0,1,0,purchase air india,5784 travel entertainment
6,0,0,-3538.9,5,1,7228,1,0,0,0,0,1,0,0,0,0,1,1,0,0,1,0,purchase air india,5784 travel entertainment
6,0,0,117.0,6,0,7228,1,0,0,0,0,1,0,0,0,0,1,1,0,0,0,1,refund air india,5784 travel entertainment
6,0,0,-57.96,11,1,1763,1,0,0,0,0,1,0,0,0,0,1,1,0,0,1,0,purchase good western + sand hote,5784 travel entertainment
6,0,0,-2095.01,5,4,4229,1,0,0,0,0,0,0,0,0,0,1,0,0,0,1,0,purchase bkg*booking.com hotel,5784 travel entertainment
6,0,0,-2199.76,3,2,4229,1,0,0,0,0,1,0,0,0,0,1,1,0,0,1,0,purchase bkg*hotel booking.c,5784 travel entertainment
6,0,0,-1099.88,3,2,4229,1,0,0,0,0,1,0,0,0,0,1,1,0,0,1,0,purchase bkg*hotel booking.c,5784 travel entertainment
6,0,0,-2707.12,3,2,4229,1,0,0,0,0,0,0,0,0,0,1,0,0,0,1,0,purchase bkg*hotel booking.c,5784 travel entertainment
6,0,0,-200.76,4,2,4229,1,0,0,0,0,1,0,0,0,0,1,1,0,0,1,0,purchase bkg*hotel booking.c,5784 travel entertainment
6,0,0,262.79,4,4,4229,1,0,0,0,0,0,0,0,0,0,1,0,0,0,0,1,refund bkg*hotel booking.c,5784 travel entertainment
6,0,0,265.79,4,5,4229,1,0,0,0,0,0,0,0,0,0,1,0,0,0,0,1,refund bkg*hotel booking.c,5784 travel entertainment
6,0,0,16.74,5,1,4229,1,0,0,0,0,1,0,0,0,0,1,1,0,0,0,1,refund bkg*hotel booking.c,5784 travel entertainment
6,0,0,184.02,6,3,4229,1,0,0,0,0,1,0,0,0,0,1,1,0,0,0,1,refund bkg*hotel booking.c,5784 travel entertainment
6,0,0,-56.0,1,6,7700,1,0,0,0,0,1,0,0,0,0,1,1,0,0,1,0,purchase bonny taxi b 05,5784 travel entertainment
2,0,0,-97.85,6,6,5115,1,0,0,0,0,1,0,0,0,0,1,1,0,0,1,0,purchase bonny taxi car 09 taxi airport trip india,5784 travel entertainment
6,0,0,-183.0,4,3,6752,1,0,0,0,0,0,0,0,0,0,1,0,0,0,1,0,purchase cebu air inc,5784 travel entertainment
6,0,0,-199.19,4,3,6752,1,0,0,0,0,0,0,0,0,0,1,0,0,0,1,0,purchase cebu air inc,5784 travel entertainment
6,0,0,-2596.16,4,3,6752,1,0,0,0,0,0,0,0,0,0,1,0,0,0,1,0,purchase cebu air inc,5784 travel entertainment
6,0,0,-160.47,4,3,6752,1,0,0,0,0,0,0,0,0,0,1,0,0,0,1,0,purchase cebu air inc,5784 travel entertainment
6,0,0,-245.63,4,4,6752,1,0,0,0,0,0,0,0,0,0,1,0,0,0,1,0,purchase cebu air inc,5784 travel entertainment
6,0,0,-225.8,4,6,6752,1,0,0,0,0,0,0,0,0,0,1,0,0,0,1,0,purchase cebu air inc,5784 travel entertainment
6,0,0,-80.84,4,3,6752,1,0,0,0,0,0,0,0,0,0,1,0,0,0,1,0,purchase cebu air inc,5784 travel entertainment
6,0,0,-690.0,8,2,2158,1,0,0,0,0,1,0,0,0,0,1,1,0,0,1,0,purchase charter bus service,5784 travel entertainment
6,0,0,-6.0,7,3,8323,0,0,0,0,0,1,0,0,0,0,1,1,0,0,1,0,purchase city van paybyphone,5784 travel entertainment
6,0,0,-1.5,7,1,8323,0,0,0,0,0,1,0,0,0,0,1,1,0,0,1,0,purchase city van paybyphone,5784 travel entertainment
6,0,0,-4.5,7,1,8323,0,0,0,0,0,1,0,0,0,0,1,1,0,0,1,0,purchase city van paybyphone,5784 travel entertainment
6,0,0,-4354.16,4,5,3976,1,0,0,0,0,1,0,0,0,0,1,1,0,0,1,0,purchase expedia 73072880960291,5784 travel entertainment
6,0,0,2177.08,4,1,3976,1,0,0,0,0,1,0,0,0,0,1,1,0,0,0,1,refund expedia 73072880960291,5784 travel entertainment
6,0,0,2177.08,4,1,3976,1,0,0,0,0,1,0,0,0,0,1,1,0,0,0,1,refund expedia 73072880960291,5784 travel entertainment
6,0,0,-3305.76,4,5,3976,1,0,0,0,0,0,0,0,0,0,1,0,0,0,1,0,purchase expedia 73090054877614,5784 travel entertainment
6,0,0,818.42,5,4,3976,1,0,0,0,0,0,0,0,0,0,1,0,0,0,0,1,refund expedia 73090054877614,5784 travel entertainment
6,0,0,819.31,5,4,3976,1,0,0,0,0,0,0,0,0,0,1,0,0,0,0,1,refund expedia 73090054877614,5784 travel entertainment
6,0,0,819.31,5,4,3976,1,0,0,0,0,0,0,0,0,0,1,0,0,0,0,1,refund expedia 73090054877614,5784 travel entertainment
6,0,0,819.31,5,4,3976,1,0,0,0,0,0,0,0,0,0,1,0,0,0,0,1,refund expedia 73090054877614,5784 travel entertainment
6,0,0,-70.33,5,3,3976,1,0,0,0,0,0,0,0,0,0,1,0,0,0,1,0,purchase expedia 73094823680868,5784 travel entertainment
6,0,0,-2140.28,5,4,3976,1,0,0,0,0,1,0,0,0,0,1,1,0,0,1,0,purchase expedia 73095498233459,5784 travel entertainment
11,0,0,-1117.91,6,3,3976,1,0,0,0,0,1,0,0,0,0,1,1,0,0,1,0,purchase expedia 73128469713403,5784 travel entertainment
5,0,0,-4597.24,7,4,3976,1,0,0,0,0,0,0,0,0,0,1,0,0,0,1,0,purchase expedia 73162240607234,5784 travel entertainment
5,0,0,2320.0,9,4,3976,1,0,0,0,0,0,0,0,0,0,1,0,0,0,0,1,refund expedia 73162240607234,5784 travel entertainment
5,0,0,2320.0,9,4,3976,1,0,0,0,0,0,0,0,0,0,1,0,0,0,0,1,refund expedia 73162240607234,5784 travel entertainment
5,0,0,-3589.82,9,4,3976,1,0,0,0,0,1,0,0,0,0,1,1,0,0,1,0,purchase expedia 73231471020039,5784 travel entertainment
5,0,0,1027.65,9,2,3976,1,0,0,0,0,1,0,0,0,0,1,1,0,0,0,1,refund expedia 73231471020039,5784 travel entertainment
5,0,0,1027.65,9,2,3976,1,0,0,0,0,1,0,0,0,0,1,1,0,0,0,1,refund expedia 73231471020039,5784 travel entertainment
11,0,0,-8820.0,6,2,9783,1,0,0,0,0,1,0,0,0,0,1,1,0,0,1,0,purchase fairmont pacific rim,5784 travel entertainment
11,0,0,-7668.61,6,3,9783,1,0,0,0,0,1,0,0,0,0,1,1,0,0,1,0,purchase fairmont pacific rim,5784 travel entertainment
4,0,0,-2988.0,10,4,9783,1,0,0,0,0,1,0,0,0,0,1,1,0,0,1,0,purchase fairmont pacific rim time credit card payment legal invoice,5784 travel entertainment
4,0,0,-1588.8,10,5,9783,1,0,0,0,0,1,0,0,0,0,1,1,0,0,1,0,purchase fairmont pacific rim time credit card payment legal invoice,5784 travel entertainment
4,0,0,-2442.3,11,1,9783,1,0,0,0,0,1,0,0,0,0,1,1,0,0,1,0,purchase fairmont pacific rim time credit card payment legal invoice,5784 travel entertainment
4,0,0,-360.52,12,4,9783,1,0,0,0,0,1,0,0,0,0,1,1,0,0,1,0,purchase fairmont pacific rim time credit card payment legal invoice,5784 travel entertainment
6,0,0,-597.61,7,5,355,1,0,0,0,0,1,0,0,0,0,1,1,0,0,1,0,purchase fairmont waterfront,5784 travel entertainment
6,0,0,-349.0,6,2,8442,1,0,0,0,0,1,0,0,0,0,1,1,0,0,1,0,purchase harbour air reservation d,5784 travel entertainment
6,0,0,-489.0,6,2,8442,1,0,0,0,0,1,0,0,0,0,1,1,0,0,1,0,purchase harbour air reservation d,5784 travel entertainment
5,0,0,-1821.69,10,3,1251,1,0,0,0,0,1,0,0,0,0,1,1,0,0,1,0,purchase intercontinental toront,5784 travel entertainment
5,0,0,-1821.69,10,3,1251,1,0,0,0,0,1,0,0,0,0,1,1,0,0,1,0,purchase intercontinental toront,5784 travel entertainment
5,0,0,-1821.69,10,3,1251,1,0,0,0,0,1,0,0,0,0,1,1,0,0,1,0,purchase intercontinental toront,5784 travel entertainment
7,0,0,-343.41,10,3,5408,1,0,0,0,0,0,0,0,0,0,1,0,0,0,1,0,purchase k r motels pvt ltd c diwali outing expense,5784 travel entertainment
7,0,0,-35.84,1,5,3612,1,0,0,0,0,1,0,0,0,0,1,1,0,0,1,0,purchase lyft ride sit 3,5784 travel entertainment
6,0,0,-91.53,1,4,8405,1,0,0,0,0,1,0,0,0,0,1,1,0,0,1,0,purchase manulife travel insurance karina travel booking,5784 travel entertainment
6,0,0,-90.71,4,4,2519,0,0,0,0,0,0,0,0,0,0,1,0,0,0,1,0,purchase mjc investments corp,5784 travel entertainment
6,0,0,-118.87,4,4,433,0,0,0,0,0,1,0,0,0,0,1,1,0,0,1,0,purchase partner book bv,5784 travel entertainment
6,0,0,-76.76,4,4,433,0,0,0,0,0,1,0,0,0,0,1,1,0,0,1,0,purchase partner book bv,5784 travel entertainment
6,0,0,76.76,5,0,433,0,0,0,0,0,1,0,0,0,0,1,1,0,0,0,1,refund partner book bv,5784 travel entertainment
2,0,0,-312.42,7,5,6195,1,0,0,0,0,1,0,0,0,0,1,1,0,0,1,0,purchase pinnacle vancouver harbou,5784 travel entertainment
2,0,0,-1155.4,7,5,6195,1,0,0,0,0,1,0,0,0,0,1,1,0,0,1,0,purchase pinnacle vancouver harbou,5784 travel entertainment
7,0,0,-16.39,9,6,9644,1,0,0,0,0,0,0,0,0,0,1,0,0,0,1,0,purchase red fox hotel jaipur,5784 travel entertainment
6,0,0,-201.26,5,2,1541,1,0,0,0,0,0,0,0,0,0,1,0,0,0,1,0,purchase shoreline hotel waikiki,5784 travel entertainment
6,0,0,-469.23,5,2,1541,1,0,0,0,0,0,0,0,0,0,1,0,0,0,1,0,purchase shoreline hotel waikiki,5784 travel entertainment
6,0,0,-597.03,4,2,2913,1,0,0,0,0,0,0,0,0,0,1,0,0,0,1,0,purchase singaporeair6182462872957,5784 travel entertainment
6,0,0,-40.09,4,4,7331,0,0,0,0,0,0,0,0,0,0,1,0,0,0,1,0,purchase skkehlstadt rentabusph,5784 travel entertainment
6,0,0,-745.92,4,3,7591,1,0,0,0,0,0,0,0,0,0,1,0,0,0,1,0,purchase bayleaf,5784 travel entertainment
6,0,0,-844.97,5,6,224,1,0,0,0,0,0,0,0,0,0,1,0,0,0,1,0,purchase bayleaf skydeck view,5784 travel entertainment
16,0,0,-42.07,3,2,9995,1,0,0,0,0,0,0,0,0,0,1,0,0,0,1,0,purchase uber trip,5784 travel entertainment
16,0,0,42.03,3,5,9995,1,0,0,0,0,0,0,0,0,0,1,0,0,0,0,1,refund uber trip,5784 travel entertainment
6,0,0,-3.16,9,1,9995,1,0,0,0,0,1,0,0,0,0,1,1,0,0,1,0,purchase uber trip help.uber.com,5784 travel entertainment
6,0,0,-156.94,1,6,5202,0,0,0,0,0,1,0,0,0,0,1,1,0,0,1,0,purchase uber canada ubereats,5784 travel entertainment
6,0,0,-16.82,1,6,5202,0,0,0,0,0,1,0,0,0,0,1,1,0,0,1,0,purchase uber canada ubereats,5784 travel entertainment
6,0,0,-76.15,1,0,5202,0,0,0,0,0,1,0,0,0,0,1,1,0,0,1,0,purchase uber canada ubereats,5784 travel entertainment
6,0,0,-114.37,5,4,5202,0,0,0,0,0,1,0,0,0,0,1,1,0,0,1,0,purchase uber canada ubereats,5784 travel entertainment
6,0,0,-460.31,8,5,5202,0,0,0,0,0,1,0,0,0,0,1,1,0,0,1,0,purchase uber canada ubereats,5784 travel entertainment
6,0,0,-14.34,8,1,5202,0,0,0,0,0,1,0,0,0,0,1,1,0,0,1,0,purchase uber canada ubereats,5784 travel entertainment
6,0,0,-10.0,8,1,5202,0,0,0,0,0,1,0,0,0,0,1,1,0,0,1,0,purchase uber canada ubereats,5784 travel entertainment
6,0,0,-10.61,1,6,150,1,0,0,0,0,1,0,0,0,0,1,1,0,0,1,0,purchase uber canada ubertrip,5784 travel entertainment
11,0,0,-46.65,3,3,150,1,0,0,0,0,1,0,0,0,0,1,1,0,0,1,0,purchase uber canada ubertrip,5784 travel entertainment
16,0,0,-28.64,4,6,150,1,0,0,0,0,1,0,0,0,0,1,1,0,0,1,0,purchase uber canada ubertrip,5784 travel entertainment
16,0,0,-33.54,4,6,150,1,0,0,0,0,1,0,0,0,0,1,1,0,0,1,0,purchase uber canada ubertrip,5784 travel entertainment
16,0,0,-49.11,6,1,150,1,0,0,0,0,1,0,0,0,0,1,1,0,0,1,0,purchase uber canada ubertrip,5784 travel entertainment
16,0,0,-9.56,6,1,150,1,0,0,0,0,1,0,0,0,0,1,1,0,0,1,0,purchase uber canada ubertrip,5784 travel entertainment
16,0,0,-8.9,6,2,150,1,0,0,0,0,1,0,0,0,0,1,1,0,0,1,0,purchase uber canada ubertrip,5784 travel entertainment
16,0,0,-62.58,6,4,150,1,0,0,0,0,1,0,0,0,0,1,1,0,0,1,0,purchase uber canada ubertrip,5784 travel entertainment
2,0,0,-13.51,7,5,150,1,0,0,0,0,1,0,0,0,0,1,1,0,0,1,0,purchase uber canada ubertrip,5784 travel entertainment
6,0,0,-11.48,7,1,150,1,0,0,0,0,1,0,0,0,0,1,1,0,0,1,0,purchase uber canada ubertrip,5784 travel entertainment
6,0,0,-28.85,9,5,150,1,0,0,0,0,1,0,0,0,0,1,1,0,0,1,0,purchase uber canada ubertrip,5784 travel entertainment
6,0,0,-9.18,9,6,150,1,0,0,0,0,1,0,0,0,0,1,1,0,0,1,0,purchase uber canada ubertrip,5784 travel entertainment
6,0,0,-1.0,9,6,150,1,0,0,0,0,1,0,0,0,0,1,1,0,0,1,0,purchase uber canada ubertrip,5784 travel entertainment
6,0,0,-21.11,9,0,150,1,0,0,0,0,1,0,0,0,0,1,1,0,0,1,0,purchase uber canada ubertrip,5784 travel entertainment
2,0,0,-1.0,10,3,150,1,0,0,0,0,1,0,0,0,0,1,1,0,0,1,0,purchase uber canada ubertrip,5784 travel entertainment
2,0,0,-12.58,10,3,150,1,0,0,0,0,1,0,0,0,0,1,1,0,0,1,0,purchase uber canada ubertrip,5784 travel entertainment
6,0,0,-1.37,8,1,723,0,0,0,0,0,1,0,0,0,0,1,1,0,0,1,0,purchase uber holdings canada inc,5784 travel entertainment
6,0,0,-141.94,9,5,723,0,0,0,0,0,1,0,0,0,0,1,1,0,0,1,0,purchase uber holdings canada inc,5784 travel entertainment
6,0,0,-42.75,1,6,9995,1,0,0,0,0,1,0,0,0,0,1,1,0,0,1,0,purchase uber trip,5784 travel entertainment
16,0,0,-52.06,6,4,9995,1,0,0,0,0,1,0,0,0,0,1,1,0,0,1,0,purchase uber trip,5784 travel entertainment
6,0,0,-40.95,9,4,818,0,0,0,0,0,0,0,0,0,0,1,0,0,0,1,0,purchase ux pilot ai amir razavi spiral_calendar_pad 2:53 pm @sergio start https://uxpilot.a yesterday project massively fast track work run credit need pay continue get use approve subscribe month test finish work,5784 travel entertainment
6,0,0,-1258.92,12,3,9783,1,0,0,0,0,1,0,0,0,0,1,1,0,0,1,0,purchase fairmont pacific rim,5784 travel entertainment
3,0,0,-95.02,12,0,5202,0,0,0,0,0,1,0,0,0,0,1,1,0,0,1,0,purchase uber canada ubereats christmas party rebuild,5784 travel entertainment
6,0,0,-168.5,7,5,5202,0,0,0,0,0,1,0,0,0,0,1,1,0,0,1,0,purchase uber canada ubereats,5784 travel entertainment
6,0,0,-23.99,5,1,7505,1,0,0,0,0,0,0,0,0,0,1,0,0,0,1,0,purchase winford hotel,5784 travel entertainment
6,0,0,-1034.17,7,5,4415,1,0,0,0,0,1,0,0,0,0,1,1,0,0,1,0,purchase westjet 8382198695467,5784 travel entertainment
6,0,0,-690.0,5,2,9789,1,0,0,0,0,1,0,0,0,0,1,1,0,0,1,0,purchase whistler rid inc./ch,5784 travel entertainment
6,0,0,-286.99,5,0,7505,1,0,0,0,0,0,0,0,0,0,1,0,0,0,1,0,purchase winford hotel,5784 travel entertainment
6,0,0,-8650.8,3,3,8680,1,0,0,0,0,0,0,0,0,0,1,0,0,0,1,0,purchase winford hotelandcasino,5784 travel entertainment
6,0,0,-137.69,4,3,8680,1,0,0,0,0,0,0,0,0,0,1,0,0,0,1,0,purchase winford hotelandcasino,5784 travel entertainment
6,0,0,734.27,5,2,8680,1,0,0,0,0,0,0,0,0,0,1,0,0,0,0,1,refund winford hotelandcasino,5784 travel entertainment
6,0,0,-83.49,5,6,840,1,0,0,0,0,0,0,0,0,0,1,0,0,0,1,0,purchase www airindia,5784 travel entertainment
6,0,0,81.23,6,1,840,1,0,0,0,0,0,0,0,0,0,1,0,0,0,0,1,refund www airindia,5784 travel entertainment
6,0,0,-3.5,5,6,6716,0,1,0,0,0,1,0,0,0,0,1,1,0,0,1,0,purchase anita kitchen,5785 meal entertainment
2,0,0,-365.39,12,2,4980,0,0,0,0,0,1,0,0,0,0,1,1,0,0,1,0,purchase ballyhoo public house,5785 meal entertainment
6,0,0,-103.0,4,5,5834,0,0,0,0,0,1,0,0,0,0,1,1,0,0,1,0,purchase banda volpi,5785 meal entertainment
11,0,0,-107.53,7,5,437,0,1,0,0,0,1,0,0,0,0,1,1,0,0,1,0,purchase bc liquor 112,5785 meal entertainment
6,0,0,-368.04,1,2,2187,0,1,0,0,0,1,0,0,0,0,1,1,0,0,1,0,purchase bc liquor 129,5785 meal entertainment
11,0,0,-250.69,2,5,2187,0,1,0,0,0,1,0,0,0,0,1,1,0,0,1,0,purchase bc liquor 129,5785 meal entertainment
11,0,0,-485.78,2,4,2187,0,1,0,0,0,1,0,0,0,0,1,1,0,0,1,0,purchase bc liquor 129,5785 meal entertainment
11,0,0,-311.31,3,6,2187,0,1,0,0,0,1,0,0,0,0,1,1,0,0,1,0,purchase bc liquor 129,5785 meal entertainment
11,0,0,-273.11,3,5,2187,0,1,0,0,0,1,0,0,0,0,1,1,0,0,1,0,purchase bc liquor 129,5785 meal entertainment
11,0,0,-267.05,3,4,2187,0,1,0,0,0,1,0,0,0,0,1,1,0,0,1,0,purchase bc liquor 129,5785 meal entertainment
11,0,0,-120.03,4,5,2187,0,1,0,0,0,1,0,0,0,0,1,1,0,0,1,0,purchase bc liquor 129 beer friday,5785 meal entertainment
11,0,0,-637.41,4,5,2187,0,1,0,0,0,1,0,0,0,0,1,1,0,0,1,0,purchase bc liquor 129,5785 meal entertainment
11,0,0,-253.5,4,5,2187,0,1,0,0,0,1,0,0,0,0,1,1,0,0,1,0,purchase bc liquor 129,5785 meal entertainment
11,0,0,-384.95,5,5,2187,0,1,0,0,0,1,0,0,0,0,1,1,0,0,1,0,purchase bc liquor 129,5785 meal entertainment
6,0,0,-75.02,6,6,2187,0,1,0,0,0,1,0,0,0,0,1,1,0,0,1,0,purchase bc liquor 129,5785 meal entertainment
11,0,0,-398.14,6,5,2187,0,1,0,0,0,1,0,0,0,0,1,1,0,0,1,0,purchase bc liquor 129,5785 meal entertainment
11,0,0,-454.58,6,5,2187,0,1,0,0,0,1,0,0,0,0,1,1,0,0,1,0,purchase bc liquor 129,5785 meal entertainment
6,0,0,-105.89,6,5,2187,0,1,0,0,0,1,0,0,0,0,1,1,0,0,1,0,purchase bc liquor 129,5785 meal entertainment
11,0,0,-231.97,7,6,2187,0,1,0,0,0,1,0,0,0,0,1,1,0,0,1,0,purchase bc liquor 129,5785 meal entertainment
11,0,0,-218.54,7,6,2187,0,1,0,0,0,1,0,0,0,0,1,1,0,0,1,0,purchase bc liquor 129,5785 meal entertainment
11,0,0,-241.13,7,5,2187,0,1,0,0,0,1,0,0,0,0,1,1,0,0,1,0,purchase bc liquor 129,5785 meal entertainment
11,0,0,-269.56,8,6,2187,0,1,0,0,0,1,0,0,0,0,1,1,0,0,1,0,purchase bc liquor 129,5785 meal entertainment
11,0,0,-245.79,8,6,2187,0,1,0,0,0,1,0,0,0,0,1,1,0,0,1,0,purchase bc liquor 129,5785 meal entertainment
11,0,0,-2882.64,8,5,2187,0,1,0,0,0,1,0,0,0,0,1,1,0,0,1,0,purchase bc liquor 129,5785 meal entertainment
11,0,0,-348.34,8,6,2187,0,1,0,0,0,1,0,0,0,0,1,1,0,0,1,0,purchase bc liquor 129,5785 meal entertainment
11,0,0,-232.29,9,5,2187,0,1,0,0,0,1,0,0,0,0,1,1,0,0,1,0,purchase bc liquor 129,5785 meal entertainment
11,0,0,-231.12,9,5,2187,0,1,0,0,0,1,0,0,0,0,1,1,0,0,1,0,purchase bc liquor 129,5785 meal entertainment
11,0,0,-235.37,8,5,2258,0,1,0,0,0,1,0,0,0,0,1,1,0,0,1,0,purchase bc liquor 152,5785 meal entertainment
6,0,0,-65.42,7,2,4729,0,1,0,0,0,1,0,0,0,0,1,1,0,0,1,0,purchase bc liquor 233 robson,5785 meal entertainment
11,0,0,-239.85,8,5,4729,0,1,0,0,0,1,0,0,0,0,1,1,0,0,1,0,purchase bc liquor 233 robson,5785 meal entertainment
16,0,0,-676.06,3,5,5006,0,0,0,0,0,1,0,0,0,0,1,1,0,0,1,0,purchase black + blue vancouver,5785 meal entertainment
11,0,0,-17.82,8,4,4659,0,1,0,0,0,1,0,0,0,0,1,1,0,0,1,0,purchase breka bakery cafe,5785 meal entertainment
11,0,0,-17.82,8,3,4659,0,1,0,0,0,1,0,0,0,0,1,1,0,0,1,0,purchase breka bakery cafe,5785 meal entertainment
11,0,0,-75.0,9,1,6272,0,1,0,0,0,1,0,0,0,0,1,1,0,0,1,0,purchase browns restaurant group food beverage event prize award etc,5785 meal entertainment
6,0,0,-301.21,5,0,2146,0,0,0,0,0,0,0,0,0,0,1,0,0,0,1,0,purchase bueno tapas wine re,5785 meal entertainment
16,0,0,-84.9,1,6,2101,0,1,0,0,0,1,0,0,0,0,1,1,0,0,1,0,purchase cactus club bentall,5785 meal entertainment
11,0,0,-306.65,3,5,2101,0,1,0,0,0,1,0,0,0,0,1,1,0,0,1,0,purchase cactus club bentall executive coaching lunch,5785 meal entertainment
6,0,0,-750.0,9,3,2101,0,1,0,0,0,1,0,0,0,0,1,1,0,0,1,0,purchase cactus club bentall,5785 meal entertainment
6,0,0,-200.0,9,6,2101,0,1,0,0,0,1,0,0,0,0,1,1,0,0,1,0,purchase cactus club bentall,5785 meal entertainment
11,0,0,-200.0,10,3,2101,0,1,0,0,0,1,0,0,0,0,1,1,0,0,1,0,purchase cactus club bentall,5785 meal entertainment
11,0,0,-335.85,10,4,2101,0,1,0,0,0,1,0,0,0,0,1,1,0,0,1,0,purchase cactus club bentall,5785 meal entertainment
6,0,0,-300.0,11,2,2101,0,1,0,0,0,1,0,0,0,0,1,1,0,0,1,0,purchase cactus club bentall,5785 meal entertainment
6,0,0,-200.0,11,4,2101,0,1,0,0,0,1,0,0,0,0,1,1,0,0,1,0,purchase cactus club bentall,5785 meal entertainment
6,0,0,-400.0,11,2,2101,0,1,0,0,0,1,0,0,0,0,1,1,0,0,1,0,purchase cactus club bentall,5785 meal entertainment
6,0,0,-139.72,1,5,4103,0,1,0,0,0,1,0,0,0,0,1,1,0,0,1,0,purchase cactus club coal harbo,5785 meal entertainment
6,0,0,-97.16,6,5,6191,0,1,0,0,0,0,0,0,0,0,1,0,0,0,1,0,purchase cafe delhi height cyb,5785 meal entertainment
6,0,0,-242.49,3,4,1310,0,1,0,0,0,1,0,0,0,0,1,1,0,0,1,0,purchase coast restaurant,5785 meal entertainment
6,0,0,-301.43,3,5,1310,0,1,0,0,0,1,0,0,0,0,1,1,0,0,1,0,purchase coast restaurant,5785 meal entertainment
7,0,0,-2.83,9,5,8927,0,0,0,0,0,0,0,0,0,0,1,0,0,0,1,0,purchase connaught plaza restaur food travel campus hiring,5785 meal entertainment
7,0,0,-1.29,9,5,8927,0,0,0,0,0,0,0,0,0,0,1,0,0,0,1,0,purchase connaught plaza restaur food travel campus hiring,5785 meal entertainment
7,0,0,-2.78,11,4,8927,0,0,0,0,0,0,0,0,0,0,1,0,0,0,1,0,purchase connaught plaza restaur,5785 meal entertainment
6,0,0,-163.72,6,3,5263,0,0,0,0,0,0,0,0,0,0,1,0,0,0,1,0,purchase covah,5785 meal entertainment
7,0,0,-1608.97,6,6,5263,0,0,0,0,0,0,0,0,0,0,1,0,0,0,1,0,purchase covah annual team party india,5785 meal entertainment
2,0,0,-28.35,7,5,8074,0,1,0,0,0,1,0,0,0,0,1,1,0,0,1,0,purchase crema artisan ice cream,5785 meal entertainment
11,0,0,-100.0,10,6,6664,0,1,0,0,0,1,0,0,0,0,1,1,0,0,1,0,purchase cs joey gc food beverage event prize award etc,5785 meal entertainment
11,0,0,-10.0,2,5,6664,0,1,0,0,0,1,0,0,0,0,1,1,0,0,1,0,purchase cs starbucks gc food beverage event prize award etc,5785 meal entertainment
6,0,0,-40.0,8,3,6664,0,1,0,0,0,1,0,0,0,0,1,1,0,0,1,0,purchase cs starbucks gc,5785 meal entertainment
11,0,0,-130.0,1,5,6664,0,0,0,0,0,1,0,0,0,0,1,1,0,0,1,0,purchase cs timhorton gc,5785 meal entertainment
11,0,0,-125.0,1,5,6664,0,0,0,0,0,1,0,0,0,0,1,1,0,0,1,0,purchase cs timhorton gc,5785 meal entertainment
11,0,0,-120.0,1,2,6664,0,0,0,0,0,1,0,0,0,0,1,1,0,0,1,0,purchase cs timhorton gc,5785 meal entertainment
11,0,0,-140.0,1,2,6664,0,0,0,0,0,1,0,0,0,0,1,1,0,0,1,0,purchase cs timhorton gc,5785 meal entertainment
11,0,0,-90.0,2,5,6664,0,0,0,0,0,1,0,0,0,0,1,1,0,0,1,0,purchase cs timhorton gc food beverage event prize award etc,5785 meal entertainment
11,0,0,-70.0,2,5,6664,0,0,0,0,0,1,0,0,0,0,1,1,0,0,1,0,purchase cs timhorton gc food beverage event prize award etc,5785 meal entertainment
11,0,0,-155.0,2,3,6664,0,0,0,0,0,1,0,0,0,0,1,1,0,0,1,0,purchase cs timhorton gc,5785 meal entertainment
11,0,0,-160.0,2,2,6664,0,0,0,0,0,1,0,0,0,0,1,1,0,0,1,0,purchase cs timhorton gc,5785 meal entertainment
11,0,0,-120.0,2,2,6664,0,0,0,0,0,1,0,0,0,0,1,1,0,0,1,0,purchase cs timhorton gc,5785 meal entertainment
11,0,0,-140.0,2,4,6664,0,0,0,0,0,1,0,0,0,0,1,1,0,0,1,0,purchase cs timhorton gc,5785 meal entertainment
11,0,0,-280.0,2,3,6664,0,0,0,0,0,1,0,0,0,0,1,1,0,0,1,0,purchase cs timhorton gc,5785 meal entertainment
11,0,0,-225.0,2,3,6664,0,0,0,0,0,1,0,0,0,0,1,1,0,0,1,0,purchase cs timhorton gc,5785 meal entertainment
11,0,0,-150.0,2,3,6664,0,0,0,0,0,1,0,0,0,0,1,1,0,0,1,0,purchase cs timhorton gc,5785 meal entertainment
11,0,0,-210.0,2,4,6664,0,0,0,0,0,1,0,0,0,0,1,1,0,0,1,0,purchase cs timhorton gc,5785 meal entertainment
11,0,0,-150.0,2,5,6664,0,0,0,0,0,1,0,0,0,0,1,1,0,0,1,0,purchase cs timhorton gc,5785 meal entertainment
11,0,0,-230.0,2,5,6664,0,0,0,0,0,1,0,0,0,0,1,1,0,0,1,0,purchase cs timhorton gc,5785 meal entertainment
11,0,0,-165.0,2,1,6664,0,0,0,0,0,1,0,0,0,0,1,1,0,0,1,0,purchase cs timhorton gc,5785 meal entertainment
11,0,0,-145.0,2,2,6664,0,0,0,0,0,1,0,0,0,0,1,1,0,0,1,0,purchase cs timhorton gc,5785 meal entertainment
11,0,0,-155.0,2,2,6664,0,0,0,0,0,1,0,0,0,0,1,1,0,0,1,0,purchase cs timhorton gc,5785 meal entertainment
11,0,0,-280.0,2,3,6664,0,0,0,0,0,1,0,0,0,0,1,1,0,0,1,0,purchase cs timhorton gc,5785 meal entertainment
11,0,0,-185.0,3,5,6664,0,0,0,0,0,1,0,0,0,0,1,1,0,0,1,0,purchase cs timhorton gc,5785 meal entertainment
11,0,0,-150.0,3,5,6664,0,0,0,0,0,1,0,0,0,0,1,1,0,0,1,0,purchase cs timhorton gc,5785 meal entertainment
11,0,0,-235.0,3,3,6664,0,0,0,0,0,1,0,0,0,0,1,1,0,0,1,0,purchase cs timhorton gc,5785 meal entertainment
11,0,0,-160.0,3,3,6664,0,0,0,0,0,1,0,0,0,0,1,1,0,0,1,0,purchase cs timhorton gc,5785 meal entertainment
11,0,0,-210.0,3,5,6664,0,0,0,0,0,1,0,0,0,0,1,1,0,0,1,0,purchase cs timhorton gc,5785 meal entertainment
11,0,0,-205.0,3,5,6664,0,0,0,0,0,1,0,0,0,0,1,1,0,0,1,0,purchase cs timhorton gc,5785 meal entertainment
11,0,0,-190.0,3,5,6664,0,0,0,0,0,1,0,0,0,0,1,1,0,0,1,0,purchase cs timhorton gc,5785 meal entertainment
11,0,0,-210.0,3,2,6664,0,0,0,0,0,1,0,0,0,0,1,1,0,0,1,0,purchase cs timhorton gc,5785 meal entertainment
11,0,0,-30.0,3,2,6664,0,0,0,0,0,1,0,0,0,0,1,1,0,0,1,0,purchase cs timhorton gc,5785 meal entertainment
11,0,0,-120.0,3,3,6664,0,0,0,0,0,1,0,0,0,0,1,1,0,0,1,0,purchase cs timhorton gc,5785 meal entertainment
11,0,0,-230.0,3,3,6664,0,0,0,0,0,1,0,0,0,0,1,1,0,0,1,0,purchase cs timhorton gc,5785 meal entertainment
11,0,0,-50.0,3,5,6664,0,0,0,0,0,1,0,0,0,0,1,1,0,0,1,0,purchase cs timhorton gc,5785 meal entertainment
11,0,0,-195.0,3,6,6664,0,0,0,0,0,1,0,0,0,0,1,1,0,0,1,0,purchase cs timhorton gc,5785 meal entertainment
11,0,0,-155.0,4,3,6664,0,0,0,0,0,1,0,0,0,0,1,1,0,0,1,0,purchase cs timhorton gc,5785 meal entertainment
11,0,0,-190.0,4,3,6664,0,0,0,0,0,1,0,0,0,0,1,1,0,0,1,0,purchase cs timhorton gc,5785 meal entertainment
11,0,0,-130.0,4,3,6664,0,0,0,0,0,1,0,0,0,0,1,1,0,0,1,0,purchase cs timhorton gc,5785 meal entertainment
11,0,0,-140.0,4,5,6664,0,0,0,0,0,1,0,0,0,0,1,1,0,0,1,0,purchase cs timhorton gc,5785 meal entertainment
11,0,0,-150.0,4,2,6664,0,0,0,0,0,1,0,0,0,0,1,1,0,0,1,0,purchase cs timhorton gc,5785 meal entertainment
11,0,0,-120.0,4,5,6664,0,0,0,0,0,1,0,0,0,0,1,1,0,0,1,0,purchase cs timhorton gc,5785 meal entertainment
11,0,0,-135.0,4,2,6664,0,0,0,0,0,1,0,0,0,0,1,1,0,0,1,0,purchase cs timhorton gc,5785 meal entertainment
11,0,0,-60.0,4,1,6664,0,0,0,0,0,1,0,0,0,0,1,1,0,0,1,0,purchase cs timhorton gc,5785 meal entertainment
11,0,0,-120.0,5,2,6664,0,0,0,0,0,1,0,0,0,0,1,1,0,0,1,0,purchase cs timhorton gc,5785 meal entertainment
11,0,0,-150.0,5,3,6664,0,0,0,0,0,1,0,0,0,0,1,1,0,0,1,0,purchase cs timhorton gc,5785 meal entertainment
11,0,0,-150.0,5,3,6664,0,0,0,0,0,1,0,0,0,0,1,1,0,0,1,0,purchase cs timhorton gc,5785 meal entertainment
11,0,0,-120.0,5,5,6664,0,0,0,0,0,1,0,0,0,0,1,1,0,0,1,0,purchase cs timhorton gc,5785 meal entertainment
11,0,0,-155.0,5,2,6664,0,0,0,0,0,1,0,0,0,0,1,1,0,0,1,0,purchase cs timhorton gc,5785 meal entertainment
11,0,0,-160.0,5,2,6664,0,0,0,0,0,1,0,0,0,0,1,1,0,0,1,0,purchase cs timhorton gc,5785 meal entertainment
11,0,0,-155.0,5,4,6664,0,0,0,0,0,1,0,0,0,0,1,1,0,0,1,0,purchase cs timhorton gc,5785 meal entertainment
11,0,0,-125.0,5,6,6664,0,0,0,0,0,1,0,0,0,0,1,1,0,0,1,0,purchase cs timhorton gc,5785 meal entertainment
11,0,0,-30.0,5,1,6664,0,0,0,0,0,1,0,0,0,0,1,1,0,0,1,0,purchase cs timhorton gc,5785 meal entertainment
11,0,0,-105.0,6,6,6664,0,0,0,0,0,1,0,0,0,0,1,1,0,0,1,0,purchase cs timhorton gc,5785 meal entertainment
11,0,0,-150.0,6,6,6664,0,0,0,0,0,1,0,0,0,0,1,1,0,0,1,0,purchase cs timhorton gc,5785 meal entertainment
11,0,0,-150.0,6,6,6664,0,0,0,0,0,1,0,0,0,0,1,1,0,0,1,0,purchase cs timhorton gc food beverage event prize award etc,5785 meal entertainment
11,0,0,-130.0,6,1,6664,0,0,0,0,0,1,0,0,0,0,1,1,0,0,1,0,purchase cs timhorton gc food beverage event prize award etc,5785 meal entertainment
11,0,0,-150.0,6,1,6664,0,0,0,0,0,1,0,0,0,0,1,1,0,0,1,0,purchase cs timhorton gc,5785 meal entertainment
11,0,0,-155.0,6,1,6664,0,0,0,0,0,1,0,0,0,0,1,1,0,0,1,0,purchase cs timhorton gc,5785 meal entertainment
11,0,0,-160.0,6,2,6664,0,0,0,0,0,1,0,0,0,0,1,1,0,0,1,0,purchase cs timhorton gc,5785 meal entertainment
11,0,0,-150.0,6,2,6664,0,0,0,0,0,1,0,0,0,0,1,1,0,0,1,0,purchase cs timhorton gc,5785 meal entertainment
11,0,0,-170.0,6,2,6664,0,0,0,0,0,1,0,0,0,0,1,1,0,0,1,0,purchase cs timhorton gc,5785 meal entertainment
11,0,0,-150.0,6,2,6664,0,0,0,0,0,1,0,0,0,0,1,1,0,0,1,0,purchase cs timhorton gc,5785 meal entertainment
11,0,0,-150.0,6,4,6664,0,0,0,0,0,1,0,0,0,0,1,1,0,0,1,0,purchase cs timhorton gc,5785 meal entertainment
11,0,0,-95.0,6,5,6664,0,0,0,0,0,1,0,0,0,0,1,1,0,0,1,0,purchase cs timhorton gc,5785 meal entertainment
11,0,0,-140.0,6,5,6664,0,0,0,0,0,1,0,0,0,0,1,1,0,0,1,0,purchase cs timhorton gc food beverage event prize award etc,5785 meal entertainment
11,0,0,-150.0,6,2,6664,0,0,0,0,0,1,0,0,0,0,1,1,0,0,1,0,purchase cs timhorton gc,5785 meal entertainment
11,0,0,-140.0,6,2,6664,0,0,0,0,0,1,0,0,0,0,1,1,0,0,1,0,purchase cs timhorton gc,5785 meal entertainment
11,0,0,-150.0,6,4,6664,0,0,0,0,0,1,0,0,0,0,1,1,0,0,1,0,purchase cs timhorton gc,5785 meal entertainment
11,0,0,-150.0,6,5,6664,0,0,0,0,0,1,0,0,0,0,1,1,0,0,1,0,purchase cs timhorton gc,5785 meal entertainment
11,0,0,-70.0,6,5,6664,0,0,0,0,0,1,0,0,0,0,1,1,0,0,1,0,purchase cs timhorton gc,5785 meal entertainment
11,0,0,-130.0,6,2,6664,0,0,0,0,0,1,0,0,0,0,1,1,0,0,1,0,purchase cs timhorton gc,5785 meal entertainment
11,0,0,-130.0,6,3,6664,0,0,0,0,0,1,0,0,0,0,1,1,0,0,1,0,purchase cs timhorton gc,5785 meal entertainment
11,0,0,-40.0,6,4,6664,0,0,0,0,0,1,0,0,0,0,1,1,0,0,1,0,purchase cs timhorton gc,5785 meal entertainment
11,0,0,-150.0,7,3,6664,0,0,0,0,0,1,0,0,0,0,1,1,0,0,1,0,purchase cs timhorton gc,5785 meal entertainment
11,0,0,-150.0,7,6,6664,0,0,0,0,0,1,0,0,0,0,1,1,0,0,1,0,purchase cs timhorton gc,5785 meal entertainment
11,0,0,-130.0,7,6,6664,0,0,0,0,0,1,0,0,0,0,1,1,0,0,1,0,purchase cs timhorton gc,5785 meal entertainment
11,0,0,-150.0,7,5,6664,0,0,0,0,0,1,0,0,0,0,1,1,0,0,1,0,purchase cs timhorton gc,5785 meal entertainment
11,0,0,-150.0,7,6,6664,0,0,0,0,0,1,0,0,0,0,1,1,0,0,1,0,purchase cs timhorton gc,5785 meal entertainment
11,0,0,-150.0,7,6,6664,0,0,0,0,0,1,0,0,0,0,1,1,0,0,1,0,purchase cs timhorton gc,5785 meal entertainment
11,0,0,-150.0,8,6,6664,0,0,0,0,0,1,0,0,0,0,1,1,0,0,1,0,purchase cs timhorton gc,5785 meal entertainment
11,0,0,-150.0,8,5,6664,0,0,0,0,0,1,0,0,0,0,1,1,0,0,1,0,purchase cs timhorton gc,5785 meal entertainment
11,0,0,-150.0,8,1,6664,0,0,0,0,0,1,0,0,0,0,1,1,0,0,1,0,purchase cs timhorton gc,5785 meal entertainment
11,0,0,-150.0,8,1,6664,0,0,0,0,0,1,0,0,0,0,1,1,0,0,1,0,purchase cs timhorton gc,5785 meal entertainment
11,0,0,-150.0,8,4,6664,0,0,0,0,0,1,0,0,0,0,1,1,0,0,1,0,purchase cs timhorton gc,5785 meal entertainment
11,0,0,-150.0,8,3,6664,0,0,0,0,0,1,0,0,0,0,1,1,0,0,1,0,purchase cs timhorton gc,5785 meal entertainment
11,0,0,-150.0,8,3,6664,0,0,0,0,0,1,0,0,0,0,1,1,0,0,1,0,purchase cs timhorton gc,5785 meal entertainment
11,0,0,-120.0,8,6,6664,0,0,0,0,0,1,0,0,0,0,1,1,0,0,1,0,purchase cs timhorton gc,5785 meal entertainment
11,0,0,-60.0,9,5,6664,0,0,0,0,0,1,0,0,0,0,1,1,0,0,1,0,purchase cs timhorton gc,5785 meal entertainment
11,0,0,-30.0,9,1,6664,0,0,0,0,0,1,0,0,0,0,1,1,0,0,1,0,purchase cs timhorton gc food beverage event prize award etc,5785 meal entertainment
11,0,0,-60.0,9,6,6664,0,0,0,0,0,1,0,0,0,0,1,1,0,0,1,0,purchase cs timhorton gc,5785 meal entertainment
11,0,0,-150.0,9,5,6664,0,0,0,0,0,1,0,0,0,0,1,1,0,0,1,0,purchase cs timhorton gc,5785 meal entertainment
11,0,0,-90.0,9,5,6664,0,0,0,0,0,1,0,0,0,0,1,1,0,0,1,0,purchase cs timhorton gc food beverage event prize award etc,5785 meal entertainment
11,0,0,-15.0,9,6,6664,0,0,0,0,0,1,0,0,0,0,1,1,0,0,1,0,purchase cs timhorton gc,5785 meal entertainment
11,0,0,-80.0,9,3,6664,0,0,0,0,0,1,0,0,0,0,1,1,0,0,1,0,purchase cs timhorton gc,5785 meal entertainment
11,0,0,-150.0,10,6,6664,0,0,0,0,0,1,0,0,0,0,1,1,0,0,1,0,purchase cs timhorton gc,5785 meal entertainment
11,0,0,-150.0,10,2,6664,0,0,0,0,0,1,0,0,0,0,1,1,0,0,1,0,purchase cs timhorton gc,5785 meal entertainment
11,0,0,-150.0,10,4,6664,0,0,0,0,0,1,0,0,0,0,1,1,0,0,1,0,purchase cs timhorton gc,5785 meal entertainment
11,0,0,-150.0,10,4,6664,0,0,0,0,0,1,0,0,0,0,1,1,0,0,1,0,purchase cs timhorton gc,5785 meal entertainment
11,0,0,-150.0,10,4,6664,0,0,0,0,0,1,0,0,0,0,1,1,0,0,1,0,purchase cs timhorton gc,5785 meal entertainment
11,0,0,-90.0,10,4,6664,0,0,0,0,0,1,0,0,0,0,1,1,0,0,1,0,purchase cs timhorton gc,5785 meal entertainment
11,0,0,-100.0,10,6,6664,0,0,0,0,0,1,0,0,0,0,1,1,0,0,1,0,purchase cs timhorton gc,5785 meal entertainment
11,0,0,-150.0,10,3,6664,0,0,0,0,0,1,0,0,0,0,1,1,0,0,1,0,purchase cs timhorton gc,5785 meal entertainment
11,0,0,-150.0,10,5,6664,0,0,0,0,0,1,0,0,0,0,1,1,0,0,1,0,purchase cs timhorton gc,5785 meal entertainment
11,0,0,-150.0,10,5,6664,0,0,0,0,0,1,0,0,0,0,1,1,0,0,1,0,purchase cs timhorton gc,5785 meal entertainment
11,0,0,-150.0,10,4,6664,0,0,0,0,0,1,0,0,0,0,1,1,0,0,1,0,purchase cs timhorton gc,5785 meal entertainment
11,0,0,-130.0,10,4,6664,0,0,0,0,0,1,0,0,0,0,1,1,0,0,1,0,purchase cs timhorton gc,5785 meal entertainment
11,0,0,-150.0,10,2,6664,0,0,0,0,0,1,0,0,0,0,1,1,0,0,1,0,purchase cs timhorton gc,5785 meal entertainment
11,0,0,-150.0,10,2,6664,0,0,0,0,0,1,0,0,0,0,1,1,0,0,1,0,purchase cs timhorton gc,5785 meal entertainment
11,0,0,-150.0,10,2,6664,0,0,0,0,0,1,0,0,0,0,1,1,0,0,1,0,purchase cs timhorton gc,5785 meal entertainment
11,0,0,-140.0,10,4,6664,0,0,0,0,0,1,0,0,0,0,1,1,0,0,1,0,purchase cs timhorton gc,5785 meal entertainment
11,0,0,-125.0,10,4,6664,0,0,0,0,0,1,0,0,0,0,1,1,0,0,1,0,purchase cs timhorton gc,5785 meal entertainment
11,0,0,-100.0,2,3,6664,0,0,0,0,0,1,0,0,0,0,1,1,0,0,1,0,purchase cs toysrusca gc food beverage event prize award etc,5785 meal entertainment
6,0,0,-199.17,2,0,9927,0,1,0,0,0,1,0,0,0,0,1,1,0,0,1,0,purchase dd doordashnoodlebox,5785 meal entertainment
6,0,0,-344.3,2,0,2567,0,1,0,0,0,1,0,0,0,0,1,1,0,0,1,0,purchase ddcactusclubcafe,5785 meal entertainment
6,0,0,-125.63,4,3,2567,0,1,0,0,0,1,0,0,0,0,1,1,0,0,1,0,purchase ddcactusclubcafe,5785 meal entertainment
6,0,0,-31.33,4,3,2567,0,1,0,0,0,1,0,0,0,0,1,1,0,0,1,0,purchase ddcactusclubcafe,5785 meal entertainment
6,0,0,-148.34,5,4,2567,0,1,0,0,0,1,0,0,0,0,1,1,0,0,1,0,purchase ddcactusclubcafe,5785 meal entertainment
5,0,0,-334.95,8,3,652,0,1,0,0,0,1,0,0,0,0,1,1,0,0,1,0,purchase ddjoeyrestaurant,5785 meal entertainment
16,0,0,-19.03,6,3,1351,0,1,0,0,0,1,0,0,0,0,1,1,0,0,1,0,purchase dineen coffee co,5785 meal entertainment
14,0,0,-165.49,3,5,9175,0,1,0,0,0,1,0,0,0,0,1,1,0,0,1,0,purchase dominion bar + kitchen,5785 meal entertainment
6,0,0,-355.25,4,5,6582,0,1,0,0,0,1,0,0,0,0,1,1,0,0,1,0,purchase dominos pizza 10017,5785 meal entertainment
7,0,0,-122.41,12,2,71,0,0,0,0,0,0,0,0,0,0,1,0,0,0,1,0,purchase town platform engineering team dinner manoj,5785 meal entertainment
11,0,0,-13.88,3,1,7844,0,0,0,0,0,1,0,0,0,0,1,1,0,0,1,0,purchase fresh counter cateri,5785 meal entertainment
6,0,0,-1208.31,5,4,711,0,0,0,0,0,0,0,0,0,0,1,0,0,0,1,0,purchase gallery chele taguig,5785 meal entertainment
6,0,0,-200.0,11,4,5999,0,1,0,0,0,1,0,0,0,0,1,1,0,0,1,0,purchase glowbal giftcard,5785 meal entertainment
7,0,0,-28.24,3,5,513,0,1,0,0,0,0,0,0,0,0,1,0,0,0,1,0,purchase haldiram snack employee engagement activity,5785 meal entertainment
7,0,0,-25.3,5,5,513,0,1,0,0,0,0,0,0,0,0,1,0,0,0,1,0,purchase haldiram snack monthly employee engagement activity,5785 meal entertainment
16,0,0,-38.67,6,2,6937,0,0,0,0,0,1,0,0,0,0,1,1,0,0,1,0,purchase humble donkey,5785 meal entertainment
7,0,0,-15.03,2,0,1988,0,0,0,0,0,0,0,0,0,0,1,0,0,0,1,0,purchase ilka comptoir eat mc burger coffee paris airport flight delay,5785 meal entertainment
6,0,0,-200.0,11,4,779,0,1,0,0,0,1,0,0,0,0,1,1,0,0,1,0,purchase joe fortes seafood c,5785 meal entertainment
6,0,0,-207.78,11,6,779,0,1,0,0,0,1,0,0,0,0,1,1,0,0,1,0,purchase joe fortes seafood c,5785 meal entertainment
6,0,0,-100.0,11,2,779,0,1,0,0,0,1,0,0,0,0,1,1,0,0,1,0,purchase joe fortes seafood c,5785 meal entertainment
5,0,0,-149.34,10,1,1077,0,0,0,0,0,1,0,0,0,0,1,1,0,0,1,0,purchase kelly land 6415,5785 meal entertainment
7,0,0,-34.47,10,2,6175,0,0,0,0,0,0,0,0,0,0,1,0,0,0,1,0,purchase kiran welpack private l lunch,5785 meal entertainment
6,0,0,-1019.8,6,6,3410,1,0,0,0,0,0,0,0,0,0,1,0,0,0,1,0,purchase leela ggn office 4,5785 meal entertainment
2,0,0,-1184.6,6,6,3410,1,0,0,0,0,0,0,0,0,0,1,0,0,0,1,0,purchase leela ggn office 4,5785 meal entertainment
6,0,0,-376.44,6,5,9503,1,0,0,0,0,0,0,0,0,0,1,0,0,0,1,0,purchase leela ggn zanotta 1,5785 meal entertainment
14,0,0,-797.22,9,5,2100,0,1,0,0,0,1,0,0,0,0,1,1,0,0,1,0,purchase liuyishou hotpot,5785 meal entertainment
14,0,0,-849.87,8,3,932,0,1,0,0,0,1,0,0,0,0,1,1,0,0,1,0,purchase ls chocho hot pot rest,5785 meal entertainment
6,0,0,-270.52,6,6,3310,0,1,0,0,0,1,0,0,0,0,1,1,0,0,1,0,purchase mahony tavern,5785 meal entertainment
6,0,0,-313.63,5,6,3906,1,0,0,0,0,0,0,0,0,0,1,0,0,0,1,0,purchase makati shangri la,5785 meal entertainment
6,0,0,-1411.29,5,6,3906,1,0,0,0,0,0,0,0,0,0,1,0,0,0,1,0,purchase makati shangri la,5785 meal entertainment
11,0,0,-176.61,7,5,9712,0,1,0,0,0,1,0,0,0,0,1,1,0,0,1,0,purchase mcdonald 29003,5785 meal entertainment
16,0,0,-39.76,6,4,647,0,1,0,0,0,1,0,0,0,0,1,1,0,0,1,0,purchase mill street pub,5785 meal entertainment
16,0,0,-315.98,3,5,7221,0,1,0,0,0,1,0,0,0,0,1,1,0,0,1,0,purchase nightingale restaurant,5785 meal entertainment
16,0,0,-174.06,5,5,7221,0,1,0,0,0,1,0,0,0,0,1,1,0,0,1,0,purchase nightingale restaurant,5785 meal entertainment
6,0,0,-812.59,10,5,2577,0,0,0,0,0,1,0,0,0,0,1,1,0,0,1,0,purchase urban golf clu,5785 meal entertainment
7,0,0,-49.83,4,5,8079,0,0,0,0,0,0,0,0,0,0,1,0,0,0,1,0,purchase pay*jubilant foodwork pizza monthly employee engagement,5785 meal entertainment
6,0,0,-303.5,2,4,2305,0,1,0,0,0,1,0,0,0,0,1,1,0,0,1,0,purchase pizzagarden,5785 meal entertainment
11,0,0,-634.0,2,2,3830,0,1,0,0,0,1,0,0,0,0,1,1,0,0,1,0,purchase purdys chocolati,5785 meal entertainment
7,0,0,-33.9,5,3,9357,0,0,0,0,0,0,0,0,0,0,1,0,0,0,1,0,purchase r r wealth investme hr team lunch,5785 meal entertainment
14,0,0,-90.75,3,5,976,0,1,0,0,0,1,0,0,0,0,1,1,0,0,1,0,purchase ramen gojiro,5785 meal entertainment
6,0,0,-361.46,2,6,83,0,1,0,0,0,1,0,0,0,0,1,1,0,0,1,0,purchase rileys restaurant,5785 meal entertainment
6,0,0,-138.48,5,3,83,0,1,0,0,0,1,0,0,0,0,1,1,0,0,1,0,purchase rileys restaurant,5785 meal entertainment
11,0,0,-590.7,7,3,83,0,1,0,0,0,1,0,0,0,0,1,1,0,0,1,0,purchase rileys restaurant,5785 meal entertainment
6,0,0,-300.16,9,4,83,0,1,0,0,0,1,0,0,0,0,1,1,0,0,1,0,purchase rileys restaurant,5785 meal entertainment
5,0,0,-500.0,11,2,4032,0,1,0,0,0,1,0,0,0,0,1,1,0,0,1,0,purchase rileysrestaurant.ca,5785 meal entertainment
6,0,0,-73.41,6,3,8640,0,1,0,0,0,1,0,0,0,0,1,1,0,0,1,0,purchase saaj restaurant priva,5785 meal entertainment
6,0,0,-32.77,6,4,2872,0,1,0,0,0,0,0,0,0,0,1,0,0,0,1,0,purchase sagar ratna,5785 meal entertainment
7,0,0,-166.99,11,4,2872,0,1,0,0,0,0,0,0,0,0,1,0,0,0,1,0,purchase sagar ratna monthly employee engagement event,5785 meal entertainment
7,0,0,-35.27,7,1,9154,0,0,0,0,0,0,0,0,0,0,1,0,0,0,1,0,purchase smart bazaar snack office fir 1 month,5785 meal entertainment
7,0,0,-61.05,8,1,9154,0,0,0,0,0,0,0,0,0,0,1,0,0,0,1,0,purchase smart bazaar office snack 2 month,5785 meal entertainment
7,0,0,-9.82,8,2,9154,0,0,0,0,0,0,0,0,0,0,1,0,0,0,1,0,purchase smart bazaar stationary office,5785 meal entertainment
7,0,0,-7.15,8,4,9154,0,0,0,0,0,0,0,0,0,0,1,0,0,0,1,0,purchase smart bazaar gift employee engagement activity,5785 meal entertainment
11,0,0,-19.0,10,2,317,0,1,0,0,0,1,0,0,0,0,1,1,0,0,1,0,purchase sq beaucoup bakery st,5785 meal entertainment
11,0,0,-57.81,3,3,317,0,1,0,0,0,1,0,0,0,0,1,1,0,0,1,0,purchase sq deville coffee b5 executive coach coffee,5785 meal entertainment
11,0,0,-184.36,10,3,317,0,0,0,0,0,1,0,0,0,0,1,1,0,0,1,0,purchase sq geo cider inc,5785 meal entertainment
6,0,0,-195.94,5,2,317,0,1,0,0,0,1,0,0,0,0,1,1,0,0,1,0,purchase sq joey bentall,5785 meal entertainment
5,0,0,-174.91,7,0,317,0,1,0,0,0,1,0,0,0,0,1,1,0,0,1,0,purchase sq joey bentall,5785 meal entertainment
6,0,0,-750.0,9,1,317,0,1,0,0,0,1,0,0,0,0,1,1,0,0,1,0,purchase sq joey bentall,5785 meal entertainment
11,0,0,-100.0,10,1,317,0,1,0,0,0,1,0,0,0,0,1,1,0,0,1,0,purchase sq joey bentall,5785 meal entertainment
6,0,0,-100.0,11,2,317,0,1,0,0,0,1,0,0,0,0,1,1,0,0,1,0,purchase sq joey bentall,5785 meal entertainment
6,0,0,-100.0,11,2,317,0,1,0,0,0,1,0,0,0,0,1,1,0,0,1,0,purchase sq joey bentall,5785 meal entertainment
6,0,0,-100.0,11,2,317,0,1,0,0,0,1,0,0,0,0,1,1,0,0,1,0,purchase sq joey bentall,5785 meal entertainment
16,0,0,-1131.38,4,5,317,0,0,0,0,0,1,0,0,0,0,1,1,0,0,1,0,purchase sq kook korean bbq,5785 meal entertainment
11,0,0,-105.0,4,4,317,0,1,0,0,0,1,0,0,0,0,1,1,0,0,1,0,purchase sq lee donut bentall,5785 meal entertainment
6,0,0,-3483.9,7,0,317,0,0,0,0,0,1,0,0,0,0,1,1,0,0,1,0,purchase sq steve smoked meat,5785 meal entertainment
6,0,0,-289.8,8,2,317,0,0,0,0,0,1,0,0,0,0,1,1,0,0,1,0,purchase sq steve smoked meat,5785 meal entertainment
8,0,0,-369.79,5,4,914,0,0,0,0,0,1,0,0,0,0,1,1,0,0,1,0,purchase sqsp inv181195613,5785 meal entertainment
6,0,0,-119.8,2,0,2628,0,1,0,0,0,1,0,0,0,0,1,1,0,0,1,0,purchase starbuck 04391,5785 meal entertainment
6,0,0,-12.4,2,0,2628,0,1,0,0,0,1,0,0,0,0,1,1,0,0,1,0,purchase starbuck 04391,5785 meal entertainment
11,0,0,-83.32,3,4,3044,0,1,0,0,0,1,0,0,0,0,1,1,0,0,1,0,purchase starbuck 04890 executive coaching meeting coffee,5785 meal entertainment
6,0,0,-100.0,4,5,3044,0,1,0,0,0,1,0,0,0,0,1,1,0,0,1,0,purchase starbuck 04890,5785 meal entertainment
11,0,0,-100.0,9,3,3044,0,1,0,0,0,1,0,0,0,0,1,1,0,0,1,0,purchase starbuck 04890,5785 meal entertainment
14,0,0,-84.99,8,2,5460,0,1,0,0,0,1,0,0,0,0,1,1,0,0,1,0,purchase sushi california,5785 meal entertainment
7,0,0,-44.06,8,3,286,0,1,0,0,0,1,0,0,0,0,1,1,0,0,1,0,purchase swiggy stationary office,5785 meal entertainment
14,0,0,-394.46,6,4,2784,0,0,0,0,0,1,0,0,0,0,1,1,0,0,1,0,purchase taqueria playa tropical,5785 meal entertainment
7,0,0,-60.85,12,3,1450,0,1,0,0,0,1,0,0,0,0,1,1,0,0,1,0,purchase tata starbuck private manoj coffee india team,5785 meal entertainment
6,0,0,-60.0,4,6,7535,0,1,0,0,0,1,0,0,0,0,1,1,0,0,1,0,purchase keg alberni,5785 meal entertainment
2,0,0,-342.77,12,2,7535,0,1,0,0,0,1,0,0,0,0,1,1,0,0,1,0,purchase keg alberni,5785 meal entertainment
5,0,0,-81.01,10,2,7069,0,1,0,0,0,1,0,0,0,0,1,1,0,0,1,0,purchase loose moose tap gri,5785 meal entertainment
5,0,0,-183.6,10,3,7069,0,1,0,0,0,1,0,0,0,0,1,1,0,0,1,0,purchase loose moose tap gri,5785 meal entertainment
6,0,0,-19.98,7,1,3851,0,1,0,0,0,1,0,0,0,0,1,1,0,0,1,0,purchase tim horton 2807,5785 meal entertainment
6,0,0,-19.98,7,1,5382,0,1,0,0,0,1,0,0,0,0,1,1,0,0,1,0,purchase tim horton 3351,5785 meal entertainment
0,16,16,-8820.0,12,0,6417,0,0,0,0,0,1,0,0,0,0,1,1,0,1,0,0,bill payment torus talent consultant torus talent consultant,5785 meal entertainment
6,0,0,-200.0,9,3,8960,0,1,0,0,0,1,0,0,0,0,1,1,0,0,1,0,purchase tst autostrada vanco,5785 meal entertainment
6,0,0,-2003.33,3,4,1078,0,1,0,0,0,1,0,0,0,0,1,1,0,0,1,0,purchase tst central tap foo,5785 meal entertainment
16,0,0,-82.8,5,3,1078,0,1,0,0,0,1,0,0,0,0,1,1,0,0,1,0,purchase tst central tap foo,5785 meal entertainment
2,0,0,-76.81,7,1,1078,0,1,0,0,0,1,0,0,0,0,1,1,0,0,1,0,purchase tst central tap foo,5785 meal entertainment
2,0,0,-74.96,8,4,1078,0,1,0,0,0,1,0,0,0,0,1,1,0,0,1,0,purchase tst central tap foo,5785 meal entertainment
2,0,0,-146.82,10,2,1078,0,1,0,0,0,1,0,0,0,0,1,1,0,0,1,0,purchase tst central tap foo,5785 meal entertainment
6,0,0,-75.0,11,1,1078,0,1,0,0,0,1,0,0,0,0,1,1,0,0,1,0,purchase tst central tap foo,5785 meal entertainment
6,0,0,-1062.08,11,3,1078,0,1,0,0,0,1,0,0,0,0,1,1,0,0,1,0,purchase tst central tap foo,5785 meal entertainment
6,0,0,-47.94,11,3,1078,0,1,0,0,0,1,0,0,0,0,1,1,0,0,1,0,purchase tst central tap foo,5785 meal entertainment
6,0,0,-327.8,1,5,1100,0,1,0,0,0,1,0,0,0,0,1,1,0,0,1,0,purchase tst folke,5785 meal entertainment
5,0,0,-88.14,10,2,3813,0,1,0,0,0,1,0,0,0,0,1,1,0,0,1,0,purchase tst raku toronto,5785 meal entertainment
11,0,0,-13.88,4,5,150,1,0,0,0,0,1,0,0,0,0,1,1,0,0,1,0,purchase uber canada ubertrip,5785 meal entertainment
6,0,0,-316.1,5,5,9070,0,0,0,0,0,1,0,0,0,0,1,1,0,0,1,0,purchase virtuous pie,5785 meal entertainment
6,0,0,-144.31,5,0,2578,0,0,0,0,0,0,0,0,0,0,1,0,0,0,1,0,purchase wild flour qc,5785 meal entertainment
7,0,0,-84.46,6,3,8295,0,0,0,0,0,1,0,0,0,0,1,1,0,0,1,0,purchase 5408 youmee ambi ggn lunch cory erin,5785 meal entertainment
6,0,0,-273.14,4,2,8680,1,0,0,0,0,0,0,0,0,0,1,0,0,0,1,0,purchase winford hotelandcasino,5785 meal entertainment
6,0,0,-7.22,5,1,2038,0,1,0,0,0,0,0,0,0,0,1,0,0,0,1,0,purchase grab,5785 meal entertainment
7,0,0,-40.01,8,4,513,0,1,0,0,0,0,0,0,0,0,1,0,0,0,1,0,purchase haldiram hamper win team,5785 meal entertainment
11,0,0,-41.75,9,1,3526,0,1,0,0,0,1,0,0,0,0,1,1,0,0,1,0,purchase www.breka.ca breka,5785 meal entertainment
6,0,0,-148.99,4,2,7388,0,0,0,0,0,0,0,0,0,0,1,0,0,0,1,0,purchase xdt*koenig cuisine cor,5785 meal entertainment
6,0,0,-208.32,9,2,5591,0,1,0,0,0,1,0,0,0,0,1,1,0,0,1,0,purchase yaletown keg,5785 meal entertainment
7,0,0,-92.94,8,4,513,0,1,0,0,0,0,0,0,0,0,1,0,0,0,1,0,purchase haldiram food aug employee engagement,5785 meal entertainment
6,0,0,-103.0,7,0,317,0,0,0,0,0,1,0,0,0,0,1,1,0,0,1,0,purchase sq ibubble soccer ltd,5785 meal entertainment
6,0,0,-302.56,7,1,317,0,0,0,0,0,1,0,0,0,0,1,1,0,0,1,0,purchase sq ibubble soccer ltd,5785 meal entertainment
11,0,0,-200.0,10,3,3044,0,1,0,0,0,1,0,0,0,0,1,1,0,0,1,0,purchase starbuck 04890,5785 meal entertainment
5,0,0,-16.12,10,2,5529,0,1,0,0,0,1,0,0,0,0,1,1,0,0,1,0,purchase starbuck pier c,5785 meal entertainment
11,0,0,-739.9,12,4,3663,0,1,0,0,0,1,0,0,0,0,1,1,0,0,1,0,purchase tst tacofino oasis,5785 meal entertainment
0,16,16,-31500.0,12,1,9790,0,0,0,0,0,1,0,0,0,0,1,1,0,1,0,0,bill payment 1558881 b.c ltd 1558881 b.c ltd,account payable sage
0,0,0,-157.5,10,1,660,0,0,0,0,0,1,0,0,0,0,1,1,0,1,0,0,bill payment 1909344 alberta ltd 1909344 alberta ltd,account payable sage
0,4,4,-7371.0,11,4,8178,0,0,0,0,0,1,0,0,0,0,1,1,0,1,0,0,bill payment 1909344 alberta ltd lead monk 1909344 alberta ltd lead monk,account payable sage
0,4,4,-157.5,11,4,8178,0,0,0,0,0,1,0,0,0,0,1,1,0,1,0,0,bill payment 1909344 alberta ltd lead monk 1909344 alberta ltd lead monk,account payable sage
0,16,16,-472.5,12,1,8178,0,0,0,0,0,1,0,0,0,0,1,1,0,1,0,0,bill payment 1909344 alberta ltd lead monk 1909344 alberta ltd lead monk,account payable sage
0,4,4,-136176.6,10,2,5278,0,0,0,0,0,1,0,0,0,0,1,1,0,1,0,0,bill payment 6069321 canada inc 6069321 canada inc,account payable sage
0,16,16,-1197.0,11,4,5278,0,0,0,0,0,1,0,0,0,0,1,1,0,1,0,0,bill payment 6069321 canada inc 6069321 canada inc,account payable sage
0,16,16,-132631.8,11,4,5278,0,0,0,0,0,1,0,0,0,0,1,1,0,1,0,0,bill payment 6069321 canada inc 6069321 canada inc,account payable sage
0,16,16,-156667.35,12,1,5278,0,0,0,0,0,1,0,0,0,0,1,1,0,1,0,0,bill payment 6069321 canada inc 6069321 canada inc,account payable sage
0,16,16,-929.25,12,1,5278,0,0,0,0,0,1,0,0,0,0,1,1,0,1,0,0,bill payment 6069321 canada inc 6069321 canada inc,account payable sage
0,4,4,-1579.5,11,4,2123,0,0,0,0,0,1,0,0,0,0,1,1,0,1,0,0,bill payment 9480 6353 quebec inc leadscout 9480 6353 quebec inc leadscout,account payable sage
0,16,16,-2759.12,12,1,2123,0,0,0,0,0,1,0,0,0,0,1,1,0,1,0,0,bill payment 9480 6353 quebec inc leadscout 9480 6353 quebec inc leadscout,account payable sage
3,0,0,-332.56,4,5,3396,0,0,1,0,0,0,0,0,0,0,1,0,0,0,1,0,purchase adobe 800 833 6687,account payable sage
3,0,0,-290.07,4,1,3396,0,0,1,0,0,0,0,0,0,0,1,0,0,0,1,0,purchase adobe 800 833 6687,account payable sage
3,0,0,-287.35,4,3,3396,0,0,1,0,0,0,0,0,0,0,1,0,0,0,1,0,purchase adobe 800 833 6687,account payable sage
3,0,0,-211.84,7,5,3396,0,0,1,0,0,0,0,0,0,0,1,0,0,0,1,0,purchase adobe 800 833 6687,account payable sage
3,0,0,-1063.89,7,2,3396,0,0,1,0,0,0,0,0,0,0,1,0,0,0,1,0,purchase adobe 800 833 6687,account payable sage
3,0,0,-142.77,8,5,3396,0,0,1,0,0,0,0,0,0,0,1,0,0,0,1,0,purchase adobe 800 833 6687,account payable sage
3,0,0,-178.48,8,5,3396,0,0,1,0,0,0,0,0,0,0,1,0,0,0,1,0,purchase adobe 800 833 6687,account payable sage
3,0,0,-575.6,8,4,3396,0,0,1,0,0,0,0,0,0,0,1,0,0,0,1,0,purchase adobe 800 833 6687,account payable sage
3,0,0,-673.56,9,5,3396,0,0,1,0,0,0,0,0,0,0,1,0,0,0,1,0,purchase adobe 800 833 6687,account payable sage
0,4,4,-3107.34,10,2,2664,0,0,0,1,0,1,0,0,0,0,1,1,0,1,0,0,bill payment amazon web service amazon web service,account payable sage
0,16,16,-162.97,11,4,2664,0,0,0,1,0,1,0,0,0,0,1,1,0,1,0,0,bill payment amazon web service amazon web service,account payable sage
0,4,4,-2799.3,10,2,9875,0,0,0,0,0,1,0,0,0,0,1,1,0,1,0,0,bill payment andrew piemonte andrew piemonte,account payable sage
0,4,4,-2799.3,11,1,9875,0,0,0,0,0,1,0,0,0,0,1,1,0,1,0,0,bill payment andrew piemonte andrew piemonte,account payable sage
0,4,4,-2799.3,11,4,9875,0,0,0,0,0,1,0,0,0,0,1,1,0,1,0,0,bill payment andrew piemonte andrew piemonte,account payable sage
0,4,4,-15232.4,10,2,8618,0,0,0,0,0,1,0,0,0,0,1,1,0,1,0,0,bill payment asset direct canada inc asset direct canada inc,account payable sage
0,4,4,-5360.72,11,4,8618,0,0,0,0,0,1,0,0,0,0,1,1,0,1,0,0,bill payment asset direct canada inc asset direct canada inc,account payable sage
0,16,16,-4058.96,11,4,8618,0,0,0,0,0,1,0,0,0,0,1,1,0,1,0,0,bill payment asset direct canada inc asset direct canada inc,account payable sage
0,16,16,-3814.88,12,1,8618,0,0,0,0,0,1,0,0,0,0,1,1,0,1,0,0,bill payment asset direct canada inc asset direct canada inc,account payable sage
0,16,16,-7349.52,12,1,8618,0,0,0,0,0,1,0,0,0,0,1,1,0,1,0,0,bill payment asset direct canada inc asset direct canada inc,account payable sage
0,16,16,-2768.5,12,1,8618,0,0,0,0,0,1,0,0,0,0,1,1,0,1,0,0,bill payment asset direct canada inc asset direct canada inc,account payable sage
0,16,16,-3191.12,12,1,8618,0,0,0,0,0,1,0,0,0,0,1,1,0,1,0,0,bill payment asset direct canada inc asset direct canada inc,account payable sage
0,4,4,-2299.5,11,4,433,0,0,0,0,0,1,0,0,0,0,1,1,0,1,0,0,bill payment beautifi solutions inc beautifi solutions inc,account payable sage
0,16,16,-882.0,12,1,433,0,0,0,0,0,1,0,0,0,0,1,1,0,1,0,0,bill payment beautifi solutions inc beautifi solutions inc,account payable sage
0,4,4,-182908.58,10,2,8283,0,0,0,0,0,1,0,0,0,0,1,1,0,1,0,0,bill payment borrowell borrowell,account payable sage
0,16,16,-186748.32,11,4,8283,0,0,0,0,0,1,0,0,0,0,1,1,0,1,0,0,bill payment borrowell borrowell,account payable sage
0,16,16,-167762.06,12,1,8283,0,0,0,0,0,1,0,0,0,0,1,1,0,1,0,0,bill payment borrowell borrowell,account payable sage
0,4,4,-988.75,11,4,8993,0,0,0,0,0,1,0,0,0,0,1,1,0,1,0,0,bill payment bree technologies ltd bree technologies ltd,account payable sage
0,16,16,-1977.5,12,1,8993,0,0,0,0,0,1,0,0,0,0,1,1,0,1,0,0,bill payment bree technologies ltd bree technologies ltd,account payable sage
4,0,0,-5318.25,5,3,7059,0,0,0,0,0,1,0,0,0,0,1,1,0,0,1,0,purchase canem systems ltd time credit card payment legal invoice,account payable sage
0,4,4,-58468.48,10,2,5708,0,0,0,0,0,1,0,0,0,0,1,1,0,1,0,0,bill payment clearscore canada ltd clearscore canada ltd,account payable sage
0,16,16,-59960.32,11,4,5708,0,0,0,0,0,1,0,0,0,0,1,1,0,1,0,0,bill payment clearscore canada ltd clearscore canada ltd,account payable sage
0,4,4,-1407.56,11,4,398,0,0,0,0,0,1,0,0,0,0,1,1,0,1,0,0,bill payment cogent canada inc cogent canada inc,account payable sage
0,16,16,-1407.56,12,1,398,0,0,0,0,0,1,0,0,0,0,1,1,0,1,0,0,bill payment cogent canada inc cogent canada inc,account payable sage
0,4,4,-81750.0,10,2,6977,0,0,0,0,0,1,0,0,0,0,1,1,0,1,0,0,bill payment credit karma credit karma,account payable sage
0,16,16,-70500.0,11,4,6977,0,0,0,0,0,1,0,0,0,0,1,1,0,1,0,0,bill payment credit karma credit karma,account payable sage
0,16,16,-64000.0,12,1,6977,0,0,0,0,0,1,0,0,0,0,1,1,0,1,0,0,bill payment credit karma credit karma,account payable sage
0,16,16,-2356.7,12,1,8515,0,0,1,0,0,1,0,0,0,0,1,1,0,1,0,0,bill payment dropbox dropbox,account payable sage
5,0,0,-15000.0,7,0,3354,0,0,0,0,0,1,0,0,0,0,1,1,0,0,1,0,purchase easyhome golf,account payable sage
0,16,16,-3584.39,12,1,2576,0,0,0,0,0,1,0,0,0,0,1,1,0,1,0,0,bill payment equifax canada co equifax canada co,account payable sage
0,0,0,-55.54,10,1,6185,0,0,0,0,0,1,0,0,0,0,1,1,0,1,0,0,bill payment esc corporate services ltd esc corporate services ltd,account payable sage
0,4,4,-128.9,11,4,6185,0,0,0,0,0,1,0,0,0,0,1,1,0,1,0,0,bill payment esc corporate services ltd esc corporate services ltd,account payable sage
0,16,16,-139.42,12,1,6185,0,0,0,0,0,1,0,0,0,0,1,1,0,1,0,0,bill payment esc corporate services ltd esc corporate services ltd,account payable sage
4,0,0,-366.59,1,1,3501,0,0,0,0,0,0,0,0,0,0,1,0,0,0,1,0,purchase feefo holdings ltd,account payable sage
4,0,0,-365.0,2,2,3501,0,0,0,0,0,0,0,0,0,0,1,0,0,0,1,0,purchase feefo holdings ltd,account payable sage
4,0,0,-367.64,3,4,3501,0,0,0,0,0,0,0,0,0,0,1,0,0,0,1,0,purchase feefo holdings ltd,account payable sage
4,0,0,-372.89,4,1,3501,0,0,0,0,0,0,0,0,0,0,1,0,0,0,1,0,purchase feefo holdings ltd,account payable sage
4,0,0,-371.74,5,1,3501,0,0,0,0,0,0,0,0,0,0,1,0,0,0,1,0,purchase feefo holdings ltd,account payable sage
4,0,0,-365.29,6,2,3501,0,0,0,0,0,0,0,0,0,0,1,0,0,0,1,0,purchase feefo holdings ltd,account payable sage
4,0,0,-365.34,7,2,3501,0,0,0,0,0,0,0,0,0,0,1,0,0,0,1,0,purchase feefo holdings ltd,account payable sage
4,0,0,-366.81,8,6,3501,0,0,0,0,0,0,0,0,0,0,1,0,0,0,1,0,purchase feefo holdings ltd,account payable sage
4,0,0,-369.64,9,4,3501,0,0,0,0,0,0,0,0,0,0,1,0,0,0,1,0,purchase feefo holdings ltd,account payable sage
4,0,0,-374.0,10,1,3501,0,0,0,0,0,0,0,0,0,0,1,0,0,0,1,0,purchase feefo holdings ltd,account payable sage
4,0,0,-374.97,11,2,3501,0,0,0,0,0,0,0,0,0,0,1,0,0,0,1,0,purchase feefo holdings ltd,account payable sage
4,0,0,-368.38,12,5,3501,0,0,0,0,0,0,0,0,0,0,1,0,0,0,1,0,purchase feefo holdings ltd,account payable sage
0,4,4,-2509.5,10,2,1382,0,0,0,0,0,1,0,0,0,0,1,1,0,1,0,0,bill payment finder.com finder.com,account payable sage
0,16,16,-2751.0,11,4,1382,0,0,0,0,0,1,0,0,0,0,1,1,0,1,0,0,bill payment finder.com finder.com,account payable sage
0,16,16,-2919.0,12,1,1382,0,0,0,0,0,1,0,0,0,0,1,1,0,1,0,0,bill payment finder.com finder.com,account payable sage
0,4,4,-2268.8,11,4,2700,0,0,0,0,0,1,0,0,0,0,1,1,0,1,0,0,bill payment fintelconnect fintelconnect,account payable sage
0,16,16,-1583.6,12,1,2700,0,0,0,0,0,1,0,0,0,0,1,1,0,1,0,0,bill payment fintelconnect fintelconnect,account payable sage
0,4,4,-54370.04,10,2,2154,0,0,0,0,0,1,0,0,0,0,1,1,0,1,0,0,bill payment five9 inc five9 inc,account payable sage
0,16,16,-50575.21,11,4,2154,0,0,0,0,0,1,0,0,0,0,1,1,0,1,0,0,bill payment five9 inc five9 inc,account payable sage
0,16,16,-52046.78,12,1,2154,0,0,0,0,0,1,0,0,0,0,1,1,0,1,0,0,bill payment five9 inc five9 inc,account payable sage
0,4,4,-15493.63,10,2,9251,0,0,0,0,0,1,0,0,0,0,1,1,0,1,0,0,bill payment flinks technology inc flink technology inc,account payable sage
0,16,16,-19225.37,11,4,9251,0,0,0,0,0,1,0,0,0,0,1,1,0,1,0,0,bill payment flinks technology inc flink technology inc,account payable sage
0,16,16,-18217.59,12,1,9251,0,0,0,0,0,1,0,0,0,0,1,1,0,1,0,0,bill payment flinks technology inc flink technology inc,account payable sage
0,16,16,-3268.13,12,1,9635,0,0,0,0,0,1,0,0,0,0,1,1,0,1,0,0,bill payment loan loan,account payable sage
0,16,16,-315.0,12,1,9635,0,0,0,0,0,1,0,0,0,0,1,1,0,1,0,0,bill payment loan loan,account payable sage
0,4,4,-376913.12,10,2,8971,0,0,0,0,0,1,0,0,0,0,1,1,0,1,0,0,bill payment google llc google llc,account payable sage
0,4,4,-3746.55,10,2,8971,0,0,0,0,0,1,0,0,0,0,1,1,0,1,0,0,bill payment google llc google llc,account payable sage
0,16,16,-8376.73,11,4,8971,0,0,0,0,0,1,0,0,0,0,1,1,0,1,0,0,bill payment google llc google llc,account payable sage
0,16,16,-369445.91,11,4,8971,0,0,0,0,0,1,0,0,0,0,1,1,0,1,0,0,bill payment google llc google llc,account payable sage
0,16,16,-322547.33,12,1,8971,0,0,0,0,0,1,0,0,0,0,1,1,0,1,0,0,bill payment google llc google llc,account payable sage
0,16,16,-3220.59,12,1,8971,0,0,0,0,0,1,0,0,0,0,1,1,0,1,0,0,bill payment google llc google llc,account payable sage
0,4,4,-1390.57,10,2,4386,0,0,0,0,0,1,0,0,0,0,1,1,0,1,0,0,bill payment grant thornton grant thornton,account payable sage
0,16,16,-71409.0,11,3,4495,0,0,0,0,0,1,0,0,0,0,1,1,0,1,0,0,bill payment hub insurance hub insurance,account payable sage
0,16,16,-11511.0,11,3,4495,0,0,0,0,0,1,0,0,0,0,1,1,0,1,0,0,bill payment hub insurance hub insurance,account payable sage
0,16,16,-250.0,12,1,4495,0,0,0,0,0,1,0,0,0,0,1,1,0,1,0,0,bill payment hub insurance hub insurance,account payable sage
0,4,4,-49135.0,10,2,3944,0,0,0,0,0,1,0,0,0,0,1,1,0,1,0,0,bill payment kingstar medium kingstar medium,account payable sage
0,16,16,-39550.0,11,4,3944,0,0,0,0,0,1,0,0,0,0,1,1,0,1,0,0,bill payment kingstar medium kingstar medium,account payable sage
0,16,16,-39550.0,12,1,3944,0,0,0,0,0,1,0,0,0,0,1,1,0,1,0,0,bill payment kingstar medium kingstar medium,account payable sage
0,4,4,-8481.24,10,2,3812,0,0,0,0,0,1,0,0,0,0,1,1,0,1,0,0,bill payment long view system corporation long view system corporation,account payable sage
0,4,4,-1200.6,10,2,3812,0,0,0,0,0,1,0,0,0,0,1,1,0,1,0,0,bill payment long view system corporation long view system corporation,account payable sage
0,4,4,-2903.04,10,2,3812,0,0,0,0,0,1,0,0,0,0,1,1,0,1,0,0,bill payment long view system corporation long view system corporation,account payable sage
0,4,4,-886.86,11,4,3812,0,0,0,0,0,1,0,0,0,0,1,1,0,1,0,0,bill payment long view system corporation long view system corporation,account payable sage
0,16,16,-16930.55,11,4,3812,0,0,0,0,0,1,0,0,0,0,1,1,0,1,0,0,bill payment long view system corporation long view system corporation,account payable sage
0,16,16,-780.64,11,4,3812,0,0,0,0,0,1,0,0,0,0,1,1,0,1,0,0,bill payment long view system corporation long view system corporation,account payable sage
0,16,16,-15101.38,11,4,3812,0,0,0,0,0,1,0,0,0,0,1,1,0,1,0,0,bill payment long view system corporation long view system corporation,account payable sage
0,16,16,-1200.6,11,4,3812,0,0,0,0,0,1,0,0,0,0,1,1,0,1,0,0,bill payment long view system corporation long view system corporation,account payable sage
0,16,16,-1200.6,12,1,3812,0,0,0,0,0,1,0,0,0,0,1,1,0,1,0,0,bill payment long view system corporation long view system corporation,account payable sage
4,0,0,-1772.43,5,4,2252,0,0,0,0,0,0,0,0,0,0,1,0,0,0,1,0,purchase mantle time credit card payment legal invoice,account payable sage
6,0,0,-295.78,9,1,7302,0,0,1,0,0,1,0,0,0,0,1,1,0,0,1,0,purchase middlewarehq pmo card initially middleware additional license payment,account payable sage
6,0,0,-278.81,10,6,7302,0,0,1,0,0,0,0,0,0,0,1,0,0,0,1,0,purchase middlewarehq pmo card initially middleware additional license payment,account payable sage
6,0,0,-283.93,10,1,7302,0,0,1,0,0,0,0,0,0,0,1,0,0,0,1,0,purchase middlewarehq pmo card initially middleware additional license payment,account payable sage
6,0,0,-283.91,10,1,7302,0,0,1,0,0,0,0,0,0,0,1,0,0,0,1,0,purchase middlewarehq pmo card initially middleware additional license payment,account payable sage
6,0,0,-283.93,10,1,7302,0,0,1,0,0,0,0,0,0,0,1,0,0,0,1,0,purchase middlewarehq pmo card initially middleware additional license payment,account payable sage
4,0,0,-1514.61,1,4,184,0,0,0,0,0,0,0,0,0,0,1,0,0,0,1,0,purchase nectar hr time credit card payment legal invoice,account payable sage
4,0,0,-1514.61,1,4,184,0,0,0,0,0,0,0,0,0,0,1,0,0,0,1,0,purchase nectar hr time credit card payment legal invoice,account payable sage
4,0,0,-1514.61,1,4,184,0,0,0,0,0,0,0,0,0,0,1,0,0,0,1,0,purchase nectar hr time credit card payment legal invoice,account payable sage
4,0,0,-1514.18,1,4,184,0,0,0,0,0,0,0,0,0,0,1,0,0,0,1,0,purchase nectar hr time credit card payment legal invoice,account payable sage
4,0,0,-1507.88,2,6,184,0,0,0,0,0,0,0,0,0,0,1,0,0,0,1,0,purchase nectar hr time credit card payment legal invoice,account payable sage
4,0,0,-1507.88,2,1,184,0,0,0,0,0,0,0,0,0,0,1,0,0,0,1,0,purchase nectar hr time credit card payment legal invoice,account payable sage
4,0,0,-1496.95,2,1,184,0,0,0,0,0,0,0,0,0,0,1,0,0,0,1,0,purchase nectar hr time credit card payment legal invoice,account payable sage
4,0,0,-1511.14,3,4,184,0,0,0,0,0,0,0,0,0,0,1,0,0,0,1,0,purchase nectar hr time credit card payment legal invoice,account payable sage
4,0,0,-1516.39,3,5,184,0,0,0,0,0,0,0,0,0,0,1,0,0,0,1,0,purchase nectar hr colombia payout,account payable sage
4,0,0,-1498.85,4,5,184,0,0,0,0,0,0,0,0,0,0,1,0,0,0,1,0,purchase nectar hr colombia payout,account payable sage
4,0,0,-1498.85,4,5,184,0,0,0,0,0,0,0,0,0,0,1,0,0,0,1,0,purchase nectar hr colombia payout,account payable sage
4,0,0,-1455.33,5,2,184,0,0,0,0,0,0,0,0,0,0,1,0,0,0,1,0,purchase nectar hr colombia payout,account payable sage
4,0,0,-1455.33,5,3,184,0,0,0,0,0,0,0,0,0,0,1,0,0,0,1,0,purchase nectar hr colombia payout,account payable sage
4,0,0,-1473.2,5,2,184,0,0,0,0,0,0,0,0,0,0,1,0,0,0,1,0,purchase nectar hr colombia payout,account payable sage
4,0,0,-1445.46,6,2,184,0,0,0,0,0,0,0,0,0,0,1,0,0,0,1,0,purchase nectar hr colombia payout,account payable sage
4,0,0,-1444.51,6,2,184,0,0,0,0,0,0,0,0,0,0,1,0,0,0,1,0,purchase nectar hr colombia payout,account payable sage
4,0,0,-1432.11,7,4,184,0,0,0,0,0,0,0,0,0,0,1,0,0,0,1,0,purchase nectar hr colombia payout,account payable sage
4,0,0,-1432.11,7,4,184,0,0,0,0,0,0,0,0,0,0,1,0,0,0,1,0,purchase nectar hr colombia payout,account payable sage
4,0,0,-2910.1,8,4,184,0,0,0,0,0,0,0,0,0,0,1,0,0,0,1,0,purchase nectar hr colombia payout,account payable sage
4,0,0,-2895.18,8,4,184,0,0,0,0,0,0,0,0,0,0,1,0,0,0,1,0,purchase nectar hr colombia payout,account payable sage
4,0,0,-1455.43,9,4,184,0,0,0,0,0,0,0,0,0,0,1,0,0,0,1,0,purchase nectar hr colombia payout,account payable sage
4,0,0,-2202.26,10,2,184,0,0,0,0,0,0,0,0,0,0,1,0,0,0,1,0,purchase nectar hr colombia payout,account payable sage
4,0,0,-1479.5,11,2,184,0,0,0,0,0,0,0,0,0,0,1,0,0,0,1,0,purchase nectar hr colombia payout,account payable sage
4,0,0,-1469.11,12,4,184,0,0,0,0,0,0,0,0,0,0,1,0,0,0,1,0,purchase nectar hr colombia payout,account payable sage
4,0,0,-1469.11,12,4,184,0,0,0,0,0,0,0,0,0,0,1,0,0,0,1,0,purchase nectar hr colombia payout,account payable sage
0,4,4,-94823.68,11,4,1520,0,0,0,0,0,1,0,0,0,0,1,1,0,1,0,0,bill payment neo financial neo financial,account payable sage
0,16,16,-26373.76,12,1,1520,0,0,0,0,0,1,0,0,0,0,1,1,0,1,0,0,bill payment neo financial neo financial,account payable sage
0,4,4,-1449.0,11,4,5274,0,0,0,0,0,1,0,0,0,0,1,1,0,1,0,0,bill payment nfp medium llc lendforall nfp medium llc lendforall,account payable sage
0,16,16,-1470.0,12,1,5274,0,0,0,0,0,1,0,0,0,0,1,1,0,1,0,0,bill payment nfp medium llc lendforall nfp medium llc lendforall,account payable sage
0,4,4,-165.99,10,2,2410,0,0,0,0,0,1,0,0,0,0,1,1,0,1,0,0,bill payment osler hoskin harcourt llp osler hoskin harcourt llp,account payable sage
0,4,4,-1616.09,10,2,2410,0,0,0,0,0,1,0,0,0,0,1,1,0,1,0,0,bill payment osler hoskin harcourt llp osler hoskin harcourt llp,account payable sage
0,4,4,-194.88,10,2,2410,0,0,0,0,0,1,0,0,0,0,1,1,0,1,0,0,bill payment osler hoskin harcourt llp osler hoskin harcourt llp,account payable sage
0,4,4,-2434.33,10,2,2410,0,0,0,0,0,1,0,0,0,0,1,1,0,1,0,0,bill payment osler hoskin harcourt llp osler hoskin harcourt llp,account payable sage
0,4,4,-560.02,10,2,2410,0,0,0,0,0,1,0,0,0,0,1,1,0,1,0,0,bill payment osler hoskin harcourt llp osler hoskin harcourt llp,account payable sage
0,4,4,-173.47,10,4,2410,0,0,0,0,0,1,0,0,0,0,1,1,0,1,0,0,bill payment osler hoskin harcourt llp osler hoskin harcourt llp,account payable sage
0,16,16,-6148.8,11,4,2410,0,0,0,0,0,1,0,0,0,0,1,1,0,1,0,0,bill payment osler hoskin harcourt llp osler hoskin harcourt llp,account payable sage
0,16,16,-4742.25,11,4,2410,0,0,0,0,0,1,0,0,0,0,1,1,0,1,0,0,bill payment osler hoskin harcourt llp osler hoskin harcourt llp,account payable sage
0,16,16,-960.96,11,4,2410,0,0,0,0,0,1,0,0,0,0,1,1,0,1,0,0,bill payment osler hoskin harcourt llp osler hoskin harcourt llp,account payable sage
0,16,16,-1703.52,12,1,2410,0,0,0,0,0,1,0,0,0,0,1,1,0,1,0,0,bill payment osler hoskin harcourt llp osler hoskin harcourt llp,account payable sage
0,16,16,-48.73,12,1,2410,0,0,0,0,0,1,0,0,0,0,1,1,0,1,0,0,bill payment osler hoskin harcourt llp osler hoskin harcourt llp,account payable sage
0,16,16,-413.28,12,1,2410,0,0,0,0,0,1,0,0,0,0,1,1,0,1,0,0,bill payment osler hoskin harcourt llp osler hoskin harcourt llp,account payable sage
0,16,16,-12197.9,12,1,7166,0,0,0,0,0,1,0,0,0,0,1,1,0,1,0,0,bill payment plaid cad plaid cad,account payable sage
0,4,4,-76.5,10,2,2838,0,0,0,0,0,1,0,0,0,0,1,1,0,1,0,0,bill payment quench canada quench canada,account payable sage
0,16,16,-76.5,11,1,2838,0,0,0,0,0,1,0,0,0,0,1,1,0,1,0,0,bill payment quench canada quench canada,account payable sage
0,16,16,-76.5,12,1,2838,0,0,0,0,0,1,0,0,0,0,1,1,0,1,0,0,bill payment quench canada quench canada,account payable sage
0,4,4,-1344.0,10,2,2976,0,0,0,0,0,1,0,0,0,0,1,1,0,1,0,0,bill payment ratehub ratehub,account payable sage
0,16,16,-1848.0,11,4,2976,0,0,0,0,0,1,0,0,0,0,1,1,0,1,0,0,bill payment ratehub ratehub,account payable sage
0,16,16,-1816.5,12,1,2976,0,0,0,0,0,1,0,0,0,0,1,1,0,1,0,0,bill payment ratehub ratehub,account payable sage
0,16,16,-23014.99,11,4,5559,0,0,0,0,0,1,0,0,0,0,1,1,0,1,0,0,bill payment sinch communication sinch communication,account payable sage
0,16,16,-27318.6,12,1,5559,0,0,0,0,0,1,0,0,0,0,1,1,0,1,0,0,bill payment sinch communication sinch communication,account payable sage
0,4,4,-19452.95,11,4,214,0,0,0,0,0,1,0,0,0,0,1,1,0,1,0,0,bill payment smarter loans inc smarter loans inc,account payable sage
0,16,16,-13192.75,12,1,214,0,0,0,0,0,1,0,0,0,0,1,1,0,1,0,0,bill payment smarter loans inc smarter loans inc,account payable sage
0,16,16,-107972.48,11,4,1773,0,0,0,0,0,1,0,0,0,0,1,1,0,1,0,0,bill payment snowflake snowflake,account payable sage
0,16,16,-22479.75,11,3,8100,0,0,0,0,0,1,0,0,0,0,1,1,0,1,0,0,bill payment south coast bc transportation authority translink south coast bc transportation authority translink,account payable sage
0,4,4,-462.4,12,4,8100,0,0,0,0,0,1,0,0,0,0,1,1,0,1,0,0,bill payment south coast bc transportation authority translink south coast bc transportation authority translink,account payable sage
0,16,16,-26437.8,12,2,8100,0,0,0,0,0,1,0,0,0,0,1,1,0,1,0,0,bill payment south coast bc transportation authority translink south coast bc transportation authority translink,account payable sage
0,4,4,-35780.27,10,2,813,0,0,0,0,0,1,0,0,0,0,1,1,0,1,0,0,bill payment sun life financial sun life financial,account payable sage
0,16,16,-50853.75,11,4,813,0,0,0,0,0,1,0,0,0,0,1,1,0,1,0,0,bill payment sun life financial sun life financial,account payable sage
0,16,16,-41064.39,12,1,813,0,0,0,0,0,1,0,0,0,0,1,1,0,1,0,0,bill payment sun life financial sun life financial,account payable sage
0,16,16,-4746.0,12,1,4924,0,0,0,0,0,1,0,0,0,0,1,1,0,1,0,0,bill payment tekrek ltd tekrek ltd,account payable sage
0,16,16,-9492.0,12,1,4924,0,0,0,0,0,1,0,0,0,0,1,1,0,1,0,0,bill payment tekrek ltd tekrek ltd,account payable sage
0,16,16,-5071.5,12,0,2935,0,0,0,0,0,1,0,0,0,0,1,1,0,1,0,0,bill payment mexican mexican,account payable sage
0,4,4,-84141.65,10,2,6992,0,0,0,0,0,1,0,0,0,0,1,1,0,1,0,0,bill payment trans union canada inc trans union canada inc,account payable sage
0,16,16,-78861.32,11,4,6992,0,0,0,0,0,1,0,0,0,0,1,1,0,1,0,0,bill payment trans union canada inc trans union canada inc,account payable sage
0,16,16,-81284.0,12,1,6992,0,0,0,0,0,1,0,0,0,0,1,1,0,1,0,0,bill payment trans union canada inc trans union canada inc,account payable sage
4,0,0,-8.42,5,3,5268,0,0,0,0,0,0,0,0,0,0,1,0,0,0,1,0,purchase trulioo.com,account payable sage
