aggregated_text,auto,card,cypress,cypress hill,cypress hill use,cypress portfolio,cypress portfolio 20,financial,limit,manage,match renewal,match renewal requirement,need,passtime,platform,product,product manage,product manage cypress,purchase,renewal,spring,update,update card,update card limit,use,use passtime,use passtime platform,gl_code
purchase alberta insurance council license renewal,0.0,0.0,0.0,0.0,0.0,0.0,0.0,0.0,0.0,0.0,0.0,0.0,0.0,0.0,0.0,0.0,0.0,0.0,0.35791136410263513,0.9337555651487123,0.0,0.0,0.0,0.0,0.0,0.0,0.0,1320 prepaid expense
purchase articulate global llc,0.0,0.0,0.0,0.0,0.0,0.0,0.0,0.0,0.0,0.0,0.0,0.0,0.0,0.0,0.0,0.0,0.0,0.0,1.0,0.0,0.0,0.0,0.0,0.0,0.0,0.0,0.0,1320 prepaid expense
purchase asana.com,0.0,0.0,0.0,0.0,0.0,0.0,0.0,0.0,0.0,0.0,0.0,0.0,0.0,0.0,0.0,0.0,0.0,0.0,1.0,0.0,0.0,0.0,0.0,0.0,0.0,0.0,0.0,1320 prepaid expense
purchase autopal software,0.0,0.0,0.0,0.0,0.0,0.0,0.0,0.0,0.0,0.0,0.0,0.0,0.0,0.0,0.0,0.0,0.0,0.0,1.0,0.0,0.0,0.0,0.0,0.0,0.0,0.0,0.0,1320 prepaid expense
purchase browserstack.com,0.0,0.0,0.0,0.0,0.0,0.0,0.0,0.0,0.0,0.0,0.0,0.0,0.0,0.0,0.0,0.0,0.0,0.0,1.0,0.0,0.0,0.0,0.0,0.0,0.0,0.0,0.0,1320 prepaid expense
purchase city vancouver bl d license renewal,0.0,0.0,0.0,0.0,0.0,0.0,0.0,0.0,0.0,0.0,0.0,0.0,0.0,0.0,0.0,0.0,0.0,0.0,0.35791136410263513,0.9337555651487123,0.0,0.0,0.0,0.0,0.0,0.0,0.0,1320 prepaid expense
purchase consumer protection bc license renewal,0.0,0.0,0.0,0.0,0.0,0.0,0.0,0.0,0.0,0.0,0.0,0.0,0.0,0.0,0.0,0.0,0.0,0.0,0.35791136410263513,0.9337555651487123,0.0,0.0,0.0,0.0,0.0,0.0,0.0,1320 prepaid expense
purchase consumer protection offic license renewal,0.0,0.0,0.0,0.0,0.0,0.0,0.0,0.0,0.0,0.0,0.0,0.0,0.0,0.0,0.0,0.0,0.0,0.0,0.35791136410263513,0.9337555651487123,0.0,0.0,0.0,0.0,0.0,0.0,0.0,1320 prepaid expense
purchase figma,0.0,0.0,0.0,0.0,0.0,0.0,0.0,0.0,0.0,0.0,0.0,0.0,0.0,0.0,0.0,0.0,0.0,0.0,1.0,0.0,0.0,0.0,0.0,0.0,0.0,0.0,0.0,1320 prepaid expense
purchase financial consumer af license renewal,0.0,0.0,0.0,0.0,0.0,0.0,0.0,0.681235113969858,0.0,0.0,0.0,0.0,0.0,0.0,0.0,0.0,0.0,0.0,0.2620142740459425,0.6835694841716184,0.0,0.0,0.0,0.0,0.0,0.0,0.0,1320 prepaid expense
purchase law society ontario license renewal,0.0,0.0,0.0,0.0,0.0,0.0,0.0,0.0,0.0,0.0,0.0,0.0,0.0,0.0,0.0,0.0,0.0,0.0,0.35791136410263513,0.9337555651487123,0.0,0.0,0.0,0.0,0.0,0.0,0.0,1320 prepaid expense
purchase pablo province al license renewal,0.0,0.0,0.0,0.0,0.0,0.0,0.0,0.0,0.0,0.0,0.0,0.0,0.0,0.0,0.0,0.0,0.0,0.0,0.35791136410263513,0.9337555651487123,0.0,0.0,0.0,0.0,0.0,0.0,0.0,1320 prepaid expense
purchase service bureau,0.0,0.0,0.0,0.0,0.0,0.0,0.0,0.0,0.0,0.0,0.0,0.0,0.0,0.0,0.0,0.0,0.0,0.0,1.0,0.0,0.0,0.0,0.0,0.0,0.0,0.0,0.0,1320 prepaid expense
purchase upwork -853413076ref,0.0,0.0,0.0,0.0,0.0,0.0,0.0,0.0,0.0,0.0,0.0,0.0,0.0,0.0,0.0,0.0,0.0,0.0,1.0,0.0,0.0,0.0,0.0,0.0,0.0,0.0,0.0,1358 bloom app inc
purchase upwork -855595657ref,0.0,0.0,0.0,0.0,0.0,0.0,0.0,0.0,0.0,0.0,0.0,0.0,0.0,0.0,0.0,0.0,0.0,0.0,1.0,0.0,0.0,0.0,0.0,0.0,0.0,0.0,0.0,1358 bloom app inc
purchase upwork -857766927ref,0.0,0.0,0.0,0.0,0.0,0.0,0.0,0.0,0.0,0.0,0.0,0.0,0.0,0.0,0.0,0.0,0.0,0.0,1.0,0.0,0.0,0.0,0.0,0.0,0.0,0.0,0.0,1358 bloom app inc
purchase upwork -859901556ref,0.0,0.0,0.0,0.0,0.0,0.0,0.0,0.0,0.0,0.0,0.0,0.0,0.0,0.0,0.0,0.0,0.0,0.0,1.0,0.0,0.0,0.0,0.0,0.0,0.0,0.0,0.0,1358 bloom app inc
bill payment national bank canada national bank canada,0.0,0.0,0.0,0.0,0.0,0.0,0.0,0.0,0.0,0.0,0.0,0.0,0.0,0.0,0.0,0.0,0.0,0.0,0.0,0.0,0.0,0.0,0.0,0.0,0.0,0.0,0.0,1359 1478897
purchase apple.com/ca 2x designer macbook hardware refreshment charge 1 2 order,0.0,0.0,0.0,0.0,0.0,0.0,0.0,0.0,0.0,0.0,0.0,0.0,0.0,0.0,0.0,0.0,0.0,0.0,1.0,0.0,0.0,0.0,0.0,0.0,0.0,0.0,0.0,1820 office furniture equipment
purchase apple.com/ca 2x designer macbook hardware refreshment charge 2 2 order,0.0,0.0,0.0,0.0,0.0,0.0,0.0,0.0,0.0,0.0,0.0,0.0,0.0,0.0,0.0,0.0,0.0,0.0,1.0,0.0,0.0,0.0,0.0,0.0,0.0,0.0,0.0,1820 office furniture equipment
purchase fairdeal electronic invoice 2 tv office,0.0,0.0,0.0,0.0,0.0,0.0,0.0,0.0,0.0,0.0,0.0,0.0,0.0,0.0,0.0,0.0,0.0,0.0,1.0,0.0,0.0,0.0,0.0,0.0,0.0,0.0,0.0,1820 office furniture equipment
purchase luv com buy iphone qa testing,0.0,0.0,0.0,0.0,0.0,0.0,0.0,0.0,0.0,0.0,0.0,0.0,0.0,0.0,0.0,0.0,0.0,0.0,1.0,0.0,0.0,0.0,0.0,0.0,0.0,0.0,0.0,1820 office furniture equipment
purchase source office furnishi actually furniture 5 desk sense office expense,0.0,0.0,0.0,0.0,0.0,0.0,0.0,0.0,0.0,0.0,0.0,0.0,0.0,0.0,0.0,0.0,0.0,0.0,1.0,0.0,0.0,0.0,0.0,0.0,0.0,0.0,0.0,1820 office furniture equipment
purchase source office furnishi,0.0,0.0,0.0,0.0,0.0,0.0,0.0,0.0,0.0,0.0,0.0,0.0,0.0,0.0,0.0,0.0,0.0,0.0,1.0,0.0,0.0,0.0,0.0,0.0,0.0,0.0,0.0,1820 office furniture equipment
refund sp wazofurniture,0.0,0.0,0.0,0.0,0.0,0.0,0.0,0.0,0.0,0.0,0.0,0.0,0.0,0.0,0.0,0.0,0.0,0.0,0.0,0.0,0.0,0.0,0.0,0.0,0.0,0.0,0.0,1820 office furniture equipment
purchase temu.com desk desktop mount yvr office,0.0,0.0,0.0,0.0,0.0,0.0,0.0,0.0,0.0,0.0,0.0,0.0,0.0,0.0,0.0,0.0,0.0,0.0,1.0,0.0,0.0,0.0,0.0,0.0,0.0,0.0,0.0,1820 office furniture equipment
purchase uline whiteboard cory office,0.0,0.0,0.0,0.0,0.0,0.0,0.0,0.0,0.0,0.0,0.0,0.0,0.0,0.0,0.0,0.0,0.0,0.0,1.0,0.0,0.0,0.0,0.0,0.0,0.0,0.0,0.0,1820 office furniture equipment
purchase upwork -848956724ref,0.0,0.0,0.0,0.0,0.0,0.0,0.0,0.0,0.0,0.0,0.0,0.0,0.0,0.0,0.0,0.0,0.0,0.0,1.0,0.0,0.0,0.0,0.0,0.0,0.0,0.0,0.0,5410 wage salary
purchase upwork -851181315ref,0.0,0.0,0.0,0.0,0.0,0.0,0.0,0.0,0.0,0.0,0.0,0.0,0.0,0.0,0.0,0.0,0.0,0.0,1.0,0.0,0.0,0.0,0.0,0.0,0.0,0.0,0.0,5410 wage salary
purchase upwork -862101105ref,0.0,0.0,0.0,0.0,0.0,0.0,0.0,0.0,0.0,0.0,0.0,0.0,0.0,0.0,0.0,0.0,0.0,0.0,1.0,0.0,0.0,0.0,0.0,0.0,0.0,0.0,0.0,5410 wage salary
purchase upwork -864290487ref,0.0,0.0,0.0,0.0,0.0,0.0,0.0,0.0,0.0,0.0,0.0,0.0,0.0,0.0,0.0,0.0,0.0,0.0,1.0,0.0,0.0,0.0,0.0,0.0,0.0,0.0,0.0,5410 wage salary
purchase upwork -868616228ref,0.0,0.0,0.0,0.0,0.0,0.0,0.0,0.0,0.0,0.0,0.0,0.0,0.0,0.0,0.0,0.0,0.0,0.0,1.0,0.0,0.0,0.0,0.0,0.0,0.0,0.0,0.0,5410 wage salary
purchase upwork -870740282ref,0.0,0.0,0.0,0.0,0.0,0.0,0.0,0.0,0.0,0.0,0.0,0.0,0.0,0.0,0.0,0.0,0.0,0.0,1.0,0.0,0.0,0.0,0.0,0.0,0.0,0.0,0.0,5410 wage salary
purchase upwork -872879021ref,0.0,0.0,0.0,0.0,0.0,0.0,0.0,0.0,0.0,0.0,0.0,0.0,0.0,0.0,0.0,0.0,0.0,0.0,1.0,0.0,0.0,0.0,0.0,0.0,0.0,0.0,0.0,5410 wage salary
purchase worksafebc time credit card payment legal invoice,0.0,0.9286792022230755,0.0,0.0,0.0,0.0,0.0,0.0,0.0,0.0,0.0,0.0,0.0,0.0,0.0,0.0,0.0,0.0,0.37088399717204323,0.0,0.0,0.0,0.0,0.0,0.0,0.0,0.0,5410 wage salary
purchase worksafebc time credit card payment legal invoice,0.0,0.9286792022230755,0.0,0.0,0.0,0.0,0.0,0.0,0.0,0.0,0.0,0.0,0.0,0.0,0.0,0.0,0.0,0.0,0.37088399717204323,0.0,0.0,0.0,0.0,0.0,0.0,0.0,0.0,5410 wage salary
purchase worksafebc time credit card payment legal invoice,0.0,0.9286792022230755,0.0,0.0,0.0,0.0,0.0,0.0,0.0,0.0,0.0,0.0,0.0,0.0,0.0,0.0,0.0,0.0,0.37088399717204323,0.0,0.0,0.0,0.0,0.0,0.0,0.0,0.0,5410 wage salary
purchase worksafebc time credit card payment legal invoice,0.0,0.9286792022230755,0.0,0.0,0.0,0.0,0.0,0.0,0.0,0.0,0.0,0.0,0.0,0.0,0.0,0.0,0.0,0.0,0.37088399717204323,0.0,0.0,0.0,0.0,0.0,0.0,0.0,0.0,5410 wage salary
purchase www.collisionconf.com,0.0,0.0,0.0,0.0,0.0,0.0,0.0,0.0,0.0,0.0,0.0,0.0,0.0,0.0,0.0,0.0,0.0,0.0,1.0,0.0,0.0,0.0,0.0,0.0,0.0,0.0,0.0,5626 training development
purchase 00129 pacific centre,0.0,0.0,0.0,0.0,0.0,0.0,0.0,0.0,0.0,0.0,0.0,0.0,0.0,0.0,0.0,0.0,0.0,0.0,1.0,0.0,0.0,0.0,0.0,0.0,0.0,0.0,0.0,5700 office expense
purchase 15five,0.0,0.0,0.0,0.0,0.0,0.0,0.0,0.0,0.0,0.0,0.0,0.0,0.0,0.0,0.0,0.0,0.0,0.0,1.0,0.0,0.0,0.0,0.0,0.0,0.0,0.0,0.0,5700 office expense
purchase 15five,0.0,0.0,0.0,0.0,0.0,0.0,0.0,0.0,0.0,0.0,0.0,0.0,0.0,0.0,0.0,0.0,0.0,0.0,1.0,0.0,0.0,0.0,0.0,0.0,0.0,0.0,0.0,5700 office expense
purchase 8 west north van,0.0,0.0,0.0,0.0,0.0,0.0,0.0,0.0,0.0,0.0,0.0,0.0,0.0,0.0,0.0,0.0,0.0,0.0,1.0,0.0,0.0,0.0,0.0,0.0,0.0,0.0,0.0,5700 office expense
purchase 8 west north van,0.0,0.0,0.0,0.0,0.0,0.0,0.0,0.0,0.0,0.0,0.0,0.0,0.0,0.0,0.0,0.0,0.0,0.0,1.0,0.0,0.0,0.0,0.0,0.0,0.0,0.0,0.0,5700 office expense
purchase acol www.acol.ca passtime gps renewal spring auto financial product manage cypress hill use passtime platform reduce risk prevent loss vehicle cypress portfolio 6/20/2022 update card limit $ 1000 need match renewal requirement,0.17817649085351708,0.16853114399798705,0.30274674679090013,0.17880710564735308,0.17880710564735308,0.17880710564735308,0.17880710564735308,0.17499458813117655,0.17855410775144362,0.17868048070434694,0.17880710564735308,0.17880710564735308,0.17868048070434694,0.30274674679090013,0.17571484977948262,0.17880710564735308,0.17880710564735308,0.17880710564735308,0.06730580827515545,0.2973068880112139,0.1654790748445233,0.17880710564735308,0.17880710564735308,0.17880710564735308,0.17718035453921316,0.17880710564735308,0.17880710564735308,5700 office expense
purchase acol www.acol.ca passtime gps renewal spring auto financial product manage cypress hill use passtime platform reduce risk prevent loss vehicle cypress portfolio 6/20/2022 update card limit $ 1000 need match renewal requirement,0.17817649085351708,0.16853114399798705,0.30274674679090013,0.17880710564735308,0.17880710564735308,0.17880710564735308,0.17880710564735308,0.17499458813117655,0.17855410775144362,0.17868048070434694,0.17880710564735308,0.17880710564735308,0.17868048070434694,0.30274674679090013,0.17571484977948262,0.17880710564735308,0.17880710564735308,0.17880710564735308,0.06730580827515545,0.2973068880112139,0.1654790748445233,0.17880710564735308,0.17880710564735308,0.17880710564735308,0.17718035453921316,0.17880710564735308,0.17880710564735308,5700 office expense
purchase acol www.acol.ca passtime gps renewal spring auto financial product manage cypress hill use passtime platform reduce risk prevent loss vehicle cypress portfolio 6/20/2022 update card limit $ 1000 need match renewal requirement,0.17817649085351708,0.16853114399798705,0.30274674679090013,0.17880710564735308,0.17880710564735308,0.17880710564735308,0.17880710564735308,0.17499458813117655,0.17855410775144362,0.17868048070434694,0.17880710564735308,0.17880710564735308,0.17868048070434694,0.30274674679090013,0.17571484977948262,0.17880710564735308,0.17880710564735308,0.17880710564735308,0.06730580827515545,0.2973068880112139,0.1654790748445233,0.17880710564735308,0.17880710564735308,0.17880710564735308,0.17718035453921316,0.17880710564735308,0.17880710564735308,5700 office expense
purchase acol www.acol.ca passtime gps renewal spring auto financial product manage cypress hill use passtime platform reduce risk prevent loss vehicle cypress portfolio 6/20/2022 update card limit $ 1000 need match renewal requirement,0.17817649085351708,0.16853114399798705,0.30274674679090013,0.17880710564735308,0.17880710564735308,0.17880710564735308,0.17880710564735308,0.17499458813117655,0.17855410775144362,0.17868048070434694,0.17880710564735308,0.17880710564735308,0.17868048070434694,0.30274674679090013,0.17571484977948262,0.17880710564735308,0.17880710564735308,0.17880710564735308,0.06730580827515545,0.2973068880112139,0.1654790748445233,0.17880710564735308,0.17880710564735308,0.17880710564735308,0.17718035453921316,0.17880710564735308,0.17880710564735308,5700 office expense
purchase acol www.acol.ca passtime gps renewal spring auto financial product manage cypress hill use passtime platform reduce risk prevent loss vehicle cypress portfolio 6/20/2022 update card limit $ 1000 need match renewal requirement,0.17817649085351708,0.16853114399798705,0.30274674679090013,0.17880710564735308,0.17880710564735308,0.17880710564735308,0.17880710564735308,0.17499458813117655,0.17855410775144362,0.17868048070434694,0.17880710564735308,0.17880710564735308,0.17868048070434694,0.30274674679090013,0.17571484977948262,0.17880710564735308,0.17880710564735308,0.17880710564735308,0.06730580827515545,0.2973068880112139,0.1654790748445233,0.17880710564735308,0.17880710564735308,0.17880710564735308,0.17718035453921316,0.17880710564735308,0.17880710564735308,5700 office expense
purchase acol www.acol.ca passtime gps renewal spring auto financial product manage cypress hill use passtime platform reduce risk prevent loss vehicle cypress portfolio 6/20/2022 update card limit $ 1000 need match renewal requirement,0.17817649085351708,0.16853114399798705,0.30274674679090013,0.17880710564735308,0.17880710564735308,0.17880710564735308,0.17880710564735308,0.17499458813117655,0.17855410775144362,0.17868048070434694,0.17880710564735308,0.17880710564735308,0.17868048070434694,0.30274674679090013,0.17571484977948262,0.17880710564735308,0.17880710564735308,0.17880710564735308,0.06730580827515545,0.2973068880112139,0.1654790748445233,0.17880710564735308,0.17880710564735308,0.17880710564735308,0.17718035453921316,0.17880710564735308,0.17880710564735308,5700 office expense
purchase acol www.acol.ca passtime gps renewal spring auto financial product manage cypress hill use passtime platform reduce risk prevent loss vehicle cypress portfolio 6/20/2022 update card limit $ 1000 need match renewal requirement,0.17817649085351708,0.16853114399798705,0.30274674679090013,0.17880710564735308,0.17880710564735308,0.17880710564735308,0.17880710564735308,0.17499458813117655,0.17855410775144362,0.17868048070434694,0.17880710564735308,0.17880710564735308,0.17868048070434694,0.30274674679090013,0.17571484977948262,0.17880710564735308,0.17880710564735308,0.17880710564735308,0.06730580827515545,0.2973068880112139,0.1654790748445233,0.17880710564735308,0.17880710564735308,0.17880710564735308,0.17718035453921316,0.17880710564735308,0.17880710564735308,5700 office expense
purchase acol www.acol.ca passtime gps renewal spring auto financial product manage cypress hill use passtime platform reduce risk prevent loss vehicle cypress portfolio 6/20/2022 update card limit $ 1000 need match renewal requirement,0.17817649085351708,0.16853114399798705,0.30274674679090013,0.17880710564735308,0.17880710564735308,0.17880710564735308,0.17880710564735308,0.17499458813117655,0.17855410775144362,0.17868048070434694,0.17880710564735308,0.17880710564735308,0.17868048070434694,0.30274674679090013,0.17571484977948262,0.17880710564735308,0.17880710564735308,0.17880710564735308,0.06730580827515545,0.2973068880112139,0.1654790748445233,0.17880710564735308,0.17880710564735308,0.17880710564735308,0.17718035453921316,0.17880710564735308,0.17880710564735308,5700 office expense
purchase acol www.acol.ca passtime gps renewal spring auto financial product manage cypress hill use passtime platform reduce risk prevent loss vehicle cypress portfolio 6/20/2022 update card limit $ 1000 need match renewal requirement,0.17817649085351708,0.16853114399798705,0.30274674679090013,0.17880710564735308,0.17880710564735308,0.17880710564735308,0.17880710564735308,0.17499458813117655,0.17855410775144362,0.17868048070434694,0.17880710564735308,0.17880710564735308,0.17868048070434694,0.30274674679090013,0.17571484977948262,0.17880710564735308,0.17880710564735308,0.17880710564735308,0.06730580827515545,0.2973068880112139,0.1654790748445233,0.17880710564735308,0.17880710564735308,0.17880710564735308,0.17718035453921316,0.17880710564735308,0.17880710564735308,5700 office expense
purchase acol www.acol.ca passtime gps renewal spring auto financial product manage cypress hill use passtime platform reduce risk prevent loss vehicle cypress portfolio 6/20/2022 update card limit $ 1000 need match renewal requirement,0.17817649085351708,0.16853114399798705,0.30274674679090013,0.17880710564735308,0.17880710564735308,0.17880710564735308,0.17880710564735308,0.17499458813117655,0.17855410775144362,0.17868048070434694,0.17880710564735308,0.17880710564735308,0.17868048070434694,0.30274674679090013,0.17571484977948262,0.17880710564735308,0.17880710564735308,0.17880710564735308,0.06730580827515545,0.2973068880112139,0.1654790748445233,0.17880710564735308,0.17880710564735308,0.17880710564735308,0.17718035453921316,0.17880710564735308,0.17880710564735308,5700 office expense
purchase acol www.acol.ca passtime gps renewal spring auto financial product manage cypress hill use passtime platform reduce risk prevent loss vehicle cypress portfolio 6/20/2022 update card limit $ 1000 need match renewal requirement,0.17817649085351708,0.16853114399798705,0.30274674679090013,0.17880710564735308,0.17880710564735308,0.17880710564735308,0.17880710564735308,0.17499458813117655,0.17855410775144362,0.17868048070434694,0.17880710564735308,0.17880710564735308,0.17868048070434694,0.30274674679090013,0.17571484977948262,0.17880710564735308,0.17880710564735308,0.17880710564735308,0.06730580827515545,0.2973068880112139,0.1654790748445233,0.17880710564735308,0.17880710564735308,0.17880710564735308,0.17718035453921316,0.17880710564735308,0.17880710564735308,5700 office expense
purchase acol www.acol.ca passtime gps renewal spring auto financial product manage cypress hill use passtime platform reduce risk prevent loss vehicle cypress portfolio 6/20/2022 update card limit $ 1000 need match renewal requirement,0.17817649085351708,0.16853114399798705,0.30274674679090013,0.17880710564735308,0.17880710564735308,0.17880710564735308,0.17880710564735308,0.17499458813117655,0.17855410775144362,0.17868048070434694,0.17880710564735308,0.17880710564735308,0.17868048070434694,0.30274674679090013,0.17571484977948262,0.17880710564735308,0.17880710564735308,0.17880710564735308,0.06730580827515545,0.2973068880112139,0.1654790748445233,0.17880710564735308,0.17880710564735308,0.17880710564735308,0.17718035453921316,0.17880710564735308,0.17880710564735308,5700 office expense
purchase acol www.acol.ca passtime gps renewal spring auto financial product manage cypress hill use passtime platform reduce risk prevent loss vehicle cypress portfolio 6/20/2022 update card limit $ 1000 need match renewal requirement,0.17817649085351708,0.16853114399798705,0.30274674679090013,0.17880710564735308,0.17880710564735308,0.17880710564735308,0.17880710564735308,0.17499458813117655,0.17855410775144362,0.17868048070434694,0.17880710564735308,0.17880710564735308,0.17868048070434694,0.30274674679090013,0.17571484977948262,0.17880710564735308,0.17880710564735308,0.17880710564735308,0.06730580827515545,0.2973068880112139,0.1654790748445233,0.17880710564735308,0.17880710564735308,0.17880710564735308,0.17718035453921316,0.17880710564735308,0.17880710564735308,5700 office expense
purchase acol www.acol.ca passtime gps renewal spring auto financial product manage cypress hill use passtime platform reduce risk prevent loss vehicle cypress portfolio 6/20/2022 update card limit $ 1000 need match renewal requirement,0.17817649085351708,0.16853114399798705,0.30274674679090013,0.17880710564735308,0.17880710564735308,0.17880710564735308,0.17880710564735308,0.17499458813117655,0.17855410775144362,0.17868048070434694,0.17880710564735308,0.17880710564735308,0.17868048070434694,0.30274674679090013,0.17571484977948262,0.17880710564735308,0.17880710564735308,0.17880710564735308,0.06730580827515545,0.2973068880112139,0.1654790748445233,0.17880710564735308,0.17880710564735308,0.17880710564735308,0.17718035453921316,0.17880710564735308,0.17880710564735308,5700 office expense
purchase acol www.acol.ca passtime gps renewal spring auto financial product manage cypress hill use passtime platform reduce risk prevent loss vehicle cypress portfolio 6/20/2022 update card limit $ 1000 need match renewal requirement,0.17817649085351708,0.16853114399798705,0.30274674679090013,0.17880710564735308,0.17880710564735308,0.17880710564735308,0.17880710564735308,0.17499458813117655,0.17855410775144362,0.17868048070434694,0.17880710564735308,0.17880710564735308,0.17868048070434694,0.30274674679090013,0.17571484977948262,0.17880710564735308,0.17880710564735308,0.17880710564735308,0.06730580827515545,0.2973068880112139,0.1654790748445233,0.17880710564735308,0.17880710564735308,0.17880710564735308,0.17718035453921316,0.17880710564735308,0.17880710564735308,5700 office expense
purchase acol www.acol.ca passtime gps renewal spring auto financial product manage cypress hill use passtime platform reduce risk prevent loss vehicle cypress portfolio 6/20/2022 update card limit $ 1000 need match renewal requirement,0.17817649085351708,0.16853114399798705,0.30274674679090013,0.17880710564735308,0.17880710564735308,0.17880710564735308,0.17880710564735308,0.17499458813117655,0.17855410775144362,0.17868048070434694,0.17880710564735308,0.17880710564735308,0.17868048070434694,0.30274674679090013,0.17571484977948262,0.17880710564735308,0.17880710564735308,0.17880710564735308,0.06730580827515545,0.2973068880112139,0.1654790748445233,0.17880710564735308,0.17880710564735308,0.17880710564735308,0.17718035453921316,0.17880710564735308,0.17880710564735308,5700 office expense
purchase acol www.acol.ca,0.0,0.0,0.0,0.0,0.0,0.0,0.0,0.0,0.0,0.0,0.0,0.0,0.0,0.0,0.0,0.0,0.0,0.0,1.0,0.0,0.0,0.0,0.0,0.0,0.0,0.0,0.0,5700 office expense
purchase acol www.acol.ca,0.0,0.0,0.0,0.0,0.0,0.0,0.0,0.0,0.0,0.0,0.0,0.0,0.0,0.0,0.0,0.0,0.0,0.0,1.0,0.0,0.0,0.0,0.0,0.0,0.0,0.0,0.0,5700 office expense
purchase acol www.acol.ca passtime gps renewal spring auto financial product manage cypress hill use passtime platform reduce risk prevent loss vehicle cypress portfolio 6/20/2022 update card limit $ 1000 need match renewal requirement,0.17817649085351708,0.16853114399798705,0.30274674679090013,0.17880710564735308,0.17880710564735308,0.17880710564735308,0.17880710564735308,0.17499458813117655,0.17855410775144362,0.17868048070434694,0.17880710564735308,0.17880710564735308,0.17868048070434694,0.30274674679090013,0.17571484977948262,0.17880710564735308,0.17880710564735308,0.17880710564735308,0.06730580827515545,0.2973068880112139,0.1654790748445233,0.17880710564735308,0.17880710564735308,0.17880710564735308,0.17718035453921316,0.17880710564735308,0.17880710564735308,5700 office expense
purchase acol www.acol.ca passtime gps renewal spring auto financial product manage cypress hill use passtime platform reduce risk prevent loss vehicle cypress portfolio 6/20/2022 update card limit $ 1000 need match renewal requirement,0.17817649085351708,0.16853114399798705,0.30274674679090013,0.17880710564735308,0.17880710564735308,0.17880710564735308,0.17880710564735308,0.17499458813117655,0.17855410775144362,0.17868048070434694,0.17880710564735308,0.17880710564735308,0.17868048070434694,0.30274674679090013,0.17571484977948262,0.17880710564735308,0.17880710564735308,0.17880710564735308,0.06730580827515545,0.2973068880112139,0.1654790748445233,0.17880710564735308,0.17880710564735308,0.17880710564735308,0.17718035453921316,0.17880710564735308,0.17880710564735308,5700 office expense
purchase acol www.acol.ca passtime gps renewal spring auto financial product manage cypress hill use passtime platform reduce risk prevent loss vehicle cypress portfolio 6/20/2022 update card limit $ 1000 need match renewal requirement,0.17817649085351708,0.16853114399798705,0.30274674679090013,0.17880710564735308,0.17880710564735308,0.17880710564735308,0.17880710564735308,0.17499458813117655,0.17855410775144362,0.17868048070434694,0.17880710564735308,0.17880710564735308,0.17868048070434694,0.30274674679090013,0.17571484977948262,0.17880710564735308,0.17880710564735308,0.17880710564735308,0.06730580827515545,0.2973068880112139,0.1654790748445233,0.17880710564735308,0.17880710564735308,0.17880710564735308,0.17718035453921316,0.17880710564735308,0.17880710564735308,5700 office expense
purchase acol www.acol.ca passtime gps renewal spring auto financial product manage cypress hill use passtime platform reduce risk prevent loss vehicle cypress portfolio 6/20/2022 update card limit $ 1000 need match renewal requirement,0.17817649085351708,0.16853114399798705,0.30274674679090013,0.17880710564735308,0.17880710564735308,0.17880710564735308,0.17880710564735308,0.17499458813117655,0.17855410775144362,0.17868048070434694,0.17880710564735308,0.17880710564735308,0.17868048070434694,0.30274674679090013,0.17571484977948262,0.17880710564735308,0.17880710564735308,0.17880710564735308,0.06730580827515545,0.2973068880112139,0.1654790748445233,0.17880710564735308,0.17880710564735308,0.17880710564735308,0.17718035453921316,0.17880710564735308,0.17880710564735308,5700 office expense
purchase acol www.acol.ca passtime gps renewal spring auto financial product manage cypress hill use passtime platform reduce risk prevent loss vehicle cypress portfolio 6/20/2022 update card limit $ 1000 need match renewal requirement,0.17817649085351708,0.16853114399798705,0.30274674679090013,0.17880710564735308,0.17880710564735308,0.17880710564735308,0.17880710564735308,0.17499458813117655,0.17855410775144362,0.17868048070434694,0.17880710564735308,0.17880710564735308,0.17868048070434694,0.30274674679090013,0.17571484977948262,0.17880710564735308,0.17880710564735308,0.17880710564735308,0.06730580827515545,0.2973068880112139,0.1654790748445233,0.17880710564735308,0.17880710564735308,0.17880710564735308,0.17718035453921316,0.17880710564735308,0.17880710564735308,5700 office expense
purchase acol www.acol.ca passtime gps renewal spring auto financial product manage cypress hill use passtime platform reduce risk prevent loss vehicle cypress portfolio 6/20/2022 update card limit $ 1000 need match renewal requirement,0.17817649085351708,0.16853114399798705,0.30274674679090013,0.17880710564735308,0.17880710564735308,0.17880710564735308,0.17880710564735308,0.17499458813117655,0.17855410775144362,0.17868048070434694,0.17880710564735308,0.17880710564735308,0.17868048070434694,0.30274674679090013,0.17571484977948262,0.17880710564735308,0.17880710564735308,0.17880710564735308,0.06730580827515545,0.2973068880112139,0.1654790748445233,0.17880710564735308,0.17880710564735308,0.17880710564735308,0.17718035453921316,0.17880710564735308,0.17880710564735308,5700 office expense
purchase acol www.acol.ca passtime gps renewal spring auto financial product manage cypress hill use passtime platform reduce risk prevent loss vehicle cypress portfolio 6/20/2022 update card limit $ 1000 need match renewal requirement,0.17817649085351708,0.16853114399798705,0.30274674679090013,0.17880710564735308,0.17880710564735308,0.17880710564735308,0.17880710564735308,0.17499458813117655,0.17855410775144362,0.17868048070434694,0.17880710564735308,0.17880710564735308,0.17868048070434694,0.30274674679090013,0.17571484977948262,0.17880710564735308,0.17880710564735308,0.17880710564735308,0.06730580827515545,0.2973068880112139,0.1654790748445233,0.17880710564735308,0.17880710564735308,0.17880710564735308,0.17718035453921316,0.17880710564735308,0.17880710564735308,5700 office expense
purchase acol www.acol.ca passtime gps renewal spring auto financial product manage cypress hill use passtime platform reduce risk prevent loss vehicle cypress portfolio 6/20/2022 update card limit $ 1000 need match renewal requirement,0.17817649085351708,0.16853114399798705,0.30274674679090013,0.17880710564735308,0.17880710564735308,0.17880710564735308,0.17880710564735308,0.17499458813117655,0.17855410775144362,0.17868048070434694,0.17880710564735308,0.17880710564735308,0.17868048070434694,0.30274674679090013,0.17571484977948262,0.17880710564735308,0.17880710564735308,0.17880710564735308,0.06730580827515545,0.2973068880112139,0.1654790748445233,0.17880710564735308,0.17880710564735308,0.17880710564735308,0.17718035453921316,0.17880710564735308,0.17880710564735308,5700 office expense
purchase acol www.acol.ca passtime gps renewal spring auto financial product manage cypress hill use passtime platform reduce risk prevent loss vehicle cypress portfolio 6/20/2022 update card limit $ 1000 need match renewal requirement,0.17817649085351708,0.16853114399798705,0.30274674679090013,0.17880710564735308,0.17880710564735308,0.17880710564735308,0.17880710564735308,0.17499458813117655,0.17855410775144362,0.17868048070434694,0.17880710564735308,0.17880710564735308,0.17868048070434694,0.30274674679090013,0.17571484977948262,0.17880710564735308,0.17880710564735308,0.17880710564735308,0.06730580827515545,0.2973068880112139,0.1654790748445233,0.17880710564735308,0.17880710564735308,0.17880710564735308,0.17718035453921316,0.17880710564735308,0.17880710564735308,5700 office expense
purchase acol www.acol.ca passtime gps renewal spring auto financial product manage cypress hill use passtime platform reduce risk prevent loss vehicle cypress portfolio 6/20/2022 update card limit $ 1000 need match renewal requirement,0.17817649085351708,0.16853114399798705,0.30274674679090013,0.17880710564735308,0.17880710564735308,0.17880710564735308,0.17880710564735308,0.17499458813117655,0.17855410775144362,0.17868048070434694,0.17880710564735308,0.17880710564735308,0.17868048070434694,0.30274674679090013,0.17571484977948262,0.17880710564735308,0.17880710564735308,0.17880710564735308,0.06730580827515545,0.2973068880112139,0.1654790748445233,0.17880710564735308,0.17880710564735308,0.17880710564735308,0.17718035453921316,0.17880710564735308,0.17880710564735308,5700 office expense
purchase acol www.acol.ca passtime gps renewal spring auto financial product manage cypress hill use passtime platform reduce risk prevent loss vehicle cypress portfolio 6/20/2022 update card limit $ 1000 need match renewal requirement,0.17817649085351708,0.16853114399798705,0.30274674679090013,0.17880710564735308,0.17880710564735308,0.17880710564735308,0.17880710564735308,0.17499458813117655,0.17855410775144362,0.17868048070434694,0.17880710564735308,0.17880710564735308,0.17868048070434694,0.30274674679090013,0.17571484977948262,0.17880710564735308,0.17880710564735308,0.17880710564735308,0.06730580827515545,0.2973068880112139,0.1654790748445233,0.17880710564735308,0.17880710564735308,0.17880710564735308,0.17718035453921316,0.17880710564735308,0.17880710564735308,5700 office expense
purchase acol www.acol.ca passtime gps renewal spring auto financial product manage cypress hill use passtime platform reduce risk prevent loss vehicle cypress portfolio 6/20/2022 update card limit $ 1000 need match renewal requirement,0.17817649085351708,0.16853114399798705,0.30274674679090013,0.17880710564735308,0.17880710564735308,0.17880710564735308,0.17880710564735308,0.17499458813117655,0.17855410775144362,0.17868048070434694,0.17880710564735308,0.17880710564735308,0.17868048070434694,0.30274674679090013,0.17571484977948262,0.17880710564735308,0.17880710564735308,0.17880710564735308,0.06730580827515545,0.2973068880112139,0.1654790748445233,0.17880710564735308,0.17880710564735308,0.17880710564735308,0.17718035453921316,0.17880710564735308,0.17880710564735308,5700 office expense
purchase acol www.acol.ca passtime gps renewal spring auto financial product manage cypress hill use passtime platform reduce risk prevent loss vehicle cypress portfolio 6/20/2022 update card limit $ 1000 need match renewal requirement,0.17817649085351708,0.16853114399798705,0.30274674679090013,0.17880710564735308,0.17880710564735308,0.17880710564735308,0.17880710564735308,0.17499458813117655,0.17855410775144362,0.17868048070434694,0.17880710564735308,0.17880710564735308,0.17868048070434694,0.30274674679090013,0.17571484977948262,0.17880710564735308,0.17880710564735308,0.17880710564735308,0.06730580827515545,0.2973068880112139,0.1654790748445233,0.17880710564735308,0.17880710564735308,0.17880710564735308,0.17718035453921316,0.17880710564735308,0.17880710564735308,5700 office expense
purchase acol www.acol.ca passtime gps renewal spring auto financial product manage cypress hill use passtime platform reduce risk prevent loss vehicle cypress portfolio 6/20/2022 update card limit $ 1000 need match renewal requirement,0.17817649085351708,0.16853114399798705,0.30274674679090013,0.17880710564735308,0.17880710564735308,0.17880710564735308,0.17880710564735308,0.17499458813117655,0.17855410775144362,0.17868048070434694,0.17880710564735308,0.17880710564735308,0.17868048070434694,0.30274674679090013,0.17571484977948262,0.17880710564735308,0.17880710564735308,0.17880710564735308,0.06730580827515545,0.2973068880112139,0.1654790748445233,0.17880710564735308,0.17880710564735308,0.17880710564735308,0.17718035453921316,0.17880710564735308,0.17880710564735308,5700 office expense
purchase acol www.acol.ca passtime gps renewal spring auto financial product manage cypress hill use passtime platform reduce risk prevent loss vehicle cypress portfolio 6/20/2022 update card limit $ 1000 need match renewal requirement,0.17817649085351708,0.16853114399798705,0.30274674679090013,0.17880710564735308,0.17880710564735308,0.17880710564735308,0.17880710564735308,0.17499458813117655,0.17855410775144362,0.17868048070434694,0.17880710564735308,0.17880710564735308,0.17868048070434694,0.30274674679090013,0.17571484977948262,0.17880710564735308,0.17880710564735308,0.17880710564735308,0.06730580827515545,0.2973068880112139,0.1654790748445233,0.17880710564735308,0.17880710564735308,0.17880710564735308,0.17718035453921316,0.17880710564735308,0.17880710564735308,5700 office expense
purchase acol www.acol.ca passtime gps renewal spring auto financial product manage cypress hill use passtime platform reduce risk prevent loss vehicle cypress portfolio 6/20/2022 update card limit $ 1000 need match renewal requirement,0.17817649085351708,0.16853114399798705,0.30274674679090013,0.17880710564735308,0.17880710564735308,0.17880710564735308,0.17880710564735308,0.17499458813117655,0.17855410775144362,0.17868048070434694,0.17880710564735308,0.17880710564735308,0.17868048070434694,0.30274674679090013,0.17571484977948262,0.17880710564735308,0.17880710564735308,0.17880710564735308,0.06730580827515545,0.2973068880112139,0.1654790748445233,0.17880710564735308,0.17880710564735308,0.17880710564735308,0.17718035453921316,0.17880710564735308,0.17880710564735308,5700 office expense
purchase acol www.acol.ca passtime gps renewal spring auto financial product manage cypress hill use passtime platform reduce risk prevent loss vehicle cypress portfolio 6/20/2022 update card limit $ 1000 need match renewal requirement,0.17817649085351708,0.16853114399798705,0.30274674679090013,0.17880710564735308,0.17880710564735308,0.17880710564735308,0.17880710564735308,0.17499458813117655,0.17855410775144362,0.17868048070434694,0.17880710564735308,0.17880710564735308,0.17868048070434694,0.30274674679090013,0.17571484977948262,0.17880710564735308,0.17880710564735308,0.17880710564735308,0.06730580827515545,0.2973068880112139,0.1654790748445233,0.17880710564735308,0.17880710564735308,0.17880710564735308,0.17718035453921316,0.17880710564735308,0.17880710564735308,5700 office expense
purchase acol www.acol.ca passtime gps renewal spring auto financial product manage cypress hill use passtime platform reduce risk prevent loss vehicle cypress portfolio 6/20/2022 update card limit $ 1000 need match renewal requirement,0.17817649085351708,0.16853114399798705,0.30274674679090013,0.17880710564735308,0.17880710564735308,0.17880710564735308,0.17880710564735308,0.17499458813117655,0.17855410775144362,0.17868048070434694,0.17880710564735308,0.17880710564735308,0.17868048070434694,0.30274674679090013,0.17571484977948262,0.17880710564735308,0.17880710564735308,0.17880710564735308,0.06730580827515545,0.2973068880112139,0.1654790748445233,0.17880710564735308,0.17880710564735308,0.17880710564735308,0.17718035453921316,0.17880710564735308,0.17880710564735308,5700 office expense
purchase acol www.acol.ca passtime gps renewal spring auto financial product manage cypress hill use passtime platform reduce risk prevent loss vehicle cypress portfolio 6/20/2022 update card limit $ 1000 need match renewal requirement,0.17817649085351708,0.16853114399798705,0.30274674679090013,0.17880710564735308,0.17880710564735308,0.17880710564735308,0.17880710564735308,0.17499458813117655,0.17855410775144362,0.17868048070434694,0.17880710564735308,0.17880710564735308,0.17868048070434694,0.30274674679090013,0.17571484977948262,0.17880710564735308,0.17880710564735308,0.17880710564735308,0.06730580827515545,0.2973068880112139,0.1654790748445233,0.17880710564735308,0.17880710564735308,0.17880710564735308,0.17718035453921316,0.17880710564735308,0.17880710564735308,5700 office expense
purchase acol www.acol.ca passtime gps renewal spring auto financial product manage cypress hill use passtime platform reduce risk prevent loss vehicle cypress portfolio 6/20/2022 update card limit $ 1000 need match renewal requirement,0.17817649085351708,0.16853114399798705,0.30274674679090013,0.17880710564735308,0.17880710564735308,0.17880710564735308,0.17880710564735308,0.17499458813117655,0.17855410775144362,0.17868048070434694,0.17880710564735308,0.17880710564735308,0.17868048070434694,0.30274674679090013,0.17571484977948262,0.17880710564735308,0.17880710564735308,0.17880710564735308,0.06730580827515545,0.2973068880112139,0.1654790748445233,0.17880710564735308,0.17880710564735308,0.17880710564735308,0.17718035453921316,0.17880710564735308,0.17880710564735308,5700 office expense
purchase acol www.acol.ca passtime gps renewal spring auto financial product manage cypress hill use passtime platform reduce risk prevent loss vehicle cypress portfolio 6/20/2022 update card limit $ 1000 need match renewal requirement,0.17817649085351708,0.16853114399798705,0.30274674679090013,0.17880710564735308,0.17880710564735308,0.17880710564735308,0.17880710564735308,0.17499458813117655,0.17855410775144362,0.17868048070434694,0.17880710564735308,0.17880710564735308,0.17868048070434694,0.30274674679090013,0.17571484977948262,0.17880710564735308,0.17880710564735308,0.17880710564735308,0.06730580827515545,0.2973068880112139,0.1654790748445233,0.17880710564735308,0.17880710564735308,0.17880710564735308,0.17718035453921316,0.17880710564735308,0.17880710564735308,5700 office expense
purchase acol www.acol.ca passtime gps renewal spring auto financial product manage cypress hill use passtime platform reduce risk prevent loss vehicle cypress portfolio 6/20/2022 update card limit $ 1000 need match renewal requirement,0.17817649085351708,0.16853114399798705,0.30274674679090013,0.17880710564735308,0.17880710564735308,0.17880710564735308,0.17880710564735308,0.17499458813117655,0.17855410775144362,0.17868048070434694,0.17880710564735308,0.17880710564735308,0.17868048070434694,0.30274674679090013,0.17571484977948262,0.17880710564735308,0.17880710564735308,0.17880710564735308,0.06730580827515545,0.2973068880112139,0.1654790748445233,0.17880710564735308,0.17880710564735308,0.17880710564735308,0.17718035453921316,0.17880710564735308,0.17880710564735308,5700 office expense
purchase acol www.acol.ca passtime gps renewal spring auto financial product manage cypress hill use passtime platform reduce risk prevent loss vehicle cypress portfolio 6/20/2022 update card limit $ 1000 need match renewal requirement,0.17817649085351708,0.16853114399798705,0.30274674679090013,0.17880710564735308,0.17880710564735308,0.17880710564735308,0.17880710564735308,0.17499458813117655,0.17855410775144362,0.17868048070434694,0.17880710564735308,0.17880710564735308,0.17868048070434694,0.30274674679090013,0.17571484977948262,0.17880710564735308,0.17880710564735308,0.17880710564735308,0.06730580827515545,0.2973068880112139,0.1654790748445233,0.17880710564735308,0.17880710564735308,0.17880710564735308,0.17718035453921316,0.17880710564735308,0.17880710564735308,5700 office expense
purchase acol www.acol.ca passtime gps renewal spring auto financial product manage cypress hill use passtime platform reduce risk prevent loss vehicle cypress portfolio 6/20/2022 update card limit $ 1000 need match renewal requirement,0.17817649085351708,0.16853114399798705,0.30274674679090013,0.17880710564735308,0.17880710564735308,0.17880710564735308,0.17880710564735308,0.17499458813117655,0.17855410775144362,0.17868048070434694,0.17880710564735308,0.17880710564735308,0.17868048070434694,0.30274674679090013,0.17571484977948262,0.17880710564735308,0.17880710564735308,0.17880710564735308,0.06730580827515545,0.2973068880112139,0.1654790748445233,0.17880710564735308,0.17880710564735308,0.17880710564735308,0.17718035453921316,0.17880710564735308,0.17880710564735308,5700 office expense
purchase acol www.acol.ca passtime gps renewal spring auto financial product manage cypress hill use passtime platform reduce risk prevent loss vehicle cypress portfolio 6/20/2022 update card limit $ 1000 need match renewal requirement,0.17817649085351708,0.16853114399798705,0.30274674679090013,0.17880710564735308,0.17880710564735308,0.17880710564735308,0.17880710564735308,0.17499458813117655,0.17855410775144362,0.17868048070434694,0.17880710564735308,0.17880710564735308,0.17868048070434694,0.30274674679090013,0.17571484977948262,0.17880710564735308,0.17880710564735308,0.17880710564735308,0.06730580827515545,0.2973068880112139,0.1654790748445233,0.17880710564735308,0.17880710564735308,0.17880710564735308,0.17718035453921316,0.17880710564735308,0.17880710564735308,5700 office expense
purchase acol www.acol.ca passtime gps renewal spring auto financial product manage cypress hill use passtime platform reduce risk prevent loss vehicle cypress portfolio 6/20/2022 update card limit $ 1000 need match renewal requirement,0.17817649085351708,0.16853114399798705,0.30274674679090013,0.17880710564735308,0.17880710564735308,0.17880710564735308,0.17880710564735308,0.17499458813117655,0.17855410775144362,0.17868048070434694,0.17880710564735308,0.17880710564735308,0.17868048070434694,0.30274674679090013,0.17571484977948262,0.17880710564735308,0.17880710564735308,0.17880710564735308,0.06730580827515545,0.2973068880112139,0.1654790748445233,0.17880710564735308,0.17880710564735308,0.17880710564735308,0.17718035453921316,0.17880710564735308,0.17880710564735308,5700 office expense
purchase address complete canad canada post cover canada drive production error cause accelerated consumption decide cover balance consumption payment,0.0,0.0,0.0,0.0,0.0,0.0,0.0,0.0,0.0,0.0,0.0,0.0,0.0,0.0,0.0,0.0,0.0,0.0,1.0,0.0,0.0,0.0,0.0,0.0,0.0,0.0,0.0,5700 office expense
purchase adidas canada limit food beverage event prize award etc,0.0,0.0,0.0,0.0,0.0,0.0,0.0,0.0,0.9357282010147213,0.0,0.0,0.0,0.0,0.0,0.0,0.0,0.0,0.0,0.35272189303437496,0.0,0.0,0.0,0.0,0.0,0.0,0.0,0.0,5700 office expense
purchase adidas canada limit,0.0,0.0,0.0,0.0,0.0,0.0,0.0,0.0,0.9357282010147213,0.0,0.0,0.0,0.0,0.0,0.0,0.0,0.0,0.0,0.35272189303437496,0.0,0.0,0.0,0.0,0.0,0.0,0.0,0.0,5700 office expense
purchase acol www.acol.ca passtime gps renewal spring auto financial product manage cypress hill use passtime platform reduce risk prevent loss vehicle cypress portfolio 6/20/2022 update card limit $ 1000 need match renewal requirement,0.17817649085351708,0.16853114399798705,0.30274674679090013,0.17880710564735308,0.17880710564735308,0.17880710564735308,0.17880710564735308,0.17499458813117655,0.17855410775144362,0.17868048070434694,0.17880710564735308,0.17880710564735308,0.17868048070434694,0.30274674679090013,0.17571484977948262,0.17880710564735308,0.17880710564735308,0.17880710564735308,0.06730580827515545,0.2973068880112139,0.1654790748445233,0.17880710564735308,0.17880710564735308,0.17880710564735308,0.17718035453921316,0.17880710564735308,0.17880710564735308,5700 office expense
purchase al scott lock safe lt,0.0,0.0,0.0,0.0,0.0,0.0,0.0,0.0,0.0,0.0,0.0,0.0,0.0,0.0,0.0,0.0,0.0,0.0,1.0,0.0,0.0,0.0,0.0,0.0,0.0,0.0,0.0,5700 office expense
purchase alert,0.0,0.0,0.0,0.0,0.0,0.0,0.0,0.0,0.0,0.0,0.0,0.0,0.0,0.0,0.0,0.0,0.0,0.0,1.0,0.0,0.0,0.0,0.0,0.0,0.0,0.0,0.0,5700 office expense
refund alibaba.com,0.0,0.0,0.0,0.0,0.0,0.0,0.0,0.0,0.0,0.0,0.0,0.0,0.0,0.0,0.0,0.0,0.0,0.0,0.0,0.0,0.0,0.0,0.0,0.0,0.0,0.0,0.0,5700 office expense
purchase acol www.acol.ca passtime gps renewal spring auto financial product manage cypress hill use passtime platform reduce risk prevent loss vehicle cypress portfolio 6/20/2022 update card limit $ 1000 need match renewal requirement,0.17817649085351708,0.16853114399798705,0.30274674679090013,0.17880710564735308,0.17880710564735308,0.17880710564735308,0.17880710564735308,0.17499458813117655,0.17855410775144362,0.17868048070434694,0.17880710564735308,0.17880710564735308,0.17868048070434694,0.30274674679090013,0.17571484977948262,0.17880710564735308,0.17880710564735308,0.17880710564735308,0.06730580827515545,0.2973068880112139,0.1654790748445233,0.17880710564735308,0.17880710564735308,0.17880710564735308,0.17718035453921316,0.17880710564735308,0.17880710564735308,5700 office expense
purchase acol www.acol.ca passtime gps renewal spring auto financial product manage cypress hill use passtime platform reduce risk prevent loss vehicle cypress portfolio 6/20/2022 update card limit $ 1000 need match renewal requirement,0.17817649085351708,0.16853114399798705,0.30274674679090013,0.17880710564735308,0.17880710564735308,0.17880710564735308,0.17880710564735308,0.17499458813117655,0.17855410775144362,0.17868048070434694,0.17880710564735308,0.17880710564735308,0.17868048070434694,0.30274674679090013,0.17571484977948262,0.17880710564735308,0.17880710564735308,0.17880710564735308,0.06730580827515545,0.2973068880112139,0.1654790748445233,0.17880710564735308,0.17880710564735308,0.17880710564735308,0.17718035453921316,0.17880710564735308,0.17880710564735308,5700 office expense
purchase acol www.acol.ca passtime gps renewal spring auto financial product manage cypress hill use passtime platform reduce risk prevent loss vehicle cypress portfolio 6/20/2022 update card limit $ 1000 need match renewal requirement,0.17817649085351708,0.16853114399798705,0.30274674679090013,0.17880710564735308,0.17880710564735308,0.17880710564735308,0.17880710564735308,0.17499458813117655,0.17855410775144362,0.17868048070434694,0.17880710564735308,0.17880710564735308,0.17868048070434694,0.30274674679090013,0.17571484977948262,0.17880710564735308,0.17880710564735308,0.17880710564735308,0.06730580827515545,0.2973068880112139,0.1654790748445233,0.17880710564735308,0.17880710564735308,0.17880710564735308,0.17718035453921316,0.17880710564735308,0.17880710564735308,5700 office expense
purchase amazon pay india private,0.0,0.0,0.0,0.0,0.0,0.0,0.0,0.0,0.0,0.0,0.0,0.0,0.0,0.0,0.0,0.0,0.0,0.0,1.0,0.0,0.0,0.0,0.0,0.0,0.0,0.0,0.0,5700 office expense
purchase amazon pay india private,0.0,0.0,0.0,0.0,0.0,0.0,0.0,0.0,0.0,0.0,0.0,0.0,0.0,0.0,0.0,0.0,0.0,0.0,1.0,0.0,0.0,0.0,0.0,0.0,0.0,0.0,0.0,5700 office expense
purchase amazon pay india private type c cable qa staff,0.0,0.0,0.0,0.0,0.0,0.0,0.0,0.0,0.0,0.0,0.0,0.0,0.0,0.0,0.0,0.0,0.0,0.0,1.0,0.0,0.0,0.0,0.0,0.0,0.0,0.0,0.0,5700 office expense
purchase amazon pay india private,0.0,0.0,0.0,0.0,0.0,0.0,0.0,0.0,0.0,0.0,0.0,0.0,0.0,0.0,0.0,0.0,0.0,0.0,1.0,0.0,0.0,0.0,0.0,0.0,0.0,0.0,0.0,5700 office expense
purchase amazon pay india private,0.0,0.0,0.0,0.0,0.0,0.0,0.0,0.0,0.0,0.0,0.0,0.0,0.0,0.0,0.0,0.0,0.0,0.0,1.0,0.0,0.0,0.0,0.0,0.0,0.0,0.0,0.0,5700 office expense
purchase amazon pay india private refund vendor,0.0,0.0,0.0,0.0,0.0,0.0,0.0,0.0,0.0,0.0,0.0,0.0,0.0,0.0,0.0,0.0,0.0,0.0,1.0,0.0,0.0,0.0,0.0,0.0,0.0,0.0,0.0,5700 office expense
refund amazon pay india private,0.0,0.0,0.0,0.0,0.0,0.0,0.0,0.0,0.0,0.0,0.0,0.0,0.0,0.0,0.0,0.0,0.0,0.0,0.0,0.0,0.0,0.0,0.0,0.0,0.0,0.0,0.0,5700 office expense
purchase amazon 1a9dd6y93 food beverage event prize award etc,0.0,0.0,0.0,0.0,0.0,0.0,0.0,0.0,0.0,0.0,0.0,0.0,0.0,0.0,0.0,0.0,0.0,0.0,1.0,0.0,0.0,0.0,0.0,0.0,0.0,0.0,0.0,5700 office expense
purchase amazon 2f1h136n3 food beverage event prize award etc,0.0,0.0,0.0,0.0,0.0,0.0,0.0,0.0,0.0,0.0,0.0,0.0,0.0,0.0,0.0,0.0,0.0,0.0,1.0,0.0,0.0,0.0,0.0,0.0,0.0,0.0,0.0,5700 office expense
purchase amazon 2f80j27w3 food beverage event prize award etc,0.0,0.0,0.0,0.0,0.0,0.0,0.0,0.0,0.0,0.0,0.0,0.0,0.0,0.0,0.0,0.0,0.0,0.0,1.0,0.0,0.0,0.0,0.0,0.0,0.0,0.0,0.0,5700 office expense
purchase amazon 2w2504q93 food beverage event prize award etc,0.0,0.0,0.0,0.0,0.0,0.0,0.0,0.0,0.0,0.0,0.0,0.0,0.0,0.0,0.0,0.0,0.0,0.0,1.0,0.0,0.0,0.0,0.0,0.0,0.0,0.0,0.0,5700 office expense
purchase amazon 3a5bi6lr3 food beverage event prize award etc,0.0,0.0,0.0,0.0,0.0,0.0,0.0,0.0,0.0,0.0,0.0,0.0,0.0,0.0,0.0,0.0,0.0,0.0,1.0,0.0,0.0,0.0,0.0,0.0,0.0,0.0,0.0,5700 office expense
purchase amazon 3s3oa0c33 food beverage event prize award etc,0.0,0.0,0.0,0.0,0.0,0.0,0.0,0.0,0.0,0.0,0.0,0.0,0.0,0.0,0.0,0.0,0.0,0.0,1.0,0.0,0.0,0.0,0.0,0.0,0.0,0.0,0.0,5700 office expense
purchase amazon 4307c2c93 food beverage event prize award etc,0.0,0.0,0.0,0.0,0.0,0.0,0.0,0.0,0.0,0.0,0.0,0.0,0.0,0.0,0.0,0.0,0.0,0.0,1.0,0.0,0.0,0.0,0.0,0.0,0.0,0.0,0.0,5700 office expense
purchase amazon 445u11293 food beverage event prize award etc,0.0,0.0,0.0,0.0,0.0,0.0,0.0,0.0,0.0,0.0,0.0,0.0,0.0,0.0,0.0,0.0,0.0,0.0,1.0,0.0,0.0,0.0,0.0,0.0,0.0,0.0,0.0,5700 office expense
purchase amazon 4r68d9n23 food beverage event prize award etc,0.0,0.0,0.0,0.0,0.0,0.0,0.0,0.0,0.0,0.0,0.0,0.0,0.0,0.0,0.0,0.0,0.0,0.0,1.0,0.0,0.0,0.0,0.0,0.0,0.0,0.0,0.0,5700 office expense
purchase amazon 500mi5cs3 food beverage event prize award etc,0.0,0.0,0.0,0.0,0.0,0.0,0.0,0.0,0.0,0.0,0.0,0.0,0.0,0.0,0.0,0.0,0.0,0.0,1.0,0.0,0.0,0.0,0.0,0.0,0.0,0.0,0.0,5700 office expense
purchase amazon 507nx6763 food beverage event prize award etc,0.0,0.0,0.0,0.0,0.0,0.0,0.0,0.0,0.0,0.0,0.0,0.0,0.0,0.0,0.0,0.0,0.0,0.0,1.0,0.0,0.0,0.0,0.0,0.0,0.0,0.0,0.0,5700 office expense
purchase amazon 6d5a18hi3 food beverage event prize award etc,0.0,0.0,0.0,0.0,0.0,0.0,0.0,0.0,0.0,0.0,0.0,0.0,0.0,0.0,0.0,0.0,0.0,0.0,1.0,0.0,0.0,0.0,0.0,0.0,0.0,0.0,0.0,5700 office expense
purchase acol www.acol.ca passtime gps renewal spring auto financial product manage cypress hill use passtime platform reduce risk prevent loss vehicle cypress portfolio 6/20/2022 update card limit $ 1000 need match renewal requirement,0.17817649085351708,0.16853114399798705,0.30274674679090013,0.17880710564735308,0.17880710564735308,0.17880710564735308,0.17880710564735308,0.17499458813117655,0.17855410775144362,0.17868048070434694,0.17880710564735308,0.17880710564735308,0.17868048070434694,0.30274674679090013,0.17571484977948262,0.17880710564735308,0.17880710564735308,0.17880710564735308,0.06730580827515545,0.2973068880112139,0.1654790748445233,0.17880710564735308,0.17880710564735308,0.17880710564735308,0.17718035453921316,0.17880710564735308,0.17880710564735308,5700 office expense
purchase amazon 6q63w8r33 food beverage event prize award etc,0.0,0.0,0.0,0.0,0.0,0.0,0.0,0.0,0.0,0.0,0.0,0.0,0.0,0.0,0.0,0.0,0.0,0.0,1.0,0.0,0.0,0.0,0.0,0.0,0.0,0.0,0.0,5700 office expense
purchase amazon b00c54592 food beverage event prize award etc,0.0,0.0,0.0,0.0,0.0,0.0,0.0,0.0,0.0,0.0,0.0,0.0,0.0,0.0,0.0,0.0,0.0,0.0,1.0,0.0,0.0,0.0,0.0,0.0,0.0,0.0,0.0,5700 office expense
purchase amazon b04c76552 food beverage event prize award etc,0.0,0.0,0.0,0.0,0.0,0.0,0.0,0.0,0.0,0.0,0.0,0.0,0.0,0.0,0.0,0.0,0.0,0.0,1.0,0.0,0.0,0.0,0.0,0.0,0.0,0.0,0.0,5700 office expense
purchase amazon b04jj3542 food beverage event prize award etc,0.0,0.0,0.0,0.0,0.0,0.0,0.0,0.0,0.0,0.0,0.0,0.0,0.0,0.0,0.0,0.0,0.0,0.0,1.0,0.0,0.0,0.0,0.0,0.0,0.0,0.0,0.0,5700 office expense
purchase amazon b05po0xv0 food beverage event prize award etc,0.0,0.0,0.0,0.0,0.0,0.0,0.0,0.0,0.0,0.0,0.0,0.0,0.0,0.0,0.0,0.0,0.0,0.0,1.0,0.0,0.0,0.0,0.0,0.0,0.0,0.0,0.0,5700 office expense
purchase amazon b061u5qi1 food beverage event prize award etc,0.0,0.0,0.0,0.0,0.0,0.0,0.0,0.0,0.0,0.0,0.0,0.0,0.0,0.0,0.0,0.0,0.0,0.0,1.0,0.0,0.0,0.0,0.0,0.0,0.0,0.0,0.0,5700 office expense
purchase amazon b07in05d2 food beverage event prize award etc,0.0,0.0,0.0,0.0,0.0,0.0,0.0,0.0,0.0,0.0,0.0,0.0,0.0,0.0,0.0,0.0,0.0,0.0,1.0,0.0,0.0,0.0,0.0,0.0,0.0,0.0,0.0,5700 office expense
purchase amazon b088z4me2 food beverage event prize award etc,0.0,0.0,0.0,0.0,0.0,0.0,0.0,0.0,0.0,0.0,0.0,0.0,0.0,0.0,0.0,0.0,0.0,0.0,1.0,0.0,0.0,0.0,0.0,0.0,0.0,0.0,0.0,5700 office expense
purchase amazon b09vn52m0,0.0,0.0,0.0,0.0,0.0,0.0,0.0,0.0,0.0,0.0,0.0,0.0,0.0,0.0,0.0,0.0,0.0,0.0,1.0,0.0,0.0,0.0,0.0,0.0,0.0,0.0,0.0,5700 office expense
purchase amazon b24bz6492,0.0,0.0,0.0,0.0,0.0,0.0,0.0,0.0,0.0,0.0,0.0,0.0,0.0,0.0,0.0,0.0,0.0,0.0,1.0,0.0,0.0,0.0,0.0,0.0,0.0,0.0,0.0,5700 office expense
purchase amazon b267i2cj1,0.0,0.0,0.0,0.0,0.0,0.0,0.0,0.0,0.0,0.0,0.0,0.0,0.0,0.0,0.0,0.0,0.0,0.0,1.0,0.0,0.0,0.0,0.0,0.0,0.0,0.0,0.0,5700 office expense
purchase amazon b86wo7n41,0.0,0.0,0.0,0.0,0.0,0.0,0.0,0.0,0.0,0.0,0.0,0.0,0.0,0.0,0.0,0.0,0.0,0.0,1.0,0.0,0.0,0.0,0.0,0.0,0.0,0.0,0.0,5700 office expense
purchase amazon bi6q14r70 food beverage event prize award etc,0.0,0.0,0.0,0.0,0.0,0.0,0.0,0.0,0.0,0.0,0.0,0.0,0.0,0.0,0.0,0.0,0.0,0.0,1.0,0.0,0.0,0.0,0.0,0.0,0.0,0.0,0.0,5700 office expense
purchase amazon bt9g35j50 food beverage event prize award etc,0.0,0.0,0.0,0.0,0.0,0.0,0.0,0.0,0.0,0.0,0.0,0.0,0.0,0.0,0.0,0.0,0.0,0.0,1.0,0.0,0.0,0.0,0.0,0.0,0.0,0.0,0.0,5700 office expense
purchase amazon bt9oj93x1 food beverage event prize award etc,0.0,0.0,0.0,0.0,0.0,0.0,0.0,0.0,0.0,0.0,0.0,0.0,0.0,0.0,0.0,0.0,0.0,0.0,1.0,0.0,0.0,0.0,0.0,0.0,0.0,0.0,0.0,5700 office expense
purchase amazon d268d7tu3 food beverage event prize award etc,0.0,0.0,0.0,0.0,0.0,0.0,0.0,0.0,0.0,0.0,0.0,0.0,0.0,0.0,0.0,0.0,0.0,0.0,1.0,0.0,0.0,0.0,0.0,0.0,0.0,0.0,0.0,5700 office expense
purchase amazon dq2s76pr3,0.0,0.0,0.0,0.0,0.0,0.0,0.0,0.0,0.0,0.0,0.0,0.0,0.0,0.0,0.0,0.0,0.0,0.0,1.0,0.0,0.0,0.0,0.0,0.0,0.0,0.0,0.0,5700 office expense
purchase amazon e29dj0x03 food beverage event prize award etc,0.0,0.0,0.0,0.0,0.0,0.0,0.0,0.0,0.0,0.0,0.0,0.0,0.0,0.0,0.0,0.0,0.0,0.0,1.0,0.0,0.0,0.0,0.0,0.0,0.0,0.0,0.0,5700 office expense
purchase amazon fi0ap2eb3,0.0,0.0,0.0,0.0,0.0,0.0,0.0,0.0,0.0,0.0,0.0,0.0,0.0,0.0,0.0,0.0,0.0,0.0,1.0,0.0,0.0,0.0,0.0,0.0,0.0,0.0,0.0,5700 office expense
purchase amazon fk3441lx3 food beverage event prize award etc,0.0,0.0,0.0,0.0,0.0,0.0,0.0,0.0,0.0,0.0,0.0,0.0,0.0,0.0,0.0,0.0,0.0,0.0,1.0,0.0,0.0,0.0,0.0,0.0,0.0,0.0,0.0,5700 office expense
purchase amazon i14wh3483 food beverage event prize award etc,0.0,0.0,0.0,0.0,0.0,0.0,0.0,0.0,0.0,0.0,0.0,0.0,0.0,0.0,0.0,0.0,0.0,0.0,1.0,0.0,0.0,0.0,0.0,0.0,0.0,0.0,0.0,5700 office expense
refund amazon i14wh3483 food beverage event prize award etc,0.0,0.0,0.0,0.0,0.0,0.0,0.0,0.0,0.0,0.0,0.0,0.0,0.0,0.0,0.0,0.0,0.0,0.0,0.0,0.0,0.0,0.0,0.0,0.0,0.0,0.0,0.0,5700 office expense
purchase amazon ke3iq1443 food beverage event prize award etc,0.0,0.0,0.0,0.0,0.0,0.0,0.0,0.0,0.0,0.0,0.0,0.0,0.0,0.0,0.0,0.0,0.0,0.0,1.0,0.0,0.0,0.0,0.0,0.0,0.0,0.0,0.0,5700 office expense
purchase amazon kr5484q13 food beverage event prize award etc,0.0,0.0,0.0,0.0,0.0,0.0,0.0,0.0,0.0,0.0,0.0,0.0,0.0,0.0,0.0,0.0,0.0,0.0,1.0,0.0,0.0,0.0,0.0,0.0,0.0,0.0,0.0,5700 office expense
purchase amazon ln5sk83g3 food beverage event prize award etc,0.0,0.0,0.0,0.0,0.0,0.0,0.0,0.0,0.0,0.0,0.0,0.0,0.0,0.0,0.0,0.0,0.0,0.0,1.0,0.0,0.0,0.0,0.0,0.0,0.0,0.0,0.0,5700 office expense
purchase amazon ls1yp9j33 food beverage event prize award etc,0.0,0.0,0.0,0.0,0.0,0.0,0.0,0.0,0.0,0.0,0.0,0.0,0.0,0.0,0.0,0.0,0.0,0.0,1.0,0.0,0.0,0.0,0.0,0.0,0.0,0.0,0.0,5700 office expense
purchase amazon lv7az4uu3 food beverage event prize award etc,0.0,0.0,0.0,0.0,0.0,0.0,0.0,0.0,0.0,0.0,0.0,0.0,0.0,0.0,0.0,0.0,0.0,0.0,1.0,0.0,0.0,0.0,0.0,0.0,0.0,0.0,0.0,5700 office expense
purchase amazon m12sd8i73 food beverage event prize award etc,0.0,0.0,0.0,0.0,0.0,0.0,0.0,0.0,0.0,0.0,0.0,0.0,0.0,0.0,0.0,0.0,0.0,0.0,1.0,0.0,0.0,0.0,0.0,0.0,0.0,0.0,0.0,5700 office expense
refund amazon m12sd8i73 food beverage event prize award etc,0.0,0.0,0.0,0.0,0.0,0.0,0.0,0.0,0.0,0.0,0.0,0.0,0.0,0.0,0.0,0.0,0.0,0.0,0.0,0.0,0.0,0.0,0.0,0.0,0.0,0.0,0.0,5700 office expense
purchase amazon m54zl35f3 food beverage event prize award etc,0.0,0.0,0.0,0.0,0.0,0.0,0.0,0.0,0.0,0.0,0.0,0.0,0.0,0.0,0.0,0.0,0.0,0.0,1.0,0.0,0.0,0.0,0.0,0.0,0.0,0.0,0.0,5700 office expense
purchase amazon mf21l8yh3 food beverage event prize award etc,0.0,0.0,0.0,0.0,0.0,0.0,0.0,0.0,0.0,0.0,0.0,0.0,0.0,0.0,0.0,0.0,0.0,0.0,1.0,0.0,0.0,0.0,0.0,0.0,0.0,0.0,0.0,5700 office expense
purchase amazon n30ef25r1 food beverage event prize award etc,0.0,0.0,0.0,0.0,0.0,0.0,0.0,0.0,0.0,0.0,0.0,0.0,0.0,0.0,0.0,0.0,0.0,0.0,1.0,0.0,0.0,0.0,0.0,0.0,0.0,0.0,0.0,5700 office expense
purchase amazon n38ci2ks0 food beverage event prize award etc,0.0,0.0,0.0,0.0,0.0,0.0,0.0,0.0,0.0,0.0,0.0,0.0,0.0,0.0,0.0,0.0,0.0,0.0,1.0,0.0,0.0,0.0,0.0,0.0,0.0,0.0,0.0,5700 office expense
purchase amazon n49of54e1,0.0,0.0,0.0,0.0,0.0,0.0,0.0,0.0,0.0,0.0,0.0,0.0,0.0,0.0,0.0,0.0,0.0,0.0,1.0,0.0,0.0,0.0,0.0,0.0,0.0,0.0,0.0,5700 office expense
purchase amazon ni33y00h2 food beverage event prize award etc,0.0,0.0,0.0,0.0,0.0,0.0,0.0,0.0,0.0,0.0,0.0,0.0,0.0,0.0,0.0,0.0,0.0,0.0,1.0,0.0,0.0,0.0,0.0,0.0,0.0,0.0,0.0,5700 office expense
purchase amazon ni5ih8x02 food beverage event prize award etc,0.0,0.0,0.0,0.0,0.0,0.0,0.0,0.0,0.0,0.0,0.0,0.0,0.0,0.0,0.0,0.0,0.0,0.0,1.0,0.0,0.0,0.0,0.0,0.0,0.0,0.0,0.0,5700 office expense
purchase amazon ni6iq2012 food beverage event prize award etc,0.0,0.0,0.0,0.0,0.0,0.0,0.0,0.0,0.0,0.0,0.0,0.0,0.0,0.0,0.0,0.0,0.0,0.0,1.0,0.0,0.0,0.0,0.0,0.0,0.0,0.0,0.0,5700 office expense
purchase amazon nk2g71x82,0.0,0.0,0.0,0.0,0.0,0.0,0.0,0.0,0.0,0.0,0.0,0.0,0.0,0.0,0.0,0.0,0.0,0.0,1.0,0.0,0.0,0.0,0.0,0.0,0.0,0.0,0.0,5700 office expense
refund amazon nk2g71x82,0.0,0.0,0.0,0.0,0.0,0.0,0.0,0.0,0.0,0.0,0.0,0.0,0.0,0.0,0.0,0.0,0.0,0.0,0.0,0.0,0.0,0.0,0.0,0.0,0.0,0.0,0.0,5700 office expense
purchase amazon nk3ud7l42,0.0,0.0,0.0,0.0,0.0,0.0,0.0,0.0,0.0,0.0,0.0,0.0,0.0,0.0,0.0,0.0,0.0,0.0,1.0,0.0,0.0,0.0,0.0,0.0,0.0,0.0,0.0,5700 office expense
purchase amazon nl4oz6l52 food beverage event prize award etc,0.0,0.0,0.0,0.0,0.0,0.0,0.0,0.0,0.0,0.0,0.0,0.0,0.0,0.0,0.0,0.0,0.0,0.0,1.0,0.0,0.0,0.0,0.0,0.0,0.0,0.0,0.0,5700 office expense
purchase amazon o82y06813 food beverage event prize award etc,0.0,0.0,0.0,0.0,0.0,0.0,0.0,0.0,0.0,0.0,0.0,0.0,0.0,0.0,0.0,0.0,0.0,0.0,1.0,0.0,0.0,0.0,0.0,0.0,0.0,0.0,0.0,5700 office expense
purchase amazon rs7sb4wp3 food beverage event prize award etc,0.0,0.0,0.0,0.0,0.0,0.0,0.0,0.0,0.0,0.0,0.0,0.0,0.0,0.0,0.0,0.0,0.0,0.0,1.0,0.0,0.0,0.0,0.0,0.0,0.0,0.0,0.0,5700 office expense
purchase amazon sm4hl4h63 food beverage event prize award etc,0.0,0.0,0.0,0.0,0.0,0.0,0.0,0.0,0.0,0.0,0.0,0.0,0.0,0.0,0.0,0.0,0.0,0.0,1.0,0.0,0.0,0.0,0.0,0.0,0.0,0.0,0.0,5700 office expense
purchase amazon te3648yb3 food beverage event prize award etc,0.0,0.0,0.0,0.0,0.0,0.0,0.0,0.0,0.0,0.0,0.0,0.0,0.0,0.0,0.0,0.0,0.0,0.0,1.0,0.0,0.0,0.0,0.0,0.0,0.0,0.0,0.0,5700 office expense
purchase amazon th36z4tu3 food beverage event prize award etc,0.0,0.0,0.0,0.0,0.0,0.0,0.0,0.0,0.0,0.0,0.0,0.0,0.0,0.0,0.0,0.0,0.0,0.0,1.0,0.0,0.0,0.0,0.0,0.0,0.0,0.0,0.0,5700 office expense
purchase amazon z26w80mz3 food beverage event prize award etc,0.0,0.0,0.0,0.0,0.0,0.0,0.0,0.0,0.0,0.0,0.0,0.0,0.0,0.0,0.0,0.0,0.0,0.0,1.0,0.0,0.0,0.0,0.0,0.0,0.0,0.0,0.0,5700 office expense
purchase amazon z52ir9jc0 food beverage event prize award etc,0.0,0.0,0.0,0.0,0.0,0.0,0.0,0.0,0.0,0.0,0.0,0.0,0.0,0.0,0.0,0.0,0.0,0.0,1.0,0.0,0.0,0.0,0.0,0.0,0.0,0.0,0.0,5700 office expense
purchase amazon z56yd3r21 food beverage event prize award etc,0.0,0.0,0.0,0.0,0.0,0.0,0.0,0.0,0.0,0.0,0.0,0.0,0.0,0.0,0.0,0.0,0.0,0.0,1.0,0.0,0.0,0.0,0.0,0.0,0.0,0.0,0.0,5700 office expense
purchase amazon z758j9od0 food beverage event prize award etc,0.0,0.0,0.0,0.0,0.0,0.0,0.0,0.0,0.0,0.0,0.0,0.0,0.0,0.0,0.0,0.0,0.0,0.0,1.0,0.0,0.0,0.0,0.0,0.0,0.0,0.0,0.0,5700 office expense
purchase amazon zc04p6081 food beverage event prize award etc,0.0,0.0,0.0,0.0,0.0,0.0,0.0,0.0,0.0,0.0,0.0,0.0,0.0,0.0,0.0,0.0,0.0,0.0,1.0,0.0,0.0,0.0,0.0,0.0,0.0,0.0,0.0,5700 office expense
purchase amazon zc2yb9vq0 food beverage event prize award etc,0.0,0.0,0.0,0.0,0.0,0.0,0.0,0.0,0.0,0.0,0.0,0.0,0.0,0.0,0.0,0.0,0.0,0.0,1.0,0.0,0.0,0.0,0.0,0.0,0.0,0.0,0.0,5700 office expense
purchase amazon zc42j40b0,0.0,0.0,0.0,0.0,0.0,0.0,0.0,0.0,0.0,0.0,0.0,0.0,0.0,0.0,0.0,0.0,0.0,0.0,1.0,0.0,0.0,0.0,0.0,0.0,0.0,0.0,0.0,5700 office expense
purchase amazon zc59n6t60 food beverage event prize award etc,0.0,0.0,0.0,0.0,0.0,0.0,0.0,0.0,0.0,0.0,0.0,0.0,0.0,0.0,0.0,0.0,0.0,0.0,1.0,0.0,0.0,0.0,0.0,0.0,0.0,0.0,0.0,5700 office expense
purchase amazon zc79n8tq0 food beverage event prize award etc,0.0,0.0,0.0,0.0,0.0,0.0,0.0,0.0,0.0,0.0,0.0,0.0,0.0,0.0,0.0,0.0,0.0,0.0,1.0,0.0,0.0,0.0,0.0,0.0,0.0,0.0,0.0,5700 office expense
purchase amazon zc7f93j72 food beverage event prize award etc,0.0,0.0,0.0,0.0,0.0,0.0,0.0,0.0,0.0,0.0,0.0,0.0,0.0,0.0,0.0,0.0,0.0,0.0,1.0,0.0,0.0,0.0,0.0,0.0,0.0,0.0,0.0,5700 office expense
purchase amazon zd4bx6xv0 food beverage event prize award etc,0.0,0.0,0.0,0.0,0.0,0.0,0.0,0.0,0.0,0.0,0.0,0.0,0.0,0.0,0.0,0.0,0.0,0.0,1.0,0.0,0.0,0.0,0.0,0.0,0.0,0.0,0.0,5700 office expense
purchase amazon zf8j31u71 food beverage event prize award etc,0.0,0.0,0.0,0.0,0.0,0.0,0.0,0.0,0.0,0.0,0.0,0.0,0.0,0.0,0.0,0.0,0.0,0.0,1.0,0.0,0.0,0.0,0.0,0.0,0.0,0.0,0.0,5700 office expense
purchase amazon zg1vh14h1,0.0,0.0,0.0,0.0,0.0,0.0,0.0,0.0,0.0,0.0,0.0,0.0,0.0,0.0,0.0,0.0,0.0,0.0,1.0,0.0,0.0,0.0,0.0,0.0,0.0,0.0,0.0,5700 office expense
purchase amazon zg2ug31n0 food beverage event prize award etc,0.0,0.0,0.0,0.0,0.0,0.0,0.0,0.0,0.0,0.0,0.0,0.0,0.0,0.0,0.0,0.0,0.0,0.0,1.0,0.0,0.0,0.0,0.0,0.0,0.0,0.0,0.0,5700 office expense
purchase amazon zg2yt5600 food beverage event prize award etc,0.0,0.0,0.0,0.0,0.0,0.0,0.0,0.0,0.0,0.0,0.0,0.0,0.0,0.0,0.0,0.0,0.0,0.0,1.0,0.0,0.0,0.0,0.0,0.0,0.0,0.0,0.0,5700 office expense
purchase acol www.acol.ca passtime gps renewal spring auto financial product manage cypress hill use passtime platform reduce risk prevent loss vehicle cypress portfolio 6/20/2022 update card limit $ 1000 need match renewal requirement,0.17817649085351708,0.16853114399798705,0.30274674679090013,0.17880710564735308,0.17880710564735308,0.17880710564735308,0.17880710564735308,0.17499458813117655,0.17855410775144362,0.17868048070434694,0.17880710564735308,0.17880710564735308,0.17868048070434694,0.30274674679090013,0.17571484977948262,0.17880710564735308,0.17880710564735308,0.17880710564735308,0.06730580827515545,0.2973068880112139,0.1654790748445233,0.17880710564735308,0.17880710564735308,0.17880710564735308,0.17718035453921316,0.17880710564735308,0.17880710564735308,5700 office expense
purchase amazon zg66996l1 food beverage event prize award etc,0.0,0.0,0.0,0.0,0.0,0.0,0.0,0.0,0.0,0.0,0.0,0.0,0.0,0.0,0.0,0.0,0.0,0.0,1.0,0.0,0.0,0.0,0.0,0.0,0.0,0.0,0.0,5700 office expense
purchase amazon zg8cz96h1 food beverage event prize award etc,0.0,0.0,0.0,0.0,0.0,0.0,0.0,0.0,0.0,0.0,0.0,0.0,0.0,0.0,0.0,0.0,0.0,0.0,1.0,0.0,0.0,0.0,0.0,0.0,0.0,0.0,0.0,5700 office expense
purchase amazon zg9z88ic0 food beverage event prize award etc,0.0,0.0,0.0,0.0,0.0,0.0,0.0,0.0,0.0,0.0,0.0,0.0,0.0,0.0,0.0,0.0,0.0,0.0,1.0,0.0,0.0,0.0,0.0,0.0,0.0,0.0,0.0,5700 office expense
purchase amazon zk8ed10a1 food beverage event prize award etc,0.0,0.0,0.0,0.0,0.0,0.0,0.0,0.0,0.0,0.0,0.0,0.0,0.0,0.0,0.0,0.0,0.0,0.0,1.0,0.0,0.0,0.0,0.0,0.0,0.0,0.0,0.0,5700 office expense
refund amazon.ca,0.0,0.0,0.0,0.0,0.0,0.0,0.0,0.0,0.0,0.0,0.0,0.0,0.0,0.0,0.0,0.0,0.0,0.0,0.0,0.0,0.0,0.0,0.0,0.0,0.0,0.0,0.0,5700 office expense
refund amazon.ca,0.0,0.0,0.0,0.0,0.0,0.0,0.0,0.0,0.0,0.0,0.0,0.0,0.0,0.0,0.0,0.0,0.0,0.0,0.0,0.0,0.0,0.0,0.0,0.0,0.0,0.0,0.0,5700 office expense
refund amazon.ca,0.0,0.0,0.0,0.0,0.0,0.0,0.0,0.0,0.0,0.0,0.0,0.0,0.0,0.0,0.0,0.0,0.0,0.0,0.0,0.0,0.0,0.0,0.0,0.0,0.0,0.0,0.0,5700 office expense
refund amazon.ca,0.0,0.0,0.0,0.0,0.0,0.0,0.0,0.0,0.0,0.0,0.0,0.0,0.0,0.0,0.0,0.0,0.0,0.0,0.0,0.0,0.0,0.0,0.0,0.0,0.0,0.0,0.0,5700 office expense
refund amazon.ca,0.0,0.0,0.0,0.0,0.0,0.0,0.0,0.0,0.0,0.0,0.0,0.0,0.0,0.0,0.0,0.0,0.0,0.0,0.0,0.0,0.0,0.0,0.0,0.0,0.0,0.0,0.0,5700 office expense
refund amazon.ca,0.0,0.0,0.0,0.0,0.0,0.0,0.0,0.0,0.0,0.0,0.0,0.0,0.0,0.0,0.0,0.0,0.0,0.0,0.0,0.0,0.0,0.0,0.0,0.0,0.0,0.0,0.0,5700 office expense
purchase amazon.ca 0j0k28up3 food beverage event prize award etc,0.0,0.0,0.0,0.0,0.0,0.0,0.0,0.0,0.0,0.0,0.0,0.0,0.0,0.0,0.0,0.0,0.0,0.0,1.0,0.0,0.0,0.0,0.0,0.0,0.0,0.0,0.0,5700 office expense
purchase amazon.ca 4f7am1623 food beverage event prize award etc,0.0,0.0,0.0,0.0,0.0,0.0,0.0,0.0,0.0,0.0,0.0,0.0,0.0,0.0,0.0,0.0,0.0,0.0,1.0,0.0,0.0,0.0,0.0,0.0,0.0,0.0,0.0,5700 office expense
purchase amazon.ca 6j3qg5tb3,0.0,0.0,0.0,0.0,0.0,0.0,0.0,0.0,0.0,0.0,0.0,0.0,0.0,0.0,0.0,0.0,0.0,0.0,1.0,0.0,0.0,0.0,0.0,0.0,0.0,0.0,0.0,5700 office expense
purchase acol www.acol.ca passtime gps renewal spring auto financial product manage cypress hill use passtime platform reduce risk prevent loss vehicle cypress portfolio 6/20/2022 update card limit $ 1000 need match renewal requirement,0.17817649085351708,0.16853114399798705,0.30274674679090013,0.17880710564735308,0.17880710564735308,0.17880710564735308,0.17880710564735308,0.17499458813117655,0.17855410775144362,0.17868048070434694,0.17880710564735308,0.17880710564735308,0.17868048070434694,0.30274674679090013,0.17571484977948262,0.17880710564735308,0.17880710564735308,0.17880710564735308,0.06730580827515545,0.2973068880112139,0.1654790748445233,0.17880710564735308,0.17880710564735308,0.17880710564735308,0.17718035453921316,0.17880710564735308,0.17880710564735308,5700 office expense
purchase amazon.ca 8f1lv4du3 food beverage event prize award etc,0.0,0.0,0.0,0.0,0.0,0.0,0.0,0.0,0.0,0.0,0.0,0.0,0.0,0.0,0.0,0.0,0.0,0.0,1.0,0.0,0.0,0.0,0.0,0.0,0.0,0.0,0.0,5700 office expense
purchase amazon.ca 8f4uf89k3,0.0,0.0,0.0,0.0,0.0,0.0,0.0,0.0,0.0,0.0,0.0,0.0,0.0,0.0,0.0,0.0,0.0,0.0,1.0,0.0,0.0,0.0,0.0,0.0,0.0,0.0,0.0,5700 office expense
purchase amazon.ca 8l49421r3,0.0,0.0,0.0,0.0,0.0,0.0,0.0,0.0,0.0,0.0,0.0,0.0,0.0,0.0,0.0,0.0,0.0,0.0,1.0,0.0,0.0,0.0,0.0,0.0,0.0,0.0,0.0,5700 office expense
purchase amazon.ca b02285xc0,0.0,0.0,0.0,0.0,0.0,0.0,0.0,0.0,0.0,0.0,0.0,0.0,0.0,0.0,0.0,0.0,0.0,0.0,1.0,0.0,0.0,0.0,0.0,0.0,0.0,0.0,0.0,5700 office expense
purchase amazon.ca b038g4mn2,0.0,0.0,0.0,0.0,0.0,0.0,0.0,0.0,0.0,0.0,0.0,0.0,0.0,0.0,0.0,0.0,0.0,0.0,1.0,0.0,0.0,0.0,0.0,0.0,0.0,0.0,0.0,5700 office expense
purchase amazon.ca b04q67830,0.0,0.0,0.0,0.0,0.0,0.0,0.0,0.0,0.0,0.0,0.0,0.0,0.0,0.0,0.0,0.0,0.0,0.0,1.0,0.0,0.0,0.0,0.0,0.0,0.0,0.0,0.0,5700 office expense
purchase amazon.ca b04z549f1,0.0,0.0,0.0,0.0,0.0,0.0,0.0,0.0,0.0,0.0,0.0,0.0,0.0,0.0,0.0,0.0,0.0,0.0,1.0,0.0,0.0,0.0,0.0,0.0,0.0,0.0,0.0,5700 office expense
purchase amazon.ca b06bq1mt0,0.0,0.0,0.0,0.0,0.0,0.0,0.0,0.0,0.0,0.0,0.0,0.0,0.0,0.0,0.0,0.0,0.0,0.0,1.0,0.0,0.0,0.0,0.0,0.0,0.0,0.0,0.0,5700 office expense
purchase amazon.ca b06fn8vh0,0.0,0.0,0.0,0.0,0.0,0.0,0.0,0.0,0.0,0.0,0.0,0.0,0.0,0.0,0.0,0.0,0.0,0.0,1.0,0.0,0.0,0.0,0.0,0.0,0.0,0.0,0.0,5700 office expense
purchase amazon.ca b06ws8532,0.0,0.0,0.0,0.0,0.0,0.0,0.0,0.0,0.0,0.0,0.0,0.0,0.0,0.0,0.0,0.0,0.0,0.0,1.0,0.0,0.0,0.0,0.0,0.0,0.0,0.0,0.0,5700 office expense
purchase amazon.ca b07wh75w2,0.0,0.0,0.0,0.0,0.0,0.0,0.0,0.0,0.0,0.0,0.0,0.0,0.0,0.0,0.0,0.0,0.0,0.0,1.0,0.0,0.0,0.0,0.0,0.0,0.0,0.0,0.0,5700 office expense
purchase amazon.ca b085e7hr2,0.0,0.0,0.0,0.0,0.0,0.0,0.0,0.0,0.0,0.0,0.0,0.0,0.0,0.0,0.0,0.0,0.0,0.0,1.0,0.0,0.0,0.0,0.0,0.0,0.0,0.0,0.0,5700 office expense
purchase amazon.ca b086v5qm1,0.0,0.0,0.0,0.0,0.0,0.0,0.0,0.0,0.0,0.0,0.0,0.0,0.0,0.0,0.0,0.0,0.0,0.0,1.0,0.0,0.0,0.0,0.0,0.0,0.0,0.0,0.0,5700 office expense
purchase amazon.ca b24b57961,0.0,0.0,0.0,0.0,0.0,0.0,0.0,0.0,0.0,0.0,0.0,0.0,0.0,0.0,0.0,0.0,0.0,0.0,1.0,0.0,0.0,0.0,0.0,0.0,0.0,0.0,0.0,5700 office expense
purchase amazon.ca b28o45p10,0.0,0.0,0.0,0.0,0.0,0.0,0.0,0.0,0.0,0.0,0.0,0.0,0.0,0.0,0.0,0.0,0.0,0.0,1.0,0.0,0.0,0.0,0.0,0.0,0.0,0.0,0.0,5700 office expense
purchase amazon.ca b82mr5362,0.0,0.0,0.0,0.0,0.0,0.0,0.0,0.0,0.0,0.0,0.0,0.0,0.0,0.0,0.0,0.0,0.0,0.0,1.0,0.0,0.0,0.0,0.0,0.0,0.0,0.0,0.0,5700 office expense
purchase amazon.ca bb5cq7yi2,0.0,0.0,0.0,0.0,0.0,0.0,0.0,0.0,0.0,0.0,0.0,0.0,0.0,0.0,0.0,0.0,0.0,0.0,1.0,0.0,0.0,0.0,0.0,0.0,0.0,0.0,0.0,5700 office expense
purchase amazon.ca bb6315xr0,0.0,0.0,0.0,0.0,0.0,0.0,0.0,0.0,0.0,0.0,0.0,0.0,0.0,0.0,0.0,0.0,0.0,0.0,1.0,0.0,0.0,0.0,0.0,0.0,0.0,0.0,0.0,5700 office expense
purchase amazon.ca bi0010un2,0.0,0.0,0.0,0.0,0.0,0.0,0.0,0.0,0.0,0.0,0.0,0.0,0.0,0.0,0.0,0.0,0.0,0.0,1.0,0.0,0.0,0.0,0.0,0.0,0.0,0.0,0.0,5700 office expense
purchase amazon.ca bt0xw6yc1,0.0,0.0,0.0,0.0,0.0,0.0,0.0,0.0,0.0,0.0,0.0,0.0,0.0,0.0,0.0,0.0,0.0,0.0,1.0,0.0,0.0,0.0,0.0,0.0,0.0,0.0,0.0,5700 office expense
purchase amazon.ca bt8oc74b1 food beverage event prize award etc,0.0,0.0,0.0,0.0,0.0,0.0,0.0,0.0,0.0,0.0,0.0,0.0,0.0,0.0,0.0,0.0,0.0,0.0,1.0,0.0,0.0,0.0,0.0,0.0,0.0,0.0,0.0,5700 office expense
purchase amazon.ca ce55l5om3 food beverage event prize award etc,0.0,0.0,0.0,0.0,0.0,0.0,0.0,0.0,0.0,0.0,0.0,0.0,0.0,0.0,0.0,0.0,0.0,0.0,1.0,0.0,0.0,0.0,0.0,0.0,0.0,0.0,0.0,5700 office expense
purchase amazon.ca fh1bf9mt3 food beverage event prize award etc,0.0,0.0,0.0,0.0,0.0,0.0,0.0,0.0,0.0,0.0,0.0,0.0,0.0,0.0,0.0,0.0,0.0,0.0,1.0,0.0,0.0,0.0,0.0,0.0,0.0,0.0,0.0,5700 office expense
purchase amazon.ca j685p4783 food beverage event prize award etc,0.0,0.0,0.0,0.0,0.0,0.0,0.0,0.0,0.0,0.0,0.0,0.0,0.0,0.0,0.0,0.0,0.0,0.0,1.0,0.0,0.0,0.0,0.0,0.0,0.0,0.0,0.0,5700 office expense
purchase amazon.ca kn41p2ya3,0.0,0.0,0.0,0.0,0.0,0.0,0.0,0.0,0.0,0.0,0.0,0.0,0.0,0.0,0.0,0.0,0.0,0.0,1.0,0.0,0.0,0.0,0.0,0.0,0.0,0.0,0.0,5700 office expense
purchase amazon.ca mr2y12ne3,0.0,0.0,0.0,0.0,0.0,0.0,0.0,0.0,0.0,0.0,0.0,0.0,0.0,0.0,0.0,0.0,0.0,0.0,1.0,0.0,0.0,0.0,0.0,0.0,0.0,0.0,0.0,5700 office expense
purchase amazon.ca n42gi36v1,0.0,0.0,0.0,0.0,0.0,0.0,0.0,0.0,0.0,0.0,0.0,0.0,0.0,0.0,0.0,0.0,0.0,0.0,1.0,0.0,0.0,0.0,0.0,0.0,0.0,0.0,0.0,5700 office expense
purchase amazon.ca n45ju7r82,0.0,0.0,0.0,0.0,0.0,0.0,0.0,0.0,0.0,0.0,0.0,0.0,0.0,0.0,0.0,0.0,0.0,0.0,1.0,0.0,0.0,0.0,0.0,0.0,0.0,0.0,0.0,5700 office expense
purchase amazon.ca n47863az1,0.0,0.0,0.0,0.0,0.0,0.0,0.0,0.0,0.0,0.0,0.0,0.0,0.0,0.0,0.0,0.0,0.0,0.0,1.0,0.0,0.0,0.0,0.0,0.0,0.0,0.0,0.0,5700 office expense
purchase amazon.ca n49x78fr2,0.0,0.0,0.0,0.0,0.0,0.0,0.0,0.0,0.0,0.0,0.0,0.0,0.0,0.0,0.0,0.0,0.0,0.0,1.0,0.0,0.0,0.0,0.0,0.0,0.0,0.0,0.0,5700 office expense
purchase amazon.ca n891c31o3 food beverage event prize award etc,0.0,0.0,0.0,0.0,0.0,0.0,0.0,0.0,0.0,0.0,0.0,0.0,0.0,0.0,0.0,0.0,0.0,0.0,1.0,0.0,0.0,0.0,0.0,0.0,0.0,0.0,0.0,5700 office expense
purchase amazon.ca nf0v86f80 food beverage event prize award etc,0.0,0.0,0.0,0.0,0.0,0.0,0.0,0.0,0.0,0.0,0.0,0.0,0.0,0.0,0.0,0.0,0.0,0.0,1.0,0.0,0.0,0.0,0.0,0.0,0.0,0.0,0.0,5700 office expense
purchase amazon.ca nf2fb9w70,0.0,0.0,0.0,0.0,0.0,0.0,0.0,0.0,0.0,0.0,0.0,0.0,0.0,0.0,0.0,0.0,0.0,0.0,1.0,0.0,0.0,0.0,0.0,0.0,0.0,0.0,0.0,5700 office expense
purchase amazon.ca nf5rj44q0 food beverage event prize award etc,0.0,0.0,0.0,0.0,0.0,0.0,0.0,0.0,0.0,0.0,0.0,0.0,0.0,0.0,0.0,0.0,0.0,0.0,1.0,0.0,0.0,0.0,0.0,0.0,0.0,0.0,0.0,5700 office expense
purchase amazon.ca nf6qb2wk0,0.0,0.0,0.0,0.0,0.0,0.0,0.0,0.0,0.0,0.0,0.0,0.0,0.0,0.0,0.0,0.0,0.0,0.0,1.0,0.0,0.0,0.0,0.0,0.0,0.0,0.0,0.0,5700 office expense
purchase amazon.ca nf9rj0pd0 food beverage event prize award etc,0.0,0.0,0.0,0.0,0.0,0.0,0.0,0.0,0.0,0.0,0.0,0.0,0.0,0.0,0.0,0.0,0.0,0.0,1.0,0.0,0.0,0.0,0.0,0.0,0.0,0.0,0.0,5700 office expense
purchase amazon.ca nk0ij2q02 food beverage event prize award etc,0.0,0.0,0.0,0.0,0.0,0.0,0.0,0.0,0.0,0.0,0.0,0.0,0.0,0.0,0.0,0.0,0.0,0.0,1.0,0.0,0.0,0.0,0.0,0.0,0.0,0.0,0.0,5700 office expense
purchase amazon.ca nk0sg53e2,0.0,0.0,0.0,0.0,0.0,0.0,0.0,0.0,0.0,0.0,0.0,0.0,0.0,0.0,0.0,0.0,0.0,0.0,1.0,0.0,0.0,0.0,0.0,0.0,0.0,0.0,0.0,5700 office expense
purchase amazon.ca nk2ox36x1,0.0,0.0,0.0,0.0,0.0,0.0,0.0,0.0,0.0,0.0,0.0,0.0,0.0,0.0,0.0,0.0,0.0,0.0,1.0,0.0,0.0,0.0,0.0,0.0,0.0,0.0,0.0,5700 office expense
purchase amazon.ca nk4ve4gx0,0.0,0.0,0.0,0.0,0.0,0.0,0.0,0.0,0.0,0.0,0.0,0.0,0.0,0.0,0.0,0.0,0.0,0.0,1.0,0.0,0.0,0.0,0.0,0.0,0.0,0.0,0.0,5700 office expense
purchase amazon.ca nk4wb12j0,0.0,0.0,0.0,0.0,0.0,0.0,0.0,0.0,0.0,0.0,0.0,0.0,0.0,0.0,0.0,0.0,0.0,0.0,1.0,0.0,0.0,0.0,0.0,0.0,0.0,0.0,0.0,5700 office expense
purchase amazon.ca nk5h943m2,0.0,0.0,0.0,0.0,0.0,0.0,0.0,0.0,0.0,0.0,0.0,0.0,0.0,0.0,0.0,0.0,0.0,0.0,1.0,0.0,0.0,0.0,0.0,0.0,0.0,0.0,0.0,5700 office expense
purchase amazon.ca nk5jp33e2,0.0,0.0,0.0,0.0,0.0,0.0,0.0,0.0,0.0,0.0,0.0,0.0,0.0,0.0,0.0,0.0,0.0,0.0,1.0,0.0,0.0,0.0,0.0,0.0,0.0,0.0,0.0,5700 office expense
purchase amazon.ca nk7a32611,0.0,0.0,0.0,0.0,0.0,0.0,0.0,0.0,0.0,0.0,0.0,0.0,0.0,0.0,0.0,0.0,0.0,0.0,1.0,0.0,0.0,0.0,0.0,0.0,0.0,0.0,0.0,5700 office expense
purchase amazon.ca nk8j203r2,0.0,0.0,0.0,0.0,0.0,0.0,0.0,0.0,0.0,0.0,0.0,0.0,0.0,0.0,0.0,0.0,0.0,0.0,1.0,0.0,0.0,0.0,0.0,0.0,0.0,0.0,0.0,5700 office expense
purchase amazon.ca nk8mc72n0,0.0,0.0,0.0,0.0,0.0,0.0,0.0,0.0,0.0,0.0,0.0,0.0,0.0,0.0,0.0,0.0,0.0,0.0,1.0,0.0,0.0,0.0,0.0,0.0,0.0,0.0,0.0,5700 office expense
purchase amazon.ca nk94066u1,0.0,0.0,0.0,0.0,0.0,0.0,0.0,0.0,0.0,0.0,0.0,0.0,0.0,0.0,0.0,0.0,0.0,0.0,1.0,0.0,0.0,0.0,0.0,0.0,0.0,0.0,0.0,5700 office expense
purchase amazon.ca nm3fz22u2 food beverage event prize award etc,0.0,0.0,0.0,0.0,0.0,0.0,0.0,0.0,0.0,0.0,0.0,0.0,0.0,0.0,0.0,0.0,0.0,0.0,1.0,0.0,0.0,0.0,0.0,0.0,0.0,0.0,0.0,5700 office expense
purchase amazon.ca nm5b33wk2,0.0,0.0,0.0,0.0,0.0,0.0,0.0,0.0,0.0,0.0,0.0,0.0,0.0,0.0,0.0,0.0,0.0,0.0,1.0,0.0,0.0,0.0,0.0,0.0,0.0,0.0,0.0,5700 office expense
purchase amazon.ca nu0549lx0 food beverage event prize award etc,0.0,0.0,0.0,0.0,0.0,0.0,0.0,0.0,0.0,0.0,0.0,0.0,0.0,0.0,0.0,0.0,0.0,0.0,1.0,0.0,0.0,0.0,0.0,0.0,0.0,0.0,0.0,5700 office expense
purchase amazon.ca nu0996l50 food beverage event prize award etc,0.0,0.0,0.0,0.0,0.0,0.0,0.0,0.0,0.0,0.0,0.0,0.0,0.0,0.0,0.0,0.0,0.0,0.0,1.0,0.0,0.0,0.0,0.0,0.0,0.0,0.0,0.0,5700 office expense
purchase amazon.ca nu2jg2vl2,0.0,0.0,0.0,0.0,0.0,0.0,0.0,0.0,0.0,0.0,0.0,0.0,0.0,0.0,0.0,0.0,0.0,0.0,1.0,0.0,0.0,0.0,0.0,0.0,0.0,0.0,0.0,5700 office expense
purchase amazon.ca nu32j2bm1,0.0,0.0,0.0,0.0,0.0,0.0,0.0,0.0,0.0,0.0,0.0,0.0,0.0,0.0,0.0,0.0,0.0,0.0,1.0,0.0,0.0,0.0,0.0,0.0,0.0,0.0,0.0,5700 office expense
purchase amazon.ca nu72j9vu2,0.0,0.0,0.0,0.0,0.0,0.0,0.0,0.0,0.0,0.0,0.0,0.0,0.0,0.0,0.0,0.0,0.0,0.0,1.0,0.0,0.0,0.0,0.0,0.0,0.0,0.0,0.0,5700 office expense
purchase amazon.ca nv0vk33e1 food beverage event prize award etc,0.0,0.0,0.0,0.0,0.0,0.0,0.0,0.0,0.0,0.0,0.0,0.0,0.0,0.0,0.0,0.0,0.0,0.0,1.0,0.0,0.0,0.0,0.0,0.0,0.0,0.0,0.0,5700 office expense
purchase amazon.ca nv1my1qu1 food beverage event prize award etc,0.0,0.0,0.0,0.0,0.0,0.0,0.0,0.0,0.0,0.0,0.0,0.0,0.0,0.0,0.0,0.0,0.0,0.0,1.0,0.0,0.0,0.0,0.0,0.0,0.0,0.0,0.0,5700 office expense
purchase amazon.ca nv1pw03k1 food beverage event prize award etc,0.0,0.0,0.0,0.0,0.0,0.0,0.0,0.0,0.0,0.0,0.0,0.0,0.0,0.0,0.0,0.0,0.0,0.0,1.0,0.0,0.0,0.0,0.0,0.0,0.0,0.0,0.0,5700 office expense
purchase amazon.ca nv2782jr1 food beverage event prize award etc,0.0,0.0,0.0,0.0,0.0,0.0,0.0,0.0,0.0,0.0,0.0,0.0,0.0,0.0,0.0,0.0,0.0,0.0,1.0,0.0,0.0,0.0,0.0,0.0,0.0,0.0,0.0,5700 office expense
purchase amazon.ca nv3u13qj1 food beverage event prize award etc,0.0,0.0,0.0,0.0,0.0,0.0,0.0,0.0,0.0,0.0,0.0,0.0,0.0,0.0,0.0,0.0,0.0,0.0,1.0,0.0,0.0,0.0,0.0,0.0,0.0,0.0,0.0,5700 office expense
purchase amazon.ca nv5vv4t42 food beverage event prize award etc,0.0,0.0,0.0,0.0,0.0,0.0,0.0,0.0,0.0,0.0,0.0,0.0,0.0,0.0,0.0,0.0,0.0,0.0,1.0,0.0,0.0,0.0,0.0,0.0,0.0,0.0,0.0,5700 office expense
purchase amazon.ca nv6110js1 food beverage event prize award etc,0.0,0.0,0.0,0.0,0.0,0.0,0.0,0.0,0.0,0.0,0.0,0.0,0.0,0.0,0.0,0.0,0.0,0.0,1.0,0.0,0.0,0.0,0.0,0.0,0.0,0.0,0.0,5700 office expense
purchase amazon.ca nv6bx9am2 food beverage event prize award etc,0.0,0.0,0.0,0.0,0.0,0.0,0.0,0.0,0.0,0.0,0.0,0.0,0.0,0.0,0.0,0.0,0.0,0.0,1.0,0.0,0.0,0.0,0.0,0.0,0.0,0.0,0.0,5700 office expense
purchase amazon.ca nv7f56b32 food beverage event prize award etc,0.0,0.0,0.0,0.0,0.0,0.0,0.0,0.0,0.0,0.0,0.0,0.0,0.0,0.0,0.0,0.0,0.0,0.0,1.0,0.0,0.0,0.0,0.0,0.0,0.0,0.0,0.0,5700 office expense
purchase amazon.ca nv84e5qz1 food beverage event prize award etc,0.0,0.0,0.0,0.0,0.0,0.0,0.0,0.0,0.0,0.0,0.0,0.0,0.0,0.0,0.0,0.0,0.0,0.0,1.0,0.0,0.0,0.0,0.0,0.0,0.0,0.0,0.0,5700 office expense
purchase amazon.ca px0i25zh3 food beverage event prize award etc,0.0,0.0,0.0,0.0,0.0,0.0,0.0,0.0,0.0,0.0,0.0,0.0,0.0,0.0,0.0,0.0,0.0,0.0,1.0,0.0,0.0,0.0,0.0,0.0,0.0,0.0,0.0,5700 office expense
purchase amazon.ca q96w621c3 food beverage event prize award etc,0.0,0.0,0.0,0.0,0.0,0.0,0.0,0.0,0.0,0.0,0.0,0.0,0.0,0.0,0.0,0.0,0.0,0.0,1.0,0.0,0.0,0.0,0.0,0.0,0.0,0.0,0.0,5700 office expense
purchase amazon.ca s435944j3 food beverage event prize award etc,0.0,0.0,0.0,0.0,0.0,0.0,0.0,0.0,0.0,0.0,0.0,0.0,0.0,0.0,0.0,0.0,0.0,0.0,1.0,0.0,0.0,0.0,0.0,0.0,0.0,0.0,0.0,5700 office expense
purchase amazon.ca sk6ns22r3,0.0,0.0,0.0,0.0,0.0,0.0,0.0,0.0,0.0,0.0,0.0,0.0,0.0,0.0,0.0,0.0,0.0,0.0,1.0,0.0,0.0,0.0,0.0,0.0,0.0,0.0,0.0,5700 office expense
purchase amazon.ca sy1bf65s3,0.0,0.0,0.0,0.0,0.0,0.0,0.0,0.0,0.0,0.0,0.0,0.0,0.0,0.0,0.0,0.0,0.0,0.0,1.0,0.0,0.0,0.0,0.0,0.0,0.0,0.0,0.0,5700 office expense
purchase amazon.ca to0gv8i93,0.0,0.0,0.0,0.0,0.0,0.0,0.0,0.0,0.0,0.0,0.0,0.0,0.0,0.0,0.0,0.0,0.0,0.0,1.0,0.0,0.0,0.0,0.0,0.0,0.0,0.0,0.0,5700 office expense
purchase amazon.ca wb5d79ek3 food beverage event prize award etc,0.0,0.0,0.0,0.0,0.0,0.0,0.0,0.0,0.0,0.0,0.0,0.0,0.0,0.0,0.0,0.0,0.0,0.0,1.0,0.0,0.0,0.0,0.0,0.0,0.0,0.0,0.0,5700 office expense
purchase amazon.ca*k72eg5er3,0.0,0.0,0.0,0.0,0.0,0.0,0.0,0.0,0.0,0.0,0.0,0.0,0.0,0.0,0.0,0.0,0.0,0.0,1.0,0.0,0.0,0.0,0.0,0.0,0.0,0.0,0.0,5700 office expense
purchase amazon.ca*n21yq3uc1,0.0,0.0,0.0,0.0,0.0,0.0,0.0,0.0,0.0,0.0,0.0,0.0,0.0,0.0,0.0,0.0,0.0,0.0,1.0,0.0,0.0,0.0,0.0,0.0,0.0,0.0,0.0,5700 office expense
purchase amazon.ca*n25bu6uv1,0.0,0.0,0.0,0.0,0.0,0.0,0.0,0.0,0.0,0.0,0.0,0.0,0.0,0.0,0.0,0.0,0.0,0.0,1.0,0.0,0.0,0.0,0.0,0.0,0.0,0.0,0.0,5700 office expense
purchase amazon.ca*n39lt62n0,0.0,0.0,0.0,0.0,0.0,0.0,0.0,0.0,0.0,0.0,0.0,0.0,0.0,0.0,0.0,0.0,0.0,0.0,1.0,0.0,0.0,0.0,0.0,0.0,0.0,0.0,0.0,5700 office expense
purchase amazon.ca*nb6ln4i92,0.0,0.0,0.0,0.0,0.0,0.0,0.0,0.0,0.0,0.0,0.0,0.0,0.0,0.0,0.0,0.0,0.0,0.0,1.0,0.0,0.0,0.0,0.0,0.0,0.0,0.0,0.0,5700 office expense
purchase amazon.ca*nb6u64u22,0.0,0.0,0.0,0.0,0.0,0.0,0.0,0.0,0.0,0.0,0.0,0.0,0.0,0.0,0.0,0.0,0.0,0.0,1.0,0.0,0.0,0.0,0.0,0.0,0.0,0.0,0.0,5700 office expense
purchase amazon.ca*ni3by1fc2,0.0,0.0,0.0,0.0,0.0,0.0,0.0,0.0,0.0,0.0,0.0,0.0,0.0,0.0,0.0,0.0,0.0,0.0,1.0,0.0,0.0,0.0,0.0,0.0,0.0,0.0,0.0,5700 office expense
purchase amazon.ca*w41as9zi3 montreal staff winner originally suppose 300 simon gc keep get decline reason send winner jonathan shapiro amazon gc instead,0.0,0.0,0.0,0.0,0.0,0.0,0.0,0.0,0.0,0.0,0.0,0.0,0.0,0.0,0.0,0.0,0.0,0.0,1.0,0.0,0.0,0.0,0.0,0.0,0.0,0.0,0.0,5700 office expense
purchase amazon.ca*z750t3pa1 food beverage event prize award etc,0.0,0.0,0.0,0.0,0.0,0.0,0.0,0.0,0.0,0.0,0.0,0.0,0.0,0.0,0.0,0.0,0.0,0.0,1.0,0.0,0.0,0.0,0.0,0.0,0.0,0.0,0.0,5700 office expense
purchase amazon.ca*zc9p45rm0 food beverage event prize award etc,0.0,0.0,0.0,0.0,0.0,0.0,0.0,0.0,0.0,0.0,0.0,0.0,0.0,0.0,0.0,0.0,0.0,0.0,1.0,0.0,0.0,0.0,0.0,0.0,0.0,0.0,0.0,5700 office expense
purchase amazon.com 1t7t912c3 food beverage event prize award etc,0.0,0.0,0.0,0.0,0.0,0.0,0.0,0.0,0.0,0.0,0.0,0.0,0.0,0.0,0.0,0.0,0.0,0.0,1.0,0.0,0.0,0.0,0.0,0.0,0.0,0.0,0.0,5700 office expense
purchase amazon.com 1u9ac9b03,0.0,0.0,0.0,0.0,0.0,0.0,0.0,0.0,0.0,0.0,0.0,0.0,0.0,0.0,0.0,0.0,0.0,0.0,1.0,0.0,0.0,0.0,0.0,0.0,0.0,0.0,0.0,5700 office expense
purchase amazon.com 2h0ni7k83 food beverage event prize award etc,0.0,0.0,0.0,0.0,0.0,0.0,0.0,0.0,0.0,0.0,0.0,0.0,0.0,0.0,0.0,0.0,0.0,0.0,1.0,0.0,0.0,0.0,0.0,0.0,0.0,0.0,0.0,5700 office expense
purchase amazon.com 394vc1zi3,0.0,0.0,0.0,0.0,0.0,0.0,0.0,0.0,0.0,0.0,0.0,0.0,0.0,0.0,0.0,0.0,0.0,0.0,1.0,0.0,0.0,0.0,0.0,0.0,0.0,0.0,0.0,5700 office expense
purchase amazon.com 4a9yr6v03,0.0,0.0,0.0,0.0,0.0,0.0,0.0,0.0,0.0,0.0,0.0,0.0,0.0,0.0,0.0,0.0,0.0,0.0,1.0,0.0,0.0,0.0,0.0,0.0,0.0,0.0,0.0,5700 office expense
purchase amazon.com 4x7tq8f63 food beverage event prize award etc,0.0,0.0,0.0,0.0,0.0,0.0,0.0,0.0,0.0,0.0,0.0,0.0,0.0,0.0,0.0,0.0,0.0,0.0,1.0,0.0,0.0,0.0,0.0,0.0,0.0,0.0,0.0,5700 office expense
purchase amazon.com 6q8bi09v3 food beverage event prize award etc,0.0,0.0,0.0,0.0,0.0,0.0,0.0,0.0,0.0,0.0,0.0,0.0,0.0,0.0,0.0,0.0,0.0,0.0,1.0,0.0,0.0,0.0,0.0,0.0,0.0,0.0,0.0,5700 office expense
purchase amazon.com 6t2fg7gl3,0.0,0.0,0.0,0.0,0.0,0.0,0.0,0.0,0.0,0.0,0.0,0.0,0.0,0.0,0.0,0.0,0.0,0.0,1.0,0.0,0.0,0.0,0.0,0.0,0.0,0.0,0.0,5700 office expense
purchase amazon.com 6y7vi8kb3,0.0,0.0,0.0,0.0,0.0,0.0,0.0,0.0,0.0,0.0,0.0,0.0,0.0,0.0,0.0,0.0,0.0,0.0,1.0,0.0,0.0,0.0,0.0,0.0,0.0,0.0,0.0,5700 office expense
purchase acol www.acol.ca passtime gps renewal spring auto financial product manage cypress hill use passtime platform reduce risk prevent loss vehicle cypress portfolio 6/20/2022 update card limit $ 1000 need match renewal requirement,0.17817649085351708,0.16853114399798705,0.30274674679090013,0.17880710564735308,0.17880710564735308,0.17880710564735308,0.17880710564735308,0.17499458813117655,0.17855410775144362,0.17868048070434694,0.17880710564735308,0.17880710564735308,0.17868048070434694,0.30274674679090013,0.17571484977948262,0.17880710564735308,0.17880710564735308,0.17880710564735308,0.06730580827515545,0.2973068880112139,0.1654790748445233,0.17880710564735308,0.17880710564735308,0.17880710564735308,0.17718035453921316,0.17880710564735308,0.17880710564735308,5700 office expense
purchase amazon.com 7h3mf8e23 food beverage event prize award etc,0.0,0.0,0.0,0.0,0.0,0.0,0.0,0.0,0.0,0.0,0.0,0.0,0.0,0.0,0.0,0.0,0.0,0.0,1.0,0.0,0.0,0.0,0.0,0.0,0.0,0.0,0.0,5700 office expense
purchase amazon.com 8b2uf20n3 food beverage event prize award etc,0.0,0.0,0.0,0.0,0.0,0.0,0.0,0.0,0.0,0.0,0.0,0.0,0.0,0.0,0.0,0.0,0.0,0.0,1.0,0.0,0.0,0.0,0.0,0.0,0.0,0.0,0.0,5700 office expense
purchase amazon.com 8i4pg03t3 food beverage event prize award etc,0.0,0.0,0.0,0.0,0.0,0.0,0.0,0.0,0.0,0.0,0.0,0.0,0.0,0.0,0.0,0.0,0.0,0.0,1.0,0.0,0.0,0.0,0.0,0.0,0.0,0.0,0.0,5700 office expense
purchase amazon.com 955311ys3 food beverage event prize award etc,0.0,0.0,0.0,0.0,0.0,0.0,0.0,0.0,0.0,0.0,0.0,0.0,0.0,0.0,0.0,0.0,0.0,0.0,1.0,0.0,0.0,0.0,0.0,0.0,0.0,0.0,0.0,5700 office expense
purchase amazon.com 9b2ig4wg3 food beverage event prize award etc,0.0,0.0,0.0,0.0,0.0,0.0,0.0,0.0,0.0,0.0,0.0,0.0,0.0,0.0,0.0,0.0,0.0,0.0,1.0,0.0,0.0,0.0,0.0,0.0,0.0,0.0,0.0,5700 office expense
purchase amazon.com 9d56z4om3 food beverage event prize award etc,0.0,0.0,0.0,0.0,0.0,0.0,0.0,0.0,0.0,0.0,0.0,0.0,0.0,0.0,0.0,0.0,0.0,0.0,1.0,0.0,0.0,0.0,0.0,0.0,0.0,0.0,0.0,5700 office expense
purchase amazon.com 9l6hj4vz3,0.0,0.0,0.0,0.0,0.0,0.0,0.0,0.0,0.0,0.0,0.0,0.0,0.0,0.0,0.0,0.0,0.0,0.0,1.0,0.0,0.0,0.0,0.0,0.0,0.0,0.0,0.0,5700 office expense
purchase amazon.com ap1pu8uz3 food beverage event prize award etc,0.0,0.0,0.0,0.0,0.0,0.0,0.0,0.0,0.0,0.0,0.0,0.0,0.0,0.0,0.0,0.0,0.0,0.0,1.0,0.0,0.0,0.0,0.0,0.0,0.0,0.0,0.0,5700 office expense
purchase amazon.com as6mj2g23 food beverage event prize award etc,0.0,0.0,0.0,0.0,0.0,0.0,0.0,0.0,0.0,0.0,0.0,0.0,0.0,0.0,0.0,0.0,0.0,0.0,1.0,0.0,0.0,0.0,0.0,0.0,0.0,0.0,0.0,5700 office expense
purchase amazon.com b00up3v23 food beverage event prize award etc,0.0,0.0,0.0,0.0,0.0,0.0,0.0,0.0,0.0,0.0,0.0,0.0,0.0,0.0,0.0,0.0,0.0,0.0,1.0,0.0,0.0,0.0,0.0,0.0,0.0,0.0,0.0,5700 office expense
purchase amazon.com bb2151bh3 food beverage event prize award etc,0.0,0.0,0.0,0.0,0.0,0.0,0.0,0.0,0.0,0.0,0.0,0.0,0.0,0.0,0.0,0.0,0.0,0.0,1.0,0.0,0.0,0.0,0.0,0.0,0.0,0.0,0.0,5700 office expense
purchase amazon.com bb4xp8ks3 food beverage event prize award etc,0.0,0.0,0.0,0.0,0.0,0.0,0.0,0.0,0.0,0.0,0.0,0.0,0.0,0.0,0.0,0.0,0.0,0.0,1.0,0.0,0.0,0.0,0.0,0.0,0.0,0.0,0.0,5700 office expense
purchase amazon.com c876u5lq3 food beverage event prize award etc,0.0,0.0,0.0,0.0,0.0,0.0,0.0,0.0,0.0,0.0,0.0,0.0,0.0,0.0,0.0,0.0,0.0,0.0,1.0,0.0,0.0,0.0,0.0,0.0,0.0,0.0,0.0,5700 office expense
purchase amazon.com do1o31193 food beverage event prize award etc,0.0,0.0,0.0,0.0,0.0,0.0,0.0,0.0,0.0,0.0,0.0,0.0,0.0,0.0,0.0,0.0,0.0,0.0,1.0,0.0,0.0,0.0,0.0,0.0,0.0,0.0,0.0,5700 office expense
purchase amazon.com dt1dt2iw3 food beverage event prize award etc,0.0,0.0,0.0,0.0,0.0,0.0,0.0,0.0,0.0,0.0,0.0,0.0,0.0,0.0,0.0,0.0,0.0,0.0,1.0,0.0,0.0,0.0,0.0,0.0,0.0,0.0,0.0,5700 office expense
refund amazon.com dt1dt2iw3 food beverage event prize award etc,0.0,0.0,0.0,0.0,0.0,0.0,0.0,0.0,0.0,0.0,0.0,0.0,0.0,0.0,0.0,0.0,0.0,0.0,0.0,0.0,0.0,0.0,0.0,0.0,0.0,0.0,0.0,5700 office expense
purchase amazon.com dv5sr22e3 food beverage event prize award etc,0.0,0.0,0.0,0.0,0.0,0.0,0.0,0.0,0.0,0.0,0.0,0.0,0.0,0.0,0.0,0.0,0.0,0.0,1.0,0.0,0.0,0.0,0.0,0.0,0.0,0.0,0.0,5700 office expense
purchase amazon.com ee3wt8893 food beverage event prize award etc,0.0,0.0,0.0,0.0,0.0,0.0,0.0,0.0,0.0,0.0,0.0,0.0,0.0,0.0,0.0,0.0,0.0,0.0,1.0,0.0,0.0,0.0,0.0,0.0,0.0,0.0,0.0,5700 office expense
purchase amazon.com ep4e122r3 food beverage event prize award etc,0.0,0.0,0.0,0.0,0.0,0.0,0.0,0.0,0.0,0.0,0.0,0.0,0.0,0.0,0.0,0.0,0.0,0.0,1.0,0.0,0.0,0.0,0.0,0.0,0.0,0.0,0.0,5700 office expense
purchase amazon.com gs4w39yz3 food beverage event prize award etc,0.0,0.0,0.0,0.0,0.0,0.0,0.0,0.0,0.0,0.0,0.0,0.0,0.0,0.0,0.0,0.0,0.0,0.0,1.0,0.0,0.0,0.0,0.0,0.0,0.0,0.0,0.0,5700 office expense
purchase acol www.acol.ca passtime gps renewal spring auto financial product manage cypress hill use passtime platform reduce risk prevent loss vehicle cypress portfolio 6/20/2022 update card limit $ 1000 need match renewal requirement,0.17817649085351708,0.16853114399798705,0.30274674679090013,0.17880710564735308,0.17880710564735308,0.17880710564735308,0.17880710564735308,0.17499458813117655,0.17855410775144362,0.17868048070434694,0.17880710564735308,0.17880710564735308,0.17868048070434694,0.30274674679090013,0.17571484977948262,0.17880710564735308,0.17880710564735308,0.17880710564735308,0.06730580827515545,0.2973068880112139,0.1654790748445233,0.17880710564735308,0.17880710564735308,0.17880710564735308,0.17718035453921316,0.17880710564735308,0.17880710564735308,5700 office expense
purchase amazon.com im35u2693 food beverage event prize award etc,0.0,0.0,0.0,0.0,0.0,0.0,0.0,0.0,0.0,0.0,0.0,0.0,0.0,0.0,0.0,0.0,0.0,0.0,1.0,0.0,0.0,0.0,0.0,0.0,0.0,0.0,0.0,5700 office expense
purchase amazon.com ir56v67h3,0.0,0.0,0.0,0.0,0.0,0.0,0.0,0.0,0.0,0.0,0.0,0.0,0.0,0.0,0.0,0.0,0.0,0.0,1.0,0.0,0.0,0.0,0.0,0.0,0.0,0.0,0.0,5700 office expense
purchase amazon.com k91eg97o3 food beverage event prize award etc,0.0,0.0,0.0,0.0,0.0,0.0,0.0,0.0,0.0,0.0,0.0,0.0,0.0,0.0,0.0,0.0,0.0,0.0,1.0,0.0,0.0,0.0,0.0,0.0,0.0,0.0,0.0,5700 office expense
purchase amazon.com l08kt8nq3 food beverage event prize award etc,0.0,0.0,0.0,0.0,0.0,0.0,0.0,0.0,0.0,0.0,0.0,0.0,0.0,0.0,0.0,0.0,0.0,0.0,1.0,0.0,0.0,0.0,0.0,0.0,0.0,0.0,0.0,5700 office expense
purchase amazon.com l12m66fz3 food beverage event prize award etc,0.0,0.0,0.0,0.0,0.0,0.0,0.0,0.0,0.0,0.0,0.0,0.0,0.0,0.0,0.0,0.0,0.0,0.0,1.0,0.0,0.0,0.0,0.0,0.0,0.0,0.0,0.0,5700 office expense
purchase amazon.com le0pa4373 food beverage event prize award etc,0.0,0.0,0.0,0.0,0.0,0.0,0.0,0.0,0.0,0.0,0.0,0.0,0.0,0.0,0.0,0.0,0.0,0.0,1.0,0.0,0.0,0.0,0.0,0.0,0.0,0.0,0.0,5700 office expense
purchase amazon.com lk48k28i3,0.0,0.0,0.0,0.0,0.0,0.0,0.0,0.0,0.0,0.0,0.0,0.0,0.0,0.0,0.0,0.0,0.0,0.0,1.0,0.0,0.0,0.0,0.0,0.0,0.0,0.0,0.0,5700 office expense
purchase amazon.com ml3nk5tx3,0.0,0.0,0.0,0.0,0.0,0.0,0.0,0.0,0.0,0.0,0.0,0.0,0.0,0.0,0.0,0.0,0.0,0.0,1.0,0.0,0.0,0.0,0.0,0.0,0.0,0.0,0.0,5700 office expense
purchase amazon.com mn4kg58z3 food beverage event prize award etc,0.0,0.0,0.0,0.0,0.0,0.0,0.0,0.0,0.0,0.0,0.0,0.0,0.0,0.0,0.0,0.0,0.0,0.0,1.0,0.0,0.0,0.0,0.0,0.0,0.0,0.0,0.0,5700 office expense
purchase amazon.com ms64804b3 food beverage event prize award etc,0.0,0.0,0.0,0.0,0.0,0.0,0.0,0.0,0.0,0.0,0.0,0.0,0.0,0.0,0.0,0.0,0.0,0.0,1.0,0.0,0.0,0.0,0.0,0.0,0.0,0.0,0.0,5700 office expense
refund amazon.com ms64804b3 food beverage event prize award etc,0.0,0.0,0.0,0.0,0.0,0.0,0.0,0.0,0.0,0.0,0.0,0.0,0.0,0.0,0.0,0.0,0.0,0.0,0.0,0.0,0.0,0.0,0.0,0.0,0.0,0.0,0.0,5700 office expense
purchase amazon.com n350g4mh0 food beverage event prize award etc,0.0,0.0,0.0,0.0,0.0,0.0,0.0,0.0,0.0,0.0,0.0,0.0,0.0,0.0,0.0,0.0,0.0,0.0,1.0,0.0,0.0,0.0,0.0,0.0,0.0,0.0,0.0,5700 office expense
purchase amazon.com n49en8s83 food beverage event prize award etc,0.0,0.0,0.0,0.0,0.0,0.0,0.0,0.0,0.0,0.0,0.0,0.0,0.0,0.0,0.0,0.0,0.0,0.0,1.0,0.0,0.0,0.0,0.0,0.0,0.0,0.0,0.0,5700 office expense
purchase amazon.com n62nd4ah2 food beverage event prize award etc,0.0,0.0,0.0,0.0,0.0,0.0,0.0,0.0,0.0,0.0,0.0,0.0,0.0,0.0,0.0,0.0,0.0,0.0,1.0,0.0,0.0,0.0,0.0,0.0,0.0,0.0,0.0,5700 office expense
purchase amazon.com n63zs6iq2 food beverage event prize award etc,0.0,0.0,0.0,0.0,0.0,0.0,0.0,0.0,0.0,0.0,0.0,0.0,0.0,0.0,0.0,0.0,0.0,0.0,1.0,0.0,0.0,0.0,0.0,0.0,0.0,0.0,0.0,5700 office expense
purchase amazon.com n648s8pp1 food beverage event prize award etc,0.0,0.0,0.0,0.0,0.0,0.0,0.0,0.0,0.0,0.0,0.0,0.0,0.0,0.0,0.0,0.0,0.0,0.0,1.0,0.0,0.0,0.0,0.0,0.0,0.0,0.0,0.0,5700 office expense
purchase amazon.com n65h44490 food beverage event prize award etc,0.0,0.0,0.0,0.0,0.0,0.0,0.0,0.0,0.0,0.0,0.0,0.0,0.0,0.0,0.0,0.0,0.0,0.0,1.0,0.0,0.0,0.0,0.0,0.0,0.0,0.0,0.0,5700 office expense
purchase amazon.com n66f67c31 food beverage event prize award etc,0.0,0.0,0.0,0.0,0.0,0.0,0.0,0.0,0.0,0.0,0.0,0.0,0.0,0.0,0.0,0.0,0.0,0.0,1.0,0.0,0.0,0.0,0.0,0.0,0.0,0.0,0.0,5700 office expense
purchase amazon.com n67a28xd1 food beverage event prize award etc,0.0,0.0,0.0,0.0,0.0,0.0,0.0,0.0,0.0,0.0,0.0,0.0,0.0,0.0,0.0,0.0,0.0,0.0,1.0,0.0,0.0,0.0,0.0,0.0,0.0,0.0,0.0,5700 office expense
purchase amazon.com na29l4hy1 food beverage event prize award etc,0.0,0.0,0.0,0.0,0.0,0.0,0.0,0.0,0.0,0.0,0.0,0.0,0.0,0.0,0.0,0.0,0.0,0.0,1.0,0.0,0.0,0.0,0.0,0.0,0.0,0.0,0.0,5700 office expense
purchase amazon.com na2ur3as0 food beverage event prize award etc,0.0,0.0,0.0,0.0,0.0,0.0,0.0,0.0,0.0,0.0,0.0,0.0,0.0,0.0,0.0,0.0,0.0,0.0,1.0,0.0,0.0,0.0,0.0,0.0,0.0,0.0,0.0,5700 office expense
purchase amazon.com na3nz50o1 food beverage event prize award etc,0.0,0.0,0.0,0.0,0.0,0.0,0.0,0.0,0.0,0.0,0.0,0.0,0.0,0.0,0.0,0.0,0.0,0.0,1.0,0.0,0.0,0.0,0.0,0.0,0.0,0.0,0.0,5700 office expense
purchase amazon.com na4dr7al0 food beverage event prize award etc,0.0,0.0,0.0,0.0,0.0,0.0,0.0,0.0,0.0,0.0,0.0,0.0,0.0,0.0,0.0,0.0,0.0,0.0,1.0,0.0,0.0,0.0,0.0,0.0,0.0,0.0,0.0,5700 office expense
purchase amazon.com na4u73an0 food beverage event prize award etc,0.0,0.0,0.0,0.0,0.0,0.0,0.0,0.0,0.0,0.0,0.0,0.0,0.0,0.0,0.0,0.0,0.0,0.0,1.0,0.0,0.0,0.0,0.0,0.0,0.0,0.0,0.0,5700 office expense
purchase amazon.com na6d46an0 food beverage event prize award etc,0.0,0.0,0.0,0.0,0.0,0.0,0.0,0.0,0.0,0.0,0.0,0.0,0.0,0.0,0.0,0.0,0.0,0.0,1.0,0.0,0.0,0.0,0.0,0.0,0.0,0.0,0.0,5700 office expense
purchase amazon.com na6ur8yl2 food beverage event prize award etc,0.0,0.0,0.0,0.0,0.0,0.0,0.0,0.0,0.0,0.0,0.0,0.0,0.0,0.0,0.0,0.0,0.0,0.0,1.0,0.0,0.0,0.0,0.0,0.0,0.0,0.0,0.0,5700 office expense
purchase amazon.com na7fp3am0 food beverage event prize award etc,0.0,0.0,0.0,0.0,0.0,0.0,0.0,0.0,0.0,0.0,0.0,0.0,0.0,0.0,0.0,0.0,0.0,0.0,1.0,0.0,0.0,0.0,0.0,0.0,0.0,0.0,0.0,5700 office expense
purchase amazon.com na7xg0a80 food beverage event prize award etc,0.0,0.0,0.0,0.0,0.0,0.0,0.0,0.0,0.0,0.0,0.0,0.0,0.0,0.0,0.0,0.0,0.0,0.0,1.0,0.0,0.0,0.0,0.0,0.0,0.0,0.0,0.0,5700 office expense
purchase amazon.com na89t4y12 food beverage event prize award etc,0.0,0.0,0.0,0.0,0.0,0.0,0.0,0.0,0.0,0.0,0.0,0.0,0.0,0.0,0.0,0.0,0.0,0.0,1.0,0.0,0.0,0.0,0.0,0.0,0.0,0.0,0.0,5700 office expense
purchase amazon.com na9528s00,0.0,0.0,0.0,0.0,0.0,0.0,0.0,0.0,0.0,0.0,0.0,0.0,0.0,0.0,0.0,0.0,0.0,0.0,1.0,0.0,0.0,0.0,0.0,0.0,0.0,0.0,0.0,5700 office expense
purchase amazon.com na9zu1a80 food beverage event prize award etc,0.0,0.0,0.0,0.0,0.0,0.0,0.0,0.0,0.0,0.0,0.0,0.0,0.0,0.0,0.0,0.0,0.0,0.0,1.0,0.0,0.0,0.0,0.0,0.0,0.0,0.0,0.0,5700 office expense
purchase amazon.com nh7yb41t2 food beverage event prize award etc,0.0,0.0,0.0,0.0,0.0,0.0,0.0,0.0,0.0,0.0,0.0,0.0,0.0,0.0,0.0,0.0,0.0,0.0,1.0,0.0,0.0,0.0,0.0,0.0,0.0,0.0,0.0,5700 office expense
purchase amazon.com nh8dh5wy0 food beverage event prize award etc,0.0,0.0,0.0,0.0,0.0,0.0,0.0,0.0,0.0,0.0,0.0,0.0,0.0,0.0,0.0,0.0,0.0,0.0,1.0,0.0,0.0,0.0,0.0,0.0,0.0,0.0,0.0,5700 office expense
purchase amazon.com ni0v284z2 food beverage event prize award etc,0.0,0.0,0.0,0.0,0.0,0.0,0.0,0.0,0.0,0.0,0.0,0.0,0.0,0.0,0.0,0.0,0.0,0.0,1.0,0.0,0.0,0.0,0.0,0.0,0.0,0.0,0.0,5700 office expense
purchase amazon.com ni0wf3lx1 food beverage event prize award etc,0.0,0.0,0.0,0.0,0.0,0.0,0.0,0.0,0.0,0.0,0.0,0.0,0.0,0.0,0.0,0.0,0.0,0.0,1.0,0.0,0.0,0.0,0.0,0.0,0.0,0.0,0.0,5700 office expense
purchase amazon.com ni1h534a1 food beverage event prize award etc,0.0,0.0,0.0,0.0,0.0,0.0,0.0,0.0,0.0,0.0,0.0,0.0,0.0,0.0,0.0,0.0,0.0,0.0,1.0,0.0,0.0,0.0,0.0,0.0,0.0,0.0,0.0,5700 office expense
purchase amazon.com ni40e4nx0 food beverage event prize award etc,0.0,0.0,0.0,0.0,0.0,0.0,0.0,0.0,0.0,0.0,0.0,0.0,0.0,0.0,0.0,0.0,0.0,0.0,1.0,0.0,0.0,0.0,0.0,0.0,0.0,0.0,0.0,5700 office expense
purchase amazon.com ni55x2z31 food beverage event prize award etc,0.0,0.0,0.0,0.0,0.0,0.0,0.0,0.0,0.0,0.0,0.0,0.0,0.0,0.0,0.0,0.0,0.0,0.0,1.0,0.0,0.0,0.0,0.0,0.0,0.0,0.0,0.0,5700 office expense
purchase amazon.com ni59l9lq1 food beverage event prize award etc,0.0,0.0,0.0,0.0,0.0,0.0,0.0,0.0,0.0,0.0,0.0,0.0,0.0,0.0,0.0,0.0,0.0,0.0,1.0,0.0,0.0,0.0,0.0,0.0,0.0,0.0,0.0,5700 office expense
purchase amazon.com ni70z9lk0 food beverage event prize award etc,0.0,0.0,0.0,0.0,0.0,0.0,0.0,0.0,0.0,0.0,0.0,0.0,0.0,0.0,0.0,0.0,0.0,0.0,1.0,0.0,0.0,0.0,0.0,0.0,0.0,0.0,0.0,5700 office expense
purchase amazon.com ni7xv9nt0 food beverage event prize award etc,0.0,0.0,0.0,0.0,0.0,0.0,0.0,0.0,0.0,0.0,0.0,0.0,0.0,0.0,0.0,0.0,0.0,0.0,1.0,0.0,0.0,0.0,0.0,0.0,0.0,0.0,0.0,5700 office expense
purchase amazon.com ni92z6ux2 food beverage event prize award etc,0.0,0.0,0.0,0.0,0.0,0.0,0.0,0.0,0.0,0.0,0.0,0.0,0.0,0.0,0.0,0.0,0.0,0.0,1.0,0.0,0.0,0.0,0.0,0.0,0.0,0.0,0.0,5700 office expense
purchase amazon.com nl0ci5lo0 food beverage event prize award etc,0.0,0.0,0.0,0.0,0.0,0.0,0.0,0.0,0.0,0.0,0.0,0.0,0.0,0.0,0.0,0.0,0.0,0.0,1.0,0.0,0.0,0.0,0.0,0.0,0.0,0.0,0.0,5700 office expense
purchase amazon.com nl7s15ke1 food beverage event prize award etc,0.0,0.0,0.0,0.0,0.0,0.0,0.0,0.0,0.0,0.0,0.0,0.0,0.0,0.0,0.0,0.0,0.0,0.0,1.0,0.0,0.0,0.0,0.0,0.0,0.0,0.0,0.0,5700 office expense
purchase amazon.com nl88i18i1,0.0,0.0,0.0,0.0,0.0,0.0,0.0,0.0,0.0,0.0,0.0,0.0,0.0,0.0,0.0,0.0,0.0,0.0,1.0,0.0,0.0,0.0,0.0,0.0,0.0,0.0,0.0,5700 office expense
purchase amazon.com no79z5nl2 food beverage event prize award etc,0.0,0.0,0.0,0.0,0.0,0.0,0.0,0.0,0.0,0.0,0.0,0.0,0.0,0.0,0.0,0.0,0.0,0.0,1.0,0.0,0.0,0.0,0.0,0.0,0.0,0.0,0.0,5700 office expense
purchase amazon.com no90s5d60 food beverage event prize award etc,0.0,0.0,0.0,0.0,0.0,0.0,0.0,0.0,0.0,0.0,0.0,0.0,0.0,0.0,0.0,0.0,0.0,0.0,1.0,0.0,0.0,0.0,0.0,0.0,0.0,0.0,0.0,5700 office expense
purchase amazon.com nw0im1401 food beverage event prize award etc,0.0,0.0,0.0,0.0,0.0,0.0,0.0,0.0,0.0,0.0,0.0,0.0,0.0,0.0,0.0,0.0,0.0,0.0,1.0,0.0,0.0,0.0,0.0,0.0,0.0,0.0,0.0,5700 office expense
purchase amazon.com nw2xz5lf2 food beverage event prize award etc,0.0,0.0,0.0,0.0,0.0,0.0,0.0,0.0,0.0,0.0,0.0,0.0,0.0,0.0,0.0,0.0,0.0,0.0,1.0,0.0,0.0,0.0,0.0,0.0,0.0,0.0,0.0,5700 office expense
purchase amazon.com nw5b61yz0 food beverage event prize award etc,0.0,0.0,0.0,0.0,0.0,0.0,0.0,0.0,0.0,0.0,0.0,0.0,0.0,0.0,0.0,0.0,0.0,0.0,1.0,0.0,0.0,0.0,0.0,0.0,0.0,0.0,0.0,5700 office expense
purchase amazon.com nw8ph1z60 food beverage event prize award etc,0.0,0.0,0.0,0.0,0.0,0.0,0.0,0.0,0.0,0.0,0.0,0.0,0.0,0.0,0.0,0.0,0.0,0.0,1.0,0.0,0.0,0.0,0.0,0.0,0.0,0.0,0.0,5700 office expense
refund amazon.com nz67y9o31,0.0,0.0,0.0,0.0,0.0,0.0,0.0,0.0,0.0,0.0,0.0,0.0,0.0,0.0,0.0,0.0,0.0,0.0,0.0,0.0,0.0,0.0,0.0,0.0,0.0,0.0,0.0,5700 office expense
purchase amazon.com op7w76i63 food beverage event prize award etc,0.0,0.0,0.0,0.0,0.0,0.0,0.0,0.0,0.0,0.0,0.0,0.0,0.0,0.0,0.0,0.0,0.0,0.0,1.0,0.0,0.0,0.0,0.0,0.0,0.0,0.0,0.0,5700 office expense
purchase amazon.com oz8ry7lf3 food beverage event prize award etc,0.0,0.0,0.0,0.0,0.0,0.0,0.0,0.0,0.0,0.0,0.0,0.0,0.0,0.0,0.0,0.0,0.0,0.0,1.0,0.0,0.0,0.0,0.0,0.0,0.0,0.0,0.0,5700 office expense
purchase amazon.com pd4im8833,0.0,0.0,0.0,0.0,0.0,0.0,0.0,0.0,0.0,0.0,0.0,0.0,0.0,0.0,0.0,0.0,0.0,0.0,1.0,0.0,0.0,0.0,0.0,0.0,0.0,0.0,0.0,5700 office expense
purchase amazon.com pf9nr0553 food beverage event prize award etc,0.0,0.0,0.0,0.0,0.0,0.0,0.0,0.0,0.0,0.0,0.0,0.0,0.0,0.0,0.0,0.0,0.0,0.0,1.0,0.0,0.0,0.0,0.0,0.0,0.0,0.0,0.0,5700 office expense
purchase amazon.com pt2lc43d3,0.0,0.0,0.0,0.0,0.0,0.0,0.0,0.0,0.0,0.0,0.0,0.0,0.0,0.0,0.0,0.0,0.0,0.0,1.0,0.0,0.0,0.0,0.0,0.0,0.0,0.0,0.0,5700 office expense
purchase amazon.com qb4hw5t03 food beverage event prize award etc,0.0,0.0,0.0,0.0,0.0,0.0,0.0,0.0,0.0,0.0,0.0,0.0,0.0,0.0,0.0,0.0,0.0,0.0,1.0,0.0,0.0,0.0,0.0,0.0,0.0,0.0,0.0,5700 office expense
purchase amazon.com qb4qu4sw3 food beverage event prize award etc,0.0,0.0,0.0,0.0,0.0,0.0,0.0,0.0,0.0,0.0,0.0,0.0,0.0,0.0,0.0,0.0,0.0,0.0,1.0,0.0,0.0,0.0,0.0,0.0,0.0,0.0,0.0,5700 office expense
purchase amazon.com r375q2pj3 food beverage event prize award etc,0.0,0.0,0.0,0.0,0.0,0.0,0.0,0.0,0.0,0.0,0.0,0.0,0.0,0.0,0.0,0.0,0.0,0.0,1.0,0.0,0.0,0.0,0.0,0.0,0.0,0.0,0.0,5700 office expense
purchase amazon.com ra1vp8y33 food beverage event prize award etc,0.0,0.0,0.0,0.0,0.0,0.0,0.0,0.0,0.0,0.0,0.0,0.0,0.0,0.0,0.0,0.0,0.0,0.0,1.0,0.0,0.0,0.0,0.0,0.0,0.0,0.0,0.0,5700 office expense
purchase amazon.com se3sv1ji3 food beverage event prize award etc,0.0,0.0,0.0,0.0,0.0,0.0,0.0,0.0,0.0,0.0,0.0,0.0,0.0,0.0,0.0,0.0,0.0,0.0,1.0,0.0,0.0,0.0,0.0,0.0,0.0,0.0,0.0,5700 office expense
purchase amazon.com se8kh3ji3,0.0,0.0,0.0,0.0,0.0,0.0,0.0,0.0,0.0,0.0,0.0,0.0,0.0,0.0,0.0,0.0,0.0,0.0,1.0,0.0,0.0,0.0,0.0,0.0,0.0,0.0,0.0,5700 office expense
purchase amazon.com sm59n3uq3 food beverage event prize award etc,0.0,0.0,0.0,0.0,0.0,0.0,0.0,0.0,0.0,0.0,0.0,0.0,0.0,0.0,0.0,0.0,0.0,0.0,1.0,0.0,0.0,0.0,0.0,0.0,0.0,0.0,0.0,5700 office expense
purchase amazon.com t64aj3d03 food beverage event prize award etc,0.0,0.0,0.0,0.0,0.0,0.0,0.0,0.0,0.0,0.0,0.0,0.0,0.0,0.0,0.0,0.0,0.0,0.0,1.0,0.0,0.0,0.0,0.0,0.0,0.0,0.0,0.0,5700 office expense
purchase amazon.com te2m26b73 food beverage event prize award etc,0.0,0.0,0.0,0.0,0.0,0.0,0.0,0.0,0.0,0.0,0.0,0.0,0.0,0.0,0.0,0.0,0.0,0.0,1.0,0.0,0.0,0.0,0.0,0.0,0.0,0.0,0.0,5700 office expense
purchase amazon.com tg7p066z3,0.0,0.0,0.0,0.0,0.0,0.0,0.0,0.0,0.0,0.0,0.0,0.0,0.0,0.0,0.0,0.0,0.0,0.0,1.0,0.0,0.0,0.0,0.0,0.0,0.0,0.0,0.0,5700 office expense
purchase amazon.com tt87001i3 food beverage event prize award etc,0.0,0.0,0.0,0.0,0.0,0.0,0.0,0.0,0.0,0.0,0.0,0.0,0.0,0.0,0.0,0.0,0.0,0.0,1.0,0.0,0.0,0.0,0.0,0.0,0.0,0.0,0.0,5700 office expense
purchase amazon.com tv7vn0zu3,0.0,0.0,0.0,0.0,0.0,0.0,0.0,0.0,0.0,0.0,0.0,0.0,0.0,0.0,0.0,0.0,0.0,0.0,1.0,0.0,0.0,0.0,0.0,0.0,0.0,0.0,0.0,5700 office expense
purchase amazon.com ut7sh3pi3 food beverage event prize award etc,0.0,0.0,0.0,0.0,0.0,0.0,0.0,0.0,0.0,0.0,0.0,0.0,0.0,0.0,0.0,0.0,0.0,0.0,1.0,0.0,0.0,0.0,0.0,0.0,0.0,0.0,0.0,5700 office expense
purchase amazon.com wm9he52s3 food beverage event prize award etc,0.0,0.0,0.0,0.0,0.0,0.0,0.0,0.0,0.0,0.0,0.0,0.0,0.0,0.0,0.0,0.0,0.0,0.0,1.0,0.0,0.0,0.0,0.0,0.0,0.0,0.0,0.0,5700 office expense
purchase amazon.com xd6t51a13 food beverage event prize award etc,0.0,0.0,0.0,0.0,0.0,0.0,0.0,0.0,0.0,0.0,0.0,0.0,0.0,0.0,0.0,0.0,0.0,0.0,1.0,0.0,0.0,0.0,0.0,0.0,0.0,0.0,0.0,5700 office expense
purchase amazon.com xf6cv1z03 food beverage event prize award etc,0.0,0.0,0.0,0.0,0.0,0.0,0.0,0.0,0.0,0.0,0.0,0.0,0.0,0.0,0.0,0.0,0.0,0.0,1.0,0.0,0.0,0.0,0.0,0.0,0.0,0.0,0.0,5700 office expense
purchase amazon.com y28se10y3,0.0,0.0,0.0,0.0,0.0,0.0,0.0,0.0,0.0,0.0,0.0,0.0,0.0,0.0,0.0,0.0,0.0,0.0,1.0,0.0,0.0,0.0,0.0,0.0,0.0,0.0,0.0,5700 office expense
purchase amazon.com y47wg3nm3 food beverage event prize award etc,0.0,0.0,0.0,0.0,0.0,0.0,0.0,0.0,0.0,0.0,0.0,0.0,0.0,0.0,0.0,0.0,0.0,0.0,1.0,0.0,0.0,0.0,0.0,0.0,0.0,0.0,0.0,5700 office expense
purchase amazon.com y63pm8tv3 food beverage event prize award etc,0.0,0.0,0.0,0.0,0.0,0.0,0.0,0.0,0.0,0.0,0.0,0.0,0.0,0.0,0.0,0.0,0.0,0.0,1.0,0.0,0.0,0.0,0.0,0.0,0.0,0.0,0.0,5700 office expense
purchase amazon.com yl8lt8w53,0.0,0.0,0.0,0.0,0.0,0.0,0.0,0.0,0.0,0.0,0.0,0.0,0.0,0.0,0.0,0.0,0.0,0.0,1.0,0.0,0.0,0.0,0.0,0.0,0.0,0.0,0.0,5700 office expense
purchase amazon.com zl1fd6od3,0.0,0.0,0.0,0.0,0.0,0.0,0.0,0.0,0.0,0.0,0.0,0.0,0.0,0.0,0.0,0.0,0.0,0.0,1.0,0.0,0.0,0.0,0.0,0.0,0.0,0.0,0.0,5700 office expense
purchase amazon.com zn8dw02k3 food beverage event prize award etc,0.0,0.0,0.0,0.0,0.0,0.0,0.0,0.0,0.0,0.0,0.0,0.0,0.0,0.0,0.0,0.0,0.0,0.0,1.0,0.0,0.0,0.0,0.0,0.0,0.0,0.0,0.0,5700 office expense
refund amzn mktp,0.0,0.0,0.0,0.0,0.0,0.0,0.0,0.0,0.0,0.0,0.0,0.0,0.0,0.0,0.0,0.0,0.0,0.0,0.0,0.0,0.0,0.0,0.0,0.0,0.0,0.0,0.0,5700 office expense
refund amzn mktp,0.0,0.0,0.0,0.0,0.0,0.0,0.0,0.0,0.0,0.0,0.0,0.0,0.0,0.0,0.0,0.0,0.0,0.0,0.0,0.0,0.0,0.0,0.0,0.0,0.0,0.0,0.0,5700 office expense
refund amzn mktp,0.0,0.0,0.0,0.0,0.0,0.0,0.0,0.0,0.0,0.0,0.0,0.0,0.0,0.0,0.0,0.0,0.0,0.0,0.0,0.0,0.0,0.0,0.0,0.0,0.0,0.0,0.0,5700 office expense
purchase amzn mktp ca*0987y02b3,0.0,0.0,0.0,0.0,0.0,0.0,0.0,0.0,0.0,0.0,0.0,0.0,0.0,0.0,0.0,0.0,0.0,0.0,1.0,0.0,0.0,0.0,0.0,0.0,0.0,0.0,0.0,5700 office expense
purchase amzn mktp ca*2q5v23mi3,0.0,0.0,0.0,0.0,0.0,0.0,0.0,0.0,0.0,0.0,0.0,0.0,0.0,0.0,0.0,0.0,0.0,0.0,1.0,0.0,0.0,0.0,0.0,0.0,0.0,0.0,0.0,5700 office expense
purchase amzn mktp ca*4d0y11ss3,0.0,0.0,0.0,0.0,0.0,0.0,0.0,0.0,0.0,0.0,0.0,0.0,0.0,0.0,0.0,0.0,0.0,0.0,1.0,0.0,0.0,0.0,0.0,0.0,0.0,0.0,0.0,5700 office expense
purchase amzn mktp ca*8s7tg5xu3 food beverage event prize award etc,0.0,0.0,0.0,0.0,0.0,0.0,0.0,0.0,0.0,0.0,0.0,0.0,0.0,0.0,0.0,0.0,0.0,0.0,1.0,0.0,0.0,0.0,0.0,0.0,0.0,0.0,0.0,5700 office expense
purchase amzn mktp ca*ag3848uo3 food beverage event prize award etc,0.0,0.0,0.0,0.0,0.0,0.0,0.0,0.0,0.0,0.0,0.0,0.0,0.0,0.0,0.0,0.0,0.0,0.0,1.0,0.0,0.0,0.0,0.0,0.0,0.0,0.0,0.0,5700 office expense
purchase amzn mktp ca*ln1ke5v63,0.0,0.0,0.0,0.0,0.0,0.0,0.0,0.0,0.0,0.0,0.0,0.0,0.0,0.0,0.0,0.0,0.0,0.0,1.0,0.0,0.0,0.0,0.0,0.0,0.0,0.0,0.0,5700 office expense
purchase amzn mktp ca*m40te2zs3,0.0,0.0,0.0,0.0,0.0,0.0,0.0,0.0,0.0,0.0,0.0,0.0,0.0,0.0,0.0,0.0,0.0,0.0,1.0,0.0,0.0,0.0,0.0,0.0,0.0,0.0,0.0,5700 office expense
purchase amzn mktp ca*n28tj0rs0,0.0,0.0,0.0,0.0,0.0,0.0,0.0,0.0,0.0,0.0,0.0,0.0,0.0,0.0,0.0,0.0,0.0,0.0,1.0,0.0,0.0,0.0,0.0,0.0,0.0,0.0,0.0,5700 office expense
purchase amzn mktp ca*n35171hv3,0.0,0.0,0.0,0.0,0.0,0.0,0.0,0.0,0.0,0.0,0.0,0.0,0.0,0.0,0.0,0.0,0.0,0.0,1.0,0.0,0.0,0.0,0.0,0.0,0.0,0.0,0.0,5700 office expense
purchase amzn mktp ca*n48ic4fo1,0.0,0.0,0.0,0.0,0.0,0.0,0.0,0.0,0.0,0.0,0.0,0.0,0.0,0.0,0.0,0.0,0.0,0.0,1.0,0.0,0.0,0.0,0.0,0.0,0.0,0.0,0.0,5700 office expense
purchase amzn mktp ca*n48l05z70,0.0,0.0,0.0,0.0,0.0,0.0,0.0,0.0,0.0,0.0,0.0,0.0,0.0,0.0,0.0,0.0,0.0,0.0,1.0,0.0,0.0,0.0,0.0,0.0,0.0,0.0,0.0,5700 office expense
purchase amzn mktp ca*na2k62kk2,0.0,0.0,0.0,0.0,0.0,0.0,0.0,0.0,0.0,0.0,0.0,0.0,0.0,0.0,0.0,0.0,0.0,0.0,1.0,0.0,0.0,0.0,0.0,0.0,0.0,0.0,0.0,5700 office expense
purchase amzn mktp ca*nf4bh8if2,0.0,0.0,0.0,0.0,0.0,0.0,0.0,0.0,0.0,0.0,0.0,0.0,0.0,0.0,0.0,0.0,0.0,0.0,1.0,0.0,0.0,0.0,0.0,0.0,0.0,0.0,0.0,5700 office expense
purchase amzn mktp ca*nm04d0rv0,0.0,0.0,0.0,0.0,0.0,0.0,0.0,0.0,0.0,0.0,0.0,0.0,0.0,0.0,0.0,0.0,0.0,0.0,1.0,0.0,0.0,0.0,0.0,0.0,0.0,0.0,0.0,5700 office expense
purchase amzn mktp ca*nn1gv58o0 food beverage event prize award etc,0.0,0.0,0.0,0.0,0.0,0.0,0.0,0.0,0.0,0.0,0.0,0.0,0.0,0.0,0.0,0.0,0.0,0.0,1.0,0.0,0.0,0.0,0.0,0.0,0.0,0.0,0.0,5700 office expense
purchase amzn mktp ca*q012x32h3,0.0,0.0,0.0,0.0,0.0,0.0,0.0,0.0,0.0,0.0,0.0,0.0,0.0,0.0,0.0,0.0,0.0,0.0,1.0,0.0,0.0,0.0,0.0,0.0,0.0,0.0,0.0,5700 office expense
purchase amzn mktp ca*ww4zt43g3,0.0,0.0,0.0,0.0,0.0,0.0,0.0,0.0,0.0,0.0,0.0,0.0,0.0,0.0,0.0,0.0,0.0,0.0,1.0,0.0,0.0,0.0,0.0,0.0,0.0,0.0,0.0,5700 office expense
purchase amzn mktp ca*yj9cl4x73,0.0,0.0,0.0,0.0,0.0,0.0,0.0,0.0,0.0,0.0,0.0,0.0,0.0,0.0,0.0,0.0,0.0,0.0,1.0,0.0,0.0,0.0,0.0,0.0,0.0,0.0,0.0,5700 office expense
purchase acol www.acol.ca passtime gps renewal spring auto financial product manage cypress hill use passtime platform reduce risk prevent loss vehicle cypress portfolio 6/20/2022 update card limit $ 1000 need match renewal requirement,0.17817649085351708,0.16853114399798705,0.30274674679090013,0.17880710564735308,0.17880710564735308,0.17880710564735308,0.17880710564735308,0.17499458813117655,0.17855410775144362,0.17868048070434694,0.17880710564735308,0.17880710564735308,0.17868048070434694,0.30274674679090013,0.17571484977948262,0.17880710564735308,0.17880710564735308,0.17880710564735308,0.06730580827515545,0.2973068880112139,0.1654790748445233,0.17880710564735308,0.17880710564735308,0.17880710564735308,0.17718035453921316,0.17880710564735308,0.17880710564735308,5700 office expense
purchase amzn mktp ca*zb7p43813,0.0,0.0,0.0,0.0,0.0,0.0,0.0,0.0,0.0,0.0,0.0,0.0,0.0,0.0,0.0,0.0,0.0,0.0,1.0,0.0,0.0,0.0,0.0,0.0,0.0,0.0,0.0,5700 office expense
purchase amzn mktp ca*zc7ln4061 food beverage event prize award etc,0.0,0.0,0.0,0.0,0.0,0.0,0.0,0.0,0.0,0.0,0.0,0.0,0.0,0.0,0.0,0.0,0.0,0.0,1.0,0.0,0.0,0.0,0.0,0.0,0.0,0.0,0.0,5700 office expense
purchase amzn mktp ca*zc9ca9q22 food beverage event prize award etc,0.0,0.0,0.0,0.0,0.0,0.0,0.0,0.0,0.0,0.0,0.0,0.0,0.0,0.0,0.0,0.0,0.0,0.0,1.0,0.0,0.0,0.0,0.0,0.0,0.0,0.0,0.0,5700 office expense
purchase amzn mktp ca*zd3bc0tx0,0.0,0.0,0.0,0.0,0.0,0.0,0.0,0.0,0.0,0.0,0.0,0.0,0.0,0.0,0.0,0.0,0.0,0.0,1.0,0.0,0.0,0.0,0.0,0.0,0.0,0.0,0.0,5700 office expense
purchase amzn mktp ca*zd4c70wd2,0.0,0.0,0.0,0.0,0.0,0.0,0.0,0.0,0.0,0.0,0.0,0.0,0.0,0.0,0.0,0.0,0.0,0.0,1.0,0.0,0.0,0.0,0.0,0.0,0.0,0.0,0.0,5700 office expense
purchase amzn mktp ca*zg0zz99d0 food beverage event prize award etc,0.0,0.0,0.0,0.0,0.0,0.0,0.0,0.0,0.0,0.0,0.0,0.0,0.0,0.0,0.0,0.0,0.0,0.0,1.0,0.0,0.0,0.0,0.0,0.0,0.0,0.0,0.0,5700 office expense
purchase amzn mktp ca*zp88602x1,0.0,0.0,0.0,0.0,0.0,0.0,0.0,0.0,0.0,0.0,0.0,0.0,0.0,0.0,0.0,0.0,0.0,0.0,1.0,0.0,0.0,0.0,0.0,0.0,0.0,0.0,0.0,5700 office expense
purchase apple store r280,0.0,0.0,0.0,0.0,0.0,0.0,0.0,0.0,0.0,0.0,0.0,0.0,0.0,0.0,0.0,0.0,0.0,0.0,1.0,0.0,0.0,0.0,0.0,0.0,0.0,0.0,0.0,5700 office expense
purchase apple store r280,0.0,0.0,0.0,0.0,0.0,0.0,0.0,0.0,0.0,0.0,0.0,0.0,0.0,0.0,0.0,0.0,0.0,0.0,1.0,0.0,0.0,0.0,0.0,0.0,0.0,0.0,0.0,5700 office expense
purchase apple store r280,0.0,0.0,0.0,0.0,0.0,0.0,0.0,0.0,0.0,0.0,0.0,0.0,0.0,0.0,0.0,0.0,0.0,0.0,1.0,0.0,0.0,0.0,0.0,0.0,0.0,0.0,0.0,5700 office expense
purchase apple store r280,0.0,0.0,0.0,0.0,0.0,0.0,0.0,0.0,0.0,0.0,0.0,0.0,0.0,0.0,0.0,0.0,0.0,0.0,1.0,0.0,0.0,0.0,0.0,0.0,0.0,0.0,0.0,5700 office expense
purchase apple.com/ca food beverage event prize award etc,0.0,0.0,0.0,0.0,0.0,0.0,0.0,0.0,0.0,0.0,0.0,0.0,0.0,0.0,0.0,0.0,0.0,0.0,1.0,0.0,0.0,0.0,0.0,0.0,0.0,0.0,0.0,5700 office expense
purchase apple.com/ca food beverage event prize award etc,0.0,0.0,0.0,0.0,0.0,0.0,0.0,0.0,0.0,0.0,0.0,0.0,0.0,0.0,0.0,0.0,0.0,0.0,1.0,0.0,0.0,0.0,0.0,0.0,0.0,0.0,0.0,5700 office expense
purchase apple.com/ca 2/2 montreal staff winner airpod,0.0,0.0,0.0,0.0,0.0,0.0,0.0,0.0,0.0,0.0,0.0,0.0,0.0,0.0,0.0,0.0,0.0,0.0,1.0,0.0,0.0,0.0,0.0,0.0,0.0,0.0,0.0,5700 office expense
purchase apple.com/ca 1/2 winner apple airpod mtl christmas party,0.0,0.0,0.0,0.0,0.0,0.0,0.0,0.0,0.0,0.0,0.0,0.0,0.0,0.0,0.0,0.0,0.0,0.0,1.0,0.0,0.0,0.0,0.0,0.0,0.0,0.0,0.0,5700 office expense
purchase apple.com/ca,0.0,0.0,0.0,0.0,0.0,0.0,0.0,0.0,0.0,0.0,0.0,0.0,0.0,0.0,0.0,0.0,0.0,0.0,1.0,0.0,0.0,0.0,0.0,0.0,0.0,0.0,0.0,5700 office expense
purchase acol www.acol.ca passtime gps renewal spring auto financial product manage cypress hill use passtime platform reduce risk prevent loss vehicle cypress portfolio 6/20/2022 update card limit $ 1000 need match renewal requirement,0.17817649085351708,0.16853114399798705,0.30274674679090013,0.17880710564735308,0.17880710564735308,0.17880710564735308,0.17880710564735308,0.17499458813117655,0.17855410775144362,0.17868048070434694,0.17880710564735308,0.17880710564735308,0.17868048070434694,0.30274674679090013,0.17571484977948262,0.17880710564735308,0.17880710564735308,0.17880710564735308,0.06730580827515545,0.2973068880112139,0.1654790748445233,0.17880710564735308,0.17880710564735308,0.17880710564735308,0.17718035453921316,0.17880710564735308,0.17880710564735308,5700 office expense
purchase alibaba.com,0.0,0.0,0.0,0.0,0.0,0.0,0.0,0.0,0.0,0.0,0.0,0.0,0.0,0.0,0.0,0.0,0.0,0.0,1.0,0.0,0.0,0.0,0.0,0.0,0.0,0.0,0.0,5700 office expense
purchase arvin design inc,0.0,0.0,0.0,0.0,0.0,0.0,0.0,0.0,0.0,0.0,0.0,0.0,0.0,0.0,0.0,0.0,0.0,0.0,1.0,0.0,0.0,0.0,0.0,0.0,0.0,0.0,0.0,5700 office expense
purchase b2c loblaw- gift ch,0.0,0.0,0.0,0.0,0.0,0.0,0.0,0.0,0.0,0.0,0.0,0.0,0.0,0.0,0.0,0.0,0.0,0.0,1.0,0.0,0.0,0.0,0.0,0.0,0.0,0.0,0.0,5700 office expense
purchase b2c loblaw- gift ch,0.0,0.0,0.0,0.0,0.0,0.0,0.0,0.0,0.0,0.0,0.0,0.0,0.0,0.0,0.0,0.0,0.0,0.0,1.0,0.0,0.0,0.0,0.0,0.0,0.0,0.0,0.0,5700 office expense
purchase b2c loblaw- gift ch,0.0,0.0,0.0,0.0,0.0,0.0,0.0,0.0,0.0,0.0,0.0,0.0,0.0,0.0,0.0,0.0,0.0,0.0,1.0,0.0,0.0,0.0,0.0,0.0,0.0,0.0,0.0,5700 office expense
purchase bake wish private limite cake birthday celebration,0.0,0.0,0.0,0.0,0.0,0.0,0.0,0.0,0.0,0.0,0.0,0.0,0.0,0.0,0.0,0.0,0.0,0.0,1.0,0.0,0.0,0.0,0.0,0.0,0.0,0.0,0.0,5700 office expense
purchase bake wish private limite,0.0,0.0,0.0,0.0,0.0,0.0,0.0,0.0,0.0,0.0,0.0,0.0,0.0,0.0,0.0,0.0,0.0,0.0,1.0,0.0,0.0,0.0,0.0,0.0,0.0,0.0,0.0,5700 office expense
purchase bake wish private limite cake monthly birthday celebration,0.0,0.0,0.0,0.0,0.0,0.0,0.0,0.0,0.0,0.0,0.0,0.0,0.0,0.0,0.0,0.0,0.0,0.0,1.0,0.0,0.0,0.0,0.0,0.0,0.0,0.0,0.0,5700 office expense
purchase barry barrysboot,0.0,0.0,0.0,0.0,0.0,0.0,0.0,0.0,0.0,0.0,0.0,0.0,0.0,0.0,0.0,0.0,0.0,0.0,1.0,0.0,0.0,0.0,0.0,0.0,0.0,0.0,0.0,5700 office expense
purchase bc liquor 129,0.0,0.0,0.0,0.0,0.0,0.0,0.0,0.0,0.0,0.0,0.0,0.0,0.0,0.0,0.0,0.0,0.0,0.0,1.0,0.0,0.0,0.0,0.0,0.0,0.0,0.0,0.0,5700 office expense
purchase bc liquor 129,0.0,0.0,0.0,0.0,0.0,0.0,0.0,0.0,0.0,0.0,0.0,0.0,0.0,0.0,0.0,0.0,0.0,0.0,1.0,0.0,0.0,0.0,0.0,0.0,0.0,0.0,0.0,5700 office expense
purchase bc liquor 129,0.0,0.0,0.0,0.0,0.0,0.0,0.0,0.0,0.0,0.0,0.0,0.0,0.0,0.0,0.0,0.0,0.0,0.0,1.0,0.0,0.0,0.0,0.0,0.0,0.0,0.0,0.0,5700 office expense
purchase bc liquor 129,0.0,0.0,0.0,0.0,0.0,0.0,0.0,0.0,0.0,0.0,0.0,0.0,0.0,0.0,0.0,0.0,0.0,0.0,1.0,0.0,0.0,0.0,0.0,0.0,0.0,0.0,0.0,5700 office expense
purchase bc liquor 129,0.0,0.0,0.0,0.0,0.0,0.0,0.0,0.0,0.0,0.0,0.0,0.0,0.0,0.0,0.0,0.0,0.0,0.0,1.0,0.0,0.0,0.0,0.0,0.0,0.0,0.0,0.0,5700 office expense
purchase good buy 705 vancouver xmas party receipt prize staff,0.0,0.0,0.0,0.0,0.0,0.0,0.0,0.0,0.0,0.0,0.0,0.0,0.0,0.0,0.0,0.0,0.0,0.0,1.0,0.0,0.0,0.0,0.0,0.0,0.0,0.0,0.0,5700 office expense
purchase good buy 953 food beverage event prize award etc,0.0,0.0,0.0,0.0,0.0,0.0,0.0,0.0,0.0,0.0,0.0,0.0,0.0,0.0,0.0,0.0,0.0,0.0,1.0,0.0,0.0,0.0,0.0,0.0,0.0,0.0,0.0,5700 office expense
purchase good buy market place,0.0,0.0,0.0,0.0,0.0,0.0,0.0,0.0,0.0,0.0,0.0,0.0,0.0,0.0,0.0,0.0,0.0,0.0,1.0,0.0,0.0,0.0,0.0,0.0,0.0,0.0,0.0,5700 office expense
purchase big basket,0.0,0.0,0.0,0.0,0.0,0.0,0.0,0.0,0.0,0.0,0.0,0.0,0.0,0.0,0.0,0.0,0.0,0.0,1.0,0.0,0.0,0.0,0.0,0.0,0.0,0.0,0.0,5700 office expense
purchase alibaba.com,0.0,0.0,0.0,0.0,0.0,0.0,0.0,0.0,0.0,0.0,0.0,0.0,0.0,0.0,0.0,0.0,0.0,0.0,1.0,0.0,0.0,0.0,0.0,0.0,0.0,0.0,0.0,5700 office expense
purchase alibaba.com,0.0,0.0,0.0,0.0,0.0,0.0,0.0,0.0,0.0,0.0,0.0,0.0,0.0,0.0,0.0,0.0,0.0,0.0,1.0,0.0,0.0,0.0,0.0,0.0,0.0,0.0,0.0,5700 office expense
purchase amazon 6d7pj5223 food beverage event prize award etc,0.0,0.0,0.0,0.0,0.0,0.0,0.0,0.0,0.0,0.0,0.0,0.0,0.0,0.0,0.0,0.0,0.0,0.0,1.0,0.0,0.0,0.0,0.0,0.0,0.0,0.0,0.0,5700 office expense
purchase amazon zg4im5np1 food beverage event prize award etc,0.0,0.0,0.0,0.0,0.0,0.0,0.0,0.0,0.0,0.0,0.0,0.0,0.0,0.0,0.0,0.0,0.0,0.0,1.0,0.0,0.0,0.0,0.0,0.0,0.0,0.0,0.0,5700 office expense
purchase amazon.ca 791fp90q3,0.0,0.0,0.0,0.0,0.0,0.0,0.0,0.0,0.0,0.0,0.0,0.0,0.0,0.0,0.0,0.0,0.0,0.0,1.0,0.0,0.0,0.0,0.0,0.0,0.0,0.0,0.0,5700 office expense
purchase blackhawk network inc food beverage event prize award etc,0.0,0.0,0.0,0.0,0.0,0.0,0.0,0.0,0.0,0.0,0.0,0.0,0.0,0.0,0.0,0.0,0.0,0.0,1.0,0.0,0.0,0.0,0.0,0.0,0.0,0.0,0.0,5700 office expense
purchase blackhawk network inc food beverage event prize award etc,0.0,0.0,0.0,0.0,0.0,0.0,0.0,0.0,0.0,0.0,0.0,0.0,0.0,0.0,0.0,0.0,0.0,0.0,1.0,0.0,0.0,0.0,0.0,0.0,0.0,0.0,0.0,5700 office expense
purchase blackhawk network inc,0.0,0.0,0.0,0.0,0.0,0.0,0.0,0.0,0.0,0.0,0.0,0.0,0.0,0.0,0.0,0.0,0.0,0.0,1.0,0.0,0.0,0.0,0.0,0.0,0.0,0.0,0.0,5700 office expense
purchase blackhawk network inc,0.0,0.0,0.0,0.0,0.0,0.0,0.0,0.0,0.0,0.0,0.0,0.0,0.0,0.0,0.0,0.0,0.0,0.0,1.0,0.0,0.0,0.0,0.0,0.0,0.0,0.0,0.0,5700 office expense
purchase blackhawk network inc,0.0,0.0,0.0,0.0,0.0,0.0,0.0,0.0,0.0,0.0,0.0,0.0,0.0,0.0,0.0,0.0,0.0,0.0,1.0,0.0,0.0,0.0,0.0,0.0,0.0,0.0,0.0,5700 office expense
purchase blackhawk network inc,0.0,0.0,0.0,0.0,0.0,0.0,0.0,0.0,0.0,0.0,0.0,0.0,0.0,0.0,0.0,0.0,0.0,0.0,1.0,0.0,0.0,0.0,0.0,0.0,0.0,0.0,0.0,5700 office expense
purchase blackhawk network inc food beverage event prize award etc,0.0,0.0,0.0,0.0,0.0,0.0,0.0,0.0,0.0,0.0,0.0,0.0,0.0,0.0,0.0,0.0,0.0,0.0,1.0,0.0,0.0,0.0,0.0,0.0,0.0,0.0,0.0,5700 office expense
purchase blackhawk network inc,0.0,0.0,0.0,0.0,0.0,0.0,0.0,0.0,0.0,0.0,0.0,0.0,0.0,0.0,0.0,0.0,0.0,0.0,1.0,0.0,0.0,0.0,0.0,0.0,0.0,0.0,0.0,5700 office expense
purchase blackhawk network inc,0.0,0.0,0.0,0.0,0.0,0.0,0.0,0.0,0.0,0.0,0.0,0.0,0.0,0.0,0.0,0.0,0.0,0.0,1.0,0.0,0.0,0.0,0.0,0.0,0.0,0.0,0.0,5700 office expense
purchase blackhawk network inc,0.0,0.0,0.0,0.0,0.0,0.0,0.0,0.0,0.0,0.0,0.0,0.0,0.0,0.0,0.0,0.0,0.0,0.0,1.0,0.0,0.0,0.0,0.0,0.0,0.0,0.0,0.0,5700 office expense
purchase blackhawk network inc,0.0,0.0,0.0,0.0,0.0,0.0,0.0,0.0,0.0,0.0,0.0,0.0,0.0,0.0,0.0,0.0,0.0,0.0,1.0,0.0,0.0,0.0,0.0,0.0,0.0,0.0,0.0,5700 office expense
purchase blackhawk network inc,0.0,0.0,0.0,0.0,0.0,0.0,0.0,0.0,0.0,0.0,0.0,0.0,0.0,0.0,0.0,0.0,0.0,0.0,1.0,0.0,0.0,0.0,0.0,0.0,0.0,0.0,0.0,5700 office expense
purchase blackhawk network inc,0.0,0.0,0.0,0.0,0.0,0.0,0.0,0.0,0.0,0.0,0.0,0.0,0.0,0.0,0.0,0.0,0.0,0.0,1.0,0.0,0.0,0.0,0.0,0.0,0.0,0.0,0.0,5700 office expense
purchase blackhawk network inc food beverage event prize award etc,0.0,0.0,0.0,0.0,0.0,0.0,0.0,0.0,0.0,0.0,0.0,0.0,0.0,0.0,0.0,0.0,0.0,0.0,1.0,0.0,0.0,0.0,0.0,0.0,0.0,0.0,0.0,5700 office expense
purchase blackhawk network inc,0.0,0.0,0.0,0.0,0.0,0.0,0.0,0.0,0.0,0.0,0.0,0.0,0.0,0.0,0.0,0.0,0.0,0.0,1.0,0.0,0.0,0.0,0.0,0.0,0.0,0.0,0.0,5700 office expense
purchase blackhawk network inc food beverage event prize award etc,0.0,0.0,0.0,0.0,0.0,0.0,0.0,0.0,0.0,0.0,0.0,0.0,0.0,0.0,0.0,0.0,0.0,0.0,1.0,0.0,0.0,0.0,0.0,0.0,0.0,0.0,0.0,5700 office expense
purchase blackhawk network inc food beverage event prize award etc,0.0,0.0,0.0,0.0,0.0,0.0,0.0,0.0,0.0,0.0,0.0,0.0,0.0,0.0,0.0,0.0,0.0,0.0,1.0,0.0,0.0,0.0,0.0,0.0,0.0,0.0,0.0,5700 office expense
purchase blackhawk network inc,0.0,0.0,0.0,0.0,0.0,0.0,0.0,0.0,0.0,0.0,0.0,0.0,0.0,0.0,0.0,0.0,0.0,0.0,1.0,0.0,0.0,0.0,0.0,0.0,0.0,0.0,0.0,5700 office expense
purchase blackhawk network inc,0.0,0.0,0.0,0.0,0.0,0.0,0.0,0.0,0.0,0.0,0.0,0.0,0.0,0.0,0.0,0.0,0.0,0.0,1.0,0.0,0.0,0.0,0.0,0.0,0.0,0.0,0.0,5700 office expense
purchase blackhawk network inc,0.0,0.0,0.0,0.0,0.0,0.0,0.0,0.0,0.0,0.0,0.0,0.0,0.0,0.0,0.0,0.0,0.0,0.0,1.0,0.0,0.0,0.0,0.0,0.0,0.0,0.0,0.0,5700 office expense
purchase blackhawk network inc,0.0,0.0,0.0,0.0,0.0,0.0,0.0,0.0,0.0,0.0,0.0,0.0,0.0,0.0,0.0,0.0,0.0,0.0,1.0,0.0,0.0,0.0,0.0,0.0,0.0,0.0,0.0,5700 office expense
purchase blackhawk network inc,0.0,0.0,0.0,0.0,0.0,0.0,0.0,0.0,0.0,0.0,0.0,0.0,0.0,0.0,0.0,0.0,0.0,0.0,1.0,0.0,0.0,0.0,0.0,0.0,0.0,0.0,0.0,5700 office expense
purchase blackhawk network inc,0.0,0.0,0.0,0.0,0.0,0.0,0.0,0.0,0.0,0.0,0.0,0.0,0.0,0.0,0.0,0.0,0.0,0.0,1.0,0.0,0.0,0.0,0.0,0.0,0.0,0.0,0.0,5700 office expense
purchase blackhawk network inc,0.0,0.0,0.0,0.0,0.0,0.0,0.0,0.0,0.0,0.0,0.0,0.0,0.0,0.0,0.0,0.0,0.0,0.0,1.0,0.0,0.0,0.0,0.0,0.0,0.0,0.0,0.0,5700 office expense
purchase blackhawk network inc,0.0,0.0,0.0,0.0,0.0,0.0,0.0,0.0,0.0,0.0,0.0,0.0,0.0,0.0,0.0,0.0,0.0,0.0,1.0,0.0,0.0,0.0,0.0,0.0,0.0,0.0,0.0,5700 office expense
purchase blackhawk network inc,0.0,0.0,0.0,0.0,0.0,0.0,0.0,0.0,0.0,0.0,0.0,0.0,0.0,0.0,0.0,0.0,0.0,0.0,1.0,0.0,0.0,0.0,0.0,0.0,0.0,0.0,0.0,5700 office expense
purchase blackhawk network inc,0.0,0.0,0.0,0.0,0.0,0.0,0.0,0.0,0.0,0.0,0.0,0.0,0.0,0.0,0.0,0.0,0.0,0.0,1.0,0.0,0.0,0.0,0.0,0.0,0.0,0.0,0.0,5700 office expense
purchase blackhawk network inc,0.0,0.0,0.0,0.0,0.0,0.0,0.0,0.0,0.0,0.0,0.0,0.0,0.0,0.0,0.0,0.0,0.0,0.0,1.0,0.0,0.0,0.0,0.0,0.0,0.0,0.0,0.0,5700 office expense
purchase blackhawk network inc,0.0,0.0,0.0,0.0,0.0,0.0,0.0,0.0,0.0,0.0,0.0,0.0,0.0,0.0,0.0,0.0,0.0,0.0,1.0,0.0,0.0,0.0,0.0,0.0,0.0,0.0,0.0,5700 office expense
purchase blackhawk network inc,0.0,0.0,0.0,0.0,0.0,0.0,0.0,0.0,0.0,0.0,0.0,0.0,0.0,0.0,0.0,0.0,0.0,0.0,1.0,0.0,0.0,0.0,0.0,0.0,0.0,0.0,0.0,5700 office expense
purchase blackhawk network inc,0.0,0.0,0.0,0.0,0.0,0.0,0.0,0.0,0.0,0.0,0.0,0.0,0.0,0.0,0.0,0.0,0.0,0.0,1.0,0.0,0.0,0.0,0.0,0.0,0.0,0.0,0.0,5700 office expense
purchase blackhawk network inc,0.0,0.0,0.0,0.0,0.0,0.0,0.0,0.0,0.0,0.0,0.0,0.0,0.0,0.0,0.0,0.0,0.0,0.0,1.0,0.0,0.0,0.0,0.0,0.0,0.0,0.0,0.0,5700 office expense
purchase blackhawk network inc,0.0,0.0,0.0,0.0,0.0,0.0,0.0,0.0,0.0,0.0,0.0,0.0,0.0,0.0,0.0,0.0,0.0,0.0,1.0,0.0,0.0,0.0,0.0,0.0,0.0,0.0,0.0,5700 office expense
purchase blackhawk network inc,0.0,0.0,0.0,0.0,0.0,0.0,0.0,0.0,0.0,0.0,0.0,0.0,0.0,0.0,0.0,0.0,0.0,0.0,1.0,0.0,0.0,0.0,0.0,0.0,0.0,0.0,0.0,5700 office expense
purchase blackhawk network inc food beverage event prize award etc,0.0,0.0,0.0,0.0,0.0,0.0,0.0,0.0,0.0,0.0,0.0,0.0,0.0,0.0,0.0,0.0,0.0,0.0,1.0,0.0,0.0,0.0,0.0,0.0,0.0,0.0,0.0,5700 office expense
purchase blackhawk network inc food beverage event prize award etc,0.0,0.0,0.0,0.0,0.0,0.0,0.0,0.0,0.0,0.0,0.0,0.0,0.0,0.0,0.0,0.0,0.0,0.0,1.0,0.0,0.0,0.0,0.0,0.0,0.0,0.0,0.0,5700 office expense
purchase blackhawk network inc,0.0,0.0,0.0,0.0,0.0,0.0,0.0,0.0,0.0,0.0,0.0,0.0,0.0,0.0,0.0,0.0,0.0,0.0,1.0,0.0,0.0,0.0,0.0,0.0,0.0,0.0,0.0,5700 office expense
purchase blackhawk network inc,0.0,0.0,0.0,0.0,0.0,0.0,0.0,0.0,0.0,0.0,0.0,0.0,0.0,0.0,0.0,0.0,0.0,0.0,1.0,0.0,0.0,0.0,0.0,0.0,0.0,0.0,0.0,5700 office expense
purchase blackhawk network inc,0.0,0.0,0.0,0.0,0.0,0.0,0.0,0.0,0.0,0.0,0.0,0.0,0.0,0.0,0.0,0.0,0.0,0.0,1.0,0.0,0.0,0.0,0.0,0.0,0.0,0.0,0.0,5700 office expense
purchase blackhawk network inc,0.0,0.0,0.0,0.0,0.0,0.0,0.0,0.0,0.0,0.0,0.0,0.0,0.0,0.0,0.0,0.0,0.0,0.0,1.0,0.0,0.0,0.0,0.0,0.0,0.0,0.0,0.0,5700 office expense
purchase blackhawk network inc,0.0,0.0,0.0,0.0,0.0,0.0,0.0,0.0,0.0,0.0,0.0,0.0,0.0,0.0,0.0,0.0,0.0,0.0,1.0,0.0,0.0,0.0,0.0,0.0,0.0,0.0,0.0,5700 office expense
purchase blackhawk network inc,0.0,0.0,0.0,0.0,0.0,0.0,0.0,0.0,0.0,0.0,0.0,0.0,0.0,0.0,0.0,0.0,0.0,0.0,1.0,0.0,0.0,0.0,0.0,0.0,0.0,0.0,0.0,5700 office expense
purchase blackhawk network inc,0.0,0.0,0.0,0.0,0.0,0.0,0.0,0.0,0.0,0.0,0.0,0.0,0.0,0.0,0.0,0.0,0.0,0.0,1.0,0.0,0.0,0.0,0.0,0.0,0.0,0.0,0.0,5700 office expense
purchase blackhawk network inc,0.0,0.0,0.0,0.0,0.0,0.0,0.0,0.0,0.0,0.0,0.0,0.0,0.0,0.0,0.0,0.0,0.0,0.0,1.0,0.0,0.0,0.0,0.0,0.0,0.0,0.0,0.0,5700 office expense
purchase blackhawk network inc,0.0,0.0,0.0,0.0,0.0,0.0,0.0,0.0,0.0,0.0,0.0,0.0,0.0,0.0,0.0,0.0,0.0,0.0,1.0,0.0,0.0,0.0,0.0,0.0,0.0,0.0,0.0,5700 office expense
purchase blackhawk network inc,0.0,0.0,0.0,0.0,0.0,0.0,0.0,0.0,0.0,0.0,0.0,0.0,0.0,0.0,0.0,0.0,0.0,0.0,1.0,0.0,0.0,0.0,0.0,0.0,0.0,0.0,0.0,5700 office expense
purchase blackhawk network inc food beverage event prize award etc,0.0,0.0,0.0,0.0,0.0,0.0,0.0,0.0,0.0,0.0,0.0,0.0,0.0,0.0,0.0,0.0,0.0,0.0,1.0,0.0,0.0,0.0,0.0,0.0,0.0,0.0,0.0,5700 office expense
purchase blackhawk network inc,0.0,0.0,0.0,0.0,0.0,0.0,0.0,0.0,0.0,0.0,0.0,0.0,0.0,0.0,0.0,0.0,0.0,0.0,1.0,0.0,0.0,0.0,0.0,0.0,0.0,0.0,0.0,5700 office expense
purchase blackhawk network inc,0.0,0.0,0.0,0.0,0.0,0.0,0.0,0.0,0.0,0.0,0.0,0.0,0.0,0.0,0.0,0.0,0.0,0.0,1.0,0.0,0.0,0.0,0.0,0.0,0.0,0.0,0.0,5700 office expense
purchase blackhawk network inc,0.0,0.0,0.0,0.0,0.0,0.0,0.0,0.0,0.0,0.0,0.0,0.0,0.0,0.0,0.0,0.0,0.0,0.0,1.0,0.0,0.0,0.0,0.0,0.0,0.0,0.0,0.0,5700 office expense
purchase blackhawk network inc food beverage event prize award etc,0.0,0.0,0.0,0.0,0.0,0.0,0.0,0.0,0.0,0.0,0.0,0.0,0.0,0.0,0.0,0.0,0.0,0.0,1.0,0.0,0.0,0.0,0.0,0.0,0.0,0.0,0.0,5700 office expense
purchase blackhawk network inc,0.0,0.0,0.0,0.0,0.0,0.0,0.0,0.0,0.0,0.0,0.0,0.0,0.0,0.0,0.0,0.0,0.0,0.0,1.0,0.0,0.0,0.0,0.0,0.0,0.0,0.0,0.0,5700 office expense
purchase blackhawk network inc food beverage event prize award etc,0.0,0.0,0.0,0.0,0.0,0.0,0.0,0.0,0.0,0.0,0.0,0.0,0.0,0.0,0.0,0.0,0.0,0.0,1.0,0.0,0.0,0.0,0.0,0.0,0.0,0.0,0.0,5700 office expense
purchase blackhawk network inc food beverage event prize award etc,0.0,0.0,0.0,0.0,0.0,0.0,0.0,0.0,0.0,0.0,0.0,0.0,0.0,0.0,0.0,0.0,0.0,0.0,1.0,0.0,0.0,0.0,0.0,0.0,0.0,0.0,0.0,5700 office expense
purchase blackhawk network inc,0.0,0.0,0.0,0.0,0.0,0.0,0.0,0.0,0.0,0.0,0.0,0.0,0.0,0.0,0.0,0.0,0.0,0.0,1.0,0.0,0.0,0.0,0.0,0.0,0.0,0.0,0.0,5700 office expense
purchase blackhawk network inc,0.0,0.0,0.0,0.0,0.0,0.0,0.0,0.0,0.0,0.0,0.0,0.0,0.0,0.0,0.0,0.0,0.0,0.0,1.0,0.0,0.0,0.0,0.0,0.0,0.0,0.0,0.0,5700 office expense
purchase blackhawk network inc,0.0,0.0,0.0,0.0,0.0,0.0,0.0,0.0,0.0,0.0,0.0,0.0,0.0,0.0,0.0,0.0,0.0,0.0,1.0,0.0,0.0,0.0,0.0,0.0,0.0,0.0,0.0,5700 office expense
purchase blackhawk network inc food beverage event prize award etc,0.0,0.0,0.0,0.0,0.0,0.0,0.0,0.0,0.0,0.0,0.0,0.0,0.0,0.0,0.0,0.0,0.0,0.0,1.0,0.0,0.0,0.0,0.0,0.0,0.0,0.0,0.0,5700 office expense
purchase blackhawk network inc,0.0,0.0,0.0,0.0,0.0,0.0,0.0,0.0,0.0,0.0,0.0,0.0,0.0,0.0,0.0,0.0,0.0,0.0,1.0,0.0,0.0,0.0,0.0,0.0,0.0,0.0,0.0,5700 office expense
purchase blackhawk network inc,0.0,0.0,0.0,0.0,0.0,0.0,0.0,0.0,0.0,0.0,0.0,0.0,0.0,0.0,0.0,0.0,0.0,0.0,1.0,0.0,0.0,0.0,0.0,0.0,0.0,0.0,0.0,5700 office expense
purchase amazon.com 789fp2yc3 food beverage event prize award etc,0.0,0.0,0.0,0.0,0.0,0.0,0.0,0.0,0.0,0.0,0.0,0.0,0.0,0.0,0.0,0.0,0.0,0.0,1.0,0.0,0.0,0.0,0.0,0.0,0.0,0.0,0.0,5700 office expense
purchase amazon.com hv5wx6263 food beverage event prize award etc,0.0,0.0,0.0,0.0,0.0,0.0,0.0,0.0,0.0,0.0,0.0,0.0,0.0,0.0,0.0,0.0,0.0,0.0,1.0,0.0,0.0,0.0,0.0,0.0,0.0,0.0,0.0,5700 office expense
purchase apple.com/ca,0.0,0.0,0.0,0.0,0.0,0.0,0.0,0.0,0.0,0.0,0.0,0.0,0.0,0.0,0.0,0.0,0.0,0.0,1.0,0.0,0.0,0.0,0.0,0.0,0.0,0.0,0.0,5700 office expense
purchase apple.com/ca,0.0,0.0,0.0,0.0,0.0,0.0,0.0,0.0,0.0,0.0,0.0,0.0,0.0,0.0,0.0,0.0,0.0,0.0,1.0,0.0,0.0,0.0,0.0,0.0,0.0,0.0,0.0,5700 office expense
purchase blackhawk network inc,0.0,0.0,0.0,0.0,0.0,0.0,0.0,0.0,0.0,0.0,0.0,0.0,0.0,0.0,0.0,0.0,0.0,0.0,1.0,0.0,0.0,0.0,0.0,0.0,0.0,0.0,0.0,5700 office expense
purchase blackhawk network inc,0.0,0.0,0.0,0.0,0.0,0.0,0.0,0.0,0.0,0.0,0.0,0.0,0.0,0.0,0.0,0.0,0.0,0.0,1.0,0.0,0.0,0.0,0.0,0.0,0.0,0.0,0.0,5700 office expense
purchase blackhawk network inc,0.0,0.0,0.0,0.0,0.0,0.0,0.0,0.0,0.0,0.0,0.0,0.0,0.0,0.0,0.0,0.0,0.0,0.0,1.0,0.0,0.0,0.0,0.0,0.0,0.0,0.0,0.0,5700 office expense
purchase blackhawk network inc,0.0,0.0,0.0,0.0,0.0,0.0,0.0,0.0,0.0,0.0,0.0,0.0,0.0,0.0,0.0,0.0,0.0,0.0,1.0,0.0,0.0,0.0,0.0,0.0,0.0,0.0,0.0,5700 office expense
purchase blackhawk network inc,0.0,0.0,0.0,0.0,0.0,0.0,0.0,0.0,0.0,0.0,0.0,0.0,0.0,0.0,0.0,0.0,0.0,0.0,1.0,0.0,0.0,0.0,0.0,0.0,0.0,0.0,0.0,5700 office expense
purchase blackhawk network inc,0.0,0.0,0.0,0.0,0.0,0.0,0.0,0.0,0.0,0.0,0.0,0.0,0.0,0.0,0.0,0.0,0.0,0.0,1.0,0.0,0.0,0.0,0.0,0.0,0.0,0.0,0.0,5700 office expense
purchase blackhawk network inc,0.0,0.0,0.0,0.0,0.0,0.0,0.0,0.0,0.0,0.0,0.0,0.0,0.0,0.0,0.0,0.0,0.0,0.0,1.0,0.0,0.0,0.0,0.0,0.0,0.0,0.0,0.0,5700 office expense
purchase blackhawk network inc,0.0,0.0,0.0,0.0,0.0,0.0,0.0,0.0,0.0,0.0,0.0,0.0,0.0,0.0,0.0,0.0,0.0,0.0,1.0,0.0,0.0,0.0,0.0,0.0,0.0,0.0,0.0,5700 office expense
purchase blackhawk network inc,0.0,0.0,0.0,0.0,0.0,0.0,0.0,0.0,0.0,0.0,0.0,0.0,0.0,0.0,0.0,0.0,0.0,0.0,1.0,0.0,0.0,0.0,0.0,0.0,0.0,0.0,0.0,5700 office expense
purchase blackhawk network inc food beverage event prize award etc,0.0,0.0,0.0,0.0,0.0,0.0,0.0,0.0,0.0,0.0,0.0,0.0,0.0,0.0,0.0,0.0,0.0,0.0,1.0,0.0,0.0,0.0,0.0,0.0,0.0,0.0,0.0,5700 office expense
purchase blackhawk network inc food beverage event prize award etc,0.0,0.0,0.0,0.0,0.0,0.0,0.0,0.0,0.0,0.0,0.0,0.0,0.0,0.0,0.0,0.0,0.0,0.0,1.0,0.0,0.0,0.0,0.0,0.0,0.0,0.0,0.0,5700 office expense
refund blink commerce private li,0.0,0.0,0.0,0.0,0.0,0.0,0.0,0.0,0.0,0.0,0.0,0.0,0.0,0.0,0.0,0.0,0.0,0.0,0.0,0.0,0.0,0.0,0.0,0.0,0.0,0.0,0.0,5700 office expense
purchase blink commerce private li refunded,0.0,0.0,0.0,0.0,0.0,0.0,0.0,0.0,0.0,0.0,0.0,0.0,0.0,0.0,0.0,0.0,0.0,0.0,1.0,0.0,0.0,0.0,0.0,0.0,0.0,0.0,0.0,5700 office expense
purchase blink commerce private li bouquet farewell employee,0.0,0.0,0.0,0.0,0.0,0.0,0.0,0.0,0.0,0.0,0.0,0.0,0.0,0.0,0.0,0.0,0.0,0.0,1.0,0.0,0.0,0.0,0.0,0.0,0.0,0.0,0.0,5700 office expense
purchase blue dart express limi,0.0,0.0,0.0,0.0,0.0,0.0,0.0,0.0,0.0,0.0,0.0,0.0,0.0,0.0,0.0,0.0,0.0,0.0,1.0,0.0,0.0,0.0,0.0,0.0,0.0,0.0,0.0,5700 office expense
purchase blue dart express limi,0.0,0.0,0.0,0.0,0.0,0.0,0.0,0.0,0.0,0.0,0.0,0.0,0.0,0.0,0.0,0.0,0.0,0.0,1.0,0.0,0.0,0.0,0.0,0.0,0.0,0.0,0.0,5700 office expense
purchase blue dart express limi courier iphone preksha qa testing,0.0,0.0,0.0,0.0,0.0,0.0,0.0,0.0,0.0,0.0,0.0,0.0,0.0,0.0,0.0,0.0,0.0,0.0,1.0,0.0,0.0,0.0,0.0,0.0,0.0,0.0,0.0,5700 office expense
purchase blue dart express limi courier phone qa sapna mali testing,0.0,0.0,0.0,0.0,0.0,0.0,0.0,0.0,0.0,0.0,0.0,0.0,0.0,0.0,0.0,0.0,0.0,0.0,1.0,0.0,0.0,0.0,0.0,0.0,0.0,0.0,0.0,5700 office expense
purchase blue dart express limi,0.0,0.0,0.0,0.0,0.0,0.0,0.0,0.0,0.0,0.0,0.0,0.0,0.0,0.0,0.0,0.0,0.0,0.0,1.0,0.0,0.0,0.0,0.0,0.0,0.0,0.0,0.0,5700 office expense
purchase blue dart express limi courier dispatch laptop employee,0.0,0.0,0.0,0.0,0.0,0.0,0.0,0.0,0.0,0.0,0.0,0.0,0.0,0.0,0.0,0.0,0.0,0.0,1.0,0.0,0.0,0.0,0.0,0.0,0.0,0.0,0.0,5700 office expense
purchase canadian boat show passtime gps renewal spring auto financial product manage cypress hill use passtime platform reduce risk prevent loss vehicle cypress portfolio 6/20/2022 update card limit $ 1000 need match renewal requirement,0.17817649085351708,0.16853114399798705,0.30274674679090013,0.17880710564735308,0.17880710564735308,0.17880710564735308,0.17880710564735308,0.17499458813117655,0.17855410775144362,0.17868048070434694,0.17880710564735308,0.17880710564735308,0.17868048070434694,0.30274674679090013,0.17571484977948262,0.17880710564735308,0.17880710564735308,0.17880710564735308,0.06730580827515545,0.2973068880112139,0.1654790748445233,0.17880710564735308,0.17880710564735308,0.17880710564735308,0.17718035453921316,0.17880710564735308,0.17880710564735308,5700 office expense
purchase canadian tire,0.0,0.0,0.0,0.0,0.0,0.0,0.0,0.0,0.0,0.0,0.0,0.0,0.0,0.0,0.0,0.0,0.0,0.0,1.0,0.0,0.0,0.0,0.0,0.0,0.0,0.0,0.0,5700 office expense
purchase canadian tire 389,0.0,0.0,0.0,0.0,0.0,0.0,0.0,0.0,0.0,0.0,0.0,0.0,0.0,0.0,0.0,0.0,0.0,0.0,1.0,0.0,0.0,0.0,0.0,0.0,0.0,0.0,0.0,5700 office expense
purchase blackhawk network inc,0.0,0.0,0.0,0.0,0.0,0.0,0.0,0.0,0.0,0.0,0.0,0.0,0.0,0.0,0.0,0.0,0.0,0.0,1.0,0.0,0.0,0.0,0.0,0.0,0.0,0.0,0.0,5700 office expense
purchase carfax carfax.com,0.0,0.0,0.0,0.0,0.0,0.0,0.0,0.0,0.0,0.0,0.0,0.0,0.0,0.0,0.0,0.0,0.0,0.0,1.0,0.0,0.0,0.0,0.0,0.0,0.0,0.0,0.0,5700 office expense
purchase carfax canada ulc passtime gps renewal spring auto financial product manage cypress hill use passtime platform reduce risk prevent loss vehicle cypress portfolio 6/20/2022 update card limit $ 1000 need match renewal requirement,0.17817649085351708,0.16853114399798705,0.30274674679090013,0.17880710564735308,0.17880710564735308,0.17880710564735308,0.17880710564735308,0.17499458813117655,0.17855410775144362,0.17868048070434694,0.17880710564735308,0.17880710564735308,0.17868048070434694,0.30274674679090013,0.17571484977948262,0.17880710564735308,0.17880710564735308,0.17880710564735308,0.06730580827515545,0.2973068880112139,0.1654790748445233,0.17880710564735308,0.17880710564735308,0.17880710564735308,0.17718035453921316,0.17880710564735308,0.17880710564735308,5700 office expense
purchase carfax canada ulc passtime gps renewal spring auto financial product manage cypress hill use passtime platform reduce risk prevent loss vehicle cypress portfolio 6/20/2022 update card limit $ 1000 need match renewal requirement,0.17817649085351708,0.16853114399798705,0.30274674679090013,0.17880710564735308,0.17880710564735308,0.17880710564735308,0.17880710564735308,0.17499458813117655,0.17855410775144362,0.17868048070434694,0.17880710564735308,0.17880710564735308,0.17868048070434694,0.30274674679090013,0.17571484977948262,0.17880710564735308,0.17880710564735308,0.17880710564735308,0.06730580827515545,0.2973068880112139,0.1654790748445233,0.17880710564735308,0.17880710564735308,0.17880710564735308,0.17718035453921316,0.17880710564735308,0.17880710564735308,5700 office expense
purchase carfax canada ulc passtime gps renewal spring auto financial product manage cypress hill use passtime platform reduce risk prevent loss vehicle cypress portfolio 6/20/2022 update card limit $ 1000 need match renewal requirement,0.17817649085351708,0.16853114399798705,0.30274674679090013,0.17880710564735308,0.17880710564735308,0.17880710564735308,0.17880710564735308,0.17499458813117655,0.17855410775144362,0.17868048070434694,0.17880710564735308,0.17880710564735308,0.17868048070434694,0.30274674679090013,0.17571484977948262,0.17880710564735308,0.17880710564735308,0.17880710564735308,0.06730580827515545,0.2973068880112139,0.1654790748445233,0.17880710564735308,0.17880710564735308,0.17880710564735308,0.17718035453921316,0.17880710564735308,0.17880710564735308,5700 office expense
purchase carfax canada ulc passtime gps renewal spring auto financial product manage cypress hill use passtime platform reduce risk prevent loss vehicle cypress portfolio 6/20/2022 update card limit $ 1000 need match renewal requirement,0.17817649085351708,0.16853114399798705,0.30274674679090013,0.17880710564735308,0.17880710564735308,0.17880710564735308,0.17880710564735308,0.17499458813117655,0.17855410775144362,0.17868048070434694,0.17880710564735308,0.17880710564735308,0.17868048070434694,0.30274674679090013,0.17571484977948262,0.17880710564735308,0.17880710564735308,0.17880710564735308,0.06730580827515545,0.2973068880112139,0.1654790748445233,0.17880710564735308,0.17880710564735308,0.17880710564735308,0.17718035453921316,0.17880710564735308,0.17880710564735308,5700 office expense
purchase carfax canada ulc passtime gps renewal spring auto financial product manage cypress hill use passtime platform reduce risk prevent loss vehicle cypress portfolio 6/20/2022 update card limit $ 1000 need match renewal requirement,0.17817649085351708,0.16853114399798705,0.30274674679090013,0.17880710564735308,0.17880710564735308,0.17880710564735308,0.17880710564735308,0.17499458813117655,0.17855410775144362,0.17868048070434694,0.17880710564735308,0.17880710564735308,0.17868048070434694,0.30274674679090013,0.17571484977948262,0.17880710564735308,0.17880710564735308,0.17880710564735308,0.06730580827515545,0.2973068880112139,0.1654790748445233,0.17880710564735308,0.17880710564735308,0.17880710564735308,0.17718035453921316,0.17880710564735308,0.17880710564735308,5700 office expense
purchase carfax canada ulc passtime gps renewal spring auto financial product manage cypress hill use passtime platform reduce risk prevent loss vehicle cypress portfolio 6/20/2022 update card limit $ 1000 need match renewal requirement,0.17817649085351708,0.16853114399798705,0.30274674679090013,0.17880710564735308,0.17880710564735308,0.17880710564735308,0.17880710564735308,0.17499458813117655,0.17855410775144362,0.17868048070434694,0.17880710564735308,0.17880710564735308,0.17868048070434694,0.30274674679090013,0.17571484977948262,0.17880710564735308,0.17880710564735308,0.17880710564735308,0.06730580827515545,0.2973068880112139,0.1654790748445233,0.17880710564735308,0.17880710564735308,0.17880710564735308,0.17718035453921316,0.17880710564735308,0.17880710564735308,5700 office expense
purchase carfax canada ulc passtime gps renewal spring auto financial product manage cypress hill use passtime platform reduce risk prevent loss vehicle cypress portfolio 6/20/2022 update card limit $ 1000 need match renewal requirement,0.17817649085351708,0.16853114399798705,0.30274674679090013,0.17880710564735308,0.17880710564735308,0.17880710564735308,0.17880710564735308,0.17499458813117655,0.17855410775144362,0.17868048070434694,0.17880710564735308,0.17880710564735308,0.17868048070434694,0.30274674679090013,0.17571484977948262,0.17880710564735308,0.17880710564735308,0.17880710564735308,0.06730580827515545,0.2973068880112139,0.1654790748445233,0.17880710564735308,0.17880710564735308,0.17880710564735308,0.17718035453921316,0.17880710564735308,0.17880710564735308,5700 office expense
purchase carfax canada ulc passtime gps renewal spring auto financial product manage cypress hill use passtime platform reduce risk prevent loss vehicle cypress portfolio 6/20/2022 update card limit $ 1000 need match renewal requirement,0.17817649085351708,0.16853114399798705,0.30274674679090013,0.17880710564735308,0.17880710564735308,0.17880710564735308,0.17880710564735308,0.17499458813117655,0.17855410775144362,0.17868048070434694,0.17880710564735308,0.17880710564735308,0.17868048070434694,0.30274674679090013,0.17571484977948262,0.17880710564735308,0.17880710564735308,0.17880710564735308,0.06730580827515545,0.2973068880112139,0.1654790748445233,0.17880710564735308,0.17880710564735308,0.17880710564735308,0.17718035453921316,0.17880710564735308,0.17880710564735308,5700 office expense
purchase carfax canada ulc passtime gps renewal spring auto financial product manage cypress hill use passtime platform reduce risk prevent loss vehicle cypress portfolio 6/20/2022 update card limit $ 1000 need match renewal requirement,0.17817649085351708,0.16853114399798705,0.30274674679090013,0.17880710564735308,0.17880710564735308,0.17880710564735308,0.17880710564735308,0.17499458813117655,0.17855410775144362,0.17868048070434694,0.17880710564735308,0.17880710564735308,0.17868048070434694,0.30274674679090013,0.17571484977948262,0.17880710564735308,0.17880710564735308,0.17880710564735308,0.06730580827515545,0.2973068880112139,0.1654790748445233,0.17880710564735308,0.17880710564735308,0.17880710564735308,0.17718035453921316,0.17880710564735308,0.17880710564735308,5700 office expense
purchase carfax canada ulc passtime gps renewal spring auto financial product manage cypress hill use passtime platform reduce risk prevent loss vehicle cypress portfolio 6/20/2022 update card limit $ 1000 need match renewal requirement,0.17817649085351708,0.16853114399798705,0.30274674679090013,0.17880710564735308,0.17880710564735308,0.17880710564735308,0.17880710564735308,0.17499458813117655,0.17855410775144362,0.17868048070434694,0.17880710564735308,0.17880710564735308,0.17868048070434694,0.30274674679090013,0.17571484977948262,0.17880710564735308,0.17880710564735308,0.17880710564735308,0.06730580827515545,0.2973068880112139,0.1654790748445233,0.17880710564735308,0.17880710564735308,0.17880710564735308,0.17718035453921316,0.17880710564735308,0.17880710564735308,5700 office expense
purchase carfax canada ulc passtime gps renewal spring auto financial product manage cypress hill use passtime platform reduce risk prevent loss vehicle cypress portfolio 6/20/2022 update card limit $ 1000 need match renewal requirement,0.17817649085351708,0.16853114399798705,0.30274674679090013,0.17880710564735308,0.17880710564735308,0.17880710564735308,0.17880710564735308,0.17499458813117655,0.17855410775144362,0.17868048070434694,0.17880710564735308,0.17880710564735308,0.17868048070434694,0.30274674679090013,0.17571484977948262,0.17880710564735308,0.17880710564735308,0.17880710564735308,0.06730580827515545,0.2973068880112139,0.1654790748445233,0.17880710564735308,0.17880710564735308,0.17880710564735308,0.17718035453921316,0.17880710564735308,0.17880710564735308,5700 office expense
purchase carfax canada ulc passtime gps renewal spring auto financial product manage cypress hill use passtime platform reduce risk prevent loss vehicle cypress portfolio 6/20/2022 update card limit $ 1000 need match renewal requirement,0.17817649085351708,0.16853114399798705,0.30274674679090013,0.17880710564735308,0.17880710564735308,0.17880710564735308,0.17880710564735308,0.17499458813117655,0.17855410775144362,0.17868048070434694,0.17880710564735308,0.17880710564735308,0.17868048070434694,0.30274674679090013,0.17571484977948262,0.17880710564735308,0.17880710564735308,0.17880710564735308,0.06730580827515545,0.2973068880112139,0.1654790748445233,0.17880710564735308,0.17880710564735308,0.17880710564735308,0.17718035453921316,0.17880710564735308,0.17880710564735308,5700 office expense
purchase carfax canada ulc passtime gps renewal spring auto financial product manage cypress hill use passtime platform reduce risk prevent loss vehicle cypress portfolio 6/20/2022 update card limit $ 1000 need match renewal requirement,0.17817649085351708,0.16853114399798705,0.30274674679090013,0.17880710564735308,0.17880710564735308,0.17880710564735308,0.17880710564735308,0.17499458813117655,0.17855410775144362,0.17868048070434694,0.17880710564735308,0.17880710564735308,0.17868048070434694,0.30274674679090013,0.17571484977948262,0.17880710564735308,0.17880710564735308,0.17880710564735308,0.06730580827515545,0.2973068880112139,0.1654790748445233,0.17880710564735308,0.17880710564735308,0.17880710564735308,0.17718035453921316,0.17880710564735308,0.17880710564735308,5700 office expense
purchase carfax canada ulc passtime gps renewal spring auto financial product manage cypress hill use passtime platform reduce risk prevent loss vehicle cypress portfolio 6/20/2022 update card limit $ 1000 need match renewal requirement,0.17817649085351708,0.16853114399798705,0.30274674679090013,0.17880710564735308,0.17880710564735308,0.17880710564735308,0.17880710564735308,0.17499458813117655,0.17855410775144362,0.17868048070434694,0.17880710564735308,0.17880710564735308,0.17868048070434694,0.30274674679090013,0.17571484977948262,0.17880710564735308,0.17880710564735308,0.17880710564735308,0.06730580827515545,0.2973068880112139,0.1654790748445233,0.17880710564735308,0.17880710564735308,0.17880710564735308,0.17718035453921316,0.17880710564735308,0.17880710564735308,5700 office expense
purchase carfax canada ulc passtime gps renewal spring auto financial product manage cypress hill use passtime platform reduce risk prevent loss vehicle cypress portfolio 6/20/2022 update card limit $ 1000 need match renewal requirement,0.17817649085351708,0.16853114399798705,0.30274674679090013,0.17880710564735308,0.17880710564735308,0.17880710564735308,0.17880710564735308,0.17499458813117655,0.17855410775144362,0.17868048070434694,0.17880710564735308,0.17880710564735308,0.17868048070434694,0.30274674679090013,0.17571484977948262,0.17880710564735308,0.17880710564735308,0.17880710564735308,0.06730580827515545,0.2973068880112139,0.1654790748445233,0.17880710564735308,0.17880710564735308,0.17880710564735308,0.17718035453921316,0.17880710564735308,0.17880710564735308,5700 office expense
purchase carfax canada ulc passtime gps renewal spring auto financial product manage cypress hill use passtime platform reduce risk prevent loss vehicle cypress portfolio 6/20/2022 update card limit $ 1000 need match renewal requirement,0.17817649085351708,0.16853114399798705,0.30274674679090013,0.17880710564735308,0.17880710564735308,0.17880710564735308,0.17880710564735308,0.17499458813117655,0.17855410775144362,0.17868048070434694,0.17880710564735308,0.17880710564735308,0.17868048070434694,0.30274674679090013,0.17571484977948262,0.17880710564735308,0.17880710564735308,0.17880710564735308,0.06730580827515545,0.2973068880112139,0.1654790748445233,0.17880710564735308,0.17880710564735308,0.17880710564735308,0.17718035453921316,0.17880710564735308,0.17880710564735308,5700 office expense
purchase carfax canada ulc passtime gps renewal spring auto financial product manage cypress hill use passtime platform reduce risk prevent loss vehicle cypress portfolio 6/20/2022 update card limit $ 1000 need match renewal requirement,0.17817649085351708,0.16853114399798705,0.30274674679090013,0.17880710564735308,0.17880710564735308,0.17880710564735308,0.17880710564735308,0.17499458813117655,0.17855410775144362,0.17868048070434694,0.17880710564735308,0.17880710564735308,0.17868048070434694,0.30274674679090013,0.17571484977948262,0.17880710564735308,0.17880710564735308,0.17880710564735308,0.06730580827515545,0.2973068880112139,0.1654790748445233,0.17880710564735308,0.17880710564735308,0.17880710564735308,0.17718035453921316,0.17880710564735308,0.17880710564735308,5700 office expense
purchase carfax canada ulc passtime gps renewal spring auto financial product manage cypress hill use passtime platform reduce risk prevent loss vehicle cypress portfolio 6/20/2022 update card limit $ 1000 need match renewal requirement,0.17817649085351708,0.16853114399798705,0.30274674679090013,0.17880710564735308,0.17880710564735308,0.17880710564735308,0.17880710564735308,0.17499458813117655,0.17855410775144362,0.17868048070434694,0.17880710564735308,0.17880710564735308,0.17868048070434694,0.30274674679090013,0.17571484977948262,0.17880710564735308,0.17880710564735308,0.17880710564735308,0.06730580827515545,0.2973068880112139,0.1654790748445233,0.17880710564735308,0.17880710564735308,0.17880710564735308,0.17718035453921316,0.17880710564735308,0.17880710564735308,5700 office expense
purchase carfax canada ulc passtime gps renewal spring auto financial product manage cypress hill use passtime platform reduce risk prevent loss vehicle cypress portfolio 6/20/2022 update card limit $ 1000 need match renewal requirement,0.17817649085351708,0.16853114399798705,0.30274674679090013,0.17880710564735308,0.17880710564735308,0.17880710564735308,0.17880710564735308,0.17499458813117655,0.17855410775144362,0.17868048070434694,0.17880710564735308,0.17880710564735308,0.17868048070434694,0.30274674679090013,0.17571484977948262,0.17880710564735308,0.17880710564735308,0.17880710564735308,0.06730580827515545,0.2973068880112139,0.1654790748445233,0.17880710564735308,0.17880710564735308,0.17880710564735308,0.17718035453921316,0.17880710564735308,0.17880710564735308,5700 office expense
purchase carfax canada ulc passtime gps renewal spring auto financial product manage cypress hill use passtime platform reduce risk prevent loss vehicle cypress portfolio 6/20/2022 update card limit $ 1000 need match renewal requirement,0.17817649085351708,0.16853114399798705,0.30274674679090013,0.17880710564735308,0.17880710564735308,0.17880710564735308,0.17880710564735308,0.17499458813117655,0.17855410775144362,0.17868048070434694,0.17880710564735308,0.17880710564735308,0.17868048070434694,0.30274674679090013,0.17571484977948262,0.17880710564735308,0.17880710564735308,0.17880710564735308,0.06730580827515545,0.2973068880112139,0.1654790748445233,0.17880710564735308,0.17880710564735308,0.17880710564735308,0.17718035453921316,0.17880710564735308,0.17880710564735308,5700 office expense
purchase carfax canada ulc passtime gps renewal spring auto financial product manage cypress hill use passtime platform reduce risk prevent loss vehicle cypress portfolio 6/20/2022 update card limit $ 1000 need match renewal requirement,0.17817649085351708,0.16853114399798705,0.30274674679090013,0.17880710564735308,0.17880710564735308,0.17880710564735308,0.17880710564735308,0.17499458813117655,0.17855410775144362,0.17868048070434694,0.17880710564735308,0.17880710564735308,0.17868048070434694,0.30274674679090013,0.17571484977948262,0.17880710564735308,0.17880710564735308,0.17880710564735308,0.06730580827515545,0.2973068880112139,0.1654790748445233,0.17880710564735308,0.17880710564735308,0.17880710564735308,0.17718035453921316,0.17880710564735308,0.17880710564735308,5700 office expense
purchase carfax canada ulc passtime gps renewal spring auto financial product manage cypress hill use passtime platform reduce risk prevent loss vehicle cypress portfolio 6/20/2022 update card limit $ 1000 need match renewal requirement,0.17817649085351708,0.16853114399798705,0.30274674679090013,0.17880710564735308,0.17880710564735308,0.17880710564735308,0.17880710564735308,0.17499458813117655,0.17855410775144362,0.17868048070434694,0.17880710564735308,0.17880710564735308,0.17868048070434694,0.30274674679090013,0.17571484977948262,0.17880710564735308,0.17880710564735308,0.17880710564735308,0.06730580827515545,0.2973068880112139,0.1654790748445233,0.17880710564735308,0.17880710564735308,0.17880710564735308,0.17718035453921316,0.17880710564735308,0.17880710564735308,5700 office expense
purchase carfax canada ulc passtime gps renewal spring auto financial product manage cypress hill use passtime platform reduce risk prevent loss vehicle cypress portfolio 6/20/2022 update card limit $ 1000 need match renewal requirement,0.17817649085351708,0.16853114399798705,0.30274674679090013,0.17880710564735308,0.17880710564735308,0.17880710564735308,0.17880710564735308,0.17499458813117655,0.17855410775144362,0.17868048070434694,0.17880710564735308,0.17880710564735308,0.17868048070434694,0.30274674679090013,0.17571484977948262,0.17880710564735308,0.17880710564735308,0.17880710564735308,0.06730580827515545,0.2973068880112139,0.1654790748445233,0.17880710564735308,0.17880710564735308,0.17880710564735308,0.17718035453921316,0.17880710564735308,0.17880710564735308,5700 office expense
purchase carfax canada ulc passtime gps renewal spring auto financial product manage cypress hill use passtime platform reduce risk prevent loss vehicle cypress portfolio 6/20/2022 update card limit $ 1000 need match renewal requirement,0.17817649085351708,0.16853114399798705,0.30274674679090013,0.17880710564735308,0.17880710564735308,0.17880710564735308,0.17880710564735308,0.17499458813117655,0.17855410775144362,0.17868048070434694,0.17880710564735308,0.17880710564735308,0.17868048070434694,0.30274674679090013,0.17571484977948262,0.17880710564735308,0.17880710564735308,0.17880710564735308,0.06730580827515545,0.2973068880112139,0.1654790748445233,0.17880710564735308,0.17880710564735308,0.17880710564735308,0.17718035453921316,0.17880710564735308,0.17880710564735308,5700 office expense
purchase carfax canada ulc passtime gps renewal spring auto financial product manage cypress hill use passtime platform reduce risk prevent loss vehicle cypress portfolio 6/20/2022 update card limit $ 1000 need match renewal requirement,0.17817649085351708,0.16853114399798705,0.30274674679090013,0.17880710564735308,0.17880710564735308,0.17880710564735308,0.17880710564735308,0.17499458813117655,0.17855410775144362,0.17868048070434694,0.17880710564735308,0.17880710564735308,0.17868048070434694,0.30274674679090013,0.17571484977948262,0.17880710564735308,0.17880710564735308,0.17880710564735308,0.06730580827515545,0.2973068880112139,0.1654790748445233,0.17880710564735308,0.17880710564735308,0.17880710564735308,0.17718035453921316,0.17880710564735308,0.17880710564735308,5700 office expense
purchase carfax canada ulc passtime gps renewal spring auto financial product manage cypress hill use passtime platform reduce risk prevent loss vehicle cypress portfolio 6/20/2022 update card limit $ 1000 need match renewal requirement,0.17817649085351708,0.16853114399798705,0.30274674679090013,0.17880710564735308,0.17880710564735308,0.17880710564735308,0.17880710564735308,0.17499458813117655,0.17855410775144362,0.17868048070434694,0.17880710564735308,0.17880710564735308,0.17868048070434694,0.30274674679090013,0.17571484977948262,0.17880710564735308,0.17880710564735308,0.17880710564735308,0.06730580827515545,0.2973068880112139,0.1654790748445233,0.17880710564735308,0.17880710564735308,0.17880710564735308,0.17718035453921316,0.17880710564735308,0.17880710564735308,5700 office expense
purchase carfax canada ulc passtime gps renewal spring auto financial product manage cypress hill use passtime platform reduce risk prevent loss vehicle cypress portfolio 6/20/2022 update card limit $ 1000 need match renewal requirement,0.17817649085351708,0.16853114399798705,0.30274674679090013,0.17880710564735308,0.17880710564735308,0.17880710564735308,0.17880710564735308,0.17499458813117655,0.17855410775144362,0.17868048070434694,0.17880710564735308,0.17880710564735308,0.17868048070434694,0.30274674679090013,0.17571484977948262,0.17880710564735308,0.17880710564735308,0.17880710564735308,0.06730580827515545,0.2973068880112139,0.1654790748445233,0.17880710564735308,0.17880710564735308,0.17880710564735308,0.17718035453921316,0.17880710564735308,0.17880710564735308,5700 office expense
purchase carfax canada ulc passtime gps renewal spring auto financial product manage cypress hill use passtime platform reduce risk prevent loss vehicle cypress portfolio 6/20/2022 update card limit $ 1000 need match renewal requirement,0.17817649085351708,0.16853114399798705,0.30274674679090013,0.17880710564735308,0.17880710564735308,0.17880710564735308,0.17880710564735308,0.17499458813117655,0.17855410775144362,0.17868048070434694,0.17880710564735308,0.17880710564735308,0.17868048070434694,0.30274674679090013,0.17571484977948262,0.17880710564735308,0.17880710564735308,0.17880710564735308,0.06730580827515545,0.2973068880112139,0.1654790748445233,0.17880710564735308,0.17880710564735308,0.17880710564735308,0.17718035453921316,0.17880710564735308,0.17880710564735308,5700 office expense
purchase carfax canada ulc passtime gps renewal spring auto financial product manage cypress hill use passtime platform reduce risk prevent loss vehicle cypress portfolio 6/20/2022 update card limit $ 1000 need match renewal requirement,0.17817649085351708,0.16853114399798705,0.30274674679090013,0.17880710564735308,0.17880710564735308,0.17880710564735308,0.17880710564735308,0.17499458813117655,0.17855410775144362,0.17868048070434694,0.17880710564735308,0.17880710564735308,0.17868048070434694,0.30274674679090013,0.17571484977948262,0.17880710564735308,0.17880710564735308,0.17880710564735308,0.06730580827515545,0.2973068880112139,0.1654790748445233,0.17880710564735308,0.17880710564735308,0.17880710564735308,0.17718035453921316,0.17880710564735308,0.17880710564735308,5700 office expense
purchase carfax canada ulc passtime gps renewal spring auto financial product manage cypress hill use passtime platform reduce risk prevent loss vehicle cypress portfolio 6/20/2022 update card limit $ 1000 need match renewal requirement,0.17817649085351708,0.16853114399798705,0.30274674679090013,0.17880710564735308,0.17880710564735308,0.17880710564735308,0.17880710564735308,0.17499458813117655,0.17855410775144362,0.17868048070434694,0.17880710564735308,0.17880710564735308,0.17868048070434694,0.30274674679090013,0.17571484977948262,0.17880710564735308,0.17880710564735308,0.17880710564735308,0.06730580827515545,0.2973068880112139,0.1654790748445233,0.17880710564735308,0.17880710564735308,0.17880710564735308,0.17718035453921316,0.17880710564735308,0.17880710564735308,5700 office expense
purchase carfax canada ulc passtime gps renewal spring auto financial product manage cypress hill use passtime platform reduce risk prevent loss vehicle cypress portfolio 6/20/2022 update card limit $ 1000 need match renewal requirement,0.17817649085351708,0.16853114399798705,0.30274674679090013,0.17880710564735308,0.17880710564735308,0.17880710564735308,0.17880710564735308,0.17499458813117655,0.17855410775144362,0.17868048070434694,0.17880710564735308,0.17880710564735308,0.17868048070434694,0.30274674679090013,0.17571484977948262,0.17880710564735308,0.17880710564735308,0.17880710564735308,0.06730580827515545,0.2973068880112139,0.1654790748445233,0.17880710564735308,0.17880710564735308,0.17880710564735308,0.17718035453921316,0.17880710564735308,0.17880710564735308,5700 office expense
purchase carfax canada ulc passtime gps renewal spring auto financial product manage cypress hill use passtime platform reduce risk prevent loss vehicle cypress portfolio 6/20/2022 update card limit $ 1000 need match renewal requirement,0.17817649085351708,0.16853114399798705,0.30274674679090013,0.17880710564735308,0.17880710564735308,0.17880710564735308,0.17880710564735308,0.17499458813117655,0.17855410775144362,0.17868048070434694,0.17880710564735308,0.17880710564735308,0.17868048070434694,0.30274674679090013,0.17571484977948262,0.17880710564735308,0.17880710564735308,0.17880710564735308,0.06730580827515545,0.2973068880112139,0.1654790748445233,0.17880710564735308,0.17880710564735308,0.17880710564735308,0.17718035453921316,0.17880710564735308,0.17880710564735308,5700 office expense
purchase carfax canada ulc passtime gps renewal spring auto financial product manage cypress hill use passtime platform reduce risk prevent loss vehicle cypress portfolio 6/20/2022 update card limit $ 1000 need match renewal requirement,0.17817649085351708,0.16853114399798705,0.30274674679090013,0.17880710564735308,0.17880710564735308,0.17880710564735308,0.17880710564735308,0.17499458813117655,0.17855410775144362,0.17868048070434694,0.17880710564735308,0.17880710564735308,0.17868048070434694,0.30274674679090013,0.17571484977948262,0.17880710564735308,0.17880710564735308,0.17880710564735308,0.06730580827515545,0.2973068880112139,0.1654790748445233,0.17880710564735308,0.17880710564735308,0.17880710564735308,0.17718035453921316,0.17880710564735308,0.17880710564735308,5700 office expense
purchase carfax canada ulc passtime gps renewal spring auto financial product manage cypress hill use passtime platform reduce risk prevent loss vehicle cypress portfolio 6/20/2022 update card limit $ 1000 need match renewal requirement,0.17817649085351708,0.16853114399798705,0.30274674679090013,0.17880710564735308,0.17880710564735308,0.17880710564735308,0.17880710564735308,0.17499458813117655,0.17855410775144362,0.17868048070434694,0.17880710564735308,0.17880710564735308,0.17868048070434694,0.30274674679090013,0.17571484977948262,0.17880710564735308,0.17880710564735308,0.17880710564735308,0.06730580827515545,0.2973068880112139,0.1654790748445233,0.17880710564735308,0.17880710564735308,0.17880710564735308,0.17718035453921316,0.17880710564735308,0.17880710564735308,5700 office expense
purchase carfax canada ulc,0.0,0.0,0.0,0.0,0.0,0.0,0.0,0.0,0.0,0.0,0.0,0.0,0.0,0.0,0.0,0.0,0.0,0.0,1.0,0.0,0.0,0.0,0.0,0.0,0.0,0.0,0.0,5700 office expense
purchase carfax canada ulc,0.0,0.0,0.0,0.0,0.0,0.0,0.0,0.0,0.0,0.0,0.0,0.0,0.0,0.0,0.0,0.0,0.0,0.0,1.0,0.0,0.0,0.0,0.0,0.0,0.0,0.0,0.0,5700 office expense
purchase carfax canada ulc,0.0,0.0,0.0,0.0,0.0,0.0,0.0,0.0,0.0,0.0,0.0,0.0,0.0,0.0,0.0,0.0,0.0,0.0,1.0,0.0,0.0,0.0,0.0,0.0,0.0,0.0,0.0,5700 office expense
purchase carfax canada ulc,0.0,0.0,0.0,0.0,0.0,0.0,0.0,0.0,0.0,0.0,0.0,0.0,0.0,0.0,0.0,0.0,0.0,0.0,1.0,0.0,0.0,0.0,0.0,0.0,0.0,0.0,0.0,5700 office expense
purchase carfax canada ulc,0.0,0.0,0.0,0.0,0.0,0.0,0.0,0.0,0.0,0.0,0.0,0.0,0.0,0.0,0.0,0.0,0.0,0.0,1.0,0.0,0.0,0.0,0.0,0.0,0.0,0.0,0.0,5700 office expense
purchase carfax canada ulc,0.0,0.0,0.0,0.0,0.0,0.0,0.0,0.0,0.0,0.0,0.0,0.0,0.0,0.0,0.0,0.0,0.0,0.0,1.0,0.0,0.0,0.0,0.0,0.0,0.0,0.0,0.0,5700 office expense
purchase carfax canada ulc,0.0,0.0,0.0,0.0,0.0,0.0,0.0,0.0,0.0,0.0,0.0,0.0,0.0,0.0,0.0,0.0,0.0,0.0,1.0,0.0,0.0,0.0,0.0,0.0,0.0,0.0,0.0,5700 office expense
purchase carfax canada ulc,0.0,0.0,0.0,0.0,0.0,0.0,0.0,0.0,0.0,0.0,0.0,0.0,0.0,0.0,0.0,0.0,0.0,0.0,1.0,0.0,0.0,0.0,0.0,0.0,0.0,0.0,0.0,5700 office expense
purchase carfax canada ulc,0.0,0.0,0.0,0.0,0.0,0.0,0.0,0.0,0.0,0.0,0.0,0.0,0.0,0.0,0.0,0.0,0.0,0.0,1.0,0.0,0.0,0.0,0.0,0.0,0.0,0.0,0.0,5700 office expense
purchase carfax canada ulc,0.0,0.0,0.0,0.0,0.0,0.0,0.0,0.0,0.0,0.0,0.0,0.0,0.0,0.0,0.0,0.0,0.0,0.0,1.0,0.0,0.0,0.0,0.0,0.0,0.0,0.0,0.0,5700 office expense
purchase carfax canada ulc,0.0,0.0,0.0,0.0,0.0,0.0,0.0,0.0,0.0,0.0,0.0,0.0,0.0,0.0,0.0,0.0,0.0,0.0,1.0,0.0,0.0,0.0,0.0,0.0,0.0,0.0,0.0,5700 office expense
purchase carfax canada ulc passtime gps renewal spring auto financial product manage cypress hill use passtime platform reduce risk prevent loss vehicle cypress portfolio 6/20/2022 update card limit $ 1000 need match renewal requirement,0.17817649085351708,0.16853114399798705,0.30274674679090013,0.17880710564735308,0.17880710564735308,0.17880710564735308,0.17880710564735308,0.17499458813117655,0.17855410775144362,0.17868048070434694,0.17880710564735308,0.17880710564735308,0.17868048070434694,0.30274674679090013,0.17571484977948262,0.17880710564735308,0.17880710564735308,0.17880710564735308,0.06730580827515545,0.2973068880112139,0.1654790748445233,0.17880710564735308,0.17880710564735308,0.17880710564735308,0.17718035453921316,0.17880710564735308,0.17880710564735308,5700 office expense
purchase carfax canada ulc,0.0,0.0,0.0,0.0,0.0,0.0,0.0,0.0,0.0,0.0,0.0,0.0,0.0,0.0,0.0,0.0,0.0,0.0,1.0,0.0,0.0,0.0,0.0,0.0,0.0,0.0,0.0,5700 office expense
purchase carfax canada ulc passtime gps renewal spring auto financial product manage cypress hill use passtime platform reduce risk prevent loss vehicle cypress portfolio 6/20/2022 update card limit $ 1000 need match renewal requirement,0.17817649085351708,0.16853114399798705,0.30274674679090013,0.17880710564735308,0.17880710564735308,0.17880710564735308,0.17880710564735308,0.17499458813117655,0.17855410775144362,0.17868048070434694,0.17880710564735308,0.17880710564735308,0.17868048070434694,0.30274674679090013,0.17571484977948262,0.17880710564735308,0.17880710564735308,0.17880710564735308,0.06730580827515545,0.2973068880112139,0.1654790748445233,0.17880710564735308,0.17880710564735308,0.17880710564735308,0.17718035453921316,0.17880710564735308,0.17880710564735308,5700 office expense
purchase carfax canada ulc passtime gps renewal spring auto financial product manage cypress hill use passtime platform reduce risk prevent loss vehicle cypress portfolio 6/20/2022 update card limit $ 1000 need match renewal requirement,0.17817649085351708,0.16853114399798705,0.30274674679090013,0.17880710564735308,0.17880710564735308,0.17880710564735308,0.17880710564735308,0.17499458813117655,0.17855410775144362,0.17868048070434694,0.17880710564735308,0.17880710564735308,0.17868048070434694,0.30274674679090013,0.17571484977948262,0.17880710564735308,0.17880710564735308,0.17880710564735308,0.06730580827515545,0.2973068880112139,0.1654790748445233,0.17880710564735308,0.17880710564735308,0.17880710564735308,0.17718035453921316,0.17880710564735308,0.17880710564735308,5700 office expense
purchase carfax canada ulc passtime gps renewal spring auto financial product manage cypress hill use passtime platform reduce risk prevent loss vehicle cypress portfolio 6/20/2022 update card limit $ 1000 need match renewal requirement,0.17817649085351708,0.16853114399798705,0.30274674679090013,0.17880710564735308,0.17880710564735308,0.17880710564735308,0.17880710564735308,0.17499458813117655,0.17855410775144362,0.17868048070434694,0.17880710564735308,0.17880710564735308,0.17868048070434694,0.30274674679090013,0.17571484977948262,0.17880710564735308,0.17880710564735308,0.17880710564735308,0.06730580827515545,0.2973068880112139,0.1654790748445233,0.17880710564735308,0.17880710564735308,0.17880710564735308,0.17718035453921316,0.17880710564735308,0.17880710564735308,5700 office expense
purchase carfax canada ulc passtime gps renewal spring auto financial product manage cypress hill use passtime platform reduce risk prevent loss vehicle cypress portfolio 6/20/2022 update card limit $ 1000 need match renewal requirement,0.17817649085351708,0.16853114399798705,0.30274674679090013,0.17880710564735308,0.17880710564735308,0.17880710564735308,0.17880710564735308,0.17499458813117655,0.17855410775144362,0.17868048070434694,0.17880710564735308,0.17880710564735308,0.17868048070434694,0.30274674679090013,0.17571484977948262,0.17880710564735308,0.17880710564735308,0.17880710564735308,0.06730580827515545,0.2973068880112139,0.1654790748445233,0.17880710564735308,0.17880710564735308,0.17880710564735308,0.17718035453921316,0.17880710564735308,0.17880710564735308,5700 office expense
purchase carfax canada ulc passtime gps renewal spring auto financial product manage cypress hill use passtime platform reduce risk prevent loss vehicle cypress portfolio 6/20/2022 update card limit $ 1000 need match renewal requirement,0.17817649085351708,0.16853114399798705,0.30274674679090013,0.17880710564735308,0.17880710564735308,0.17880710564735308,0.17880710564735308,0.17499458813117655,0.17855410775144362,0.17868048070434694,0.17880710564735308,0.17880710564735308,0.17868048070434694,0.30274674679090013,0.17571484977948262,0.17880710564735308,0.17880710564735308,0.17880710564735308,0.06730580827515545,0.2973068880112139,0.1654790748445233,0.17880710564735308,0.17880710564735308,0.17880710564735308,0.17718035453921316,0.17880710564735308,0.17880710564735308,5700 office expense
purchase carfax canada ulc passtime gps renewal spring auto financial product manage cypress hill use passtime platform reduce risk prevent loss vehicle cypress portfolio 6/20/2022 update card limit $ 1000 need match renewal requirement,0.17817649085351708,0.16853114399798705,0.30274674679090013,0.17880710564735308,0.17880710564735308,0.17880710564735308,0.17880710564735308,0.17499458813117655,0.17855410775144362,0.17868048070434694,0.17880710564735308,0.17880710564735308,0.17868048070434694,0.30274674679090013,0.17571484977948262,0.17880710564735308,0.17880710564735308,0.17880710564735308,0.06730580827515545,0.2973068880112139,0.1654790748445233,0.17880710564735308,0.17880710564735308,0.17880710564735308,0.17718035453921316,0.17880710564735308,0.17880710564735308,5700 office expense
purchase carfax canada ulc passtime gps renewal spring auto financial product manage cypress hill use passtime platform reduce risk prevent loss vehicle cypress portfolio 6/20/2022 update card limit $ 1000 need match renewal requirement,0.17817649085351708,0.16853114399798705,0.30274674679090013,0.17880710564735308,0.17880710564735308,0.17880710564735308,0.17880710564735308,0.17499458813117655,0.17855410775144362,0.17868048070434694,0.17880710564735308,0.17880710564735308,0.17868048070434694,0.30274674679090013,0.17571484977948262,0.17880710564735308,0.17880710564735308,0.17880710564735308,0.06730580827515545,0.2973068880112139,0.1654790748445233,0.17880710564735308,0.17880710564735308,0.17880710564735308,0.17718035453921316,0.17880710564735308,0.17880710564735308,5700 office expense
purchase carfax canada ulc passtime gps renewal spring auto financial product manage cypress hill use passtime platform reduce risk prevent loss vehicle cypress portfolio 6/20/2022 update card limit $ 1000 need match renewal requirement,0.17817649085351708,0.16853114399798705,0.30274674679090013,0.17880710564735308,0.17880710564735308,0.17880710564735308,0.17880710564735308,0.17499458813117655,0.17855410775144362,0.17868048070434694,0.17880710564735308,0.17880710564735308,0.17868048070434694,0.30274674679090013,0.17571484977948262,0.17880710564735308,0.17880710564735308,0.17880710564735308,0.06730580827515545,0.2973068880112139,0.1654790748445233,0.17880710564735308,0.17880710564735308,0.17880710564735308,0.17718035453921316,0.17880710564735308,0.17880710564735308,5700 office expense
purchase carfax canada ulc passtime gps renewal spring auto financial product manage cypress hill use passtime platform reduce risk prevent loss vehicle cypress portfolio 6/20/2022 update card limit $ 1000 need match renewal requirement,0.17817649085351708,0.16853114399798705,0.30274674679090013,0.17880710564735308,0.17880710564735308,0.17880710564735308,0.17880710564735308,0.17499458813117655,0.17855410775144362,0.17868048070434694,0.17880710564735308,0.17880710564735308,0.17868048070434694,0.30274674679090013,0.17571484977948262,0.17880710564735308,0.17880710564735308,0.17880710564735308,0.06730580827515545,0.2973068880112139,0.1654790748445233,0.17880710564735308,0.17880710564735308,0.17880710564735308,0.17718035453921316,0.17880710564735308,0.17880710564735308,5700 office expense
purchase carfax canada ulc passtime gps renewal spring auto financial product manage cypress hill use passtime platform reduce risk prevent loss vehicle cypress portfolio 6/20/2022 update card limit $ 1000 need match renewal requirement,0.17817649085351708,0.16853114399798705,0.30274674679090013,0.17880710564735308,0.17880710564735308,0.17880710564735308,0.17880710564735308,0.17499458813117655,0.17855410775144362,0.17868048070434694,0.17880710564735308,0.17880710564735308,0.17868048070434694,0.30274674679090013,0.17571484977948262,0.17880710564735308,0.17880710564735308,0.17880710564735308,0.06730580827515545,0.2973068880112139,0.1654790748445233,0.17880710564735308,0.17880710564735308,0.17880710564735308,0.17718035453921316,0.17880710564735308,0.17880710564735308,5700 office expense
purchase carfax canada ulc passtime gps renewal spring auto financial product manage cypress hill use passtime platform reduce risk prevent loss vehicle cypress portfolio 6/20/2022 update card limit $ 1000 need match renewal requirement,0.17817649085351708,0.16853114399798705,0.30274674679090013,0.17880710564735308,0.17880710564735308,0.17880710564735308,0.17880710564735308,0.17499458813117655,0.17855410775144362,0.17868048070434694,0.17880710564735308,0.17880710564735308,0.17868048070434694,0.30274674679090013,0.17571484977948262,0.17880710564735308,0.17880710564735308,0.17880710564735308,0.06730580827515545,0.2973068880112139,0.1654790748445233,0.17880710564735308,0.17880710564735308,0.17880710564735308,0.17718035453921316,0.17880710564735308,0.17880710564735308,5700 office expense
purchase carfax canada ulc passtime gps renewal spring auto financial product manage cypress hill use passtime platform reduce risk prevent loss vehicle cypress portfolio 6/20/2022 update card limit $ 1000 need match renewal requirement,0.17817649085351708,0.16853114399798705,0.30274674679090013,0.17880710564735308,0.17880710564735308,0.17880710564735308,0.17880710564735308,0.17499458813117655,0.17855410775144362,0.17868048070434694,0.17880710564735308,0.17880710564735308,0.17868048070434694,0.30274674679090013,0.17571484977948262,0.17880710564735308,0.17880710564735308,0.17880710564735308,0.06730580827515545,0.2973068880112139,0.1654790748445233,0.17880710564735308,0.17880710564735308,0.17880710564735308,0.17718035453921316,0.17880710564735308,0.17880710564735308,5700 office expense
purchase carfax canada ulc passtime gps renewal spring auto financial product manage cypress hill use passtime platform reduce risk prevent loss vehicle cypress portfolio 6/20/2022 update card limit $ 1000 need match renewal requirement,0.17817649085351708,0.16853114399798705,0.30274674679090013,0.17880710564735308,0.17880710564735308,0.17880710564735308,0.17880710564735308,0.17499458813117655,0.17855410775144362,0.17868048070434694,0.17880710564735308,0.17880710564735308,0.17868048070434694,0.30274674679090013,0.17571484977948262,0.17880710564735308,0.17880710564735308,0.17880710564735308,0.06730580827515545,0.2973068880112139,0.1654790748445233,0.17880710564735308,0.17880710564735308,0.17880710564735308,0.17718035453921316,0.17880710564735308,0.17880710564735308,5700 office expense
purchase carfax canada ulc passtime gps renewal spring auto financial product manage cypress hill use passtime platform reduce risk prevent loss vehicle cypress portfolio 6/20/2022 update card limit $ 1000 need match renewal requirement,0.17817649085351708,0.16853114399798705,0.30274674679090013,0.17880710564735308,0.17880710564735308,0.17880710564735308,0.17880710564735308,0.17499458813117655,0.17855410775144362,0.17868048070434694,0.17880710564735308,0.17880710564735308,0.17868048070434694,0.30274674679090013,0.17571484977948262,0.17880710564735308,0.17880710564735308,0.17880710564735308,0.06730580827515545,0.2973068880112139,0.1654790748445233,0.17880710564735308,0.17880710564735308,0.17880710564735308,0.17718035453921316,0.17880710564735308,0.17880710564735308,5700 office expense
purchase carfax canada ulc passtime gps renewal spring auto financial product manage cypress hill use passtime platform reduce risk prevent loss vehicle cypress portfolio 6/20/2022 update card limit $ 1000 need match renewal requirement,0.17817649085351708,0.16853114399798705,0.30274674679090013,0.17880710564735308,0.17880710564735308,0.17880710564735308,0.17880710564735308,0.17499458813117655,0.17855410775144362,0.17868048070434694,0.17880710564735308,0.17880710564735308,0.17868048070434694,0.30274674679090013,0.17571484977948262,0.17880710564735308,0.17880710564735308,0.17880710564735308,0.06730580827515545,0.2973068880112139,0.1654790748445233,0.17880710564735308,0.17880710564735308,0.17880710564735308,0.17718035453921316,0.17880710564735308,0.17880710564735308,5700 office expense
purchase carfax canada ulc passtime gps renewal spring auto financial product manage cypress hill use passtime platform reduce risk prevent loss vehicle cypress portfolio 6/20/2022 update card limit $ 1000 need match renewal requirement,0.17817649085351708,0.16853114399798705,0.30274674679090013,0.17880710564735308,0.17880710564735308,0.17880710564735308,0.17880710564735308,0.17499458813117655,0.17855410775144362,0.17868048070434694,0.17880710564735308,0.17880710564735308,0.17868048070434694,0.30274674679090013,0.17571484977948262,0.17880710564735308,0.17880710564735308,0.17880710564735308,0.06730580827515545,0.2973068880112139,0.1654790748445233,0.17880710564735308,0.17880710564735308,0.17880710564735308,0.17718035453921316,0.17880710564735308,0.17880710564735308,5700 office expense
purchase carfax canada ulc passtime gps renewal spring auto financial product manage cypress hill use passtime platform reduce risk prevent loss vehicle cypress portfolio 6/20/2022 update card limit $ 1000 need match renewal requirement,0.17817649085351708,0.16853114399798705,0.30274674679090013,0.17880710564735308,0.17880710564735308,0.17880710564735308,0.17880710564735308,0.17499458813117655,0.17855410775144362,0.17868048070434694,0.17880710564735308,0.17880710564735308,0.17868048070434694,0.30274674679090013,0.17571484977948262,0.17880710564735308,0.17880710564735308,0.17880710564735308,0.06730580827515545,0.2973068880112139,0.1654790748445233,0.17880710564735308,0.17880710564735308,0.17880710564735308,0.17718035453921316,0.17880710564735308,0.17880710564735308,5700 office expense
purchase carfax canada ulc passtime gps renewal spring auto financial product manage cypress hill use passtime platform reduce risk prevent loss vehicle cypress portfolio 6/20/2022 update card limit $ 1000 need match renewal requirement,0.17817649085351708,0.16853114399798705,0.30274674679090013,0.17880710564735308,0.17880710564735308,0.17880710564735308,0.17880710564735308,0.17499458813117655,0.17855410775144362,0.17868048070434694,0.17880710564735308,0.17880710564735308,0.17868048070434694,0.30274674679090013,0.17571484977948262,0.17880710564735308,0.17880710564735308,0.17880710564735308,0.06730580827515545,0.2973068880112139,0.1654790748445233,0.17880710564735308,0.17880710564735308,0.17880710564735308,0.17718035453921316,0.17880710564735308,0.17880710564735308,5700 office expense
purchase carfax canada ulc passtime gps renewal spring auto financial product manage cypress hill use passtime platform reduce risk prevent loss vehicle cypress portfolio 6/20/2022 update card limit $ 1000 need match renewal requirement,0.17817649085351708,0.16853114399798705,0.30274674679090013,0.17880710564735308,0.17880710564735308,0.17880710564735308,0.17880710564735308,0.17499458813117655,0.17855410775144362,0.17868048070434694,0.17880710564735308,0.17880710564735308,0.17868048070434694,0.30274674679090013,0.17571484977948262,0.17880710564735308,0.17880710564735308,0.17880710564735308,0.06730580827515545,0.2973068880112139,0.1654790748445233,0.17880710564735308,0.17880710564735308,0.17880710564735308,0.17718035453921316,0.17880710564735308,0.17880710564735308,5700 office expense
purchase carfax canada ulc passtime gps renewal spring auto financial product manage cypress hill use passtime platform reduce risk prevent loss vehicle cypress portfolio 6/20/2022 update card limit $ 1000 need match renewal requirement,0.17817649085351708,0.16853114399798705,0.30274674679090013,0.17880710564735308,0.17880710564735308,0.17880710564735308,0.17880710564735308,0.17499458813117655,0.17855410775144362,0.17868048070434694,0.17880710564735308,0.17880710564735308,0.17868048070434694,0.30274674679090013,0.17571484977948262,0.17880710564735308,0.17880710564735308,0.17880710564735308,0.06730580827515545,0.2973068880112139,0.1654790748445233,0.17880710564735308,0.17880710564735308,0.17880710564735308,0.17718035453921316,0.17880710564735308,0.17880710564735308,5700 office expense
purchase carfax canada ulc passtime gps renewal spring auto financial product manage cypress hill use passtime platform reduce risk prevent loss vehicle cypress portfolio 6/20/2022 update card limit $ 1000 need match renewal requirement,0.17817649085351708,0.16853114399798705,0.30274674679090013,0.17880710564735308,0.17880710564735308,0.17880710564735308,0.17880710564735308,0.17499458813117655,0.17855410775144362,0.17868048070434694,0.17880710564735308,0.17880710564735308,0.17868048070434694,0.30274674679090013,0.17571484977948262,0.17880710564735308,0.17880710564735308,0.17880710564735308,0.06730580827515545,0.2973068880112139,0.1654790748445233,0.17880710564735308,0.17880710564735308,0.17880710564735308,0.17718035453921316,0.17880710564735308,0.17880710564735308,5700 office expense
purchase carfax canada ulc passtime gps renewal spring auto financial product manage cypress hill use passtime platform reduce risk prevent loss vehicle cypress portfolio 6/20/2022 update card limit $ 1000 need match renewal requirement,0.17817649085351708,0.16853114399798705,0.30274674679090013,0.17880710564735308,0.17880710564735308,0.17880710564735308,0.17880710564735308,0.17499458813117655,0.17855410775144362,0.17868048070434694,0.17880710564735308,0.17880710564735308,0.17868048070434694,0.30274674679090013,0.17571484977948262,0.17880710564735308,0.17880710564735308,0.17880710564735308,0.06730580827515545,0.2973068880112139,0.1654790748445233,0.17880710564735308,0.17880710564735308,0.17880710564735308,0.17718035453921316,0.17880710564735308,0.17880710564735308,5700 office expense
purchase carfax canada ulc passtime gps renewal spring auto financial product manage cypress hill use passtime platform reduce risk prevent loss vehicle cypress portfolio 6/20/2022 update card limit $ 1000 need match renewal requirement,0.17817649085351708,0.16853114399798705,0.30274674679090013,0.17880710564735308,0.17880710564735308,0.17880710564735308,0.17880710564735308,0.17499458813117655,0.17855410775144362,0.17868048070434694,0.17880710564735308,0.17880710564735308,0.17868048070434694,0.30274674679090013,0.17571484977948262,0.17880710564735308,0.17880710564735308,0.17880710564735308,0.06730580827515545,0.2973068880112139,0.1654790748445233,0.17880710564735308,0.17880710564735308,0.17880710564735308,0.17718035453921316,0.17880710564735308,0.17880710564735308,5700 office expense
purchase carfax canada ulc,0.0,0.0,0.0,0.0,0.0,0.0,0.0,0.0,0.0,0.0,0.0,0.0,0.0,0.0,0.0,0.0,0.0,0.0,1.0,0.0,0.0,0.0,0.0,0.0,0.0,0.0,0.0,5700 office expense
purchase carfax canada ulc passtime gps renewal spring auto financial product manage cypress hill use passtime platform reduce risk prevent loss vehicle cypress portfolio 6/20/2022 update card limit $ 1000 need match renewal requirement,0.17817649085351708,0.16853114399798705,0.30274674679090013,0.17880710564735308,0.17880710564735308,0.17880710564735308,0.17880710564735308,0.17499458813117655,0.17855410775144362,0.17868048070434694,0.17880710564735308,0.17880710564735308,0.17868048070434694,0.30274674679090013,0.17571484977948262,0.17880710564735308,0.17880710564735308,0.17880710564735308,0.06730580827515545,0.2973068880112139,0.1654790748445233,0.17880710564735308,0.17880710564735308,0.17880710564735308,0.17718035453921316,0.17880710564735308,0.17880710564735308,5700 office expense
purchase carfax canada ulc,0.0,0.0,0.0,0.0,0.0,0.0,0.0,0.0,0.0,0.0,0.0,0.0,0.0,0.0,0.0,0.0,0.0,0.0,1.0,0.0,0.0,0.0,0.0,0.0,0.0,0.0,0.0,5700 office expense
purchase carfax canada ulc,0.0,0.0,0.0,0.0,0.0,0.0,0.0,0.0,0.0,0.0,0.0,0.0,0.0,0.0,0.0,0.0,0.0,0.0,1.0,0.0,0.0,0.0,0.0,0.0,0.0,0.0,0.0,5700 office expense
purchase carfax canada ulc,0.0,0.0,0.0,0.0,0.0,0.0,0.0,0.0,0.0,0.0,0.0,0.0,0.0,0.0,0.0,0.0,0.0,0.0,1.0,0.0,0.0,0.0,0.0,0.0,0.0,0.0,0.0,5700 office expense
purchase carfax canada ulc,0.0,0.0,0.0,0.0,0.0,0.0,0.0,0.0,0.0,0.0,0.0,0.0,0.0,0.0,0.0,0.0,0.0,0.0,1.0,0.0,0.0,0.0,0.0,0.0,0.0,0.0,0.0,5700 office expense
purchase carfax canada ulc,0.0,0.0,0.0,0.0,0.0,0.0,0.0,0.0,0.0,0.0,0.0,0.0,0.0,0.0,0.0,0.0,0.0,0.0,1.0,0.0,0.0,0.0,0.0,0.0,0.0,0.0,0.0,5700 office expense
purchase carfax canada ulc,0.0,0.0,0.0,0.0,0.0,0.0,0.0,0.0,0.0,0.0,0.0,0.0,0.0,0.0,0.0,0.0,0.0,0.0,1.0,0.0,0.0,0.0,0.0,0.0,0.0,0.0,0.0,5700 office expense
purchase carfax canada ulc,0.0,0.0,0.0,0.0,0.0,0.0,0.0,0.0,0.0,0.0,0.0,0.0,0.0,0.0,0.0,0.0,0.0,0.0,1.0,0.0,0.0,0.0,0.0,0.0,0.0,0.0,0.0,5700 office expense
purchase carfax canada ulc,0.0,0.0,0.0,0.0,0.0,0.0,0.0,0.0,0.0,0.0,0.0,0.0,0.0,0.0,0.0,0.0,0.0,0.0,1.0,0.0,0.0,0.0,0.0,0.0,0.0,0.0,0.0,5700 office expense
purchase carfax canada ulc,0.0,0.0,0.0,0.0,0.0,0.0,0.0,0.0,0.0,0.0,0.0,0.0,0.0,0.0,0.0,0.0,0.0,0.0,1.0,0.0,0.0,0.0,0.0,0.0,0.0,0.0,0.0,5700 office expense
purchase carfax canada ulc,0.0,0.0,0.0,0.0,0.0,0.0,0.0,0.0,0.0,0.0,0.0,0.0,0.0,0.0,0.0,0.0,0.0,0.0,1.0,0.0,0.0,0.0,0.0,0.0,0.0,0.0,0.0,5700 office expense
purchase carfax canada ulc passtime gps renewal spring auto financial product manage cypress hill use passtime platform reduce risk prevent loss vehicle cypress portfolio 6/20/2022 update card limit $ 1000 need match renewal requirement,0.17817649085351708,0.16853114399798705,0.30274674679090013,0.17880710564735308,0.17880710564735308,0.17880710564735308,0.17880710564735308,0.17499458813117655,0.17855410775144362,0.17868048070434694,0.17880710564735308,0.17880710564735308,0.17868048070434694,0.30274674679090013,0.17571484977948262,0.17880710564735308,0.17880710564735308,0.17880710564735308,0.06730580827515545,0.2973068880112139,0.1654790748445233,0.17880710564735308,0.17880710564735308,0.17880710564735308,0.17718035453921316,0.17880710564735308,0.17880710564735308,5700 office expense
purchase carfax canada ulc passtime gps renewal spring auto financial product manage cypress hill use passtime platform reduce risk prevent loss vehicle cypress portfolio 6/20/2022 update card limit $ 1000 need match renewal requirement,0.17817649085351708,0.16853114399798705,0.30274674679090013,0.17880710564735308,0.17880710564735308,0.17880710564735308,0.17880710564735308,0.17499458813117655,0.17855410775144362,0.17868048070434694,0.17880710564735308,0.17880710564735308,0.17868048070434694,0.30274674679090013,0.17571484977948262,0.17880710564735308,0.17880710564735308,0.17880710564735308,0.06730580827515545,0.2973068880112139,0.1654790748445233,0.17880710564735308,0.17880710564735308,0.17880710564735308,0.17718035453921316,0.17880710564735308,0.17880710564735308,5700 office expense
purchase carfax canada ulc passtime gps renewal spring auto financial product manage cypress hill use passtime platform reduce risk prevent loss vehicle cypress portfolio 6/20/2022 update card limit $ 1000 need match renewal requirement,0.17817649085351708,0.16853114399798705,0.30274674679090013,0.17880710564735308,0.17880710564735308,0.17880710564735308,0.17880710564735308,0.17499458813117655,0.17855410775144362,0.17868048070434694,0.17880710564735308,0.17880710564735308,0.17868048070434694,0.30274674679090013,0.17571484977948262,0.17880710564735308,0.17880710564735308,0.17880710564735308,0.06730580827515545,0.2973068880112139,0.1654790748445233,0.17880710564735308,0.17880710564735308,0.17880710564735308,0.17718035453921316,0.17880710564735308,0.17880710564735308,5700 office expense
purchase carfax canada ulc passtime gps renewal spring auto financial product manage cypress hill use passtime platform reduce risk prevent loss vehicle cypress portfolio 6/20/2022 update card limit $ 1000 need match renewal requirement,0.17817649085351708,0.16853114399798705,0.30274674679090013,0.17880710564735308,0.17880710564735308,0.17880710564735308,0.17880710564735308,0.17499458813117655,0.17855410775144362,0.17868048070434694,0.17880710564735308,0.17880710564735308,0.17868048070434694,0.30274674679090013,0.17571484977948262,0.17880710564735308,0.17880710564735308,0.17880710564735308,0.06730580827515545,0.2973068880112139,0.1654790748445233,0.17880710564735308,0.17880710564735308,0.17880710564735308,0.17718035453921316,0.17880710564735308,0.17880710564735308,5700 office expense
purchase carfax canada ulc passtime gps renewal spring auto financial product manage cypress hill use passtime platform reduce risk prevent loss vehicle cypress portfolio 6/20/2022 update card limit $ 1000 need match renewal requirement,0.17817649085351708,0.16853114399798705,0.30274674679090013,0.17880710564735308,0.17880710564735308,0.17880710564735308,0.17880710564735308,0.17499458813117655,0.17855410775144362,0.17868048070434694,0.17880710564735308,0.17880710564735308,0.17868048070434694,0.30274674679090013,0.17571484977948262,0.17880710564735308,0.17880710564735308,0.17880710564735308,0.06730580827515545,0.2973068880112139,0.1654790748445233,0.17880710564735308,0.17880710564735308,0.17880710564735308,0.17718035453921316,0.17880710564735308,0.17880710564735308,5700 office expense
purchase carfax canada ulc passtime gps renewal spring auto financial product manage cypress hill use passtime platform reduce risk prevent loss vehicle cypress portfolio 6/20/2022 update card limit $ 1000 need match renewal requirement,0.17817649085351708,0.16853114399798705,0.30274674679090013,0.17880710564735308,0.17880710564735308,0.17880710564735308,0.17880710564735308,0.17499458813117655,0.17855410775144362,0.17868048070434694,0.17880710564735308,0.17880710564735308,0.17868048070434694,0.30274674679090013,0.17571484977948262,0.17880710564735308,0.17880710564735308,0.17880710564735308,0.06730580827515545,0.2973068880112139,0.1654790748445233,0.17880710564735308,0.17880710564735308,0.17880710564735308,0.17718035453921316,0.17880710564735308,0.17880710564735308,5700 office expense
purchase carfax canada ulc passtime gps renewal spring auto financial product manage cypress hill use passtime platform reduce risk prevent loss vehicle cypress portfolio 6/20/2022 update card limit $ 1000 need match renewal requirement,0.17817649085351708,0.16853114399798705,0.30274674679090013,0.17880710564735308,0.17880710564735308,0.17880710564735308,0.17880710564735308,0.17499458813117655,0.17855410775144362,0.17868048070434694,0.17880710564735308,0.17880710564735308,0.17868048070434694,0.30274674679090013,0.17571484977948262,0.17880710564735308,0.17880710564735308,0.17880710564735308,0.06730580827515545,0.2973068880112139,0.1654790748445233,0.17880710564735308,0.17880710564735308,0.17880710564735308,0.17718035453921316,0.17880710564735308,0.17880710564735308,5700 office expense
purchase carfax canada ulc passtime gps renewal spring auto financial product manage cypress hill use passtime platform reduce risk prevent loss vehicle cypress portfolio 6/20/2022 update card limit $ 1000 need match renewal requirement,0.17817649085351708,0.16853114399798705,0.30274674679090013,0.17880710564735308,0.17880710564735308,0.17880710564735308,0.17880710564735308,0.17499458813117655,0.17855410775144362,0.17868048070434694,0.17880710564735308,0.17880710564735308,0.17868048070434694,0.30274674679090013,0.17571484977948262,0.17880710564735308,0.17880710564735308,0.17880710564735308,0.06730580827515545,0.2973068880112139,0.1654790748445233,0.17880710564735308,0.17880710564735308,0.17880710564735308,0.17718035453921316,0.17880710564735308,0.17880710564735308,5700 office expense
purchase carfax canada ulc passtime gps renewal spring auto financial product manage cypress hill use passtime platform reduce risk prevent loss vehicle cypress portfolio 6/20/2022 update card limit $ 1000 need match renewal requirement,0.17817649085351708,0.16853114399798705,0.30274674679090013,0.17880710564735308,0.17880710564735308,0.17880710564735308,0.17880710564735308,0.17499458813117655,0.17855410775144362,0.17868048070434694,0.17880710564735308,0.17880710564735308,0.17868048070434694,0.30274674679090013,0.17571484977948262,0.17880710564735308,0.17880710564735308,0.17880710564735308,0.06730580827515545,0.2973068880112139,0.1654790748445233,0.17880710564735308,0.17880710564735308,0.17880710564735308,0.17718035453921316,0.17880710564735308,0.17880710564735308,5700 office expense
purchase carfax canada ulc passtime gps renewal spring auto financial product manage cypress hill use passtime platform reduce risk prevent loss vehicle cypress portfolio 6/20/2022 update card limit $ 1000 need match renewal requirement,0.17817649085351708,0.16853114399798705,0.30274674679090013,0.17880710564735308,0.17880710564735308,0.17880710564735308,0.17880710564735308,0.17499458813117655,0.17855410775144362,0.17868048070434694,0.17880710564735308,0.17880710564735308,0.17868048070434694,0.30274674679090013,0.17571484977948262,0.17880710564735308,0.17880710564735308,0.17880710564735308,0.06730580827515545,0.2973068880112139,0.1654790748445233,0.17880710564735308,0.17880710564735308,0.17880710564735308,0.17718035453921316,0.17880710564735308,0.17880710564735308,5700 office expense
purchase carfax canada ulc passtime gps renewal spring auto financial product manage cypress hill use passtime platform reduce risk prevent loss vehicle cypress portfolio 6/20/2022 update card limit $ 1000 need match renewal requirement,0.17817649085351708,0.16853114399798705,0.30274674679090013,0.17880710564735308,0.17880710564735308,0.17880710564735308,0.17880710564735308,0.17499458813117655,0.17855410775144362,0.17868048070434694,0.17880710564735308,0.17880710564735308,0.17868048070434694,0.30274674679090013,0.17571484977948262,0.17880710564735308,0.17880710564735308,0.17880710564735308,0.06730580827515545,0.2973068880112139,0.1654790748445233,0.17880710564735308,0.17880710564735308,0.17880710564735308,0.17718035453921316,0.17880710564735308,0.17880710564735308,5700 office expense
purchase carfax canada ulc passtime gps renewal spring auto financial product manage cypress hill use passtime platform reduce risk prevent loss vehicle cypress portfolio 6/20/2022 update card limit $ 1000 need match renewal requirement,0.17817649085351708,0.16853114399798705,0.30274674679090013,0.17880710564735308,0.17880710564735308,0.17880710564735308,0.17880710564735308,0.17499458813117655,0.17855410775144362,0.17868048070434694,0.17880710564735308,0.17880710564735308,0.17868048070434694,0.30274674679090013,0.17571484977948262,0.17880710564735308,0.17880710564735308,0.17880710564735308,0.06730580827515545,0.2973068880112139,0.1654790748445233,0.17880710564735308,0.17880710564735308,0.17880710564735308,0.17718035453921316,0.17880710564735308,0.17880710564735308,5700 office expense
purchase carfax canada ulc passtime gps renewal spring auto financial product manage cypress hill use passtime platform reduce risk prevent loss vehicle cypress portfolio 6/20/2022 update card limit $ 1000 need match renewal requirement,0.17817649085351708,0.16853114399798705,0.30274674679090013,0.17880710564735308,0.17880710564735308,0.17880710564735308,0.17880710564735308,0.17499458813117655,0.17855410775144362,0.17868048070434694,0.17880710564735308,0.17880710564735308,0.17868048070434694,0.30274674679090013,0.17571484977948262,0.17880710564735308,0.17880710564735308,0.17880710564735308,0.06730580827515545,0.2973068880112139,0.1654790748445233,0.17880710564735308,0.17880710564735308,0.17880710564735308,0.17718035453921316,0.17880710564735308,0.17880710564735308,5700 office expense
purchase carfax canada ulc passtime gps renewal spring auto financial product manage cypress hill use passtime platform reduce risk prevent loss vehicle cypress portfolio 6/20/2022 update card limit $ 1000 need match renewal requirement,0.17817649085351708,0.16853114399798705,0.30274674679090013,0.17880710564735308,0.17880710564735308,0.17880710564735308,0.17880710564735308,0.17499458813117655,0.17855410775144362,0.17868048070434694,0.17880710564735308,0.17880710564735308,0.17868048070434694,0.30274674679090013,0.17571484977948262,0.17880710564735308,0.17880710564735308,0.17880710564735308,0.06730580827515545,0.2973068880112139,0.1654790748445233,0.17880710564735308,0.17880710564735308,0.17880710564735308,0.17718035453921316,0.17880710564735308,0.17880710564735308,5700 office expense
purchase carfax canada ulc passtime gps renewal spring auto financial product manage cypress hill use passtime platform reduce risk prevent loss vehicle cypress portfolio 6/20/2022 update card limit $ 1000 need match renewal requirement,0.17817649085351708,0.16853114399798705,0.30274674679090013,0.17880710564735308,0.17880710564735308,0.17880710564735308,0.17880710564735308,0.17499458813117655,0.17855410775144362,0.17868048070434694,0.17880710564735308,0.17880710564735308,0.17868048070434694,0.30274674679090013,0.17571484977948262,0.17880710564735308,0.17880710564735308,0.17880710564735308,0.06730580827515545,0.2973068880112139,0.1654790748445233,0.17880710564735308,0.17880710564735308,0.17880710564735308,0.17718035453921316,0.17880710564735308,0.17880710564735308,5700 office expense
purchase carfax canada ulc passtime gps renewal spring auto financial product manage cypress hill use passtime platform reduce risk prevent loss vehicle cypress portfolio 6/20/2022 update card limit $ 1000 need match renewal requirement,0.17817649085351708,0.16853114399798705,0.30274674679090013,0.17880710564735308,0.17880710564735308,0.17880710564735308,0.17880710564735308,0.17499458813117655,0.17855410775144362,0.17868048070434694,0.17880710564735308,0.17880710564735308,0.17868048070434694,0.30274674679090013,0.17571484977948262,0.17880710564735308,0.17880710564735308,0.17880710564735308,0.06730580827515545,0.2973068880112139,0.1654790748445233,0.17880710564735308,0.17880710564735308,0.17880710564735308,0.17718035453921316,0.17880710564735308,0.17880710564735308,5700 office expense
purchase carfax canada ulc passtime gps renewal spring auto financial product manage cypress hill use passtime platform reduce risk prevent loss vehicle cypress portfolio 6/20/2022 update card limit $ 1000 need match renewal requirement,0.17817649085351708,0.16853114399798705,0.30274674679090013,0.17880710564735308,0.17880710564735308,0.17880710564735308,0.17880710564735308,0.17499458813117655,0.17855410775144362,0.17868048070434694,0.17880710564735308,0.17880710564735308,0.17868048070434694,0.30274674679090013,0.17571484977948262,0.17880710564735308,0.17880710564735308,0.17880710564735308,0.06730580827515545,0.2973068880112139,0.1654790748445233,0.17880710564735308,0.17880710564735308,0.17880710564735308,0.17718035453921316,0.17880710564735308,0.17880710564735308,5700 office expense
purchase carfax canada ulc passtime gps renewal spring auto financial product manage cypress hill use passtime platform reduce risk prevent loss vehicle cypress portfolio 6/20/2022 update card limit $ 1000 need match renewal requirement,0.17817649085351708,0.16853114399798705,0.30274674679090013,0.17880710564735308,0.17880710564735308,0.17880710564735308,0.17880710564735308,0.17499458813117655,0.17855410775144362,0.17868048070434694,0.17880710564735308,0.17880710564735308,0.17868048070434694,0.30274674679090013,0.17571484977948262,0.17880710564735308,0.17880710564735308,0.17880710564735308,0.06730580827515545,0.2973068880112139,0.1654790748445233,0.17880710564735308,0.17880710564735308,0.17880710564735308,0.17718035453921316,0.17880710564735308,0.17880710564735308,5700 office expense
purchase carfax canada ulc passtime gps renewal spring auto financial product manage cypress hill use passtime platform reduce risk prevent loss vehicle cypress portfolio 6/20/2022 update card limit $ 1000 need match renewal requirement,0.17817649085351708,0.16853114399798705,0.30274674679090013,0.17880710564735308,0.17880710564735308,0.17880710564735308,0.17880710564735308,0.17499458813117655,0.17855410775144362,0.17868048070434694,0.17880710564735308,0.17880710564735308,0.17868048070434694,0.30274674679090013,0.17571484977948262,0.17880710564735308,0.17880710564735308,0.17880710564735308,0.06730580827515545,0.2973068880112139,0.1654790748445233,0.17880710564735308,0.17880710564735308,0.17880710564735308,0.17718035453921316,0.17880710564735308,0.17880710564735308,5700 office expense
purchase carfax canada ulc passtime gps renewal spring auto financial product manage cypress hill use passtime platform reduce risk prevent loss vehicle cypress portfolio 6/20/2022 update card limit $ 1000 need match renewal requirement,0.17817649085351708,0.16853114399798705,0.30274674679090013,0.17880710564735308,0.17880710564735308,0.17880710564735308,0.17880710564735308,0.17499458813117655,0.17855410775144362,0.17868048070434694,0.17880710564735308,0.17880710564735308,0.17868048070434694,0.30274674679090013,0.17571484977948262,0.17880710564735308,0.17880710564735308,0.17880710564735308,0.06730580827515545,0.2973068880112139,0.1654790748445233,0.17880710564735308,0.17880710564735308,0.17880710564735308,0.17718035453921316,0.17880710564735308,0.17880710564735308,5700 office expense
purchase carfax canada ulc passtime gps renewal spring auto financial product manage cypress hill use passtime platform reduce risk prevent loss vehicle cypress portfolio 6/20/2022 update card limit $ 1000 need match renewal requirement,0.17817649085351708,0.16853114399798705,0.30274674679090013,0.17880710564735308,0.17880710564735308,0.17880710564735308,0.17880710564735308,0.17499458813117655,0.17855410775144362,0.17868048070434694,0.17880710564735308,0.17880710564735308,0.17868048070434694,0.30274674679090013,0.17571484977948262,0.17880710564735308,0.17880710564735308,0.17880710564735308,0.06730580827515545,0.2973068880112139,0.1654790748445233,0.17880710564735308,0.17880710564735308,0.17880710564735308,0.17718035453921316,0.17880710564735308,0.17880710564735308,5700 office expense
purchase carfax canada ulc,0.0,0.0,0.0,0.0,0.0,0.0,0.0,0.0,0.0,0.0,0.0,0.0,0.0,0.0,0.0,0.0,0.0,0.0,1.0,0.0,0.0,0.0,0.0,0.0,0.0,0.0,0.0,5700 office expense
purchase carfax canada ulc,0.0,0.0,0.0,0.0,0.0,0.0,0.0,0.0,0.0,0.0,0.0,0.0,0.0,0.0,0.0,0.0,0.0,0.0,1.0,0.0,0.0,0.0,0.0,0.0,0.0,0.0,0.0,5700 office expense
purchase carfax canada ulc,0.0,0.0,0.0,0.0,0.0,0.0,0.0,0.0,0.0,0.0,0.0,0.0,0.0,0.0,0.0,0.0,0.0,0.0,1.0,0.0,0.0,0.0,0.0,0.0,0.0,0.0,0.0,5700 office expense
purchase carfax canada ulc,0.0,0.0,0.0,0.0,0.0,0.0,0.0,0.0,0.0,0.0,0.0,0.0,0.0,0.0,0.0,0.0,0.0,0.0,1.0,0.0,0.0,0.0,0.0,0.0,0.0,0.0,0.0,5700 office expense
purchase carfax canada ulc,0.0,0.0,0.0,0.0,0.0,0.0,0.0,0.0,0.0,0.0,0.0,0.0,0.0,0.0,0.0,0.0,0.0,0.0,1.0,0.0,0.0,0.0,0.0,0.0,0.0,0.0,0.0,5700 office expense
purchase carfax canada ulc,0.0,0.0,0.0,0.0,0.0,0.0,0.0,0.0,0.0,0.0,0.0,0.0,0.0,0.0,0.0,0.0,0.0,0.0,1.0,0.0,0.0,0.0,0.0,0.0,0.0,0.0,0.0,5700 office expense
purchase carfax canada ulc,0.0,0.0,0.0,0.0,0.0,0.0,0.0,0.0,0.0,0.0,0.0,0.0,0.0,0.0,0.0,0.0,0.0,0.0,1.0,0.0,0.0,0.0,0.0,0.0,0.0,0.0,0.0,5700 office expense
purchase carfax canada ulc,0.0,0.0,0.0,0.0,0.0,0.0,0.0,0.0,0.0,0.0,0.0,0.0,0.0,0.0,0.0,0.0,0.0,0.0,1.0,0.0,0.0,0.0,0.0,0.0,0.0,0.0,0.0,5700 office expense
purchase carfax canada ulc,0.0,0.0,0.0,0.0,0.0,0.0,0.0,0.0,0.0,0.0,0.0,0.0,0.0,0.0,0.0,0.0,0.0,0.0,1.0,0.0,0.0,0.0,0.0,0.0,0.0,0.0,0.0,5700 office expense
purchase carfax canada ulc,0.0,0.0,0.0,0.0,0.0,0.0,0.0,0.0,0.0,0.0,0.0,0.0,0.0,0.0,0.0,0.0,0.0,0.0,1.0,0.0,0.0,0.0,0.0,0.0,0.0,0.0,0.0,5700 office expense
purchase carfax canada ulc,0.0,0.0,0.0,0.0,0.0,0.0,0.0,0.0,0.0,0.0,0.0,0.0,0.0,0.0,0.0,0.0,0.0,0.0,1.0,0.0,0.0,0.0,0.0,0.0,0.0,0.0,0.0,5700 office expense
purchase carfax canada ulc,0.0,0.0,0.0,0.0,0.0,0.0,0.0,0.0,0.0,0.0,0.0,0.0,0.0,0.0,0.0,0.0,0.0,0.0,1.0,0.0,0.0,0.0,0.0,0.0,0.0,0.0,0.0,5700 office expense
purchase carfax canada ulc,0.0,0.0,0.0,0.0,0.0,0.0,0.0,0.0,0.0,0.0,0.0,0.0,0.0,0.0,0.0,0.0,0.0,0.0,1.0,0.0,0.0,0.0,0.0,0.0,0.0,0.0,0.0,5700 office expense
purchase carfax canada ulc,0.0,0.0,0.0,0.0,0.0,0.0,0.0,0.0,0.0,0.0,0.0,0.0,0.0,0.0,0.0,0.0,0.0,0.0,1.0,0.0,0.0,0.0,0.0,0.0,0.0,0.0,0.0,5700 office expense
purchase carfax canada ulc,0.0,0.0,0.0,0.0,0.0,0.0,0.0,0.0,0.0,0.0,0.0,0.0,0.0,0.0,0.0,0.0,0.0,0.0,1.0,0.0,0.0,0.0,0.0,0.0,0.0,0.0,0.0,5700 office expense
purchase carfax canada ulc,0.0,0.0,0.0,0.0,0.0,0.0,0.0,0.0,0.0,0.0,0.0,0.0,0.0,0.0,0.0,0.0,0.0,0.0,1.0,0.0,0.0,0.0,0.0,0.0,0.0,0.0,0.0,5700 office expense
purchase carfax canada ulc,0.0,0.0,0.0,0.0,0.0,0.0,0.0,0.0,0.0,0.0,0.0,0.0,0.0,0.0,0.0,0.0,0.0,0.0,1.0,0.0,0.0,0.0,0.0,0.0,0.0,0.0,0.0,5700 office expense
purchase carfax canada ulc,0.0,0.0,0.0,0.0,0.0,0.0,0.0,0.0,0.0,0.0,0.0,0.0,0.0,0.0,0.0,0.0,0.0,0.0,1.0,0.0,0.0,0.0,0.0,0.0,0.0,0.0,0.0,5700 office expense
purchase carfax canada ulc,0.0,0.0,0.0,0.0,0.0,0.0,0.0,0.0,0.0,0.0,0.0,0.0,0.0,0.0,0.0,0.0,0.0,0.0,1.0,0.0,0.0,0.0,0.0,0.0,0.0,0.0,0.0,5700 office expense
purchase carfax canada ulc,0.0,0.0,0.0,0.0,0.0,0.0,0.0,0.0,0.0,0.0,0.0,0.0,0.0,0.0,0.0,0.0,0.0,0.0,1.0,0.0,0.0,0.0,0.0,0.0,0.0,0.0,0.0,5700 office expense
purchase carfax canada ulc,0.0,0.0,0.0,0.0,0.0,0.0,0.0,0.0,0.0,0.0,0.0,0.0,0.0,0.0,0.0,0.0,0.0,0.0,1.0,0.0,0.0,0.0,0.0,0.0,0.0,0.0,0.0,5700 office expense
purchase carfax canada ulc,0.0,0.0,0.0,0.0,0.0,0.0,0.0,0.0,0.0,0.0,0.0,0.0,0.0,0.0,0.0,0.0,0.0,0.0,1.0,0.0,0.0,0.0,0.0,0.0,0.0,0.0,0.0,5700 office expense
purchase carfax canada ulc,0.0,0.0,0.0,0.0,0.0,0.0,0.0,0.0,0.0,0.0,0.0,0.0,0.0,0.0,0.0,0.0,0.0,0.0,1.0,0.0,0.0,0.0,0.0,0.0,0.0,0.0,0.0,5700 office expense
purchase carfax canada ulc,0.0,0.0,0.0,0.0,0.0,0.0,0.0,0.0,0.0,0.0,0.0,0.0,0.0,0.0,0.0,0.0,0.0,0.0,1.0,0.0,0.0,0.0,0.0,0.0,0.0,0.0,0.0,5700 office expense
purchase carfax canada ulc,0.0,0.0,0.0,0.0,0.0,0.0,0.0,0.0,0.0,0.0,0.0,0.0,0.0,0.0,0.0,0.0,0.0,0.0,1.0,0.0,0.0,0.0,0.0,0.0,0.0,0.0,0.0,5700 office expense
purchase carfax canada ulc,0.0,0.0,0.0,0.0,0.0,0.0,0.0,0.0,0.0,0.0,0.0,0.0,0.0,0.0,0.0,0.0,0.0,0.0,1.0,0.0,0.0,0.0,0.0,0.0,0.0,0.0,0.0,5700 office expense
purchase carfax canada ulc,0.0,0.0,0.0,0.0,0.0,0.0,0.0,0.0,0.0,0.0,0.0,0.0,0.0,0.0,0.0,0.0,0.0,0.0,1.0,0.0,0.0,0.0,0.0,0.0,0.0,0.0,0.0,5700 office expense
purchase carfax canada ulc,0.0,0.0,0.0,0.0,0.0,0.0,0.0,0.0,0.0,0.0,0.0,0.0,0.0,0.0,0.0,0.0,0.0,0.0,1.0,0.0,0.0,0.0,0.0,0.0,0.0,0.0,0.0,5700 office expense
purchase carfax canada ulc,0.0,0.0,0.0,0.0,0.0,0.0,0.0,0.0,0.0,0.0,0.0,0.0,0.0,0.0,0.0,0.0,0.0,0.0,1.0,0.0,0.0,0.0,0.0,0.0,0.0,0.0,0.0,5700 office expense
purchase carfax canada ulc,0.0,0.0,0.0,0.0,0.0,0.0,0.0,0.0,0.0,0.0,0.0,0.0,0.0,0.0,0.0,0.0,0.0,0.0,1.0,0.0,0.0,0.0,0.0,0.0,0.0,0.0,0.0,5700 office expense
purchase carfax canada ulc,0.0,0.0,0.0,0.0,0.0,0.0,0.0,0.0,0.0,0.0,0.0,0.0,0.0,0.0,0.0,0.0,0.0,0.0,1.0,0.0,0.0,0.0,0.0,0.0,0.0,0.0,0.0,5700 office expense
purchase carfax canada ulc,0.0,0.0,0.0,0.0,0.0,0.0,0.0,0.0,0.0,0.0,0.0,0.0,0.0,0.0,0.0,0.0,0.0,0.0,1.0,0.0,0.0,0.0,0.0,0.0,0.0,0.0,0.0,5700 office expense
purchase carfax canada ulc,0.0,0.0,0.0,0.0,0.0,0.0,0.0,0.0,0.0,0.0,0.0,0.0,0.0,0.0,0.0,0.0,0.0,0.0,1.0,0.0,0.0,0.0,0.0,0.0,0.0,0.0,0.0,5700 office expense
purchase carfax canada ulc,0.0,0.0,0.0,0.0,0.0,0.0,0.0,0.0,0.0,0.0,0.0,0.0,0.0,0.0,0.0,0.0,0.0,0.0,1.0,0.0,0.0,0.0,0.0,0.0,0.0,0.0,0.0,5700 office expense
purchase carfax canada ulc,0.0,0.0,0.0,0.0,0.0,0.0,0.0,0.0,0.0,0.0,0.0,0.0,0.0,0.0,0.0,0.0,0.0,0.0,1.0,0.0,0.0,0.0,0.0,0.0,0.0,0.0,0.0,5700 office expense
purchase carfax canada ulc,0.0,0.0,0.0,0.0,0.0,0.0,0.0,0.0,0.0,0.0,0.0,0.0,0.0,0.0,0.0,0.0,0.0,0.0,1.0,0.0,0.0,0.0,0.0,0.0,0.0,0.0,0.0,5700 office expense
purchase carfax canada ulc,0.0,0.0,0.0,0.0,0.0,0.0,0.0,0.0,0.0,0.0,0.0,0.0,0.0,0.0,0.0,0.0,0.0,0.0,1.0,0.0,0.0,0.0,0.0,0.0,0.0,0.0,0.0,5700 office expense
purchase carfax canada ulc passtime gps renewal spring auto financial product manage cypress hill use passtime platform reduce risk prevent loss vehicle cypress portfolio 6/20/2022 update card limit $ 1000 need match renewal requirement,0.17817649085351708,0.16853114399798705,0.30274674679090013,0.17880710564735308,0.17880710564735308,0.17880710564735308,0.17880710564735308,0.17499458813117655,0.17855410775144362,0.17868048070434694,0.17880710564735308,0.17880710564735308,0.17868048070434694,0.30274674679090013,0.17571484977948262,0.17880710564735308,0.17880710564735308,0.17880710564735308,0.06730580827515545,0.2973068880112139,0.1654790748445233,0.17880710564735308,0.17880710564735308,0.17880710564735308,0.17718035453921316,0.17880710564735308,0.17880710564735308,5700 office expense
purchase carfax canada ulc passtime gps renewal spring auto financial product manage cypress hill use passtime platform reduce risk prevent loss vehicle cypress portfolio 6/20/2022 update card limit $ 1000 need match renewal requirement,0.17817649085351708,0.16853114399798705,0.30274674679090013,0.17880710564735308,0.17880710564735308,0.17880710564735308,0.17880710564735308,0.17499458813117655,0.17855410775144362,0.17868048070434694,0.17880710564735308,0.17880710564735308,0.17868048070434694,0.30274674679090013,0.17571484977948262,0.17880710564735308,0.17880710564735308,0.17880710564735308,0.06730580827515545,0.2973068880112139,0.1654790748445233,0.17880710564735308,0.17880710564735308,0.17880710564735308,0.17718035453921316,0.17880710564735308,0.17880710564735308,5700 office expense
purchase carfax canada ulc passtime gps renewal spring auto financial product manage cypress hill use passtime platform reduce risk prevent loss vehicle cypress portfolio 6/20/2022 update card limit $ 1000 need match renewal requirement,0.17817649085351708,0.16853114399798705,0.30274674679090013,0.17880710564735308,0.17880710564735308,0.17880710564735308,0.17880710564735308,0.17499458813117655,0.17855410775144362,0.17868048070434694,0.17880710564735308,0.17880710564735308,0.17868048070434694,0.30274674679090013,0.17571484977948262,0.17880710564735308,0.17880710564735308,0.17880710564735308,0.06730580827515545,0.2973068880112139,0.1654790748445233,0.17880710564735308,0.17880710564735308,0.17880710564735308,0.17718035453921316,0.17880710564735308,0.17880710564735308,5700 office expense
purchase carfax canada ulc,0.0,0.0,0.0,0.0,0.0,0.0,0.0,0.0,0.0,0.0,0.0,0.0,0.0,0.0,0.0,0.0,0.0,0.0,1.0,0.0,0.0,0.0,0.0,0.0,0.0,0.0,0.0,5700 office expense
purchase carfax canada ulc passtime gps renewal spring auto financial product manage cypress hill use passtime platform reduce risk prevent loss vehicle cypress portfolio 6/20/2022 update card limit $ 1000 need match renewal requirement,0.17817649085351708,0.16853114399798705,0.30274674679090013,0.17880710564735308,0.17880710564735308,0.17880710564735308,0.17880710564735308,0.17499458813117655,0.17855410775144362,0.17868048070434694,0.17880710564735308,0.17880710564735308,0.17868048070434694,0.30274674679090013,0.17571484977948262,0.17880710564735308,0.17880710564735308,0.17880710564735308,0.06730580827515545,0.2973068880112139,0.1654790748445233,0.17880710564735308,0.17880710564735308,0.17880710564735308,0.17718035453921316,0.17880710564735308,0.17880710564735308,5700 office expense
purchase carfax canada ulc passtime gps renewal spring auto financial product manage cypress hill use passtime platform reduce risk prevent loss vehicle cypress portfolio 6/20/2022 update card limit $ 1000 need match renewal requirement,0.17817649085351708,0.16853114399798705,0.30274674679090013,0.17880710564735308,0.17880710564735308,0.17880710564735308,0.17880710564735308,0.17499458813117655,0.17855410775144362,0.17868048070434694,0.17880710564735308,0.17880710564735308,0.17868048070434694,0.30274674679090013,0.17571484977948262,0.17880710564735308,0.17880710564735308,0.17880710564735308,0.06730580827515545,0.2973068880112139,0.1654790748445233,0.17880710564735308,0.17880710564735308,0.17880710564735308,0.17718035453921316,0.17880710564735308,0.17880710564735308,5700 office expense
purchase carfax canada ulc passtime gps renewal spring auto financial product manage cypress hill use passtime platform reduce risk prevent loss vehicle cypress portfolio 6/20/2022 update card limit $ 1000 need match renewal requirement,0.17817649085351708,0.16853114399798705,0.30274674679090013,0.17880710564735308,0.17880710564735308,0.17880710564735308,0.17880710564735308,0.17499458813117655,0.17855410775144362,0.17868048070434694,0.17880710564735308,0.17880710564735308,0.17868048070434694,0.30274674679090013,0.17571484977948262,0.17880710564735308,0.17880710564735308,0.17880710564735308,0.06730580827515545,0.2973068880112139,0.1654790748445233,0.17880710564735308,0.17880710564735308,0.17880710564735308,0.17718035453921316,0.17880710564735308,0.17880710564735308,5700 office expense
purchase carfax canada ulc passtime gps renewal spring auto financial product manage cypress hill use passtime platform reduce risk prevent loss vehicle cypress portfolio 6/20/2022 update card limit $ 1000 need match renewal requirement,0.17817649085351708,0.16853114399798705,0.30274674679090013,0.17880710564735308,0.17880710564735308,0.17880710564735308,0.17880710564735308,0.17499458813117655,0.17855410775144362,0.17868048070434694,0.17880710564735308,0.17880710564735308,0.17868048070434694,0.30274674679090013,0.17571484977948262,0.17880710564735308,0.17880710564735308,0.17880710564735308,0.06730580827515545,0.2973068880112139,0.1654790748445233,0.17880710564735308,0.17880710564735308,0.17880710564735308,0.17718035453921316,0.17880710564735308,0.17880710564735308,5700 office expense
purchase carfax canada ulc passtime gps renewal spring auto financial product manage cypress hill use passtime platform reduce risk prevent loss vehicle cypress portfolio 6/20/2022 update card limit $ 1000 need match renewal requirement,0.17817649085351708,0.16853114399798705,0.30274674679090013,0.17880710564735308,0.17880710564735308,0.17880710564735308,0.17880710564735308,0.17499458813117655,0.17855410775144362,0.17868048070434694,0.17880710564735308,0.17880710564735308,0.17868048070434694,0.30274674679090013,0.17571484977948262,0.17880710564735308,0.17880710564735308,0.17880710564735308,0.06730580827515545,0.2973068880112139,0.1654790748445233,0.17880710564735308,0.17880710564735308,0.17880710564735308,0.17718035453921316,0.17880710564735308,0.17880710564735308,5700 office expense
purchase carfax canada ulc passtime gps renewal spring auto financial product manage cypress hill use passtime platform reduce risk prevent loss vehicle cypress portfolio 6/20/2022 update card limit $ 1000 need match renewal requirement,0.17817649085351708,0.16853114399798705,0.30274674679090013,0.17880710564735308,0.17880710564735308,0.17880710564735308,0.17880710564735308,0.17499458813117655,0.17855410775144362,0.17868048070434694,0.17880710564735308,0.17880710564735308,0.17868048070434694,0.30274674679090013,0.17571484977948262,0.17880710564735308,0.17880710564735308,0.17880710564735308,0.06730580827515545,0.2973068880112139,0.1654790748445233,0.17880710564735308,0.17880710564735308,0.17880710564735308,0.17718035453921316,0.17880710564735308,0.17880710564735308,5700 office expense
purchase carfax canada ulc passtime gps renewal spring auto financial product manage cypress hill use passtime platform reduce risk prevent loss vehicle cypress portfolio 6/20/2022 update card limit $ 1000 need match renewal requirement,0.17817649085351708,0.16853114399798705,0.30274674679090013,0.17880710564735308,0.17880710564735308,0.17880710564735308,0.17880710564735308,0.17499458813117655,0.17855410775144362,0.17868048070434694,0.17880710564735308,0.17880710564735308,0.17868048070434694,0.30274674679090013,0.17571484977948262,0.17880710564735308,0.17880710564735308,0.17880710564735308,0.06730580827515545,0.2973068880112139,0.1654790748445233,0.17880710564735308,0.17880710564735308,0.17880710564735308,0.17718035453921316,0.17880710564735308,0.17880710564735308,5700 office expense
purchase carfax canada ulc passtime gps renewal spring auto financial product manage cypress hill use passtime platform reduce risk prevent loss vehicle cypress portfolio 6/20/2022 update card limit $ 1000 need match renewal requirement,0.17817649085351708,0.16853114399798705,0.30274674679090013,0.17880710564735308,0.17880710564735308,0.17880710564735308,0.17880710564735308,0.17499458813117655,0.17855410775144362,0.17868048070434694,0.17880710564735308,0.17880710564735308,0.17868048070434694,0.30274674679090013,0.17571484977948262,0.17880710564735308,0.17880710564735308,0.17880710564735308,0.06730580827515545,0.2973068880112139,0.1654790748445233,0.17880710564735308,0.17880710564735308,0.17880710564735308,0.17718035453921316,0.17880710564735308,0.17880710564735308,5700 office expense
purchase carfax canada ulc passtime gps renewal spring auto financial product manage cypress hill use passtime platform reduce risk prevent loss vehicle cypress portfolio 6/20/2022 update card limit $ 1000 need match renewal requirement,0.17817649085351708,0.16853114399798705,0.30274674679090013,0.17880710564735308,0.17880710564735308,0.17880710564735308,0.17880710564735308,0.17499458813117655,0.17855410775144362,0.17868048070434694,0.17880710564735308,0.17880710564735308,0.17868048070434694,0.30274674679090013,0.17571484977948262,0.17880710564735308,0.17880710564735308,0.17880710564735308,0.06730580827515545,0.2973068880112139,0.1654790748445233,0.17880710564735308,0.17880710564735308,0.17880710564735308,0.17718035453921316,0.17880710564735308,0.17880710564735308,5700 office expense
purchase carfax canada ulc passtime gps renewal spring auto financial product manage cypress hill use passtime platform reduce risk prevent loss vehicle cypress portfolio 6/20/2022 update card limit $ 1000 need match renewal requirement,0.17817649085351708,0.16853114399798705,0.30274674679090013,0.17880710564735308,0.17880710564735308,0.17880710564735308,0.17880710564735308,0.17499458813117655,0.17855410775144362,0.17868048070434694,0.17880710564735308,0.17880710564735308,0.17868048070434694,0.30274674679090013,0.17571484977948262,0.17880710564735308,0.17880710564735308,0.17880710564735308,0.06730580827515545,0.2973068880112139,0.1654790748445233,0.17880710564735308,0.17880710564735308,0.17880710564735308,0.17718035453921316,0.17880710564735308,0.17880710564735308,5700 office expense
purchase carfax canada ulc passtime gps renewal spring auto financial product manage cypress hill use passtime platform reduce risk prevent loss vehicle cypress portfolio 6/20/2022 update card limit $ 1000 need match renewal requirement,0.17817649085351708,0.16853114399798705,0.30274674679090013,0.17880710564735308,0.17880710564735308,0.17880710564735308,0.17880710564735308,0.17499458813117655,0.17855410775144362,0.17868048070434694,0.17880710564735308,0.17880710564735308,0.17868048070434694,0.30274674679090013,0.17571484977948262,0.17880710564735308,0.17880710564735308,0.17880710564735308,0.06730580827515545,0.2973068880112139,0.1654790748445233,0.17880710564735308,0.17880710564735308,0.17880710564735308,0.17718035453921316,0.17880710564735308,0.17880710564735308,5700 office expense
purchase carfax canada ulc passtime gps renewal spring auto financial product manage cypress hill use passtime platform reduce risk prevent loss vehicle cypress portfolio 6/20/2022 update card limit $ 1000 need match renewal requirement,0.17817649085351708,0.16853114399798705,0.30274674679090013,0.17880710564735308,0.17880710564735308,0.17880710564735308,0.17880710564735308,0.17499458813117655,0.17855410775144362,0.17868048070434694,0.17880710564735308,0.17880710564735308,0.17868048070434694,0.30274674679090013,0.17571484977948262,0.17880710564735308,0.17880710564735308,0.17880710564735308,0.06730580827515545,0.2973068880112139,0.1654790748445233,0.17880710564735308,0.17880710564735308,0.17880710564735308,0.17718035453921316,0.17880710564735308,0.17880710564735308,5700 office expense
purchase carfax canada ulc passtime gps renewal spring auto financial product manage cypress hill use passtime platform reduce risk prevent loss vehicle cypress portfolio 6/20/2022 update card limit $ 1000 need match renewal requirement,0.17817649085351708,0.16853114399798705,0.30274674679090013,0.17880710564735308,0.17880710564735308,0.17880710564735308,0.17880710564735308,0.17499458813117655,0.17855410775144362,0.17868048070434694,0.17880710564735308,0.17880710564735308,0.17868048070434694,0.30274674679090013,0.17571484977948262,0.17880710564735308,0.17880710564735308,0.17880710564735308,0.06730580827515545,0.2973068880112139,0.1654790748445233,0.17880710564735308,0.17880710564735308,0.17880710564735308,0.17718035453921316,0.17880710564735308,0.17880710564735308,5700 office expense
purchase carfax canada ulc,0.0,0.0,0.0,0.0,0.0,0.0,0.0,0.0,0.0,0.0,0.0,0.0,0.0,0.0,0.0,0.0,0.0,0.0,1.0,0.0,0.0,0.0,0.0,0.0,0.0,0.0,0.0,5700 office expense
purchase carfax canada ulc passtime gps renewal spring auto financial product manage cypress hill use passtime platform reduce risk prevent loss vehicle cypress portfolio 6/20/2022 update card limit $ 1000 need match renewal requirement,0.17817649085351708,0.16853114399798705,0.30274674679090013,0.17880710564735308,0.17880710564735308,0.17880710564735308,0.17880710564735308,0.17499458813117655,0.17855410775144362,0.17868048070434694,0.17880710564735308,0.17880710564735308,0.17868048070434694,0.30274674679090013,0.17571484977948262,0.17880710564735308,0.17880710564735308,0.17880710564735308,0.06730580827515545,0.2973068880112139,0.1654790748445233,0.17880710564735308,0.17880710564735308,0.17880710564735308,0.17718035453921316,0.17880710564735308,0.17880710564735308,5700 office expense
purchase carfax canada ulc passtime gps renewal spring auto financial product manage cypress hill use passtime platform reduce risk prevent loss vehicle cypress portfolio 6/20/2022 update card limit $ 1000 need match renewal requirement,0.17817649085351708,0.16853114399798705,0.30274674679090013,0.17880710564735308,0.17880710564735308,0.17880710564735308,0.17880710564735308,0.17499458813117655,0.17855410775144362,0.17868048070434694,0.17880710564735308,0.17880710564735308,0.17868048070434694,0.30274674679090013,0.17571484977948262,0.17880710564735308,0.17880710564735308,0.17880710564735308,0.06730580827515545,0.2973068880112139,0.1654790748445233,0.17880710564735308,0.17880710564735308,0.17880710564735308,0.17718035453921316,0.17880710564735308,0.17880710564735308,5700 office expense
purchase carfax canada ulc passtime gps renewal spring auto financial product manage cypress hill use passtime platform reduce risk prevent loss vehicle cypress portfolio 6/20/2022 update card limit $ 1000 need match renewal requirement,0.17817649085351708,0.16853114399798705,0.30274674679090013,0.17880710564735308,0.17880710564735308,0.17880710564735308,0.17880710564735308,0.17499458813117655,0.17855410775144362,0.17868048070434694,0.17880710564735308,0.17880710564735308,0.17868048070434694,0.30274674679090013,0.17571484977948262,0.17880710564735308,0.17880710564735308,0.17880710564735308,0.06730580827515545,0.2973068880112139,0.1654790748445233,0.17880710564735308,0.17880710564735308,0.17880710564735308,0.17718035453921316,0.17880710564735308,0.17880710564735308,5700 office expense
purchase carfax canada ulc passtime gps renewal spring auto financial product manage cypress hill use passtime platform reduce risk prevent loss vehicle cypress portfolio 6/20/2022 update card limit $ 1000 need match renewal requirement,0.17817649085351708,0.16853114399798705,0.30274674679090013,0.17880710564735308,0.17880710564735308,0.17880710564735308,0.17880710564735308,0.17499458813117655,0.17855410775144362,0.17868048070434694,0.17880710564735308,0.17880710564735308,0.17868048070434694,0.30274674679090013,0.17571484977948262,0.17880710564735308,0.17880710564735308,0.17880710564735308,0.06730580827515545,0.2973068880112139,0.1654790748445233,0.17880710564735308,0.17880710564735308,0.17880710564735308,0.17718035453921316,0.17880710564735308,0.17880710564735308,5700 office expense
purchase carfax canada ulc,0.0,0.0,0.0,0.0,0.0,0.0,0.0,0.0,0.0,0.0,0.0,0.0,0.0,0.0,0.0,0.0,0.0,0.0,1.0,0.0,0.0,0.0,0.0,0.0,0.0,0.0,0.0,5700 office expense
purchase carfax canada ulc,0.0,0.0,0.0,0.0,0.0,0.0,0.0,0.0,0.0,0.0,0.0,0.0,0.0,0.0,0.0,0.0,0.0,0.0,1.0,0.0,0.0,0.0,0.0,0.0,0.0,0.0,0.0,5700 office expense
purchase carfax canada ulc passtime gps renewal spring auto financial product manage cypress hill use passtime platform reduce risk prevent loss vehicle cypress portfolio 6/20/2022 update card limit $ 1000 need match renewal requirement,0.17817649085351708,0.16853114399798705,0.30274674679090013,0.17880710564735308,0.17880710564735308,0.17880710564735308,0.17880710564735308,0.17499458813117655,0.17855410775144362,0.17868048070434694,0.17880710564735308,0.17880710564735308,0.17868048070434694,0.30274674679090013,0.17571484977948262,0.17880710564735308,0.17880710564735308,0.17880710564735308,0.06730580827515545,0.2973068880112139,0.1654790748445233,0.17880710564735308,0.17880710564735308,0.17880710564735308,0.17718035453921316,0.17880710564735308,0.17880710564735308,5700 office expense
purchase carfax canada ulc,0.0,0.0,0.0,0.0,0.0,0.0,0.0,0.0,0.0,0.0,0.0,0.0,0.0,0.0,0.0,0.0,0.0,0.0,1.0,0.0,0.0,0.0,0.0,0.0,0.0,0.0,0.0,5700 office expense
purchase carfax canada ulc,0.0,0.0,0.0,0.0,0.0,0.0,0.0,0.0,0.0,0.0,0.0,0.0,0.0,0.0,0.0,0.0,0.0,0.0,1.0,0.0,0.0,0.0,0.0,0.0,0.0,0.0,0.0,5700 office expense
purchase carfax canada ulc,0.0,0.0,0.0,0.0,0.0,0.0,0.0,0.0,0.0,0.0,0.0,0.0,0.0,0.0,0.0,0.0,0.0,0.0,1.0,0.0,0.0,0.0,0.0,0.0,0.0,0.0,0.0,5700 office expense
purchase carfax canada ulc,0.0,0.0,0.0,0.0,0.0,0.0,0.0,0.0,0.0,0.0,0.0,0.0,0.0,0.0,0.0,0.0,0.0,0.0,1.0,0.0,0.0,0.0,0.0,0.0,0.0,0.0,0.0,5700 office expense
purchase carfax canada ulc,0.0,0.0,0.0,0.0,0.0,0.0,0.0,0.0,0.0,0.0,0.0,0.0,0.0,0.0,0.0,0.0,0.0,0.0,1.0,0.0,0.0,0.0,0.0,0.0,0.0,0.0,0.0,5700 office expense
purchase carfax canada ulc,0.0,0.0,0.0,0.0,0.0,0.0,0.0,0.0,0.0,0.0,0.0,0.0,0.0,0.0,0.0,0.0,0.0,0.0,1.0,0.0,0.0,0.0,0.0,0.0,0.0,0.0,0.0,5700 office expense
purchase carfax canada ulc,0.0,0.0,0.0,0.0,0.0,0.0,0.0,0.0,0.0,0.0,0.0,0.0,0.0,0.0,0.0,0.0,0.0,0.0,1.0,0.0,0.0,0.0,0.0,0.0,0.0,0.0,0.0,5700 office expense
purchase carfax canada ulc,0.0,0.0,0.0,0.0,0.0,0.0,0.0,0.0,0.0,0.0,0.0,0.0,0.0,0.0,0.0,0.0,0.0,0.0,1.0,0.0,0.0,0.0,0.0,0.0,0.0,0.0,0.0,5700 office expense
purchase carfax canada ulc,0.0,0.0,0.0,0.0,0.0,0.0,0.0,0.0,0.0,0.0,0.0,0.0,0.0,0.0,0.0,0.0,0.0,0.0,1.0,0.0,0.0,0.0,0.0,0.0,0.0,0.0,0.0,5700 office expense
purchase carfax canada ulc,0.0,0.0,0.0,0.0,0.0,0.0,0.0,0.0,0.0,0.0,0.0,0.0,0.0,0.0,0.0,0.0,0.0,0.0,1.0,0.0,0.0,0.0,0.0,0.0,0.0,0.0,0.0,5700 office expense
purchase carfax canada ulc,0.0,0.0,0.0,0.0,0.0,0.0,0.0,0.0,0.0,0.0,0.0,0.0,0.0,0.0,0.0,0.0,0.0,0.0,1.0,0.0,0.0,0.0,0.0,0.0,0.0,0.0,0.0,5700 office expense
purchase carfax canada ulc,0.0,0.0,0.0,0.0,0.0,0.0,0.0,0.0,0.0,0.0,0.0,0.0,0.0,0.0,0.0,0.0,0.0,0.0,1.0,0.0,0.0,0.0,0.0,0.0,0.0,0.0,0.0,5700 office expense
purchase carfax canada ulc,0.0,0.0,0.0,0.0,0.0,0.0,0.0,0.0,0.0,0.0,0.0,0.0,0.0,0.0,0.0,0.0,0.0,0.0,1.0,0.0,0.0,0.0,0.0,0.0,0.0,0.0,0.0,5700 office expense
purchase carfax canada ulc,0.0,0.0,0.0,0.0,0.0,0.0,0.0,0.0,0.0,0.0,0.0,0.0,0.0,0.0,0.0,0.0,0.0,0.0,1.0,0.0,0.0,0.0,0.0,0.0,0.0,0.0,0.0,5700 office expense
purchase carfax canada ulc,0.0,0.0,0.0,0.0,0.0,0.0,0.0,0.0,0.0,0.0,0.0,0.0,0.0,0.0,0.0,0.0,0.0,0.0,1.0,0.0,0.0,0.0,0.0,0.0,0.0,0.0,0.0,5700 office expense
purchase carfax canada ulc,0.0,0.0,0.0,0.0,0.0,0.0,0.0,0.0,0.0,0.0,0.0,0.0,0.0,0.0,0.0,0.0,0.0,0.0,1.0,0.0,0.0,0.0,0.0,0.0,0.0,0.0,0.0,5700 office expense
purchase carfax canada ulc,0.0,0.0,0.0,0.0,0.0,0.0,0.0,0.0,0.0,0.0,0.0,0.0,0.0,0.0,0.0,0.0,0.0,0.0,1.0,0.0,0.0,0.0,0.0,0.0,0.0,0.0,0.0,5700 office expense
purchase carfax canada ulc,0.0,0.0,0.0,0.0,0.0,0.0,0.0,0.0,0.0,0.0,0.0,0.0,0.0,0.0,0.0,0.0,0.0,0.0,1.0,0.0,0.0,0.0,0.0,0.0,0.0,0.0,0.0,5700 office expense
purchase carfax canada ulc,0.0,0.0,0.0,0.0,0.0,0.0,0.0,0.0,0.0,0.0,0.0,0.0,0.0,0.0,0.0,0.0,0.0,0.0,1.0,0.0,0.0,0.0,0.0,0.0,0.0,0.0,0.0,5700 office expense
purchase carfax canada ulc,0.0,0.0,0.0,0.0,0.0,0.0,0.0,0.0,0.0,0.0,0.0,0.0,0.0,0.0,0.0,0.0,0.0,0.0,1.0,0.0,0.0,0.0,0.0,0.0,0.0,0.0,0.0,5700 office expense
purchase carfax canada ulc,0.0,0.0,0.0,0.0,0.0,0.0,0.0,0.0,0.0,0.0,0.0,0.0,0.0,0.0,0.0,0.0,0.0,0.0,1.0,0.0,0.0,0.0,0.0,0.0,0.0,0.0,0.0,5700 office expense
purchase carfax canada ulc,0.0,0.0,0.0,0.0,0.0,0.0,0.0,0.0,0.0,0.0,0.0,0.0,0.0,0.0,0.0,0.0,0.0,0.0,1.0,0.0,0.0,0.0,0.0,0.0,0.0,0.0,0.0,5700 office expense
purchase carfax canada ulc,0.0,0.0,0.0,0.0,0.0,0.0,0.0,0.0,0.0,0.0,0.0,0.0,0.0,0.0,0.0,0.0,0.0,0.0,1.0,0.0,0.0,0.0,0.0,0.0,0.0,0.0,0.0,5700 office expense
purchase carfax canada ulc,0.0,0.0,0.0,0.0,0.0,0.0,0.0,0.0,0.0,0.0,0.0,0.0,0.0,0.0,0.0,0.0,0.0,0.0,1.0,0.0,0.0,0.0,0.0,0.0,0.0,0.0,0.0,5700 office expense
purchase blackhawk network inc,0.0,0.0,0.0,0.0,0.0,0.0,0.0,0.0,0.0,0.0,0.0,0.0,0.0,0.0,0.0,0.0,0.0,0.0,1.0,0.0,0.0,0.0,0.0,0.0,0.0,0.0,0.0,5700 office expense
purchase cascadia shading design,0.0,0.0,0.0,0.0,0.0,0.0,0.0,0.0,0.0,0.0,0.0,0.0,0.0,0.0,0.0,0.0,0.0,0.0,1.0,0.0,0.0,0.0,0.0,0.0,0.0,0.0,0.0,5700 office expense
purchase blackhawk network inc,0.0,0.0,0.0,0.0,0.0,0.0,0.0,0.0,0.0,0.0,0.0,0.0,0.0,0.0,0.0,0.0,0.0,0.0,1.0,0.0,0.0,0.0,0.0,0.0,0.0,0.0,0.0,5700 office expense
purchase blackhawk network inc,0.0,0.0,0.0,0.0,0.0,0.0,0.0,0.0,0.0,0.0,0.0,0.0,0.0,0.0,0.0,0.0,0.0,0.0,1.0,0.0,0.0,0.0,0.0,0.0,0.0,0.0,0.0,5700 office expense
purchase blackhawk network inc food beverage event prize award etc,0.0,0.0,0.0,0.0,0.0,0.0,0.0,0.0,0.0,0.0,0.0,0.0,0.0,0.0,0.0,0.0,0.0,0.0,1.0,0.0,0.0,0.0,0.0,0.0,0.0,0.0,0.0,5700 office expense
purchase blackhawk network inc,0.0,0.0,0.0,0.0,0.0,0.0,0.0,0.0,0.0,0.0,0.0,0.0,0.0,0.0,0.0,0.0,0.0,0.0,1.0,0.0,0.0,0.0,0.0,0.0,0.0,0.0,0.0,5700 office expense
purchase cfshopcard.ca food beverage event prize award etc,0.0,0.0,0.0,0.0,0.0,0.0,0.0,0.0,0.0,0.0,0.0,0.0,0.0,0.0,0.0,0.0,0.0,0.0,1.0,0.0,0.0,0.0,0.0,0.0,0.0,0.0,0.0,5700 office expense
purchase cineplex rec room 1002,0.0,0.0,0.0,0.0,0.0,0.0,0.0,0.0,0.0,0.0,0.0,0.0,0.0,0.0,0.0,0.0,0.0,0.0,1.0,0.0,0.0,0.0,0.0,0.0,0.0,0.0,0.0,5700 office expense
purchase cineplex rec room 1002,0.0,0.0,0.0,0.0,0.0,0.0,0.0,0.0,0.0,0.0,0.0,0.0,0.0,0.0,0.0,0.0,0.0,0.0,1.0,0.0,0.0,0.0,0.0,0.0,0.0,0.0,0.0,5700 office expense
purchase cineplex rec room 1002,0.0,0.0,0.0,0.0,0.0,0.0,0.0,0.0,0.0,0.0,0.0,0.0,0.0,0.0,0.0,0.0,0.0,0.0,1.0,0.0,0.0,0.0,0.0,0.0,0.0,0.0,0.0,5700 office expense
purchase cineplex rec room 1002,0.0,0.0,0.0,0.0,0.0,0.0,0.0,0.0,0.0,0.0,0.0,0.0,0.0,0.0,0.0,0.0,0.0,0.0,1.0,0.0,0.0,0.0,0.0,0.0,0.0,0.0,0.0,5700 office expense
purchase coal harbour liquor store,0.0,0.0,0.0,0.0,0.0,0.0,0.0,0.0,0.0,0.0,0.0,0.0,0.0,0.0,0.0,0.0,0.0,0.0,1.0,0.0,0.0,0.0,0.0,0.0,0.0,0.0,0.0,5700 office expense
purchase coal harbour liquor store,0.0,0.0,0.0,0.0,0.0,0.0,0.0,0.0,0.0,0.0,0.0,0.0,0.0,0.0,0.0,0.0,0.0,0.0,1.0,0.0,0.0,0.0,0.0,0.0,0.0,0.0,0.0,5700 office expense
purchase coal harbour liquor store,0.0,0.0,0.0,0.0,0.0,0.0,0.0,0.0,0.0,0.0,0.0,0.0,0.0,0.0,0.0,0.0,0.0,0.0,1.0,0.0,0.0,0.0,0.0,0.0,0.0,0.0,0.0,5700 office expense
purchase coal harbour liquor store,0.0,0.0,0.0,0.0,0.0,0.0,0.0,0.0,0.0,0.0,0.0,0.0,0.0,0.0,0.0,0.0,0.0,0.0,1.0,0.0,0.0,0.0,0.0,0.0,0.0,0.0,0.0,5700 office expense
purchase blackhawk network inc,0.0,0.0,0.0,0.0,0.0,0.0,0.0,0.0,0.0,0.0,0.0,0.0,0.0,0.0,0.0,0.0,0.0,0.0,1.0,0.0,0.0,0.0,0.0,0.0,0.0,0.0,0.0,5700 office expense
purchase cob swangard stadium,0.0,0.0,0.0,0.0,0.0,0.0,0.0,0.0,0.0,0.0,0.0,0.0,0.0,0.0,0.0,0.0,0.0,0.0,1.0,0.0,0.0,0.0,0.0,0.0,0.0,0.0,0.0,5700 office expense
purchase coconut grove spring financial cx gift card $ 10 tim horton cards,0.0,0.5588618814852261,0.0,0.0,0.0,0.0,0.0,0.5802951457677736,0.0,0.0,0.0,0.0,0.0,0.0,0.0,0.0,0.0,0.0,0.22319109545703048,0.0,0.5487409918439136,0.0,0.0,0.0,0.0,0.0,0.0,5700 office expense
purchase coconut grove spring financial cx gift card $ 10 tim horton cards,0.0,0.5588618814852261,0.0,0.0,0.0,0.0,0.0,0.5802951457677736,0.0,0.0,0.0,0.0,0.0,0.0,0.0,0.0,0.0,0.0,0.22319109545703048,0.0,0.5487409918439136,0.0,0.0,0.0,0.0,0.0,0.0,5700 office expense
purchase coconut grove spring financial cx gift card $ 10 tim horton cards,0.0,0.5588618814852261,0.0,0.0,0.0,0.0,0.0,0.5802951457677736,0.0,0.0,0.0,0.0,0.0,0.0,0.0,0.0,0.0,0.0,0.22319109545703048,0.0,0.5487409918439136,0.0,0.0,0.0,0.0,0.0,0.0,5700 office expense
purchase coconut grove spring financial cx gift card $ 10 tim horton cards,0.0,0.5588618814852261,0.0,0.0,0.0,0.0,0.0,0.5802951457677736,0.0,0.0,0.0,0.0,0.0,0.0,0.0,0.0,0.0,0.0,0.22319109545703048,0.0,0.5487409918439136,0.0,0.0,0.0,0.0,0.0,0.0,5700 office expense
purchase coconut grove spring financial cx gift card $ 10 tim horton cards,0.0,0.5588618814852261,0.0,0.0,0.0,0.0,0.0,0.5802951457677736,0.0,0.0,0.0,0.0,0.0,0.0,0.0,0.0,0.0,0.0,0.22319109545703048,0.0,0.5487409918439136,0.0,0.0,0.0,0.0,0.0,0.0,5700 office expense
purchase coconut grove spring financial cx gift card $ 10 tim horton cards,0.0,0.5588618814852261,0.0,0.0,0.0,0.0,0.0,0.5802951457677736,0.0,0.0,0.0,0.0,0.0,0.0,0.0,0.0,0.0,0.0,0.22319109545703048,0.0,0.5487409918439136,0.0,0.0,0.0,0.0,0.0,0.0,5700 office expense
purchase coconut grove spring financial cx gift card $ 10 tim horton cards,0.0,0.5588618814852261,0.0,0.0,0.0,0.0,0.0,0.5802951457677736,0.0,0.0,0.0,0.0,0.0,0.0,0.0,0.0,0.0,0.0,0.22319109545703048,0.0,0.5487409918439136,0.0,0.0,0.0,0.0,0.0,0.0,5700 office expense
purchase coconut grove spring financial cx gift card $ 10 tim horton cards,0.0,0.5588618814852261,0.0,0.0,0.0,0.0,0.0,0.5802951457677736,0.0,0.0,0.0,0.0,0.0,0.0,0.0,0.0,0.0,0.0,0.22319109545703048,0.0,0.5487409918439136,0.0,0.0,0.0,0.0,0.0,0.0,5700 office expense
purchase coconut grove spring financial cx gift card $ 10 tim horton cards,0.0,0.5588618814852261,0.0,0.0,0.0,0.0,0.0,0.5802951457677736,0.0,0.0,0.0,0.0,0.0,0.0,0.0,0.0,0.0,0.0,0.22319109545703048,0.0,0.5487409918439136,0.0,0.0,0.0,0.0,0.0,0.0,5700 office expense
purchase coconut grove spring financial cx gift card $ 10 tim horton cards,0.0,0.5588618814852261,0.0,0.0,0.0,0.0,0.0,0.5802951457677736,0.0,0.0,0.0,0.0,0.0,0.0,0.0,0.0,0.0,0.0,0.22319109545703048,0.0,0.5487409918439136,0.0,0.0,0.0,0.0,0.0,0.0,5700 office expense
purchase coconut grove spring financial cx gift card $ 10 tim horton cards,0.0,0.5588618814852261,0.0,0.0,0.0,0.0,0.0,0.5802951457677736,0.0,0.0,0.0,0.0,0.0,0.0,0.0,0.0,0.0,0.0,0.22319109545703048,0.0,0.5487409918439136,0.0,0.0,0.0,0.0,0.0,0.0,5700 office expense
purchase coconut grove spring financial cx gift card $ 10 tim horton cards,0.0,0.5588618814852261,0.0,0.0,0.0,0.0,0.0,0.5802951457677736,0.0,0.0,0.0,0.0,0.0,0.0,0.0,0.0,0.0,0.0,0.22319109545703048,0.0,0.5487409918439136,0.0,0.0,0.0,0.0,0.0,0.0,5700 office expense
purchase cpc scp 645001,0.0,0.0,0.0,0.0,0.0,0.0,0.0,0.0,0.0,0.0,0.0,0.0,0.0,0.0,0.0,0.0,0.0,0.0,1.0,0.0,0.0,0.0,0.0,0.0,0.0,0.0,0.0,5700 office expense
purchase cpc scp 645001,0.0,0.0,0.0,0.0,0.0,0.0,0.0,0.0,0.0,0.0,0.0,0.0,0.0,0.0,0.0,0.0,0.0,0.0,1.0,0.0,0.0,0.0,0.0,0.0,0.0,0.0,0.0,5700 office expense
purchase cpc scp 645001,0.0,0.0,0.0,0.0,0.0,0.0,0.0,0.0,0.0,0.0,0.0,0.0,0.0,0.0,0.0,0.0,0.0,0.0,1.0,0.0,0.0,0.0,0.0,0.0,0.0,0.0,0.0,5700 office expense
purchase cpc scp 645001 license renewal,0.0,0.0,0.0,0.0,0.0,0.0,0.0,0.0,0.0,0.0,0.0,0.0,0.0,0.0,0.0,0.0,0.0,0.0,0.35791136410263513,0.9337555651487123,0.0,0.0,0.0,0.0,0.0,0.0,0.0,5700 office expense
purchase cpc scp 645001,0.0,0.0,0.0,0.0,0.0,0.0,0.0,0.0,0.0,0.0,0.0,0.0,0.0,0.0,0.0,0.0,0.0,0.0,1.0,0.0,0.0,0.0,0.0,0.0,0.0,0.0,0.0,5700 office expense
purchase cpc scp 645001,0.0,0.0,0.0,0.0,0.0,0.0,0.0,0.0,0.0,0.0,0.0,0.0,0.0,0.0,0.0,0.0,0.0,0.0,1.0,0.0,0.0,0.0,0.0,0.0,0.0,0.0,0.0,5700 office expense
purchase cpc scp 645001,0.0,0.0,0.0,0.0,0.0,0.0,0.0,0.0,0.0,0.0,0.0,0.0,0.0,0.0,0.0,0.0,0.0,0.0,1.0,0.0,0.0,0.0,0.0,0.0,0.0,0.0,0.0,5700 office expense
purchase cpc scp 645001,0.0,0.0,0.0,0.0,0.0,0.0,0.0,0.0,0.0,0.0,0.0,0.0,0.0,0.0,0.0,0.0,0.0,0.0,1.0,0.0,0.0,0.0,0.0,0.0,0.0,0.0,0.0,5700 office expense
purchase cpc scp 645001,0.0,0.0,0.0,0.0,0.0,0.0,0.0,0.0,0.0,0.0,0.0,0.0,0.0,0.0,0.0,0.0,0.0,0.0,1.0,0.0,0.0,0.0,0.0,0.0,0.0,0.0,0.0,5700 office expense
purchase cpc scp 645001,0.0,0.0,0.0,0.0,0.0,0.0,0.0,0.0,0.0,0.0,0.0,0.0,0.0,0.0,0.0,0.0,0.0,0.0,1.0,0.0,0.0,0.0,0.0,0.0,0.0,0.0,0.0,5700 office expense
purchase cpc scp 645001,0.0,0.0,0.0,0.0,0.0,0.0,0.0,0.0,0.0,0.0,0.0,0.0,0.0,0.0,0.0,0.0,0.0,0.0,1.0,0.0,0.0,0.0,0.0,0.0,0.0,0.0,0.0,5700 office expense
purchase cpc scp 645001,0.0,0.0,0.0,0.0,0.0,0.0,0.0,0.0,0.0,0.0,0.0,0.0,0.0,0.0,0.0,0.0,0.0,0.0,1.0,0.0,0.0,0.0,0.0,0.0,0.0,0.0,0.0,5700 office expense
purchase cpc scp 645001,0.0,0.0,0.0,0.0,0.0,0.0,0.0,0.0,0.0,0.0,0.0,0.0,0.0,0.0,0.0,0.0,0.0,0.0,1.0,0.0,0.0,0.0,0.0,0.0,0.0,0.0,0.0,5700 office expense
purchase cpc scp 645001,0.0,0.0,0.0,0.0,0.0,0.0,0.0,0.0,0.0,0.0,0.0,0.0,0.0,0.0,0.0,0.0,0.0,0.0,1.0,0.0,0.0,0.0,0.0,0.0,0.0,0.0,0.0,5700 office expense
purchase cpc scp 645001,0.0,0.0,0.0,0.0,0.0,0.0,0.0,0.0,0.0,0.0,0.0,0.0,0.0,0.0,0.0,0.0,0.0,0.0,1.0,0.0,0.0,0.0,0.0,0.0,0.0,0.0,0.0,5700 office expense
purchase cpc scp 645001,0.0,0.0,0.0,0.0,0.0,0.0,0.0,0.0,0.0,0.0,0.0,0.0,0.0,0.0,0.0,0.0,0.0,0.0,1.0,0.0,0.0,0.0,0.0,0.0,0.0,0.0,0.0,5700 office expense
purchase cpc scp 645001,0.0,0.0,0.0,0.0,0.0,0.0,0.0,0.0,0.0,0.0,0.0,0.0,0.0,0.0,0.0,0.0,0.0,0.0,1.0,0.0,0.0,0.0,0.0,0.0,0.0,0.0,0.0,5700 office expense
purchase cpc scp 645001,0.0,0.0,0.0,0.0,0.0,0.0,0.0,0.0,0.0,0.0,0.0,0.0,0.0,0.0,0.0,0.0,0.0,0.0,1.0,0.0,0.0,0.0,0.0,0.0,0.0,0.0,0.0,5700 office expense
purchase cpc scp 645001 hardware shipment india office,0.0,0.0,0.0,0.0,0.0,0.0,0.0,0.0,0.0,0.0,0.0,0.0,0.0,0.0,0.0,0.0,0.0,0.0,1.0,0.0,0.0,0.0,0.0,0.0,0.0,0.0,0.0,5700 office expense
purchase cpc scp 645001,0.0,0.0,0.0,0.0,0.0,0.0,0.0,0.0,0.0,0.0,0.0,0.0,0.0,0.0,0.0,0.0,0.0,0.0,1.0,0.0,0.0,0.0,0.0,0.0,0.0,0.0,0.0,5700 office expense
purchase cpc scp 645001,0.0,0.0,0.0,0.0,0.0,0.0,0.0,0.0,0.0,0.0,0.0,0.0,0.0,0.0,0.0,0.0,0.0,0.0,1.0,0.0,0.0,0.0,0.0,0.0,0.0,0.0,0.0,5700 office expense
purchase cpc scp 645001 shipping box hardware,0.0,0.0,0.0,0.0,0.0,0.0,0.0,0.0,0.0,0.0,0.0,0.0,0.0,0.0,0.0,0.0,0.0,0.0,1.0,0.0,0.0,0.0,0.0,0.0,0.0,0.0,0.0,5700 office expense
refund cpc scp 645001,0.0,0.0,0.0,0.0,0.0,0.0,0.0,0.0,0.0,0.0,0.0,0.0,0.0,0.0,0.0,0.0,0.0,0.0,0.0,0.0,0.0,0.0,0.0,0.0,0.0,0.0,0.0,5700 office expense
purchase cpc scp 645001 hardware shipment,0.0,0.0,0.0,0.0,0.0,0.0,0.0,0.0,0.0,0.0,0.0,0.0,0.0,0.0,0.0,0.0,0.0,0.0,1.0,0.0,0.0,0.0,0.0,0.0,0.0,0.0,0.0,5700 office expense
purchase cpc scp 645001 hardware shipment,0.0,0.0,0.0,0.0,0.0,0.0,0.0,0.0,0.0,0.0,0.0,0.0,0.0,0.0,0.0,0.0,0.0,0.0,1.0,0.0,0.0,0.0,0.0,0.0,0.0,0.0,0.0,5700 office expense
purchase cpc scp 645001 hardware shipment india,0.0,0.0,0.0,0.0,0.0,0.0,0.0,0.0,0.0,0.0,0.0,0.0,0.0,0.0,0.0,0.0,0.0,0.0,1.0,0.0,0.0,0.0,0.0,0.0,0.0,0.0,0.0,5700 office expense
purchase cpc scp 645001 hardware shipment,0.0,0.0,0.0,0.0,0.0,0.0,0.0,0.0,0.0,0.0,0.0,0.0,0.0,0.0,0.0,0.0,0.0,0.0,1.0,0.0,0.0,0.0,0.0,0.0,0.0,0.0,0.0,5700 office expense
purchase cpc scp 645001 hardware shipment,0.0,0.0,0.0,0.0,0.0,0.0,0.0,0.0,0.0,0.0,0.0,0.0,0.0,0.0,0.0,0.0,0.0,0.0,1.0,0.0,0.0,0.0,0.0,0.0,0.0,0.0,0.0,5700 office expense
purchase cpc scp 645001 hardware shipment box,0.0,0.0,0.0,0.0,0.0,0.0,0.0,0.0,0.0,0.0,0.0,0.0,0.0,0.0,0.0,0.0,0.0,0.0,1.0,0.0,0.0,0.0,0.0,0.0,0.0,0.0,0.0,5700 office expense
purchase cpc scp 645001 hardware shipment,0.0,0.0,0.0,0.0,0.0,0.0,0.0,0.0,0.0,0.0,0.0,0.0,0.0,0.0,0.0,0.0,0.0,0.0,1.0,0.0,0.0,0.0,0.0,0.0,0.0,0.0,0.0,5700 office expense
purchase cpc scp 645001 hardware shipment box,0.0,0.0,0.0,0.0,0.0,0.0,0.0,0.0,0.0,0.0,0.0,0.0,0.0,0.0,0.0,0.0,0.0,0.0,1.0,0.0,0.0,0.0,0.0,0.0,0.0,0.0,0.0,5700 office expense
purchase cpc scp 645001 hardware shipment,0.0,0.0,0.0,0.0,0.0,0.0,0.0,0.0,0.0,0.0,0.0,0.0,0.0,0.0,0.0,0.0,0.0,0.0,1.0,0.0,0.0,0.0,0.0,0.0,0.0,0.0,0.0,5700 office expense
purchase cpc scp 645001 hardware shipment,0.0,0.0,0.0,0.0,0.0,0.0,0.0,0.0,0.0,0.0,0.0,0.0,0.0,0.0,0.0,0.0,0.0,0.0,1.0,0.0,0.0,0.0,0.0,0.0,0.0,0.0,0.0,5700 office expense
purchase cpc scp 645001,0.0,0.0,0.0,0.0,0.0,0.0,0.0,0.0,0.0,0.0,0.0,0.0,0.0,0.0,0.0,0.0,0.0,0.0,1.0,0.0,0.0,0.0,0.0,0.0,0.0,0.0,0.0,5700 office expense
purchase cpc scp 645001,0.0,0.0,0.0,0.0,0.0,0.0,0.0,0.0,0.0,0.0,0.0,0.0,0.0,0.0,0.0,0.0,0.0,0.0,1.0,0.0,0.0,0.0,0.0,0.0,0.0,0.0,0.0,5700 office expense
refund cpc scp 645001,0.0,0.0,0.0,0.0,0.0,0.0,0.0,0.0,0.0,0.0,0.0,0.0,0.0,0.0,0.0,0.0,0.0,0.0,0.0,0.0,0.0,0.0,0.0,0.0,0.0,0.0,0.0,5700 office expense
purchase cpc scp 645001 hardware shipping box,0.0,0.0,0.0,0.0,0.0,0.0,0.0,0.0,0.0,0.0,0.0,0.0,0.0,0.0,0.0,0.0,0.0,0.0,1.0,0.0,0.0,0.0,0.0,0.0,0.0,0.0,0.0,5700 office expense
purchase cpc scp 645001 hardware shipment,0.0,0.0,0.0,0.0,0.0,0.0,0.0,0.0,0.0,0.0,0.0,0.0,0.0,0.0,0.0,0.0,0.0,0.0,1.0,0.0,0.0,0.0,0.0,0.0,0.0,0.0,0.0,5700 office expense
purchase cpc scp 645001,0.0,0.0,0.0,0.0,0.0,0.0,0.0,0.0,0.0,0.0,0.0,0.0,0.0,0.0,0.0,0.0,0.0,0.0,1.0,0.0,0.0,0.0,0.0,0.0,0.0,0.0,0.0,5700 office expense
purchase cpc scp 645001,0.0,0.0,0.0,0.0,0.0,0.0,0.0,0.0,0.0,0.0,0.0,0.0,0.0,0.0,0.0,0.0,0.0,0.0,1.0,0.0,0.0,0.0,0.0,0.0,0.0,0.0,0.0,5700 office expense
purchase cpc scp 645001 hardware shipment box,0.0,0.0,0.0,0.0,0.0,0.0,0.0,0.0,0.0,0.0,0.0,0.0,0.0,0.0,0.0,0.0,0.0,0.0,1.0,0.0,0.0,0.0,0.0,0.0,0.0,0.0,0.0,5700 office expense
purchase cpc scp 645001 hardware shipment box,0.0,0.0,0.0,0.0,0.0,0.0,0.0,0.0,0.0,0.0,0.0,0.0,0.0,0.0,0.0,0.0,0.0,0.0,1.0,0.0,0.0,0.0,0.0,0.0,0.0,0.0,0.0,5700 office expense
purchase cpc scp 645001,0.0,0.0,0.0,0.0,0.0,0.0,0.0,0.0,0.0,0.0,0.0,0.0,0.0,0.0,0.0,0.0,0.0,0.0,1.0,0.0,0.0,0.0,0.0,0.0,0.0,0.0,0.0,5700 office expense
purchase cpc scp 645001,0.0,0.0,0.0,0.0,0.0,0.0,0.0,0.0,0.0,0.0,0.0,0.0,0.0,0.0,0.0,0.0,0.0,0.0,1.0,0.0,0.0,0.0,0.0,0.0,0.0,0.0,0.0,5700 office expense
purchase cpc scp 645001,0.0,0.0,0.0,0.0,0.0,0.0,0.0,0.0,0.0,0.0,0.0,0.0,0.0,0.0,0.0,0.0,0.0,0.0,1.0,0.0,0.0,0.0,0.0,0.0,0.0,0.0,0.0,5700 office expense
purchase cpc scp 645001,0.0,0.0,0.0,0.0,0.0,0.0,0.0,0.0,0.0,0.0,0.0,0.0,0.0,0.0,0.0,0.0,0.0,0.0,1.0,0.0,0.0,0.0,0.0,0.0,0.0,0.0,0.0,5700 office expense
purchase cpc scp 645001 hardware shipment box,0.0,0.0,0.0,0.0,0.0,0.0,0.0,0.0,0.0,0.0,0.0,0.0,0.0,0.0,0.0,0.0,0.0,0.0,1.0,0.0,0.0,0.0,0.0,0.0,0.0,0.0,0.0,5700 office expense
purchase cpc scp 645001,0.0,0.0,0.0,0.0,0.0,0.0,0.0,0.0,0.0,0.0,0.0,0.0,0.0,0.0,0.0,0.0,0.0,0.0,1.0,0.0,0.0,0.0,0.0,0.0,0.0,0.0,0.0,5700 office expense
purchase cpc scp 645001,0.0,0.0,0.0,0.0,0.0,0.0,0.0,0.0,0.0,0.0,0.0,0.0,0.0,0.0,0.0,0.0,0.0,0.0,1.0,0.0,0.0,0.0,0.0,0.0,0.0,0.0,0.0,5700 office expense
purchase cpc scp 645001 hardware shipment box,0.0,0.0,0.0,0.0,0.0,0.0,0.0,0.0,0.0,0.0,0.0,0.0,0.0,0.0,0.0,0.0,0.0,0.0,1.0,0.0,0.0,0.0,0.0,0.0,0.0,0.0,0.0,5700 office expense
purchase cpc scp 645001,0.0,0.0,0.0,0.0,0.0,0.0,0.0,0.0,0.0,0.0,0.0,0.0,0.0,0.0,0.0,0.0,0.0,0.0,1.0,0.0,0.0,0.0,0.0,0.0,0.0,0.0,0.0,5700 office expense
purchase cpc scp 645001,0.0,0.0,0.0,0.0,0.0,0.0,0.0,0.0,0.0,0.0,0.0,0.0,0.0,0.0,0.0,0.0,0.0,0.0,1.0,0.0,0.0,0.0,0.0,0.0,0.0,0.0,0.0,5700 office expense
purchase cpc scp 645001,0.0,0.0,0.0,0.0,0.0,0.0,0.0,0.0,0.0,0.0,0.0,0.0,0.0,0.0,0.0,0.0,0.0,0.0,1.0,0.0,0.0,0.0,0.0,0.0,0.0,0.0,0.0,5700 office expense
purchase cpc scp 645001,0.0,0.0,0.0,0.0,0.0,0.0,0.0,0.0,0.0,0.0,0.0,0.0,0.0,0.0,0.0,0.0,0.0,0.0,1.0,0.0,0.0,0.0,0.0,0.0,0.0,0.0,0.0,5700 office expense
purchase cpc scp 645001,0.0,0.0,0.0,0.0,0.0,0.0,0.0,0.0,0.0,0.0,0.0,0.0,0.0,0.0,0.0,0.0,0.0,0.0,1.0,0.0,0.0,0.0,0.0,0.0,0.0,0.0,0.0,5700 office expense
purchase cpc scp 645001 hardware shipment box,0.0,0.0,0.0,0.0,0.0,0.0,0.0,0.0,0.0,0.0,0.0,0.0,0.0,0.0,0.0,0.0,0.0,0.0,1.0,0.0,0.0,0.0,0.0,0.0,0.0,0.0,0.0,5700 office expense
purchase cpc scp 645001,0.0,0.0,0.0,0.0,0.0,0.0,0.0,0.0,0.0,0.0,0.0,0.0,0.0,0.0,0.0,0.0,0.0,0.0,1.0,0.0,0.0,0.0,0.0,0.0,0.0,0.0,0.0,5700 office expense
purchase cpc scp 645001,0.0,0.0,0.0,0.0,0.0,0.0,0.0,0.0,0.0,0.0,0.0,0.0,0.0,0.0,0.0,0.0,0.0,0.0,1.0,0.0,0.0,0.0,0.0,0.0,0.0,0.0,0.0,5700 office expense
purchase cpc scp 645001,0.0,0.0,0.0,0.0,0.0,0.0,0.0,0.0,0.0,0.0,0.0,0.0,0.0,0.0,0.0,0.0,0.0,0.0,1.0,0.0,0.0,0.0,0.0,0.0,0.0,0.0,0.0,5700 office expense
purchase cpc scp 645001,0.0,0.0,0.0,0.0,0.0,0.0,0.0,0.0,0.0,0.0,0.0,0.0,0.0,0.0,0.0,0.0,0.0,0.0,1.0,0.0,0.0,0.0,0.0,0.0,0.0,0.0,0.0,5700 office expense
purchase cpc scp 645001,0.0,0.0,0.0,0.0,0.0,0.0,0.0,0.0,0.0,0.0,0.0,0.0,0.0,0.0,0.0,0.0,0.0,0.0,1.0,0.0,0.0,0.0,0.0,0.0,0.0,0.0,0.0,5700 office expense
purchase cpc scp 645001,0.0,0.0,0.0,0.0,0.0,0.0,0.0,0.0,0.0,0.0,0.0,0.0,0.0,0.0,0.0,0.0,0.0,0.0,1.0,0.0,0.0,0.0,0.0,0.0,0.0,0.0,0.0,5700 office expense
purchase cpc scp 645001,0.0,0.0,0.0,0.0,0.0,0.0,0.0,0.0,0.0,0.0,0.0,0.0,0.0,0.0,0.0,0.0,0.0,0.0,1.0,0.0,0.0,0.0,0.0,0.0,0.0,0.0,0.0,5700 office expense
purchase cpc scp 645001,0.0,0.0,0.0,0.0,0.0,0.0,0.0,0.0,0.0,0.0,0.0,0.0,0.0,0.0,0.0,0.0,0.0,0.0,1.0,0.0,0.0,0.0,0.0,0.0,0.0,0.0,0.0,5700 office expense
purchase cpc scp 645001,0.0,0.0,0.0,0.0,0.0,0.0,0.0,0.0,0.0,0.0,0.0,0.0,0.0,0.0,0.0,0.0,0.0,0.0,1.0,0.0,0.0,0.0,0.0,0.0,0.0,0.0,0.0,5700 office expense
purchase cpc scp 645001,0.0,0.0,0.0,0.0,0.0,0.0,0.0,0.0,0.0,0.0,0.0,0.0,0.0,0.0,0.0,0.0,0.0,0.0,1.0,0.0,0.0,0.0,0.0,0.0,0.0,0.0,0.0,5700 office expense
purchase cpc scp 645001,0.0,0.0,0.0,0.0,0.0,0.0,0.0,0.0,0.0,0.0,0.0,0.0,0.0,0.0,0.0,0.0,0.0,0.0,1.0,0.0,0.0,0.0,0.0,0.0,0.0,0.0,0.0,5700 office expense
purchase cpc scp 645001,0.0,0.0,0.0,0.0,0.0,0.0,0.0,0.0,0.0,0.0,0.0,0.0,0.0,0.0,0.0,0.0,0.0,0.0,1.0,0.0,0.0,0.0,0.0,0.0,0.0,0.0,0.0,5700 office expense
purchase cpc scp 645001,0.0,0.0,0.0,0.0,0.0,0.0,0.0,0.0,0.0,0.0,0.0,0.0,0.0,0.0,0.0,0.0,0.0,0.0,1.0,0.0,0.0,0.0,0.0,0.0,0.0,0.0,0.0,5700 office expense
purchase cpc scp 645001,0.0,0.0,0.0,0.0,0.0,0.0,0.0,0.0,0.0,0.0,0.0,0.0,0.0,0.0,0.0,0.0,0.0,0.0,1.0,0.0,0.0,0.0,0.0,0.0,0.0,0.0,0.0,5700 office expense
purchase cpc scp 645001 computer shipment box,0.0,0.0,0.0,0.0,0.0,0.0,0.0,0.0,0.0,0.0,0.0,0.0,0.0,0.0,0.0,0.0,0.0,0.0,1.0,0.0,0.0,0.0,0.0,0.0,0.0,0.0,0.0,5700 office expense
purchase cpc scp 645001 computer shipment box,0.0,0.0,0.0,0.0,0.0,0.0,0.0,0.0,0.0,0.0,0.0,0.0,0.0,0.0,0.0,0.0,0.0,0.0,1.0,0.0,0.0,0.0,0.0,0.0,0.0,0.0,0.0,5700 office expense
purchase cs aritzia gc food beverage event prize award etc,0.0,0.0,0.0,0.0,0.0,0.0,0.0,0.0,0.0,0.0,0.0,0.0,0.0,0.0,0.0,0.0,0.0,0.0,1.0,0.0,0.0,0.0,0.0,0.0,0.0,0.0,0.0,5700 office expense
purchase cs cashstar gft crd food beverage event prize award etc,0.0,0.0,0.0,0.0,0.0,0.0,0.0,0.0,0.0,0.0,0.0,0.0,0.0,0.0,0.0,0.0,0.0,0.0,1.0,0.0,0.0,0.0,0.0,0.0,0.0,0.0,0.0,5700 office expense
purchase cs cashstar gft crd,0.0,0.0,0.0,0.0,0.0,0.0,0.0,0.0,0.0,0.0,0.0,0.0,0.0,0.0,0.0,0.0,0.0,0.0,1.0,0.0,0.0,0.0,0.0,0.0,0.0,0.0,0.0,5700 office expense
purchase cs cashstar gft crd,0.0,0.0,0.0,0.0,0.0,0.0,0.0,0.0,0.0,0.0,0.0,0.0,0.0,0.0,0.0,0.0,0.0,0.0,1.0,0.0,0.0,0.0,0.0,0.0,0.0,0.0,0.0,5700 office expense
purchase cs cashstar gft crd,0.0,0.0,0.0,0.0,0.0,0.0,0.0,0.0,0.0,0.0,0.0,0.0,0.0,0.0,0.0,0.0,0.0,0.0,1.0,0.0,0.0,0.0,0.0,0.0,0.0,0.0,0.0,5700 office expense
purchase cs lululemon gc food beverage event prize award etc,0.0,0.0,0.0,0.0,0.0,0.0,0.0,0.0,0.0,0.0,0.0,0.0,0.0,0.0,0.0,0.0,0.0,0.0,1.0,0.0,0.0,0.0,0.0,0.0,0.0,0.0,0.0,5700 office expense
purchase cs lululemon gc food beverage event prize award etc,0.0,0.0,0.0,0.0,0.0,0.0,0.0,0.0,0.0,0.0,0.0,0.0,0.0,0.0,0.0,0.0,0.0,0.0,1.0,0.0,0.0,0.0,0.0,0.0,0.0,0.0,0.0,5700 office expense
purchase cs skip gc food beverage event prize award etc,0.0,0.0,0.0,0.0,0.0,0.0,0.0,0.0,0.0,0.0,0.0,0.0,0.0,0.0,0.0,0.0,0.0,0.0,1.0,0.0,0.0,0.0,0.0,0.0,0.0,0.0,0.0,5700 office expense
purchase cs thdca gc,0.0,0.0,0.0,0.0,0.0,0.0,0.0,0.0,0.0,0.0,0.0,0.0,0.0,0.0,0.0,0.0,0.0,0.0,1.0,0.0,0.0,0.0,0.0,0.0,0.0,0.0,0.0,5700 office expense
purchase cs timhorton gc,0.0,0.0,0.0,0.0,0.0,0.0,0.0,0.0,0.0,0.0,0.0,0.0,0.0,0.0,0.0,0.0,0.0,0.0,1.0,0.0,0.0,0.0,0.0,0.0,0.0,0.0,0.0,5700 office expense
purchase cs timhorton gc,0.0,0.0,0.0,0.0,0.0,0.0,0.0,0.0,0.0,0.0,0.0,0.0,0.0,0.0,0.0,0.0,0.0,0.0,1.0,0.0,0.0,0.0,0.0,0.0,0.0,0.0,0.0,5700 office expense
purchase cs timhorton gc,0.0,0.0,0.0,0.0,0.0,0.0,0.0,0.0,0.0,0.0,0.0,0.0,0.0,0.0,0.0,0.0,0.0,0.0,1.0,0.0,0.0,0.0,0.0,0.0,0.0,0.0,0.0,5700 office expense
purchase cs timhorton gc,0.0,0.0,0.0,0.0,0.0,0.0,0.0,0.0,0.0,0.0,0.0,0.0,0.0,0.0,0.0,0.0,0.0,0.0,1.0,0.0,0.0,0.0,0.0,0.0,0.0,0.0,0.0,5700 office expense
purchase cs timhorton gc,0.0,0.0,0.0,0.0,0.0,0.0,0.0,0.0,0.0,0.0,0.0,0.0,0.0,0.0,0.0,0.0,0.0,0.0,1.0,0.0,0.0,0.0,0.0,0.0,0.0,0.0,0.0,5700 office expense
purchase cs timhorton gc,0.0,0.0,0.0,0.0,0.0,0.0,0.0,0.0,0.0,0.0,0.0,0.0,0.0,0.0,0.0,0.0,0.0,0.0,1.0,0.0,0.0,0.0,0.0,0.0,0.0,0.0,0.0,5700 office expense
purchase cs timhorton gc,0.0,0.0,0.0,0.0,0.0,0.0,0.0,0.0,0.0,0.0,0.0,0.0,0.0,0.0,0.0,0.0,0.0,0.0,1.0,0.0,0.0,0.0,0.0,0.0,0.0,0.0,0.0,5700 office expense
purchase cs timhorton gc food beverage event prize award etc,0.0,0.0,0.0,0.0,0.0,0.0,0.0,0.0,0.0,0.0,0.0,0.0,0.0,0.0,0.0,0.0,0.0,0.0,1.0,0.0,0.0,0.0,0.0,0.0,0.0,0.0,0.0,5700 office expense
purchase cs timhorton gc,0.0,0.0,0.0,0.0,0.0,0.0,0.0,0.0,0.0,0.0,0.0,0.0,0.0,0.0,0.0,0.0,0.0,0.0,1.0,0.0,0.0,0.0,0.0,0.0,0.0,0.0,0.0,5700 office expense
purchase cs timhorton gc,0.0,0.0,0.0,0.0,0.0,0.0,0.0,0.0,0.0,0.0,0.0,0.0,0.0,0.0,0.0,0.0,0.0,0.0,1.0,0.0,0.0,0.0,0.0,0.0,0.0,0.0,0.0,5700 office expense
purchase cs timhorton gc,0.0,0.0,0.0,0.0,0.0,0.0,0.0,0.0,0.0,0.0,0.0,0.0,0.0,0.0,0.0,0.0,0.0,0.0,1.0,0.0,0.0,0.0,0.0,0.0,0.0,0.0,0.0,5700 office expense
purchase cs timhorton gc,0.0,0.0,0.0,0.0,0.0,0.0,0.0,0.0,0.0,0.0,0.0,0.0,0.0,0.0,0.0,0.0,0.0,0.0,1.0,0.0,0.0,0.0,0.0,0.0,0.0,0.0,0.0,5700 office expense
purchase blackhawk network inc,0.0,0.0,0.0,0.0,0.0,0.0,0.0,0.0,0.0,0.0,0.0,0.0,0.0,0.0,0.0,0.0,0.0,0.0,1.0,0.0,0.0,0.0,0.0,0.0,0.0,0.0,0.0,5700 office expense
purchase dd doordashbombaykitch,0.0,0.0,0.0,0.0,0.0,0.0,0.0,0.0,0.0,0.0,0.0,0.0,0.0,0.0,0.0,0.0,0.0,0.0,1.0,0.0,0.0,0.0,0.0,0.0,0.0,0.0,0.0,5700 office expense
purchase dd doordashnofrill,0.0,0.0,0.0,0.0,0.0,0.0,0.0,0.0,0.0,0.0,0.0,0.0,0.0,0.0,0.0,0.0,0.0,0.0,1.0,0.0,0.0,0.0,0.0,0.0,0.0,0.0,0.0,5700 office expense
purchase dd doordashnofrill,0.0,0.0,0.0,0.0,0.0,0.0,0.0,0.0,0.0,0.0,0.0,0.0,0.0,0.0,0.0,0.0,0.0,0.0,1.0,0.0,0.0,0.0,0.0,0.0,0.0,0.0,0.0,5700 office expense
purchase dd doordashwalmart,0.0,0.0,0.0,0.0,0.0,0.0,0.0,0.0,0.0,0.0,0.0,0.0,0.0,0.0,0.0,0.0,0.0,0.0,1.0,0.0,0.0,0.0,0.0,0.0,0.0,0.0,0.0,5700 office expense
purchase dd doordashwalmart,0.0,0.0,0.0,0.0,0.0,0.0,0.0,0.0,0.0,0.0,0.0,0.0,0.0,0.0,0.0,0.0,0.0,0.0,1.0,0.0,0.0,0.0,0.0,0.0,0.0,0.0,0.0,5700 office expense
purchase dollarama 512,0.0,0.0,0.0,0.0,0.0,0.0,0.0,0.0,0.0,0.0,0.0,0.0,0.0,0.0,0.0,0.0,0.0,0.0,1.0,0.0,0.0,0.0,0.0,0.0,0.0,0.0,0.0,5700 office expense
purchase dollarama 512,0.0,0.0,0.0,0.0,0.0,0.0,0.0,0.0,0.0,0.0,0.0,0.0,0.0,0.0,0.0,0.0,0.0,0.0,1.0,0.0,0.0,0.0,0.0,0.0,0.0,0.0,0.0,5700 office expense
purchase dollarama 818,0.0,0.0,0.0,0.0,0.0,0.0,0.0,0.0,0.0,0.0,0.0,0.0,0.0,0.0,0.0,0.0,0.0,0.0,1.0,0.0,0.0,0.0,0.0,0.0,0.0,0.0,0.0,5700 office expense
purchase dollarama 818,0.0,0.0,0.0,0.0,0.0,0.0,0.0,0.0,0.0,0.0,0.0,0.0,0.0,0.0,0.0,0.0,0.0,0.0,1.0,0.0,0.0,0.0,0.0,0.0,0.0,0.0,0.0,5700 office expense
purchase dollarama 818,0.0,0.0,0.0,0.0,0.0,0.0,0.0,0.0,0.0,0.0,0.0,0.0,0.0,0.0,0.0,0.0,0.0,0.0,1.0,0.0,0.0,0.0,0.0,0.0,0.0,0.0,0.0,5700 office expense
purchase dollarama 846,0.0,0.0,0.0,0.0,0.0,0.0,0.0,0.0,0.0,0.0,0.0,0.0,0.0,0.0,0.0,0.0,0.0,0.0,1.0,0.0,0.0,0.0,0.0,0.0,0.0,0.0,0.0,5700 office expense
purchase dollarama 846,0.0,0.0,0.0,0.0,0.0,0.0,0.0,0.0,0.0,0.0,0.0,0.0,0.0,0.0,0.0,0.0,0.0,0.0,1.0,0.0,0.0,0.0,0.0,0.0,0.0,0.0,0.0,5700 office expense
purchase dollarama 1225,0.0,0.0,0.0,0.0,0.0,0.0,0.0,0.0,0.0,0.0,0.0,0.0,0.0,0.0,0.0,0.0,0.0,0.0,1.0,0.0,0.0,0.0,0.0,0.0,0.0,0.0,0.0,5700 office expense
purchase dollarama 1416,0.0,0.0,0.0,0.0,0.0,0.0,0.0,0.0,0.0,0.0,0.0,0.0,0.0,0.0,0.0,0.0,0.0,0.0,1.0,0.0,0.0,0.0,0.0,0.0,0.0,0.0,0.0,5700 office expense
purchase dollarama 1416,0.0,0.0,0.0,0.0,0.0,0.0,0.0,0.0,0.0,0.0,0.0,0.0,0.0,0.0,0.0,0.0,0.0,0.0,1.0,0.0,0.0,0.0,0.0,0.0,0.0,0.0,0.0,5700 office expense
purchase dollarama 1416,0.0,0.0,0.0,0.0,0.0,0.0,0.0,0.0,0.0,0.0,0.0,0.0,0.0,0.0,0.0,0.0,0.0,0.0,1.0,0.0,0.0,0.0,0.0,0.0,0.0,0.0,0.0,5700 office expense
purchase dollarama 1416,0.0,0.0,0.0,0.0,0.0,0.0,0.0,0.0,0.0,0.0,0.0,0.0,0.0,0.0,0.0,0.0,0.0,0.0,1.0,0.0,0.0,0.0,0.0,0.0,0.0,0.0,0.0,5700 office expense
purchase dollarama 1416,0.0,0.0,0.0,0.0,0.0,0.0,0.0,0.0,0.0,0.0,0.0,0.0,0.0,0.0,0.0,0.0,0.0,0.0,1.0,0.0,0.0,0.0,0.0,0.0,0.0,0.0,0.0,5700 office expense
purchase dollarama 1416,0.0,0.0,0.0,0.0,0.0,0.0,0.0,0.0,0.0,0.0,0.0,0.0,0.0,0.0,0.0,0.0,0.0,0.0,1.0,0.0,0.0,0.0,0.0,0.0,0.0,0.0,0.0,5700 office expense
purchase blackhawk network inc,0.0,0.0,0.0,0.0,0.0,0.0,0.0,0.0,0.0,0.0,0.0,0.0,0.0,0.0,0.0,0.0,0.0,0.0,1.0,0.0,0.0,0.0,0.0,0.0,0.0,0.0,0.0,5700 office expense
purchase dyson canada food beverage event prize award etc,0.0,0.0,0.0,0.0,0.0,0.0,0.0,0.0,0.0,0.0,0.0,0.0,0.0,0.0,0.0,0.0,0.0,0.0,1.0,0.0,0.0,0.0,0.0,0.0,0.0,0.0,0.0,5700 office expense
refund dyson canada,0.0,0.0,0.0,0.0,0.0,0.0,0.0,0.0,0.0,0.0,0.0,0.0,0.0,0.0,0.0,0.0,0.0,0.0,0.0,0.0,0.0,0.0,0.0,0.0,0.0,0.0,0.0,5700 office expense
purchase carfax canada ulc passtime gps renewal spring auto financial product manage cypress hill use passtime platform reduce risk prevent loss vehicle cypress portfolio 6/20/2022 update card limit $ 1000 need match renewal requirement,0.17817649085351708,0.16853114399798705,0.30274674679090013,0.17880710564735308,0.17880710564735308,0.17880710564735308,0.17880710564735308,0.17499458813117655,0.17855410775144362,0.17868048070434694,0.17880710564735308,0.17880710564735308,0.17868048070434694,0.30274674679090013,0.17571484977948262,0.17880710564735308,0.17880710564735308,0.17880710564735308,0.06730580827515545,0.2973068880112139,0.1654790748445233,0.17880710564735308,0.17880710564735308,0.17880710564735308,0.17718035453921316,0.17880710564735308,0.17880710564735308,5700 office expense
purchase easypark cp9 pos parking xmas party prize pick,0.0,0.0,0.0,0.0,0.0,0.0,0.0,0.0,0.0,0.0,0.0,0.0,0.0,0.0,0.0,0.0,0.0,0.0,1.0,0.0,0.0,0.0,0.0,0.0,0.0,0.0,0.0,5700 office expense
purchase eventbrite canadianfin,0.0,0.0,0.0,0.0,0.0,0.0,0.0,0.0,0.0,0.0,0.0,0.0,0.0,0.0,0.0,0.0,0.0,0.0,1.0,0.0,0.0,0.0,0.0,0.0,0.0,0.0,0.0,5700 office expense
purchase coal harbour liquor store,0.0,0.0,0.0,0.0,0.0,0.0,0.0,0.0,0.0,0.0,0.0,0.0,0.0,0.0,0.0,0.0,0.0,0.0,1.0,0.0,0.0,0.0,0.0,0.0,0.0,0.0,0.0,5700 office expense
purchase cs timhorton gc,0.0,0.0,0.0,0.0,0.0,0.0,0.0,0.0,0.0,0.0,0.0,0.0,0.0,0.0,0.0,0.0,0.0,0.0,1.0,0.0,0.0,0.0,0.0,0.0,0.0,0.0,0.0,5700 office expense
purchase wine/12424,0.0,0.0,0.0,0.0,0.0,0.0,0.0,0.0,0.0,0.0,0.0,0.0,0.0,0.0,0.0,0.0,0.0,0.0,1.0,0.0,0.0,0.0,0.0,0.0,0.0,0.0,0.0,5700 office expense
refund wine/12424,0.0,0.0,0.0,0.0,0.0,0.0,0.0,0.0,0.0,0.0,0.0,0.0,0.0,0.0,0.0,0.0,0.0,0.0,0.0,0.0,0.0,0.0,0.0,0.0,0.0,0.0,0.0,5700 office expense
purchase wine/12424,0.0,0.0,0.0,0.0,0.0,0.0,0.0,0.0,0.0,0.0,0.0,0.0,0.0,0.0,0.0,0.0,0.0,0.0,1.0,0.0,0.0,0.0,0.0,0.0,0.0,0.0,0.0,5700 office expense
purchase f&f(finishing furnish,0.0,0.0,0.0,0.0,0.0,0.0,0.0,0.0,0.0,0.0,0.0,0.0,0.0,0.0,0.0,0.0,0.0,0.0,1.0,0.0,0.0,0.0,0.0,0.0,0.0,0.0,0.0,5700 office expense
purchase fa gift private limited,0.0,0.0,0.0,0.0,0.0,0.0,0.0,0.0,0.0,0.0,0.0,0.0,0.0,0.0,0.0,0.0,0.0,0.0,1.0,0.0,0.0,0.0,0.0,0.0,0.0,0.0,0.0,5700 office expense
purchase fa gift private limited,0.0,0.0,0.0,0.0,0.0,0.0,0.0,0.0,0.0,0.0,0.0,0.0,0.0,0.0,0.0,0.0,0.0,0.0,1.0,0.0,0.0,0.0,0.0,0.0,0.0,0.0,0.0,5700 office expense
purchase dyson canada,0.0,0.0,0.0,0.0,0.0,0.0,0.0,0.0,0.0,0.0,0.0,0.0,0.0,0.0,0.0,0.0,0.0,0.0,1.0,0.0,0.0,0.0,0.0,0.0,0.0,0.0,0.0,5700 office expense
purchase fh canadian wilderne,0.0,0.0,0.0,0.0,0.0,0.0,0.0,0.0,0.0,0.0,0.0,0.0,0.0,0.0,0.0,0.0,0.0,0.0,1.0,0.0,0.0,0.0,0.0,0.0,0.0,0.0,0.0,5700 office expense
purchase fh canadian wilderne,0.0,0.0,0.0,0.0,0.0,0.0,0.0,0.0,0.0,0.0,0.0,0.0,0.0,0.0,0.0,0.0,0.0,0.0,1.0,0.0,0.0,0.0,0.0,0.0,0.0,0.0,0.0,5700 office expense
purchase financial consumer af license renewal,0.0,0.0,0.0,0.0,0.0,0.0,0.0,0.681235113969858,0.0,0.0,0.0,0.0,0.0,0.0,0.0,0.0,0.0,0.0,0.2620142740459425,0.6835694841716184,0.0,0.0,0.0,0.0,0.0,0.0,0.0,5700 office expense
purchase gearbase camera,0.0,0.0,0.0,0.0,0.0,0.0,0.0,0.0,0.0,0.0,0.0,0.0,0.0,0.0,0.0,0.0,0.0,0.0,1.0,0.0,0.0,0.0,0.0,0.0,0.0,0.0,0.0,5700 office expense
purchase eventbrite canadianlen,0.0,0.0,0.0,0.0,0.0,0.0,0.0,0.0,0.0,0.0,0.0,0.0,0.0,0.0,0.0,0.0,0.0,0.0,1.0,0.0,0.0,0.0,0.0,0.0,0.0,0.0,0.0,5700 office expense
purchase eventbrite stanfordde,0.0,0.0,0.0,0.0,0.0,0.0,0.0,0.0,0.0,0.0,0.0,0.0,0.0,0.0,0.0,0.0,0.0,0.0,1.0,0.0,0.0,0.0,0.0,0.0,0.0,0.0,0.0,5700 office expense
purchase gov nl lien check passtime gps renewal spring auto financial product manage cypress hill use passtime platform reduce risk prevent loss vehicle cypress portfolio 6/20/2022 update card limit $ 1000 need match renewal requirement,0.17817649085351708,0.16853114399798705,0.30274674679090013,0.17880710564735308,0.17880710564735308,0.17880710564735308,0.17880710564735308,0.17499458813117655,0.17855410775144362,0.17868048070434694,0.17880710564735308,0.17880710564735308,0.17868048070434694,0.30274674679090013,0.17571484977948262,0.17880710564735308,0.17880710564735308,0.17880710564735308,0.06730580827515545,0.2973068880112139,0.1654790748445233,0.17880710564735308,0.17880710564735308,0.17880710564735308,0.17718035453921316,0.17880710564735308,0.17880710564735308,5700 office expense
purchase gov nl lien check passtime gps renewal spring auto financial product manage cypress hill use passtime platform reduce risk prevent loss vehicle cypress portfolio 6/20/2022 update card limit $ 1000 need match renewal requirement,0.17817649085351708,0.16853114399798705,0.30274674679090013,0.17880710564735308,0.17880710564735308,0.17880710564735308,0.17880710564735308,0.17499458813117655,0.17855410775144362,0.17868048070434694,0.17880710564735308,0.17880710564735308,0.17868048070434694,0.30274674679090013,0.17571484977948262,0.17880710564735308,0.17880710564735308,0.17880710564735308,0.06730580827515545,0.2973068880112139,0.1654790748445233,0.17880710564735308,0.17880710564735308,0.17880710564735308,0.17718035453921316,0.17880710564735308,0.17880710564735308,5700 office expense
purchase gov nl lien check passtime gps renewal spring auto financial product manage cypress hill use passtime platform reduce risk prevent loss vehicle cypress portfolio 6/20/2022 update card limit $ 1000 need match renewal requirement,0.17817649085351708,0.16853114399798705,0.30274674679090013,0.17880710564735308,0.17880710564735308,0.17880710564735308,0.17880710564735308,0.17499458813117655,0.17855410775144362,0.17868048070434694,0.17880710564735308,0.17880710564735308,0.17868048070434694,0.30274674679090013,0.17571484977948262,0.17880710564735308,0.17880710564735308,0.17880710564735308,0.06730580827515545,0.2973068880112139,0.1654790748445233,0.17880710564735308,0.17880710564735308,0.17880710564735308,0.17718035453921316,0.17880710564735308,0.17880710564735308,5700 office expense
purchase gov nl lien check passtime gps renewal spring auto financial product manage cypress hill use passtime platform reduce risk prevent loss vehicle cypress portfolio 6/20/2022 update card limit $ 1000 need match renewal requirement,0.17817649085351708,0.16853114399798705,0.30274674679090013,0.17880710564735308,0.17880710564735308,0.17880710564735308,0.17880710564735308,0.17499458813117655,0.17855410775144362,0.17868048070434694,0.17880710564735308,0.17880710564735308,0.17868048070434694,0.30274674679090013,0.17571484977948262,0.17880710564735308,0.17880710564735308,0.17880710564735308,0.06730580827515545,0.2973068880112139,0.1654790748445233,0.17880710564735308,0.17880710564735308,0.17880710564735308,0.17718035453921316,0.17880710564735308,0.17880710564735308,5700 office expense
purchase gov nl lien check passtime gps renewal spring auto financial product manage cypress hill use passtime platform reduce risk prevent loss vehicle cypress portfolio 6/20/2022 update card limit $ 1000 need match renewal requirement,0.17817649085351708,0.16853114399798705,0.30274674679090013,0.17880710564735308,0.17880710564735308,0.17880710564735308,0.17880710564735308,0.17499458813117655,0.17855410775144362,0.17868048070434694,0.17880710564735308,0.17880710564735308,0.17868048070434694,0.30274674679090013,0.17571484977948262,0.17880710564735308,0.17880710564735308,0.17880710564735308,0.06730580827515545,0.2973068880112139,0.1654790748445233,0.17880710564735308,0.17880710564735308,0.17880710564735308,0.17718035453921316,0.17880710564735308,0.17880710564735308,5700 office expense
purchase gov nl lien check passtime gps renewal spring auto financial product manage cypress hill use passtime platform reduce risk prevent loss vehicle cypress portfolio 6/20/2022 update card limit $ 1000 need match renewal requirement,0.17817649085351708,0.16853114399798705,0.30274674679090013,0.17880710564735308,0.17880710564735308,0.17880710564735308,0.17880710564735308,0.17499458813117655,0.17855410775144362,0.17868048070434694,0.17880710564735308,0.17880710564735308,0.17868048070434694,0.30274674679090013,0.17571484977948262,0.17880710564735308,0.17880710564735308,0.17880710564735308,0.06730580827515545,0.2973068880112139,0.1654790748445233,0.17880710564735308,0.17880710564735308,0.17880710564735308,0.17718035453921316,0.17880710564735308,0.17880710564735308,5700 office expense
purchase gov nl lien check passtime gps renewal spring auto financial product manage cypress hill use passtime platform reduce risk prevent loss vehicle cypress portfolio 6/20/2022 update card limit $ 1000 need match renewal requirement,0.17817649085351708,0.16853114399798705,0.30274674679090013,0.17880710564735308,0.17880710564735308,0.17880710564735308,0.17880710564735308,0.17499458813117655,0.17855410775144362,0.17868048070434694,0.17880710564735308,0.17880710564735308,0.17868048070434694,0.30274674679090013,0.17571484977948262,0.17880710564735308,0.17880710564735308,0.17880710564735308,0.06730580827515545,0.2973068880112139,0.1654790748445233,0.17880710564735308,0.17880710564735308,0.17880710564735308,0.17718035453921316,0.17880710564735308,0.17880710564735308,5700 office expense
purchase gov nl lien check passtime gps renewal spring auto financial product manage cypress hill use passtime platform reduce risk prevent loss vehicle cypress portfolio 6/20/2022 update card limit $ 1000 need match renewal requirement,0.17817649085351708,0.16853114399798705,0.30274674679090013,0.17880710564735308,0.17880710564735308,0.17880710564735308,0.17880710564735308,0.17499458813117655,0.17855410775144362,0.17868048070434694,0.17880710564735308,0.17880710564735308,0.17868048070434694,0.30274674679090013,0.17571484977948262,0.17880710564735308,0.17880710564735308,0.17880710564735308,0.06730580827515545,0.2973068880112139,0.1654790748445233,0.17880710564735308,0.17880710564735308,0.17880710564735308,0.17718035453921316,0.17880710564735308,0.17880710564735308,5700 office expense
purchase gov nl lien check,0.0,0.0,0.0,0.0,0.0,0.0,0.0,0.0,0.0,0.0,0.0,0.0,0.0,0.0,0.0,0.0,0.0,0.0,1.0,0.0,0.0,0.0,0.0,0.0,0.0,0.0,0.0,5700 office expense
purchase gov nl lien check passtime gps renewal spring auto financial product manage cypress hill use passtime platform reduce risk prevent loss vehicle cypress portfolio 6/20/2022 update card limit $ 1000 need match renewal requirement,0.17817649085351708,0.16853114399798705,0.30274674679090013,0.17880710564735308,0.17880710564735308,0.17880710564735308,0.17880710564735308,0.17499458813117655,0.17855410775144362,0.17868048070434694,0.17880710564735308,0.17880710564735308,0.17868048070434694,0.30274674679090013,0.17571484977948262,0.17880710564735308,0.17880710564735308,0.17880710564735308,0.06730580827515545,0.2973068880112139,0.1654790748445233,0.17880710564735308,0.17880710564735308,0.17880710564735308,0.17718035453921316,0.17880710564735308,0.17880710564735308,5700 office expense
purchase gov nl lien check passtime gps renewal spring auto financial product manage cypress hill use passtime platform reduce risk prevent loss vehicle cypress portfolio 6/20/2022 update card limit $ 1000 need match renewal requirement,0.17817649085351708,0.16853114399798705,0.30274674679090013,0.17880710564735308,0.17880710564735308,0.17880710564735308,0.17880710564735308,0.17499458813117655,0.17855410775144362,0.17868048070434694,0.17880710564735308,0.17880710564735308,0.17868048070434694,0.30274674679090013,0.17571484977948262,0.17880710564735308,0.17880710564735308,0.17880710564735308,0.06730580827515545,0.2973068880112139,0.1654790748445233,0.17880710564735308,0.17880710564735308,0.17880710564735308,0.17718035453921316,0.17880710564735308,0.17880710564735308,5700 office expense
purchase gov nl lien check passtime gps renewal spring auto financial product manage cypress hill use passtime platform reduce risk prevent loss vehicle cypress portfolio 6/20/2022 update card limit $ 1000 need match renewal requirement,0.17817649085351708,0.16853114399798705,0.30274674679090013,0.17880710564735308,0.17880710564735308,0.17880710564735308,0.17880710564735308,0.17499458813117655,0.17855410775144362,0.17868048070434694,0.17880710564735308,0.17880710564735308,0.17868048070434694,0.30274674679090013,0.17571484977948262,0.17880710564735308,0.17880710564735308,0.17880710564735308,0.06730580827515545,0.2973068880112139,0.1654790748445233,0.17880710564735308,0.17880710564735308,0.17880710564735308,0.17718035453921316,0.17880710564735308,0.17880710564735308,5700 office expense
purchase gov nl lien check passtime gps renewal spring auto financial product manage cypress hill use passtime platform reduce risk prevent loss vehicle cypress portfolio 6/20/2022 update card limit $ 1000 need match renewal requirement,0.17817649085351708,0.16853114399798705,0.30274674679090013,0.17880710564735308,0.17880710564735308,0.17880710564735308,0.17880710564735308,0.17499458813117655,0.17855410775144362,0.17868048070434694,0.17880710564735308,0.17880710564735308,0.17868048070434694,0.30274674679090013,0.17571484977948262,0.17880710564735308,0.17880710564735308,0.17880710564735308,0.06730580827515545,0.2973068880112139,0.1654790748445233,0.17880710564735308,0.17880710564735308,0.17880710564735308,0.17718035453921316,0.17880710564735308,0.17880710564735308,5700 office expense
purchase gov nl lien check passtime gps renewal spring auto financial product manage cypress hill use passtime platform reduce risk prevent loss vehicle cypress portfolio 6/20/2022 update card limit $ 1000 need match renewal requirement,0.17817649085351708,0.16853114399798705,0.30274674679090013,0.17880710564735308,0.17880710564735308,0.17880710564735308,0.17880710564735308,0.17499458813117655,0.17855410775144362,0.17868048070434694,0.17880710564735308,0.17880710564735308,0.17868048070434694,0.30274674679090013,0.17571484977948262,0.17880710564735308,0.17880710564735308,0.17880710564735308,0.06730580827515545,0.2973068880112139,0.1654790748445233,0.17880710564735308,0.17880710564735308,0.17880710564735308,0.17718035453921316,0.17880710564735308,0.17880710564735308,5700 office expense
purchase gov nl lien check passtime gps renewal spring auto financial product manage cypress hill use passtime platform reduce risk prevent loss vehicle cypress portfolio 6/20/2022 update card limit $ 1000 need match renewal requirement,0.17817649085351708,0.16853114399798705,0.30274674679090013,0.17880710564735308,0.17880710564735308,0.17880710564735308,0.17880710564735308,0.17499458813117655,0.17855410775144362,0.17868048070434694,0.17880710564735308,0.17880710564735308,0.17868048070434694,0.30274674679090013,0.17571484977948262,0.17880710564735308,0.17880710564735308,0.17880710564735308,0.06730580827515545,0.2973068880112139,0.1654790748445233,0.17880710564735308,0.17880710564735308,0.17880710564735308,0.17718035453921316,0.17880710564735308,0.17880710564735308,5700 office expense
purchase gov nl lien check passtime gps renewal spring auto financial product manage cypress hill use passtime platform reduce risk prevent loss vehicle cypress portfolio 6/20/2022 update card limit $ 1000 need match renewal requirement,0.17817649085351708,0.16853114399798705,0.30274674679090013,0.17880710564735308,0.17880710564735308,0.17880710564735308,0.17880710564735308,0.17499458813117655,0.17855410775144362,0.17868048070434694,0.17880710564735308,0.17880710564735308,0.17868048070434694,0.30274674679090013,0.17571484977948262,0.17880710564735308,0.17880710564735308,0.17880710564735308,0.06730580827515545,0.2973068880112139,0.1654790748445233,0.17880710564735308,0.17880710564735308,0.17880710564735308,0.17718035453921316,0.17880710564735308,0.17880710564735308,5700 office expense
purchase gov nl lien check passtime gps renewal spring auto financial product manage cypress hill use passtime platform reduce risk prevent loss vehicle cypress portfolio 6/20/2022 update card limit $ 1000 need match renewal requirement,0.17817649085351708,0.16853114399798705,0.30274674679090013,0.17880710564735308,0.17880710564735308,0.17880710564735308,0.17880710564735308,0.17499458813117655,0.17855410775144362,0.17868048070434694,0.17880710564735308,0.17880710564735308,0.17868048070434694,0.30274674679090013,0.17571484977948262,0.17880710564735308,0.17880710564735308,0.17880710564735308,0.06730580827515545,0.2973068880112139,0.1654790748445233,0.17880710564735308,0.17880710564735308,0.17880710564735308,0.17718035453921316,0.17880710564735308,0.17880710564735308,5700 office expense
purchase gov nl lien check passtime gps renewal spring auto financial product manage cypress hill use passtime platform reduce risk prevent loss vehicle cypress portfolio 6/20/2022 update card limit $ 1000 need match renewal requirement,0.17817649085351708,0.16853114399798705,0.30274674679090013,0.17880710564735308,0.17880710564735308,0.17880710564735308,0.17880710564735308,0.17499458813117655,0.17855410775144362,0.17868048070434694,0.17880710564735308,0.17880710564735308,0.17868048070434694,0.30274674679090013,0.17571484977948262,0.17880710564735308,0.17880710564735308,0.17880710564735308,0.06730580827515545,0.2973068880112139,0.1654790748445233,0.17880710564735308,0.17880710564735308,0.17880710564735308,0.17718035453921316,0.17880710564735308,0.17880710564735308,5700 office expense
purchase hallmark bus connection,0.0,0.0,0.0,0.0,0.0,0.0,0.0,0.0,0.0,0.0,0.0,0.0,0.0,0.0,0.0,0.0,0.0,0.0,1.0,0.0,0.0,0.0,0.0,0.0,0.0,0.0,0.0,5700 office expense
purchase grab,0.0,0.0,0.0,0.0,0.0,0.0,0.0,0.0,0.0,0.0,0.0,0.0,0.0,0.0,0.0,0.0,0.0,0.0,1.0,0.0,0.0,0.0,0.0,0.0,0.0,0.0,0.0,5700 office expense
purchase grab,0.0,0.0,0.0,0.0,0.0,0.0,0.0,0.0,0.0,0.0,0.0,0.0,0.0,0.0,0.0,0.0,0.0,0.0,1.0,0.0,0.0,0.0,0.0,0.0,0.0,0.0,0.0,5700 office expense
purchase grab,0.0,0.0,0.0,0.0,0.0,0.0,0.0,0.0,0.0,0.0,0.0,0.0,0.0,0.0,0.0,0.0,0.0,0.0,1.0,0.0,0.0,0.0,0.0,0.0,0.0,0.0,0.0,5700 office expense
purchase grab,0.0,0.0,0.0,0.0,0.0,0.0,0.0,0.0,0.0,0.0,0.0,0.0,0.0,0.0,0.0,0.0,0.0,0.0,1.0,0.0,0.0,0.0,0.0,0.0,0.0,0.0,0.0,5700 office expense
purchase grab,0.0,0.0,0.0,0.0,0.0,0.0,0.0,0.0,0.0,0.0,0.0,0.0,0.0,0.0,0.0,0.0,0.0,0.0,1.0,0.0,0.0,0.0,0.0,0.0,0.0,0.0,0.0,5700 office expense
purchase grab,0.0,0.0,0.0,0.0,0.0,0.0,0.0,0.0,0.0,0.0,0.0,0.0,0.0,0.0,0.0,0.0,0.0,0.0,1.0,0.0,0.0,0.0,0.0,0.0,0.0,0.0,0.0,5700 office expense
purchase grab,0.0,0.0,0.0,0.0,0.0,0.0,0.0,0.0,0.0,0.0,0.0,0.0,0.0,0.0,0.0,0.0,0.0,0.0,1.0,0.0,0.0,0.0,0.0,0.0,0.0,0.0,0.0,5700 office expense
purchase grab,0.0,0.0,0.0,0.0,0.0,0.0,0.0,0.0,0.0,0.0,0.0,0.0,0.0,0.0,0.0,0.0,0.0,0.0,1.0,0.0,0.0,0.0,0.0,0.0,0.0,0.0,0.0,5700 office expense
purchase grab,0.0,0.0,0.0,0.0,0.0,0.0,0.0,0.0,0.0,0.0,0.0,0.0,0.0,0.0,0.0,0.0,0.0,0.0,1.0,0.0,0.0,0.0,0.0,0.0,0.0,0.0,0.0,5700 office expense
purchase grab,0.0,0.0,0.0,0.0,0.0,0.0,0.0,0.0,0.0,0.0,0.0,0.0,0.0,0.0,0.0,0.0,0.0,0.0,1.0,0.0,0.0,0.0,0.0,0.0,0.0,0.0,0.0,5700 office expense
purchase grab,0.0,0.0,0.0,0.0,0.0,0.0,0.0,0.0,0.0,0.0,0.0,0.0,0.0,0.0,0.0,0.0,0.0,0.0,1.0,0.0,0.0,0.0,0.0,0.0,0.0,0.0,0.0,5700 office expense
purchase grab,0.0,0.0,0.0,0.0,0.0,0.0,0.0,0.0,0.0,0.0,0.0,0.0,0.0,0.0,0.0,0.0,0.0,0.0,1.0,0.0,0.0,0.0,0.0,0.0,0.0,0.0,0.0,5700 office expense
purchase grab,0.0,0.0,0.0,0.0,0.0,0.0,0.0,0.0,0.0,0.0,0.0,0.0,0.0,0.0,0.0,0.0,0.0,0.0,1.0,0.0,0.0,0.0,0.0,0.0,0.0,0.0,0.0,5700 office expense
purchase grab,0.0,0.0,0.0,0.0,0.0,0.0,0.0,0.0,0.0,0.0,0.0,0.0,0.0,0.0,0.0,0.0,0.0,0.0,1.0,0.0,0.0,0.0,0.0,0.0,0.0,0.0,0.0,5700 office expense
purchase grab,0.0,0.0,0.0,0.0,0.0,0.0,0.0,0.0,0.0,0.0,0.0,0.0,0.0,0.0,0.0,0.0,0.0,0.0,1.0,0.0,0.0,0.0,0.0,0.0,0.0,0.0,0.0,5700 office expense
purchase grab,0.0,0.0,0.0,0.0,0.0,0.0,0.0,0.0,0.0,0.0,0.0,0.0,0.0,0.0,0.0,0.0,0.0,0.0,1.0,0.0,0.0,0.0,0.0,0.0,0.0,0.0,0.0,5700 office expense
purchase grab,0.0,0.0,0.0,0.0,0.0,0.0,0.0,0.0,0.0,0.0,0.0,0.0,0.0,0.0,0.0,0.0,0.0,0.0,1.0,0.0,0.0,0.0,0.0,0.0,0.0,0.0,0.0,5700 office expense
purchase grab,0.0,0.0,0.0,0.0,0.0,0.0,0.0,0.0,0.0,0.0,0.0,0.0,0.0,0.0,0.0,0.0,0.0,0.0,1.0,0.0,0.0,0.0,0.0,0.0,0.0,0.0,0.0,5700 office expense
purchase grab,0.0,0.0,0.0,0.0,0.0,0.0,0.0,0.0,0.0,0.0,0.0,0.0,0.0,0.0,0.0,0.0,0.0,0.0,1.0,0.0,0.0,0.0,0.0,0.0,0.0,0.0,0.0,5700 office expense
purchase grab,0.0,0.0,0.0,0.0,0.0,0.0,0.0,0.0,0.0,0.0,0.0,0.0,0.0,0.0,0.0,0.0,0.0,0.0,1.0,0.0,0.0,0.0,0.0,0.0,0.0,0.0,0.0,5700 office expense
purchase grab,0.0,0.0,0.0,0.0,0.0,0.0,0.0,0.0,0.0,0.0,0.0,0.0,0.0,0.0,0.0,0.0,0.0,0.0,1.0,0.0,0.0,0.0,0.0,0.0,0.0,0.0,0.0,5700 office expense
purchase grab,0.0,0.0,0.0,0.0,0.0,0.0,0.0,0.0,0.0,0.0,0.0,0.0,0.0,0.0,0.0,0.0,0.0,0.0,1.0,0.0,0.0,0.0,0.0,0.0,0.0,0.0,0.0,5700 office expense
purchase grab,0.0,0.0,0.0,0.0,0.0,0.0,0.0,0.0,0.0,0.0,0.0,0.0,0.0,0.0,0.0,0.0,0.0,0.0,1.0,0.0,0.0,0.0,0.0,0.0,0.0,0.0,0.0,5700 office expense
purchase grab,0.0,0.0,0.0,0.0,0.0,0.0,0.0,0.0,0.0,0.0,0.0,0.0,0.0,0.0,0.0,0.0,0.0,0.0,1.0,0.0,0.0,0.0,0.0,0.0,0.0,0.0,0.0,5700 office expense
purchase grab,0.0,0.0,0.0,0.0,0.0,0.0,0.0,0.0,0.0,0.0,0.0,0.0,0.0,0.0,0.0,0.0,0.0,0.0,1.0,0.0,0.0,0.0,0.0,0.0,0.0,0.0,0.0,5700 office expense
purchase grab,0.0,0.0,0.0,0.0,0.0,0.0,0.0,0.0,0.0,0.0,0.0,0.0,0.0,0.0,0.0,0.0,0.0,0.0,1.0,0.0,0.0,0.0,0.0,0.0,0.0,0.0,0.0,5700 office expense
purchase grab,0.0,0.0,0.0,0.0,0.0,0.0,0.0,0.0,0.0,0.0,0.0,0.0,0.0,0.0,0.0,0.0,0.0,0.0,1.0,0.0,0.0,0.0,0.0,0.0,0.0,0.0,0.0,5700 office expense
purchase ic instacart,0.0,0.0,0.0,0.0,0.0,0.0,0.0,0.0,0.0,0.0,0.0,0.0,0.0,0.0,0.0,0.0,0.0,0.0,1.0,0.0,0.0,0.0,0.0,0.0,0.0,0.0,0.0,5700 office expense
purchase groupgreete,0.0,0.0,0.0,0.0,0.0,0.0,0.0,0.0,0.0,0.0,0.0,0.0,0.0,0.0,0.0,0.0,0.0,0.0,1.0,0.0,0.0,0.0,0.0,0.0,0.0,0.0,0.0,5700 office expense
purchase groupgreete,0.0,0.0,0.0,0.0,0.0,0.0,0.0,0.0,0.0,0.0,0.0,0.0,0.0,0.0,0.0,0.0,0.0,0.0,1.0,0.0,0.0,0.0,0.0,0.0,0.0,0.0,0.0,5700 office expense
purchase gymshark,0.0,0.0,0.0,0.0,0.0,0.0,0.0,0.0,0.0,0.0,0.0,0.0,0.0,0.0,0.0,0.0,0.0,0.0,1.0,0.0,0.0,0.0,0.0,0.0,0.0,0.0,0.0,5700 office expense
refund gymshark,0.0,0.0,0.0,0.0,0.0,0.0,0.0,0.0,0.0,0.0,0.0,0.0,0.0,0.0,0.0,0.0,0.0,0.0,0.0,0.0,0.0,0.0,0.0,0.0,0.0,0.0,0.0,5700 office expense
refund gymshark,0.0,0.0,0.0,0.0,0.0,0.0,0.0,0.0,0.0,0.0,0.0,0.0,0.0,0.0,0.0,0.0,0.0,0.0,0.0,0.0,0.0,0.0,0.0,0.0,0.0,0.0,0.0,5700 office expense
refund gymshark,0.0,0.0,0.0,0.0,0.0,0.0,0.0,0.0,0.0,0.0,0.0,0.0,0.0,0.0,0.0,0.0,0.0,0.0,0.0,0.0,0.0,0.0,0.0,0.0,0.0,0.0,0.0,5700 office expense
refund gymshark,0.0,0.0,0.0,0.0,0.0,0.0,0.0,0.0,0.0,0.0,0.0,0.0,0.0,0.0,0.0,0.0,0.0,0.0,0.0,0.0,0.0,0.0,0.0,0.0,0.0,0.0,0.0,5700 office expense
purchase haldiram,0.0,0.0,0.0,0.0,0.0,0.0,0.0,0.0,0.0,0.0,0.0,0.0,0.0,0.0,0.0,0.0,0.0,0.0,1.0,0.0,0.0,0.0,0.0,0.0,0.0,0.0,0.0,5700 office expense
purchase ic instacart,0.0,0.0,0.0,0.0,0.0,0.0,0.0,0.0,0.0,0.0,0.0,0.0,0.0,0.0,0.0,0.0,0.0,0.0,1.0,0.0,0.0,0.0,0.0,0.0,0.0,0.0,0.0,5700 office expense
purchase ic instacart,0.0,0.0,0.0,0.0,0.0,0.0,0.0,0.0,0.0,0.0,0.0,0.0,0.0,0.0,0.0,0.0,0.0,0.0,1.0,0.0,0.0,0.0,0.0,0.0,0.0,0.0,0.0,5700 office expense
purchase hallmark bus connection,0.0,0.0,0.0,0.0,0.0,0.0,0.0,0.0,0.0,0.0,0.0,0.0,0.0,0.0,0.0,0.0,0.0,0.0,1.0,0.0,0.0,0.0,0.0,0.0,0.0,0.0,0.0,5700 office expense
purchase ic instacart,0.0,0.0,0.0,0.0,0.0,0.0,0.0,0.0,0.0,0.0,0.0,0.0,0.0,0.0,0.0,0.0,0.0,0.0,1.0,0.0,0.0,0.0,0.0,0.0,0.0,0.0,0.0,5700 office expense
purchase hazelton christmas basket business partner,0.0,0.0,0.0,0.0,0.0,0.0,0.0,0.0,0.0,0.0,0.0,0.0,0.0,0.0,0.0,0.0,0.0,0.0,1.0,0.0,0.0,0.0,0.0,0.0,0.0,0.0,0.0,5700 office expense
purchase hazelton holiday gift basket partner,0.0,0.0,0.0,0.0,0.0,0.0,0.0,0.0,0.0,0.0,0.0,0.0,0.0,0.0,0.0,0.0,0.0,0.0,1.0,0.0,0.0,0.0,0.0,0.0,0.0,0.0,0.0,5700 office expense
purchase ic instacart,0.0,0.0,0.0,0.0,0.0,0.0,0.0,0.0,0.0,0.0,0.0,0.0,0.0,0.0,0.0,0.0,0.0,0.0,1.0,0.0,0.0,0.0,0.0,0.0,0.0,0.0,0.0,5700 office expense
purchase hm ca0037,0.0,0.0,0.0,0.0,0.0,0.0,0.0,0.0,0.0,0.0,0.0,0.0,0.0,0.0,0.0,0.0,0.0,0.0,1.0,0.0,0.0,0.0,0.0,0.0,0.0,0.0,0.0,5700 office expense
purchase hm ca0037,0.0,0.0,0.0,0.0,0.0,0.0,0.0,0.0,0.0,0.0,0.0,0.0,0.0,0.0,0.0,0.0,0.0,0.0,1.0,0.0,0.0,0.0,0.0,0.0,0.0,0.0,0.0,5700 office expense
purchase home sweet home candy co,0.0,0.0,0.0,0.0,0.0,0.0,0.0,0.0,0.0,0.0,0.0,0.0,0.0,0.0,0.0,0.0,0.0,0.0,1.0,0.0,0.0,0.0,0.0,0.0,0.0,0.0,0.0,5700 office expense
purchase houle game,0.0,0.0,0.0,0.0,0.0,0.0,0.0,0.0,0.0,0.0,0.0,0.0,0.0,0.0,0.0,0.0,0.0,0.0,1.0,0.0,0.0,0.0,0.0,0.0,0.0,0.0,0.0,5700 office expense
purchase houle game,0.0,0.0,0.0,0.0,0.0,0.0,0.0,0.0,0.0,0.0,0.0,0.0,0.0,0.0,0.0,0.0,0.0,0.0,1.0,0.0,0.0,0.0,0.0,0.0,0.0,0.0,0.0,5700 office expense
purchase houle game,0.0,0.0,0.0,0.0,0.0,0.0,0.0,0.0,0.0,0.0,0.0,0.0,0.0,0.0,0.0,0.0,0.0,0.0,1.0,0.0,0.0,0.0,0.0,0.0,0.0,0.0,0.0,5700 office expense
purchase ic costco instacar,0.0,0.0,0.0,0.0,0.0,0.0,0.0,0.0,0.0,0.0,0.0,0.0,0.0,0.0,0.0,0.0,0.0,0.0,1.0,0.0,0.0,0.0,0.0,0.0,0.0,0.0,0.0,5700 office expense
purchase ic costco instacar,0.0,0.0,0.0,0.0,0.0,0.0,0.0,0.0,0.0,0.0,0.0,0.0,0.0,0.0,0.0,0.0,0.0,0.0,1.0,0.0,0.0,0.0,0.0,0.0,0.0,0.0,0.0,5700 office expense
purchase ic instacart,0.0,0.0,0.0,0.0,0.0,0.0,0.0,0.0,0.0,0.0,0.0,0.0,0.0,0.0,0.0,0.0,0.0,0.0,1.0,0.0,0.0,0.0,0.0,0.0,0.0,0.0,0.0,5700 office expense
purchase ic instacart,0.0,0.0,0.0,0.0,0.0,0.0,0.0,0.0,0.0,0.0,0.0,0.0,0.0,0.0,0.0,0.0,0.0,0.0,1.0,0.0,0.0,0.0,0.0,0.0,0.0,0.0,0.0,5700 office expense
purchase ic instacart,0.0,0.0,0.0,0.0,0.0,0.0,0.0,0.0,0.0,0.0,0.0,0.0,0.0,0.0,0.0,0.0,0.0,0.0,1.0,0.0,0.0,0.0,0.0,0.0,0.0,0.0,0.0,5700 office expense
purchase ic instacart,0.0,0.0,0.0,0.0,0.0,0.0,0.0,0.0,0.0,0.0,0.0,0.0,0.0,0.0,0.0,0.0,0.0,0.0,1.0,0.0,0.0,0.0,0.0,0.0,0.0,0.0,0.0,5700 office expense
purchase ic instacart,0.0,0.0,0.0,0.0,0.0,0.0,0.0,0.0,0.0,0.0,0.0,0.0,0.0,0.0,0.0,0.0,0.0,0.0,1.0,0.0,0.0,0.0,0.0,0.0,0.0,0.0,0.0,5700 office expense
purchase ic instacart,0.0,0.0,0.0,0.0,0.0,0.0,0.0,0.0,0.0,0.0,0.0,0.0,0.0,0.0,0.0,0.0,0.0,0.0,1.0,0.0,0.0,0.0,0.0,0.0,0.0,0.0,0.0,5700 office expense
purchase ic instacart,0.0,0.0,0.0,0.0,0.0,0.0,0.0,0.0,0.0,0.0,0.0,0.0,0.0,0.0,0.0,0.0,0.0,0.0,1.0,0.0,0.0,0.0,0.0,0.0,0.0,0.0,0.0,5700 office expense
purchase ic instacart,0.0,0.0,0.0,0.0,0.0,0.0,0.0,0.0,0.0,0.0,0.0,0.0,0.0,0.0,0.0,0.0,0.0,0.0,1.0,0.0,0.0,0.0,0.0,0.0,0.0,0.0,0.0,5700 office expense
purchase ic instacart,0.0,0.0,0.0,0.0,0.0,0.0,0.0,0.0,0.0,0.0,0.0,0.0,0.0,0.0,0.0,0.0,0.0,0.0,1.0,0.0,0.0,0.0,0.0,0.0,0.0,0.0,0.0,5700 office expense
purchase ic instacart,0.0,0.0,0.0,0.0,0.0,0.0,0.0,0.0,0.0,0.0,0.0,0.0,0.0,0.0,0.0,0.0,0.0,0.0,1.0,0.0,0.0,0.0,0.0,0.0,0.0,0.0,0.0,5700 office expense
purchase ic instacart,0.0,0.0,0.0,0.0,0.0,0.0,0.0,0.0,0.0,0.0,0.0,0.0,0.0,0.0,0.0,0.0,0.0,0.0,1.0,0.0,0.0,0.0,0.0,0.0,0.0,0.0,0.0,5700 office expense
purchase ic instacart,0.0,0.0,0.0,0.0,0.0,0.0,0.0,0.0,0.0,0.0,0.0,0.0,0.0,0.0,0.0,0.0,0.0,0.0,1.0,0.0,0.0,0.0,0.0,0.0,0.0,0.0,0.0,5700 office expense
purchase ic instacart,0.0,0.0,0.0,0.0,0.0,0.0,0.0,0.0,0.0,0.0,0.0,0.0,0.0,0.0,0.0,0.0,0.0,0.0,1.0,0.0,0.0,0.0,0.0,0.0,0.0,0.0,0.0,5700 office expense
purchase ic instacart,0.0,0.0,0.0,0.0,0.0,0.0,0.0,0.0,0.0,0.0,0.0,0.0,0.0,0.0,0.0,0.0,0.0,0.0,1.0,0.0,0.0,0.0,0.0,0.0,0.0,0.0,0.0,5700 office expense
purchase ic instacart,0.0,0.0,0.0,0.0,0.0,0.0,0.0,0.0,0.0,0.0,0.0,0.0,0.0,0.0,0.0,0.0,0.0,0.0,1.0,0.0,0.0,0.0,0.0,0.0,0.0,0.0,0.0,5700 office expense
purchase indigo park pay phon,0.0,0.0,0.0,0.0,0.0,0.0,0.0,0.0,0.0,0.0,0.0,0.0,0.0,0.0,0.0,0.0,0.0,0.0,1.0,0.0,0.0,0.0,0.0,0.0,0.0,0.0,0.0,5700 office expense
purchase indigo park pay phon,0.0,0.0,0.0,0.0,0.0,0.0,0.0,0.0,0.0,0.0,0.0,0.0,0.0,0.0,0.0,0.0,0.0,0.0,1.0,0.0,0.0,0.0,0.0,0.0,0.0,0.0,0.0,5700 office expense
purchase indigo park v101/102 mo,0.0,0.0,0.0,0.0,0.0,0.0,0.0,0.0,0.0,0.0,0.0,0.0,0.0,0.0,0.0,0.0,0.0,0.0,1.0,0.0,0.0,0.0,0.0,0.0,0.0,0.0,0.0,5700 office expense
purchase indigo park v101/102 mo,0.0,0.0,0.0,0.0,0.0,0.0,0.0,0.0,0.0,0.0,0.0,0.0,0.0,0.0,0.0,0.0,0.0,0.0,1.0,0.0,0.0,0.0,0.0,0.0,0.0,0.0,0.0,5700 office expense
purchase indigo park v101/102 mo,0.0,0.0,0.0,0.0,0.0,0.0,0.0,0.0,0.0,0.0,0.0,0.0,0.0,0.0,0.0,0.0,0.0,0.0,1.0,0.0,0.0,0.0,0.0,0.0,0.0,0.0,0.0,5700 office expense
purchase indigo park v101/102 mo,0.0,0.0,0.0,0.0,0.0,0.0,0.0,0.0,0.0,0.0,0.0,0.0,0.0,0.0,0.0,0.0,0.0,0.0,1.0,0.0,0.0,0.0,0.0,0.0,0.0,0.0,0.0,5700 office expense
purchase indigo park v101/102 mo,0.0,0.0,0.0,0.0,0.0,0.0,0.0,0.0,0.0,0.0,0.0,0.0,0.0,0.0,0.0,0.0,0.0,0.0,1.0,0.0,0.0,0.0,0.0,0.0,0.0,0.0,0.0,5700 office expense
purchase mpbsd -so personal proper passtime gps renewal spring auto financial product manage cypress hill use passtime platform reduce risk prevent loss vehicle cypress portfolio 6/20/2022 update card limit $ 1000 need match renewal requirement,0.17817649085351708,0.16853114399798705,0.30274674679090013,0.17880710564735308,0.17880710564735308,0.17880710564735308,0.17880710564735308,0.17499458813117655,0.17855410775144362,0.17868048070434694,0.17880710564735308,0.17880710564735308,0.17868048070434694,0.30274674679090013,0.17571484977948262,0.17880710564735308,0.17880710564735308,0.17880710564735308,0.06730580827515545,0.2973068880112139,0.1654790748445233,0.17880710564735308,0.17880710564735308,0.17880710564735308,0.17718035453921316,0.17880710564735308,0.17880710564735308,5700 office expense
purchase instant imprint,0.0,0.0,0.0,0.0,0.0,0.0,0.0,0.0,0.0,0.0,0.0,0.0,0.0,0.0,0.0,0.0,0.0,0.0,1.0,0.0,0.0,0.0,0.0,0.0,0.0,0.0,0.0,5700 office expense
purchase pacific blue mechanic,0.0,0.0,0.0,0.0,0.0,0.0,0.0,0.0,0.0,0.0,0.0,0.0,0.0,0.0,0.0,0.0,0.0,0.0,1.0,0.0,0.0,0.0,0.0,0.0,0.0,0.0,0.0,5700 office expense
purchase pacific blue mechanic,0.0,0.0,0.0,0.0,0.0,0.0,0.0,0.0,0.0,0.0,0.0,0.0,0.0,0.0,0.0,0.0,0.0,0.0,1.0,0.0,0.0,0.0,0.0,0.0,0.0,0.0,0.0,5700 office expense
purchase pacific blue mechanic,0.0,0.0,0.0,0.0,0.0,0.0,0.0,0.0,0.0,0.0,0.0,0.0,0.0,0.0,0.0,0.0,0.0,0.0,1.0,0.0,0.0,0.0,0.0,0.0,0.0,0.0,0.0,5700 office expense
purchase mpbsd -so personal proper passtime gps renewal spring auto financial product manage cypress hill use passtime platform reduce risk prevent loss vehicle cypress portfolio 6/20/2022 update card limit $ 1000 need match renewal requirement,0.17817649085351708,0.16853114399798705,0.30274674679090013,0.17880710564735308,0.17880710564735308,0.17880710564735308,0.17880710564735308,0.17499458813117655,0.17855410775144362,0.17868048070434694,0.17880710564735308,0.17880710564735308,0.17868048070434694,0.30274674679090013,0.17571484977948262,0.17880710564735308,0.17880710564735308,0.17880710564735308,0.06730580827515545,0.2973068880112139,0.1654790748445233,0.17880710564735308,0.17880710564735308,0.17880710564735308,0.17718035453921316,0.17880710564735308,0.17880710564735308,5700 office expense
purchase indigo 789,0.0,0.0,0.0,0.0,0.0,0.0,0.0,0.0,0.0,0.0,0.0,0.0,0.0,0.0,0.0,0.0,0.0,0.0,1.0,0.0,0.0,0.0,0.0,0.0,0.0,0.0,0.0,5700 office expense
purchase indigo 789,0.0,0.0,0.0,0.0,0.0,0.0,0.0,0.0,0.0,0.0,0.0,0.0,0.0,0.0,0.0,0.0,0.0,0.0,1.0,0.0,0.0,0.0,0.0,0.0,0.0,0.0,0.0,5700 office expense
purchase indigo 975,0.0,0.0,0.0,0.0,0.0,0.0,0.0,0.0,0.0,0.0,0.0,0.0,0.0,0.0,0.0,0.0,0.0,0.0,1.0,0.0,0.0,0.0,0.0,0.0,0.0,0.0,0.0,5700 office expense
purchase indigo 975,0.0,0.0,0.0,0.0,0.0,0.0,0.0,0.0,0.0,0.0,0.0,0.0,0.0,0.0,0.0,0.0,0.0,0.0,1.0,0.0,0.0,0.0,0.0,0.0,0.0,0.0,0.0,5700 office expense
purchase indigo online,0.0,0.0,0.0,0.0,0.0,0.0,0.0,0.0,0.0,0.0,0.0,0.0,0.0,0.0,0.0,0.0,0.0,0.0,1.0,0.0,0.0,0.0,0.0,0.0,0.0,0.0,0.0,5700 office expense
purchase indigo online,0.0,0.0,0.0,0.0,0.0,0.0,0.0,0.0,0.0,0.0,0.0,0.0,0.0,0.0,0.0,0.0,0.0,0.0,1.0,0.0,0.0,0.0,0.0,0.0,0.0,0.0,0.0,5700 office expense
refund indigo online,0.0,0.0,0.0,0.0,0.0,0.0,0.0,0.0,0.0,0.0,0.0,0.0,0.0,0.0,0.0,0.0,0.0,0.0,0.0,0.0,0.0,0.0,0.0,0.0,0.0,0.0,0.0,5700 office expense
purchase indigo online,0.0,0.0,0.0,0.0,0.0,0.0,0.0,0.0,0.0,0.0,0.0,0.0,0.0,0.0,0.0,0.0,0.0,0.0,1.0,0.0,0.0,0.0,0.0,0.0,0.0,0.0,0.0,5700 office expense
purchase mpbsdp -so personal prope passtime gps renewal spring auto financial product manage cypress hill use passtime platform reduce risk prevent loss vehicle cypress portfolio 6/20/2022 update card limit $ 1000 need match renewal requirement,0.17817649085351708,0.16853114399798705,0.30274674679090013,0.17880710564735308,0.17880710564735308,0.17880710564735308,0.17880710564735308,0.17499458813117655,0.17855410775144362,0.17868048070434694,0.17880710564735308,0.17880710564735308,0.17868048070434694,0.30274674679090013,0.17571484977948262,0.17880710564735308,0.17880710564735308,0.17880710564735308,0.06730580827515545,0.2973068880112139,0.1654790748445233,0.17880710564735308,0.17880710564735308,0.17880710564735308,0.17718035453921316,0.17880710564735308,0.17880710564735308,5700 office expense
purchase mpbsdp -so personal prope passtime gps renewal spring auto financial product manage cypress hill use passtime platform reduce risk prevent loss vehicle cypress portfolio 6/20/2022 update card limit $ 1000 need match renewal requirement,0.17817649085351708,0.16853114399798705,0.30274674679090013,0.17880710564735308,0.17880710564735308,0.17880710564735308,0.17880710564735308,0.17499458813117655,0.17855410775144362,0.17868048070434694,0.17880710564735308,0.17880710564735308,0.17868048070434694,0.30274674679090013,0.17571484977948262,0.17880710564735308,0.17880710564735308,0.17880710564735308,0.06730580827515545,0.2973068880112139,0.1654790748445233,0.17880710564735308,0.17880710564735308,0.17880710564735308,0.17718035453921316,0.17880710564735308,0.17880710564735308,5700 office expense
purchase mpbsdp -so personal prope passtime gps renewal spring auto financial product manage cypress hill use passtime platform reduce risk prevent loss vehicle cypress portfolio 6/20/2022 update card limit $ 1000 need match renewal requirement,0.17817649085351708,0.16853114399798705,0.30274674679090013,0.17880710564735308,0.17880710564735308,0.17880710564735308,0.17880710564735308,0.17499458813117655,0.17855410775144362,0.17868048070434694,0.17880710564735308,0.17880710564735308,0.17868048070434694,0.30274674679090013,0.17571484977948262,0.17880710564735308,0.17880710564735308,0.17880710564735308,0.06730580827515545,0.2973068880112139,0.1654790748445233,0.17880710564735308,0.17880710564735308,0.17880710564735308,0.17718035453921316,0.17880710564735308,0.17880710564735308,5700 office expense
purchase mpbsdp -so personal prope passtime gps renewal spring auto financial product manage cypress hill use passtime platform reduce risk prevent loss vehicle cypress portfolio 6/20/2022 update card limit $ 1000 need match renewal requirement,0.17817649085351708,0.16853114399798705,0.30274674679090013,0.17880710564735308,0.17880710564735308,0.17880710564735308,0.17880710564735308,0.17499458813117655,0.17855410775144362,0.17868048070434694,0.17880710564735308,0.17880710564735308,0.17868048070434694,0.30274674679090013,0.17571484977948262,0.17880710564735308,0.17880710564735308,0.17880710564735308,0.06730580827515545,0.2973068880112139,0.1654790748445233,0.17880710564735308,0.17880710564735308,0.17880710564735308,0.17718035453921316,0.17880710564735308,0.17880710564735308,5700 office expense
purchase mpbsdp -so personal prope passtime gps renewal spring auto financial product manage cypress hill use passtime platform reduce risk prevent loss vehicle cypress portfolio 6/20/2022 update card limit $ 1000 need match renewal requirement,0.17817649085351708,0.16853114399798705,0.30274674679090013,0.17880710564735308,0.17880710564735308,0.17880710564735308,0.17880710564735308,0.17499458813117655,0.17855410775144362,0.17868048070434694,0.17880710564735308,0.17880710564735308,0.17868048070434694,0.30274674679090013,0.17571484977948262,0.17880710564735308,0.17880710564735308,0.17880710564735308,0.06730580827515545,0.2973068880112139,0.1654790748445233,0.17880710564735308,0.17880710564735308,0.17880710564735308,0.17718035453921316,0.17880710564735308,0.17880710564735308,5700 office expense
purchase mpbsdp -so personal prope passtime gps renewal spring auto financial product manage cypress hill use passtime platform reduce risk prevent loss vehicle cypress portfolio 6/20/2022 update card limit $ 1000 need match renewal requirement,0.17817649085351708,0.16853114399798705,0.30274674679090013,0.17880710564735308,0.17880710564735308,0.17880710564735308,0.17880710564735308,0.17499458813117655,0.17855410775144362,0.17868048070434694,0.17880710564735308,0.17880710564735308,0.17868048070434694,0.30274674679090013,0.17571484977948262,0.17880710564735308,0.17880710564735308,0.17880710564735308,0.06730580827515545,0.2973068880112139,0.1654790748445233,0.17880710564735308,0.17880710564735308,0.17880710564735308,0.17718035453921316,0.17880710564735308,0.17880710564735308,5700 office expense
purchase mpbsdp -so personal prope passtime gps renewal spring auto financial product manage cypress hill use passtime platform reduce risk prevent loss vehicle cypress portfolio 6/20/2022 update card limit $ 1000 need match renewal requirement,0.17817649085351708,0.16853114399798705,0.30274674679090013,0.17880710564735308,0.17880710564735308,0.17880710564735308,0.17880710564735308,0.17499458813117655,0.17855410775144362,0.17868048070434694,0.17880710564735308,0.17880710564735308,0.17868048070434694,0.30274674679090013,0.17571484977948262,0.17880710564735308,0.17880710564735308,0.17880710564735308,0.06730580827515545,0.2973068880112139,0.1654790748445233,0.17880710564735308,0.17880710564735308,0.17880710564735308,0.17718035453921316,0.17880710564735308,0.17880710564735308,5700 office expense
purchase indigo park v101/102 mo,0.0,0.0,0.0,0.0,0.0,0.0,0.0,0.0,0.0,0.0,0.0,0.0,0.0,0.0,0.0,0.0,0.0,0.0,1.0,0.0,0.0,0.0,0.0,0.0,0.0,0.0,0.0,5700 office expense
purchase indigo park v101/102 mo,0.0,0.0,0.0,0.0,0.0,0.0,0.0,0.0,0.0,0.0,0.0,0.0,0.0,0.0,0.0,0.0,0.0,0.0,1.0,0.0,0.0,0.0,0.0,0.0,0.0,0.0,0.0,5700 office expense
purchase mpbsdp -so personal prope passtime gps renewal spring auto financial product manage cypress hill use passtime platform reduce risk prevent loss vehicle cypress portfolio 6/20/2022 update card limit $ 1000 need match renewal requirement,0.17817649085351708,0.16853114399798705,0.30274674679090013,0.17880710564735308,0.17880710564735308,0.17880710564735308,0.17880710564735308,0.17499458813117655,0.17855410775144362,0.17868048070434694,0.17880710564735308,0.17880710564735308,0.17868048070434694,0.30274674679090013,0.17571484977948262,0.17880710564735308,0.17880710564735308,0.17880710564735308,0.06730580827515545,0.2973068880112139,0.1654790748445233,0.17880710564735308,0.17880710564735308,0.17880710564735308,0.17718035453921316,0.17880710564735308,0.17880710564735308,5700 office expense
purchase insurance council sas license renewal,0.0,0.0,0.0,0.0,0.0,0.0,0.0,0.0,0.0,0.0,0.0,0.0,0.0,0.0,0.0,0.0,0.0,0.0,0.35791136410263513,0.9337555651487123,0.0,0.0,0.0,0.0,0.0,0.0,0.0,5700 office expense
purchase international news,0.0,0.0,0.0,0.0,0.0,0.0,0.0,0.0,0.0,0.0,0.0,0.0,0.0,0.0,0.0,0.0,0.0,0.0,1.0,0.0,0.0,0.0,0.0,0.0,0.0,0.0,0.0,5700 office expense
purchase international news,0.0,0.0,0.0,0.0,0.0,0.0,0.0,0.0,0.0,0.0,0.0,0.0,0.0,0.0,0.0,0.0,0.0,0.0,1.0,0.0,0.0,0.0,0.0,0.0,0.0,0.0,0.0,5700 office expense
purchase international news,0.0,0.0,0.0,0.0,0.0,0.0,0.0,0.0,0.0,0.0,0.0,0.0,0.0,0.0,0.0,0.0,0.0,0.0,1.0,0.0,0.0,0.0,0.0,0.0,0.0,0.0,0.0,5700 office expense
purchase mpbsdp -so personal prope passtime gps renewal spring auto financial product manage cypress hill use passtime platform reduce risk prevent loss vehicle cypress portfolio 6/20/2022 update card limit $ 1000 need match renewal requirement,0.17817649085351708,0.16853114399798705,0.30274674679090013,0.17880710564735308,0.17880710564735308,0.17880710564735308,0.17880710564735308,0.17499458813117655,0.17855410775144362,0.17868048070434694,0.17880710564735308,0.17880710564735308,0.17868048070434694,0.30274674679090013,0.17571484977948262,0.17880710564735308,0.17880710564735308,0.17880710564735308,0.06730580827515545,0.2973068880112139,0.1654790748445233,0.17880710564735308,0.17880710564735308,0.17880710564735308,0.17718035453921316,0.17880710564735308,0.17880710564735308,5700 office expense
purchase mpbsdp -so personal prope passtime gps renewal spring auto financial product manage cypress hill use passtime platform reduce risk prevent loss vehicle cypress portfolio 6/20/2022 update card limit $ 1000 need match renewal requirement,0.17817649085351708,0.16853114399798705,0.30274674679090013,0.17880710564735308,0.17880710564735308,0.17880710564735308,0.17880710564735308,0.17499458813117655,0.17855410775144362,0.17868048070434694,0.17880710564735308,0.17880710564735308,0.17868048070434694,0.30274674679090013,0.17571484977948262,0.17880710564735308,0.17880710564735308,0.17880710564735308,0.06730580827515545,0.2973068880112139,0.1654790748445233,0.17880710564735308,0.17880710564735308,0.17880710564735308,0.17718035453921316,0.17880710564735308,0.17880710564735308,5700 office expense
purchase mpbsdp -so personal prope passtime gps renewal spring auto financial product manage cypress hill use passtime platform reduce risk prevent loss vehicle cypress portfolio 6/20/2022 update card limit $ 1000 need match renewal requirement,0.17817649085351708,0.16853114399798705,0.30274674679090013,0.17880710564735308,0.17880710564735308,0.17880710564735308,0.17880710564735308,0.17499458813117655,0.17855410775144362,0.17868048070434694,0.17880710564735308,0.17880710564735308,0.17868048070434694,0.30274674679090013,0.17571484977948262,0.17880710564735308,0.17880710564735308,0.17880710564735308,0.06730580827515545,0.2973068880112139,0.1654790748445233,0.17880710564735308,0.17880710564735308,0.17880710564735308,0.17718035453921316,0.17880710564735308,0.17880710564735308,5700 office expense
purchase mpbsdp -so personal prope passtime gps renewal spring auto financial product manage cypress hill use passtime platform reduce risk prevent loss vehicle cypress portfolio 6/20/2022 update card limit $ 1000 need match renewal requirement,0.17817649085351708,0.16853114399798705,0.30274674679090013,0.17880710564735308,0.17880710564735308,0.17880710564735308,0.17880710564735308,0.17499458813117655,0.17855410775144362,0.17868048070434694,0.17880710564735308,0.17880710564735308,0.17868048070434694,0.30274674679090013,0.17571484977948262,0.17880710564735308,0.17880710564735308,0.17880710564735308,0.06730580827515545,0.2973068880112139,0.1654790748445233,0.17880710564735308,0.17880710564735308,0.17880710564735308,0.17718035453921316,0.17880710564735308,0.17880710564735308,5700 office expense
purchase kinsta,0.0,0.0,0.0,0.0,0.0,0.0,0.0,0.0,0.0,0.0,0.0,0.0,0.0,0.0,0.0,0.0,0.0,0.0,1.0,0.0,0.0,0.0,0.0,0.0,0.0,0.0,0.0,5700 office expense
purchase mpbsdp -so personal prope passtime gps renewal spring auto financial product manage cypress hill use passtime platform reduce risk prevent loss vehicle cypress portfolio 6/20/2022 update card limit $ 1000 need match renewal requirement,0.17817649085351708,0.16853114399798705,0.30274674679090013,0.17880710564735308,0.17880710564735308,0.17880710564735308,0.17880710564735308,0.17499458813117655,0.17855410775144362,0.17868048070434694,0.17880710564735308,0.17880710564735308,0.17868048070434694,0.30274674679090013,0.17571484977948262,0.17880710564735308,0.17880710564735308,0.17880710564735308,0.06730580827515545,0.2973068880112139,0.1654790748445233,0.17880710564735308,0.17880710564735308,0.17880710564735308,0.17718035453921316,0.17880710564735308,0.17880710564735308,5700 office expense
purchase mpbsdp -so personal prope passtime gps renewal spring auto financial product manage cypress hill use passtime platform reduce risk prevent loss vehicle cypress portfolio 6/20/2022 update card limit $ 1000 need match renewal requirement,0.17817649085351708,0.16853114399798705,0.30274674679090013,0.17880710564735308,0.17880710564735308,0.17880710564735308,0.17880710564735308,0.17499458813117655,0.17855410775144362,0.17868048070434694,0.17880710564735308,0.17880710564735308,0.17868048070434694,0.30274674679090013,0.17571484977948262,0.17880710564735308,0.17880710564735308,0.17880710564735308,0.06730580827515545,0.2973068880112139,0.1654790748445233,0.17880710564735308,0.17880710564735308,0.17880710564735308,0.17718035453921316,0.17880710564735308,0.17880710564735308,5700 office expense
purchase mpbsdp -so personal prope passtime gps renewal spring auto financial product manage cypress hill use passtime platform reduce risk prevent loss vehicle cypress portfolio 6/20/2022 update card limit $ 1000 need match renewal requirement,0.17817649085351708,0.16853114399798705,0.30274674679090013,0.17880710564735308,0.17880710564735308,0.17880710564735308,0.17880710564735308,0.17499458813117655,0.17855410775144362,0.17868048070434694,0.17880710564735308,0.17880710564735308,0.17868048070434694,0.30274674679090013,0.17571484977948262,0.17880710564735308,0.17880710564735308,0.17880710564735308,0.06730580827515545,0.2973068880112139,0.1654790748445233,0.17880710564735308,0.17880710564735308,0.17880710564735308,0.17718035453921316,0.17880710564735308,0.17880710564735308,5700 office expense
purchase mpbsdp -so personal prope passtime gps renewal spring auto financial product manage cypress hill use passtime platform reduce risk prevent loss vehicle cypress portfolio 6/20/2022 update card limit $ 1000 need match renewal requirement,0.17817649085351708,0.16853114399798705,0.30274674679090013,0.17880710564735308,0.17880710564735308,0.17880710564735308,0.17880710564735308,0.17499458813117655,0.17855410775144362,0.17868048070434694,0.17880710564735308,0.17880710564735308,0.17868048070434694,0.30274674679090013,0.17571484977948262,0.17880710564735308,0.17880710564735308,0.17880710564735308,0.06730580827515545,0.2973068880112139,0.1654790748445233,0.17880710564735308,0.17880710564735308,0.17880710564735308,0.17718035453921316,0.17880710564735308,0.17880710564735308,5700 office expense
purchase mpbsdp -so personal prope passtime gps renewal spring auto financial product manage cypress hill use passtime platform reduce risk prevent loss vehicle cypress portfolio 6/20/2022 update card limit $ 1000 need match renewal requirement,0.17817649085351708,0.16853114399798705,0.30274674679090013,0.17880710564735308,0.17880710564735308,0.17880710564735308,0.17880710564735308,0.17499458813117655,0.17855410775144362,0.17868048070434694,0.17880710564735308,0.17880710564735308,0.17868048070434694,0.30274674679090013,0.17571484977948262,0.17880710564735308,0.17880710564735308,0.17880710564735308,0.06730580827515545,0.2973068880112139,0.1654790748445233,0.17880710564735308,0.17880710564735308,0.17880710564735308,0.17718035453921316,0.17880710564735308,0.17880710564735308,5700 office expense
purchase mpbsdp -so personal prope passtime gps renewal spring auto financial product manage cypress hill use passtime platform reduce risk prevent loss vehicle cypress portfolio 6/20/2022 update card limit $ 1000 need match renewal requirement,0.17817649085351708,0.16853114399798705,0.30274674679090013,0.17880710564735308,0.17880710564735308,0.17880710564735308,0.17880710564735308,0.17499458813117655,0.17855410775144362,0.17868048070434694,0.17880710564735308,0.17880710564735308,0.17868048070434694,0.30274674679090013,0.17571484977948262,0.17880710564735308,0.17880710564735308,0.17880710564735308,0.06730580827515545,0.2973068880112139,0.1654790748445233,0.17880710564735308,0.17880710564735308,0.17880710564735308,0.17718035453921316,0.17880710564735308,0.17880710564735308,5700 office expense
purchase mpbsdp -so personal prope passtime gps renewal spring auto financial product manage cypress hill use passtime platform reduce risk prevent loss vehicle cypress portfolio 6/20/2022 update card limit $ 1000 need match renewal requirement,0.17817649085351708,0.16853114399798705,0.30274674679090013,0.17880710564735308,0.17880710564735308,0.17880710564735308,0.17880710564735308,0.17499458813117655,0.17855410775144362,0.17868048070434694,0.17880710564735308,0.17880710564735308,0.17868048070434694,0.30274674679090013,0.17571484977948262,0.17880710564735308,0.17880710564735308,0.17880710564735308,0.06730580827515545,0.2973068880112139,0.1654790748445233,0.17880710564735308,0.17880710564735308,0.17880710564735308,0.17718035453921316,0.17880710564735308,0.17880710564735308,5700 office expense
purchase la maison simon simon gift card brodie marshall win mtl xmas party,0.0,0.9286792022230755,0.0,0.0,0.0,0.0,0.0,0.0,0.0,0.0,0.0,0.0,0.0,0.0,0.0,0.0,0.0,0.0,0.37088399717204323,0.0,0.0,0.0,0.0,0.0,0.0,0.0,0.0,5700 office expense
purchase lawinsider.com license renewal,0.0,0.0,0.0,0.0,0.0,0.0,0.0,0.0,0.0,0.0,0.0,0.0,0.0,0.0,0.0,0.0,0.0,0.0,0.35791136410263513,0.9337555651487123,0.0,0.0,0.0,0.0,0.0,0.0,0.0,5700 office expense
purchase legacy liquor store,0.0,0.0,0.0,0.0,0.0,0.0,0.0,0.0,0.0,0.0,0.0,0.0,0.0,0.0,0.0,0.0,0.0,0.0,1.0,0.0,0.0,0.0,0.0,0.0,0.0,0.0,0.0,5700 office expense
purchase loblaws city market,0.0,0.0,0.0,0.0,0.0,0.0,0.0,0.0,0.0,0.0,0.0,0.0,0.0,0.0,0.0,0.0,0.0,0.0,1.0,0.0,0.0,0.0,0.0,0.0,0.0,0.0,0.0,5700 office expense
purchase london drug 19,0.0,0.0,0.0,0.0,0.0,0.0,0.0,0.0,0.0,0.0,0.0,0.0,0.0,0.0,0.0,0.0,0.0,0.0,1.0,0.0,0.0,0.0,0.0,0.0,0.0,0.0,0.0,5700 office expense
purchase luv com iphone flutter developer bloom,0.0,0.0,0.0,0.0,0.0,0.0,0.0,0.0,0.0,0.0,0.0,0.0,0.0,0.0,0.0,0.0,0.0,0.0,1.0,0.0,0.0,0.0,0.0,0.0,0.0,0.0,0.0,5700 office expense
purchase mpbsdp -so personal prope passtime gps renewal spring auto financial product manage cypress hill use passtime platform reduce risk prevent loss vehicle cypress portfolio 6/20/2022 update card limit $ 1000 need match renewal requirement,0.17817649085351708,0.16853114399798705,0.30274674679090013,0.17880710564735308,0.17880710564735308,0.17880710564735308,0.17880710564735308,0.17499458813117655,0.17855410775144362,0.17868048070434694,0.17880710564735308,0.17880710564735308,0.17868048070434694,0.30274674679090013,0.17571484977948262,0.17880710564735308,0.17880710564735308,0.17880710564735308,0.06730580827515545,0.2973068880112139,0.1654790748445233,0.17880710564735308,0.17880710564735308,0.17880710564735308,0.17718035453921316,0.17880710564735308,0.17880710564735308,5700 office expense
purchase michael 3974,0.0,0.0,0.0,0.0,0.0,0.0,0.0,0.0,0.0,0.0,0.0,0.0,0.0,0.0,0.0,0.0,0.0,0.0,1.0,0.0,0.0,0.0,0.0,0.0,0.0,0.0,0.0,5700 office expense
purchase mpbsdp -so personal prope passtime gps renewal spring auto financial product manage cypress hill use passtime platform reduce risk prevent loss vehicle cypress portfolio 6/20/2022 update card limit $ 1000 need match renewal requirement,0.17817649085351708,0.16853114399798705,0.30274674679090013,0.17880710564735308,0.17880710564735308,0.17880710564735308,0.17880710564735308,0.17499458813117655,0.17855410775144362,0.17868048070434694,0.17880710564735308,0.17880710564735308,0.17868048070434694,0.30274674679090013,0.17571484977948262,0.17880710564735308,0.17880710564735308,0.17880710564735308,0.06730580827515545,0.2973068880112139,0.1654790748445233,0.17880710564735308,0.17880710564735308,0.17880710564735308,0.17718035453921316,0.17880710564735308,0.17880710564735308,5700 office expense
bill payment montreal cowork montreal cowork,0.0,0.0,0.0,0.0,0.0,0.0,0.0,0.0,0.0,0.0,0.0,0.0,0.0,0.0,0.0,0.0,0.0,0.0,0.0,0.0,0.0,0.0,0.0,0.0,0.0,0.0,0.0,5700 office expense
purchase montreal cowork inc,0.0,0.0,0.0,0.0,0.0,0.0,0.0,0.0,0.0,0.0,0.0,0.0,0.0,0.0,0.0,0.0,0.0,0.0,1.0,0.0,0.0,0.0,0.0,0.0,0.0,0.0,0.0,5700 office expense
purchase montvr,0.0,0.0,0.0,0.0,0.0,0.0,0.0,0.0,0.0,0.0,0.0,0.0,0.0,0.0,0.0,0.0,0.0,0.0,1.0,0.0,0.0,0.0,0.0,0.0,0.0,0.0,0.0,5700 office expense
purchase movinghelpcom,0.0,0.0,0.0,0.0,0.0,0.0,0.0,0.0,0.0,0.0,0.0,0.0,0.0,0.0,0.0,0.0,0.0,0.0,1.0,0.0,0.0,0.0,0.0,0.0,0.0,0.0,0.0,5700 office expense
refund movinghelpcom,0.0,0.0,0.0,0.0,0.0,0.0,0.0,0.0,0.0,0.0,0.0,0.0,0.0,0.0,0.0,0.0,0.0,0.0,0.0,0.0,0.0,0.0,0.0,0.0,0.0,0.0,0.0,5700 office expense
purchase mpbsdp -so personal prope passtime gps renewal spring auto financial product manage cypress hill use passtime platform reduce risk prevent loss vehicle cypress portfolio 6/20/2022 update card limit $ 1000 need match renewal requirement,0.17817649085351708,0.16853114399798705,0.30274674679090013,0.17880710564735308,0.17880710564735308,0.17880710564735308,0.17880710564735308,0.17499458813117655,0.17855410775144362,0.17868048070434694,0.17880710564735308,0.17880710564735308,0.17868048070434694,0.30274674679090013,0.17571484977948262,0.17880710564735308,0.17880710564735308,0.17880710564735308,0.06730580827515545,0.2973068880112139,0.1654790748445233,0.17880710564735308,0.17880710564735308,0.17880710564735308,0.17718035453921316,0.17880710564735308,0.17880710564735308,5700 office expense
purchase mpbsdp -so personal prope passtime gps renewal spring auto financial product manage cypress hill use passtime platform reduce risk prevent loss vehicle cypress portfolio 6/20/2022 update card limit $ 1000 need match renewal requirement,0.17817649085351708,0.16853114399798705,0.30274674679090013,0.17880710564735308,0.17880710564735308,0.17880710564735308,0.17880710564735308,0.17499458813117655,0.17855410775144362,0.17868048070434694,0.17880710564735308,0.17880710564735308,0.17868048070434694,0.30274674679090013,0.17571484977948262,0.17880710564735308,0.17880710564735308,0.17880710564735308,0.06730580827515545,0.2973068880112139,0.1654790748445233,0.17880710564735308,0.17880710564735308,0.17880710564735308,0.17718035453921316,0.17880710564735308,0.17880710564735308,5700 office expense
purchase mpbsdp -so personal prope passtime gps renewal spring auto financial product manage cypress hill use passtime platform reduce risk prevent loss vehicle cypress portfolio 6/20/2022 update card limit $ 1000 need match renewal requirement,0.17817649085351708,0.16853114399798705,0.30274674679090013,0.17880710564735308,0.17880710564735308,0.17880710564735308,0.17880710564735308,0.17499458813117655,0.17855410775144362,0.17868048070434694,0.17880710564735308,0.17880710564735308,0.17868048070434694,0.30274674679090013,0.17571484977948262,0.17880710564735308,0.17880710564735308,0.17880710564735308,0.06730580827515545,0.2973068880112139,0.1654790748445233,0.17880710564735308,0.17880710564735308,0.17880710564735308,0.17718035453921316,0.17880710564735308,0.17880710564735308,5700 office expense
purchase mpbsdp -so personal prope passtime gps renewal spring auto financial product manage cypress hill use passtime platform reduce risk prevent loss vehicle cypress portfolio 6/20/2022 update card limit $ 1000 need match renewal requirement,0.17817649085351708,0.16853114399798705,0.30274674679090013,0.17880710564735308,0.17880710564735308,0.17880710564735308,0.17880710564735308,0.17499458813117655,0.17855410775144362,0.17868048070434694,0.17880710564735308,0.17880710564735308,0.17868048070434694,0.30274674679090013,0.17571484977948262,0.17880710564735308,0.17880710564735308,0.17880710564735308,0.06730580827515545,0.2973068880112139,0.1654790748445233,0.17880710564735308,0.17880710564735308,0.17880710564735308,0.17718035453921316,0.17880710564735308,0.17880710564735308,5700 office expense
purchase mpbsdp -so personal prope passtime gps renewal spring auto financial product manage cypress hill use passtime platform reduce risk prevent loss vehicle cypress portfolio 6/20/2022 update card limit $ 1000 need match renewal requirement,0.17817649085351708,0.16853114399798705,0.30274674679090013,0.17880710564735308,0.17880710564735308,0.17880710564735308,0.17880710564735308,0.17499458813117655,0.17855410775144362,0.17868048070434694,0.17880710564735308,0.17880710564735308,0.17868048070434694,0.30274674679090013,0.17571484977948262,0.17880710564735308,0.17880710564735308,0.17880710564735308,0.06730580827515545,0.2973068880112139,0.1654790748445233,0.17880710564735308,0.17880710564735308,0.17880710564735308,0.17718035453921316,0.17880710564735308,0.17880710564735308,5700 office expense
purchase mpbsdp -so personal prope passtime gps renewal spring auto financial product manage cypress hill use passtime platform reduce risk prevent loss vehicle cypress portfolio 6/20/2022 update card limit $ 1000 need match renewal requirement,0.17817649085351708,0.16853114399798705,0.30274674679090013,0.17880710564735308,0.17880710564735308,0.17880710564735308,0.17880710564735308,0.17499458813117655,0.17855410775144362,0.17868048070434694,0.17880710564735308,0.17880710564735308,0.17868048070434694,0.30274674679090013,0.17571484977948262,0.17880710564735308,0.17880710564735308,0.17880710564735308,0.06730580827515545,0.2973068880112139,0.1654790748445233,0.17880710564735308,0.17880710564735308,0.17880710564735308,0.17718035453921316,0.17880710564735308,0.17880710564735308,5700 office expense
purchase mpbsdp -so personal prope passtime gps renewal spring auto financial product manage cypress hill use passtime platform reduce risk prevent loss vehicle cypress portfolio 6/20/2022 update card limit $ 1000 need match renewal requirement,0.17817649085351708,0.16853114399798705,0.30274674679090013,0.17880710564735308,0.17880710564735308,0.17880710564735308,0.17880710564735308,0.17499458813117655,0.17855410775144362,0.17868048070434694,0.17880710564735308,0.17880710564735308,0.17868048070434694,0.30274674679090013,0.17571484977948262,0.17880710564735308,0.17880710564735308,0.17880710564735308,0.06730580827515545,0.2973068880112139,0.1654790748445233,0.17880710564735308,0.17880710564735308,0.17880710564735308,0.17718035453921316,0.17880710564735308,0.17880710564735308,5700 office expense
purchase mpbsdp -so personal prope passtime gps renewal spring auto financial product manage cypress hill use passtime platform reduce risk prevent loss vehicle cypress portfolio 6/20/2022 update card limit $ 1000 need match renewal requirement,0.17817649085351708,0.16853114399798705,0.30274674679090013,0.17880710564735308,0.17880710564735308,0.17880710564735308,0.17880710564735308,0.17499458813117655,0.17855410775144362,0.17868048070434694,0.17880710564735308,0.17880710564735308,0.17868048070434694,0.30274674679090013,0.17571484977948262,0.17880710564735308,0.17880710564735308,0.17880710564735308,0.06730580827515545,0.2973068880112139,0.1654790748445233,0.17880710564735308,0.17880710564735308,0.17880710564735308,0.17718035453921316,0.17880710564735308,0.17880710564735308,5700 office expense
purchase mpbsdp -so personal prope passtime gps renewal spring auto financial product manage cypress hill use passtime platform reduce risk prevent loss vehicle cypress portfolio 6/20/2022 update card limit $ 1000 need match renewal requirement,0.17817649085351708,0.16853114399798705,0.30274674679090013,0.17880710564735308,0.17880710564735308,0.17880710564735308,0.17880710564735308,0.17499458813117655,0.17855410775144362,0.17868048070434694,0.17880710564735308,0.17880710564735308,0.17868048070434694,0.30274674679090013,0.17571484977948262,0.17880710564735308,0.17880710564735308,0.17880710564735308,0.06730580827515545,0.2973068880112139,0.1654790748445233,0.17880710564735308,0.17880710564735308,0.17880710564735308,0.17718035453921316,0.17880710564735308,0.17880710564735308,5700 office expense
purchase mpbsdp -so personal prope passtime gps renewal spring auto financial product manage cypress hill use passtime platform reduce risk prevent loss vehicle cypress portfolio 6/20/2022 update card limit $ 1000 need match renewal requirement,0.17817649085351708,0.16853114399798705,0.30274674679090013,0.17880710564735308,0.17880710564735308,0.17880710564735308,0.17880710564735308,0.17499458813117655,0.17855410775144362,0.17868048070434694,0.17880710564735308,0.17880710564735308,0.17868048070434694,0.30274674679090013,0.17571484977948262,0.17880710564735308,0.17880710564735308,0.17880710564735308,0.06730580827515545,0.2973068880112139,0.1654790748445233,0.17880710564735308,0.17880710564735308,0.17880710564735308,0.17718035453921316,0.17880710564735308,0.17880710564735308,5700 office expense
purchase mpbsdp -so personal prope passtime gps renewal spring auto financial product manage cypress hill use passtime platform reduce risk prevent loss vehicle cypress portfolio 6/20/2022 update card limit $ 1000 need match renewal requirement,0.17817649085351708,0.16853114399798705,0.30274674679090013,0.17880710564735308,0.17880710564735308,0.17880710564735308,0.17880710564735308,0.17499458813117655,0.17855410775144362,0.17868048070434694,0.17880710564735308,0.17880710564735308,0.17868048070434694,0.30274674679090013,0.17571484977948262,0.17880710564735308,0.17880710564735308,0.17880710564735308,0.06730580827515545,0.2973068880112139,0.1654790748445233,0.17880710564735308,0.17880710564735308,0.17880710564735308,0.17718035453921316,0.17880710564735308,0.17880710564735308,5700 office expense
purchase mpbsdp -so personal prope passtime gps renewal spring auto financial product manage cypress hill use passtime platform reduce risk prevent loss vehicle cypress portfolio 6/20/2022 update card limit $ 1000 need match renewal requirement,0.17817649085351708,0.16853114399798705,0.30274674679090013,0.17880710564735308,0.17880710564735308,0.17880710564735308,0.17880710564735308,0.17499458813117655,0.17855410775144362,0.17868048070434694,0.17880710564735308,0.17880710564735308,0.17868048070434694,0.30274674679090013,0.17571484977948262,0.17880710564735308,0.17880710564735308,0.17880710564735308,0.06730580827515545,0.2973068880112139,0.1654790748445233,0.17880710564735308,0.17880710564735308,0.17880710564735308,0.17718035453921316,0.17880710564735308,0.17880710564735308,5700 office expense
purchase mpbsdp -so personal prope passtime gps renewal spring auto financial product manage cypress hill use passtime platform reduce risk prevent loss vehicle cypress portfolio 6/20/2022 update card limit $ 1000 need match renewal requirement,0.17817649085351708,0.16853114399798705,0.30274674679090013,0.17880710564735308,0.17880710564735308,0.17880710564735308,0.17880710564735308,0.17499458813117655,0.17855410775144362,0.17868048070434694,0.17880710564735308,0.17880710564735308,0.17868048070434694,0.30274674679090013,0.17571484977948262,0.17880710564735308,0.17880710564735308,0.17880710564735308,0.06730580827515545,0.2973068880112139,0.1654790748445233,0.17880710564735308,0.17880710564735308,0.17880710564735308,0.17718035453921316,0.17880710564735308,0.17880710564735308,5700 office expense
purchase mpbsdp -so personal prope passtime gps renewal spring auto financial product manage cypress hill use passtime platform reduce risk prevent loss vehicle cypress portfolio 6/20/2022 update card limit $ 1000 need match renewal requirement,0.17817649085351708,0.16853114399798705,0.30274674679090013,0.17880710564735308,0.17880710564735308,0.17880710564735308,0.17880710564735308,0.17499458813117655,0.17855410775144362,0.17868048070434694,0.17880710564735308,0.17880710564735308,0.17868048070434694,0.30274674679090013,0.17571484977948262,0.17880710564735308,0.17880710564735308,0.17880710564735308,0.06730580827515545,0.2973068880112139,0.1654790748445233,0.17880710564735308,0.17880710564735308,0.17880710564735308,0.17718035453921316,0.17880710564735308,0.17880710564735308,5700 office expense
purchase mpbsdp -so personal prope passtime gps renewal spring auto financial product manage cypress hill use passtime platform reduce risk prevent loss vehicle cypress portfolio 6/20/2022 update card limit $ 1000 need match renewal requirement,0.17817649085351708,0.16853114399798705,0.30274674679090013,0.17880710564735308,0.17880710564735308,0.17880710564735308,0.17880710564735308,0.17499458813117655,0.17855410775144362,0.17868048070434694,0.17880710564735308,0.17880710564735308,0.17868048070434694,0.30274674679090013,0.17571484977948262,0.17880710564735308,0.17880710564735308,0.17880710564735308,0.06730580827515545,0.2973068880112139,0.1654790748445233,0.17880710564735308,0.17880710564735308,0.17880710564735308,0.17718035453921316,0.17880710564735308,0.17880710564735308,5700 office expense
purchase mpbsdp -so personal prope passtime gps renewal spring auto financial product manage cypress hill use passtime platform reduce risk prevent loss vehicle cypress portfolio 6/20/2022 update card limit $ 1000 need match renewal requirement,0.17817649085351708,0.16853114399798705,0.30274674679090013,0.17880710564735308,0.17880710564735308,0.17880710564735308,0.17880710564735308,0.17499458813117655,0.17855410775144362,0.17868048070434694,0.17880710564735308,0.17880710564735308,0.17868048070434694,0.30274674679090013,0.17571484977948262,0.17880710564735308,0.17880710564735308,0.17880710564735308,0.06730580827515545,0.2973068880112139,0.1654790748445233,0.17880710564735308,0.17880710564735308,0.17880710564735308,0.17718035453921316,0.17880710564735308,0.17880710564735308,5700 office expense
purchase mpbsdp -so personal prope passtime gps renewal spring auto financial product manage cypress hill use passtime platform reduce risk prevent loss vehicle cypress portfolio 6/20/2022 update card limit $ 1000 need match renewal requirement,0.17817649085351708,0.16853114399798705,0.30274674679090013,0.17880710564735308,0.17880710564735308,0.17880710564735308,0.17880710564735308,0.17499458813117655,0.17855410775144362,0.17868048070434694,0.17880710564735308,0.17880710564735308,0.17868048070434694,0.30274674679090013,0.17571484977948262,0.17880710564735308,0.17880710564735308,0.17880710564735308,0.06730580827515545,0.2973068880112139,0.1654790748445233,0.17880710564735308,0.17880710564735308,0.17880710564735308,0.17718035453921316,0.17880710564735308,0.17880710564735308,5700 office expense
purchase mpbsdp -so personal prope passtime gps renewal spring auto financial product manage cypress hill use passtime platform reduce risk prevent loss vehicle cypress portfolio 6/20/2022 update card limit $ 1000 need match renewal requirement,0.17817649085351708,0.16853114399798705,0.30274674679090013,0.17880710564735308,0.17880710564735308,0.17880710564735308,0.17880710564735308,0.17499458813117655,0.17855410775144362,0.17868048070434694,0.17880710564735308,0.17880710564735308,0.17868048070434694,0.30274674679090013,0.17571484977948262,0.17880710564735308,0.17880710564735308,0.17880710564735308,0.06730580827515545,0.2973068880112139,0.1654790748445233,0.17880710564735308,0.17880710564735308,0.17880710564735308,0.17718035453921316,0.17880710564735308,0.17880710564735308,5700 office expense
purchase mpbsdp -so personal prope passtime gps renewal spring auto financial product manage cypress hill use passtime platform reduce risk prevent loss vehicle cypress portfolio 6/20/2022 update card limit $ 1000 need match renewal requirement,0.17817649085351708,0.16853114399798705,0.30274674679090013,0.17880710564735308,0.17880710564735308,0.17880710564735308,0.17880710564735308,0.17499458813117655,0.17855410775144362,0.17868048070434694,0.17880710564735308,0.17880710564735308,0.17868048070434694,0.30274674679090013,0.17571484977948262,0.17880710564735308,0.17880710564735308,0.17880710564735308,0.06730580827515545,0.2973068880112139,0.1654790748445233,0.17880710564735308,0.17880710564735308,0.17880710564735308,0.17718035453921316,0.17880710564735308,0.17880710564735308,5700 office expense
purchase mpbsdp -so personal prope passtime gps renewal spring auto financial product manage cypress hill use passtime platform reduce risk prevent loss vehicle cypress portfolio 6/20/2022 update card limit $ 1000 need match renewal requirement,0.17817649085351708,0.16853114399798705,0.30274674679090013,0.17880710564735308,0.17880710564735308,0.17880710564735308,0.17880710564735308,0.17499458813117655,0.17855410775144362,0.17868048070434694,0.17880710564735308,0.17880710564735308,0.17868048070434694,0.30274674679090013,0.17571484977948262,0.17880710564735308,0.17880710564735308,0.17880710564735308,0.06730580827515545,0.2973068880112139,0.1654790748445233,0.17880710564735308,0.17880710564735308,0.17880710564735308,0.17718035453921316,0.17880710564735308,0.17880710564735308,5700 office expense
purchase mpbsdp -so personal prope passtime gps renewal spring auto financial product manage cypress hill use passtime platform reduce risk prevent loss vehicle cypress portfolio 6/20/2022 update card limit $ 1000 need match renewal requirement,0.17817649085351708,0.16853114399798705,0.30274674679090013,0.17880710564735308,0.17880710564735308,0.17880710564735308,0.17880710564735308,0.17499458813117655,0.17855410775144362,0.17868048070434694,0.17880710564735308,0.17880710564735308,0.17868048070434694,0.30274674679090013,0.17571484977948262,0.17880710564735308,0.17880710564735308,0.17880710564735308,0.06730580827515545,0.2973068880112139,0.1654790748445233,0.17880710564735308,0.17880710564735308,0.17880710564735308,0.17718035453921316,0.17880710564735308,0.17880710564735308,5700 office expense
purchase mpbsdp -so personal prope passtime gps renewal spring auto financial product manage cypress hill use passtime platform reduce risk prevent loss vehicle cypress portfolio 6/20/2022 update card limit $ 1000 need match renewal requirement,0.17817649085351708,0.16853114399798705,0.30274674679090013,0.17880710564735308,0.17880710564735308,0.17880710564735308,0.17880710564735308,0.17499458813117655,0.17855410775144362,0.17868048070434694,0.17880710564735308,0.17880710564735308,0.17868048070434694,0.30274674679090013,0.17571484977948262,0.17880710564735308,0.17880710564735308,0.17880710564735308,0.06730580827515545,0.2973068880112139,0.1654790748445233,0.17880710564735308,0.17880710564735308,0.17880710564735308,0.17718035453921316,0.17880710564735308,0.17880710564735308,5700 office expense
purchase mpbsdp -so personal prope passtime gps renewal spring auto financial product manage cypress hill use passtime platform reduce risk prevent loss vehicle cypress portfolio 6/20/2022 update card limit $ 1000 need match renewal requirement,0.17817649085351708,0.16853114399798705,0.30274674679090013,0.17880710564735308,0.17880710564735308,0.17880710564735308,0.17880710564735308,0.17499458813117655,0.17855410775144362,0.17868048070434694,0.17880710564735308,0.17880710564735308,0.17868048070434694,0.30274674679090013,0.17571484977948262,0.17880710564735308,0.17880710564735308,0.17880710564735308,0.06730580827515545,0.2973068880112139,0.1654790748445233,0.17880710564735308,0.17880710564735308,0.17880710564735308,0.17718035453921316,0.17880710564735308,0.17880710564735308,5700 office expense
purchase mpbsdp -so personal prope passtime gps renewal spring auto financial product manage cypress hill use passtime platform reduce risk prevent loss vehicle cypress portfolio 6/20/2022 update card limit $ 1000 need match renewal requirement,0.17817649085351708,0.16853114399798705,0.30274674679090013,0.17880710564735308,0.17880710564735308,0.17880710564735308,0.17880710564735308,0.17499458813117655,0.17855410775144362,0.17868048070434694,0.17880710564735308,0.17880710564735308,0.17868048070434694,0.30274674679090013,0.17571484977948262,0.17880710564735308,0.17880710564735308,0.17880710564735308,0.06730580827515545,0.2973068880112139,0.1654790748445233,0.17880710564735308,0.17880710564735308,0.17880710564735308,0.17718035453921316,0.17880710564735308,0.17880710564735308,5700 office expense
purchase mpbsdp -so personal prope passtime gps renewal spring auto financial product manage cypress hill use passtime platform reduce risk prevent loss vehicle cypress portfolio 6/20/2022 update card limit $ 1000 need match renewal requirement,0.17817649085351708,0.16853114399798705,0.30274674679090013,0.17880710564735308,0.17880710564735308,0.17880710564735308,0.17880710564735308,0.17499458813117655,0.17855410775144362,0.17868048070434694,0.17880710564735308,0.17880710564735308,0.17868048070434694,0.30274674679090013,0.17571484977948262,0.17880710564735308,0.17880710564735308,0.17880710564735308,0.06730580827515545,0.2973068880112139,0.1654790748445233,0.17880710564735308,0.17880710564735308,0.17880710564735308,0.17718035453921316,0.17880710564735308,0.17880710564735308,5700 office expense
purchase mpbsdp -so personal prope passtime gps renewal spring auto financial product manage cypress hill use passtime platform reduce risk prevent loss vehicle cypress portfolio 6/20/2022 update card limit $ 1000 need match renewal requirement,0.17817649085351708,0.16853114399798705,0.30274674679090013,0.17880710564735308,0.17880710564735308,0.17880710564735308,0.17880710564735308,0.17499458813117655,0.17855410775144362,0.17868048070434694,0.17880710564735308,0.17880710564735308,0.17868048070434694,0.30274674679090013,0.17571484977948262,0.17880710564735308,0.17880710564735308,0.17880710564735308,0.06730580827515545,0.2973068880112139,0.1654790748445233,0.17880710564735308,0.17880710564735308,0.17880710564735308,0.17718035453921316,0.17880710564735308,0.17880710564735308,5700 office expense
purchase mpbsdp -so personal prope passtime gps renewal spring auto financial product manage cypress hill use passtime platform reduce risk prevent loss vehicle cypress portfolio 6/20/2022 update card limit $ 1000 need match renewal requirement,0.17817649085351708,0.16853114399798705,0.30274674679090013,0.17880710564735308,0.17880710564735308,0.17880710564735308,0.17880710564735308,0.17499458813117655,0.17855410775144362,0.17868048070434694,0.17880710564735308,0.17880710564735308,0.17868048070434694,0.30274674679090013,0.17571484977948262,0.17880710564735308,0.17880710564735308,0.17880710564735308,0.06730580827515545,0.2973068880112139,0.1654790748445233,0.17880710564735308,0.17880710564735308,0.17880710564735308,0.17718035453921316,0.17880710564735308,0.17880710564735308,5700 office expense
purchase mpbsdp -so personal prope passtime gps renewal spring auto financial product manage cypress hill use passtime platform reduce risk prevent loss vehicle cypress portfolio 6/20/2022 update card limit $ 1000 need match renewal requirement,0.17817649085351708,0.16853114399798705,0.30274674679090013,0.17880710564735308,0.17880710564735308,0.17880710564735308,0.17880710564735308,0.17499458813117655,0.17855410775144362,0.17868048070434694,0.17880710564735308,0.17880710564735308,0.17868048070434694,0.30274674679090013,0.17571484977948262,0.17880710564735308,0.17880710564735308,0.17880710564735308,0.06730580827515545,0.2973068880112139,0.1654790748445233,0.17880710564735308,0.17880710564735308,0.17880710564735308,0.17718035453921316,0.17880710564735308,0.17880710564735308,5700 office expense
purchase mpbsdp -so personal prope passtime gps renewal spring auto financial product manage cypress hill use passtime platform reduce risk prevent loss vehicle cypress portfolio 6/20/2022 update card limit $ 1000 need match renewal requirement,0.17817649085351708,0.16853114399798705,0.30274674679090013,0.17880710564735308,0.17880710564735308,0.17880710564735308,0.17880710564735308,0.17499458813117655,0.17855410775144362,0.17868048070434694,0.17880710564735308,0.17880710564735308,0.17868048070434694,0.30274674679090013,0.17571484977948262,0.17880710564735308,0.17880710564735308,0.17880710564735308,0.06730580827515545,0.2973068880112139,0.1654790748445233,0.17880710564735308,0.17880710564735308,0.17880710564735308,0.17718035453921316,0.17880710564735308,0.17880710564735308,5700 office expense
purchase mpbsdp -so personal prope passtime gps renewal spring auto financial product manage cypress hill use passtime platform reduce risk prevent loss vehicle cypress portfolio 6/20/2022 update card limit $ 1000 need match renewal requirement,0.17817649085351708,0.16853114399798705,0.30274674679090013,0.17880710564735308,0.17880710564735308,0.17880710564735308,0.17880710564735308,0.17499458813117655,0.17855410775144362,0.17868048070434694,0.17880710564735308,0.17880710564735308,0.17868048070434694,0.30274674679090013,0.17571484977948262,0.17880710564735308,0.17880710564735308,0.17880710564735308,0.06730580827515545,0.2973068880112139,0.1654790748445233,0.17880710564735308,0.17880710564735308,0.17880710564735308,0.17718035453921316,0.17880710564735308,0.17880710564735308,5700 office expense
purchase mpbsdp -so personal prope passtime gps renewal spring auto financial product manage cypress hill use passtime platform reduce risk prevent loss vehicle cypress portfolio 6/20/2022 update card limit $ 1000 need match renewal requirement,0.17817649085351708,0.16853114399798705,0.30274674679090013,0.17880710564735308,0.17880710564735308,0.17880710564735308,0.17880710564735308,0.17499458813117655,0.17855410775144362,0.17868048070434694,0.17880710564735308,0.17880710564735308,0.17868048070434694,0.30274674679090013,0.17571484977948262,0.17880710564735308,0.17880710564735308,0.17880710564735308,0.06730580827515545,0.2973068880112139,0.1654790748445233,0.17880710564735308,0.17880710564735308,0.17880710564735308,0.17718035453921316,0.17880710564735308,0.17880710564735308,5700 office expense
purchase mpbsdp -so personal prope passtime gps renewal spring auto financial product manage cypress hill use passtime platform reduce risk prevent loss vehicle cypress portfolio 6/20/2022 update card limit $ 1000 need match renewal requirement,0.17817649085351708,0.16853114399798705,0.30274674679090013,0.17880710564735308,0.17880710564735308,0.17880710564735308,0.17880710564735308,0.17499458813117655,0.17855410775144362,0.17868048070434694,0.17880710564735308,0.17880710564735308,0.17868048070434694,0.30274674679090013,0.17571484977948262,0.17880710564735308,0.17880710564735308,0.17880710564735308,0.06730580827515545,0.2973068880112139,0.1654790748445233,0.17880710564735308,0.17880710564735308,0.17880710564735308,0.17718035453921316,0.17880710564735308,0.17880710564735308,5700 office expense
purchase mpbsdp -so personal prope passtime gps renewal spring auto financial product manage cypress hill use passtime platform reduce risk prevent loss vehicle cypress portfolio 6/20/2022 update card limit $ 1000 need match renewal requirement,0.17817649085351708,0.16853114399798705,0.30274674679090013,0.17880710564735308,0.17880710564735308,0.17880710564735308,0.17880710564735308,0.17499458813117655,0.17855410775144362,0.17868048070434694,0.17880710564735308,0.17880710564735308,0.17868048070434694,0.30274674679090013,0.17571484977948262,0.17880710564735308,0.17880710564735308,0.17880710564735308,0.06730580827515545,0.2973068880112139,0.1654790748445233,0.17880710564735308,0.17880710564735308,0.17880710564735308,0.17718035453921316,0.17880710564735308,0.17880710564735308,5700 office expense
purchase mpbsdp -so personal prope passtime gps renewal spring auto financial product manage cypress hill use passtime platform reduce risk prevent loss vehicle cypress portfolio 6/20/2022 update card limit $ 1000 need match renewal requirement,0.17817649085351708,0.16853114399798705,0.30274674679090013,0.17880710564735308,0.17880710564735308,0.17880710564735308,0.17880710564735308,0.17499458813117655,0.17855410775144362,0.17868048070434694,0.17880710564735308,0.17880710564735308,0.17868048070434694,0.30274674679090013,0.17571484977948262,0.17880710564735308,0.17880710564735308,0.17880710564735308,0.06730580827515545,0.2973068880112139,0.1654790748445233,0.17880710564735308,0.17880710564735308,0.17880710564735308,0.17718035453921316,0.17880710564735308,0.17880710564735308,5700 office expense
purchase mpbsdp -so personal prope passtime gps renewal spring auto financial product manage cypress hill use passtime platform reduce risk prevent loss vehicle cypress portfolio 6/20/2022 update card limit $ 1000 need match renewal requirement,0.17817649085351708,0.16853114399798705,0.30274674679090013,0.17880710564735308,0.17880710564735308,0.17880710564735308,0.17880710564735308,0.17499458813117655,0.17855410775144362,0.17868048070434694,0.17880710564735308,0.17880710564735308,0.17868048070434694,0.30274674679090013,0.17571484977948262,0.17880710564735308,0.17880710564735308,0.17880710564735308,0.06730580827515545,0.2973068880112139,0.1654790748445233,0.17880710564735308,0.17880710564735308,0.17880710564735308,0.17718035453921316,0.17880710564735308,0.17880710564735308,5700 office expense
purchase mpbsdp -so personal prope passtime gps renewal spring auto financial product manage cypress hill use passtime platform reduce risk prevent loss vehicle cypress portfolio 6/20/2022 update card limit $ 1000 need match renewal requirement,0.17817649085351708,0.16853114399798705,0.30274674679090013,0.17880710564735308,0.17880710564735308,0.17880710564735308,0.17880710564735308,0.17499458813117655,0.17855410775144362,0.17868048070434694,0.17880710564735308,0.17880710564735308,0.17868048070434694,0.30274674679090013,0.17571484977948262,0.17880710564735308,0.17880710564735308,0.17880710564735308,0.06730580827515545,0.2973068880112139,0.1654790748445233,0.17880710564735308,0.17880710564735308,0.17880710564735308,0.17718035453921316,0.17880710564735308,0.17880710564735308,5700 office expense
purchase mpbsdp -so personal prope passtime gps renewal spring auto financial product manage cypress hill use passtime platform reduce risk prevent loss vehicle cypress portfolio 6/20/2022 update card limit $ 1000 need match renewal requirement,0.17817649085351708,0.16853114399798705,0.30274674679090013,0.17880710564735308,0.17880710564735308,0.17880710564735308,0.17880710564735308,0.17499458813117655,0.17855410775144362,0.17868048070434694,0.17880710564735308,0.17880710564735308,0.17868048070434694,0.30274674679090013,0.17571484977948262,0.17880710564735308,0.17880710564735308,0.17880710564735308,0.06730580827515545,0.2973068880112139,0.1654790748445233,0.17880710564735308,0.17880710564735308,0.17880710564735308,0.17718035453921316,0.17880710564735308,0.17880710564735308,5700 office expense
purchase mpbsdp -so personal prope passtime gps renewal spring auto financial product manage cypress hill use passtime platform reduce risk prevent loss vehicle cypress portfolio 6/20/2022 update card limit $ 1000 need match renewal requirement,0.17817649085351708,0.16853114399798705,0.30274674679090013,0.17880710564735308,0.17880710564735308,0.17880710564735308,0.17880710564735308,0.17499458813117655,0.17855410775144362,0.17868048070434694,0.17880710564735308,0.17880710564735308,0.17868048070434694,0.30274674679090013,0.17571484977948262,0.17880710564735308,0.17880710564735308,0.17880710564735308,0.06730580827515545,0.2973068880112139,0.1654790748445233,0.17880710564735308,0.17880710564735308,0.17880710564735308,0.17718035453921316,0.17880710564735308,0.17880710564735308,5700 office expense
purchase mpbsdp -so personal prope passtime gps renewal spring auto financial product manage cypress hill use passtime platform reduce risk prevent loss vehicle cypress portfolio 6/20/2022 update card limit $ 1000 need match renewal requirement,0.17817649085351708,0.16853114399798705,0.30274674679090013,0.17880710564735308,0.17880710564735308,0.17880710564735308,0.17880710564735308,0.17499458813117655,0.17855410775144362,0.17868048070434694,0.17880710564735308,0.17880710564735308,0.17868048070434694,0.30274674679090013,0.17571484977948262,0.17880710564735308,0.17880710564735308,0.17880710564735308,0.06730580827515545,0.2973068880112139,0.1654790748445233,0.17880710564735308,0.17880710564735308,0.17880710564735308,0.17718035453921316,0.17880710564735308,0.17880710564735308,5700 office expense
purchase mpbsdp -so personal prope passtime gps renewal spring auto financial product manage cypress hill use passtime platform reduce risk prevent loss vehicle cypress portfolio 6/20/2022 update card limit $ 1000 need match renewal requirement,0.17817649085351708,0.16853114399798705,0.30274674679090013,0.17880710564735308,0.17880710564735308,0.17880710564735308,0.17880710564735308,0.17499458813117655,0.17855410775144362,0.17868048070434694,0.17880710564735308,0.17880710564735308,0.17868048070434694,0.30274674679090013,0.17571484977948262,0.17880710564735308,0.17880710564735308,0.17880710564735308,0.06730580827515545,0.2973068880112139,0.1654790748445233,0.17880710564735308,0.17880710564735308,0.17880710564735308,0.17718035453921316,0.17880710564735308,0.17880710564735308,5700 office expense
purchase mpbsdp -so personal prope passtime gps renewal spring auto financial product manage cypress hill use passtime platform reduce risk prevent loss vehicle cypress portfolio 6/20/2022 update card limit $ 1000 need match renewal requirement,0.17817649085351708,0.16853114399798705,0.30274674679090013,0.17880710564735308,0.17880710564735308,0.17880710564735308,0.17880710564735308,0.17499458813117655,0.17855410775144362,0.17868048070434694,0.17880710564735308,0.17880710564735308,0.17868048070434694,0.30274674679090013,0.17571484977948262,0.17880710564735308,0.17880710564735308,0.17880710564735308,0.06730580827515545,0.2973068880112139,0.1654790748445233,0.17880710564735308,0.17880710564735308,0.17880710564735308,0.17718035453921316,0.17880710564735308,0.17880710564735308,5700 office expense
purchase mpbsdp -so personal prope passtime gps renewal spring auto financial product manage cypress hill use passtime platform reduce risk prevent loss vehicle cypress portfolio 6/20/2022 update card limit $ 1000 need match renewal requirement,0.17817649085351708,0.16853114399798705,0.30274674679090013,0.17880710564735308,0.17880710564735308,0.17880710564735308,0.17880710564735308,0.17499458813117655,0.17855410775144362,0.17868048070434694,0.17880710564735308,0.17880710564735308,0.17868048070434694,0.30274674679090013,0.17571484977948262,0.17880710564735308,0.17880710564735308,0.17880710564735308,0.06730580827515545,0.2973068880112139,0.1654790748445233,0.17880710564735308,0.17880710564735308,0.17880710564735308,0.17718035453921316,0.17880710564735308,0.17880710564735308,5700 office expense
purchase mpbsdp -so personal prope passtime gps renewal spring auto financial product manage cypress hill use passtime platform reduce risk prevent loss vehicle cypress portfolio 6/20/2022 update card limit $ 1000 need match renewal requirement,0.17817649085351708,0.16853114399798705,0.30274674679090013,0.17880710564735308,0.17880710564735308,0.17880710564735308,0.17880710564735308,0.17499458813117655,0.17855410775144362,0.17868048070434694,0.17880710564735308,0.17880710564735308,0.17868048070434694,0.30274674679090013,0.17571484977948262,0.17880710564735308,0.17880710564735308,0.17880710564735308,0.06730580827515545,0.2973068880112139,0.1654790748445233,0.17880710564735308,0.17880710564735308,0.17880710564735308,0.17718035453921316,0.17880710564735308,0.17880710564735308,5700 office expense
purchase mpbsdp -so personal prope passtime gps renewal spring auto financial product manage cypress hill use passtime platform reduce risk prevent loss vehicle cypress portfolio 6/20/2022 update card limit $ 1000 need match renewal requirement,0.17817649085351708,0.16853114399798705,0.30274674679090013,0.17880710564735308,0.17880710564735308,0.17880710564735308,0.17880710564735308,0.17499458813117655,0.17855410775144362,0.17868048070434694,0.17880710564735308,0.17880710564735308,0.17868048070434694,0.30274674679090013,0.17571484977948262,0.17880710564735308,0.17880710564735308,0.17880710564735308,0.06730580827515545,0.2973068880112139,0.1654790748445233,0.17880710564735308,0.17880710564735308,0.17880710564735308,0.17718035453921316,0.17880710564735308,0.17880710564735308,5700 office expense
purchase mpbsdp -so personal prope passtime gps renewal spring auto financial product manage cypress hill use passtime platform reduce risk prevent loss vehicle cypress portfolio 6/20/2022 update card limit $ 1000 need match renewal requirement,0.17817649085351708,0.16853114399798705,0.30274674679090013,0.17880710564735308,0.17880710564735308,0.17880710564735308,0.17880710564735308,0.17499458813117655,0.17855410775144362,0.17868048070434694,0.17880710564735308,0.17880710564735308,0.17868048070434694,0.30274674679090013,0.17571484977948262,0.17880710564735308,0.17880710564735308,0.17880710564735308,0.06730580827515545,0.2973068880112139,0.1654790748445233,0.17880710564735308,0.17880710564735308,0.17880710564735308,0.17718035453921316,0.17880710564735308,0.17880710564735308,5700 office expense
purchase mpbsdp -so personal prope passtime gps renewal spring auto financial product manage cypress hill use passtime platform reduce risk prevent loss vehicle cypress portfolio 6/20/2022 update card limit $ 1000 need match renewal requirement,0.17817649085351708,0.16853114399798705,0.30274674679090013,0.17880710564735308,0.17880710564735308,0.17880710564735308,0.17880710564735308,0.17499458813117655,0.17855410775144362,0.17868048070434694,0.17880710564735308,0.17880710564735308,0.17868048070434694,0.30274674679090013,0.17571484977948262,0.17880710564735308,0.17880710564735308,0.17880710564735308,0.06730580827515545,0.2973068880112139,0.1654790748445233,0.17880710564735308,0.17880710564735308,0.17880710564735308,0.17718035453921316,0.17880710564735308,0.17880710564735308,5700 office expense
purchase mpbsdp -so personal prope passtime gps renewal spring auto financial product manage cypress hill use passtime platform reduce risk prevent loss vehicle cypress portfolio 6/20/2022 update card limit $ 1000 need match renewal requirement,0.17817649085351708,0.16853114399798705,0.30274674679090013,0.17880710564735308,0.17880710564735308,0.17880710564735308,0.17880710564735308,0.17499458813117655,0.17855410775144362,0.17868048070434694,0.17880710564735308,0.17880710564735308,0.17868048070434694,0.30274674679090013,0.17571484977948262,0.17880710564735308,0.17880710564735308,0.17880710564735308,0.06730580827515545,0.2973068880112139,0.1654790748445233,0.17880710564735308,0.17880710564735308,0.17880710564735308,0.17718035453921316,0.17880710564735308,0.17880710564735308,5700 office expense
purchase mpbsdp -so personal prope,0.0,0.0,0.0,0.0,0.0,0.0,0.0,0.0,0.0,0.0,0.0,0.0,0.0,0.0,0.0,0.0,0.0,0.0,1.0,0.0,0.0,0.0,0.0,0.0,0.0,0.0,0.0,5700 office expense
purchase mpbsdp -so personal prope passtime gps renewal spring auto financial product manage cypress hill use passtime platform reduce risk prevent loss vehicle cypress portfolio 6/20/2022 update card limit $ 1000 need match renewal requirement,0.17817649085351708,0.16853114399798705,0.30274674679090013,0.17880710564735308,0.17880710564735308,0.17880710564735308,0.17880710564735308,0.17499458813117655,0.17855410775144362,0.17868048070434694,0.17880710564735308,0.17880710564735308,0.17868048070434694,0.30274674679090013,0.17571484977948262,0.17880710564735308,0.17880710564735308,0.17880710564735308,0.06730580827515545,0.2973068880112139,0.1654790748445233,0.17880710564735308,0.17880710564735308,0.17880710564735308,0.17718035453921316,0.17880710564735308,0.17880710564735308,5700 office expense
purchase mpbsdp -so personal prope passtime gps renewal spring auto financial product manage cypress hill use passtime platform reduce risk prevent loss vehicle cypress portfolio 6/20/2022 update card limit $ 1000 need match renewal requirement,0.17817649085351708,0.16853114399798705,0.30274674679090013,0.17880710564735308,0.17880710564735308,0.17880710564735308,0.17880710564735308,0.17499458813117655,0.17855410775144362,0.17868048070434694,0.17880710564735308,0.17880710564735308,0.17868048070434694,0.30274674679090013,0.17571484977948262,0.17880710564735308,0.17880710564735308,0.17880710564735308,0.06730580827515545,0.2973068880112139,0.1654790748445233,0.17880710564735308,0.17880710564735308,0.17880710564735308,0.17718035453921316,0.17880710564735308,0.17880710564735308,5700 office expense
purchase mpbsdp -so personal prope passtime gps renewal spring auto financial product manage cypress hill use passtime platform reduce risk prevent loss vehicle cypress portfolio 6/20/2022 update card limit $ 1000 need match renewal requirement,0.17817649085351708,0.16853114399798705,0.30274674679090013,0.17880710564735308,0.17880710564735308,0.17880710564735308,0.17880710564735308,0.17499458813117655,0.17855410775144362,0.17868048070434694,0.17880710564735308,0.17880710564735308,0.17868048070434694,0.30274674679090013,0.17571484977948262,0.17880710564735308,0.17880710564735308,0.17880710564735308,0.06730580827515545,0.2973068880112139,0.1654790748445233,0.17880710564735308,0.17880710564735308,0.17880710564735308,0.17718035453921316,0.17880710564735308,0.17880710564735308,5700 office expense
purchase mpbsdp -so personal prope passtime gps renewal spring auto financial product manage cypress hill use passtime platform reduce risk prevent loss vehicle cypress portfolio 6/20/2022 update card limit $ 1000 need match renewal requirement,0.17817649085351708,0.16853114399798705,0.30274674679090013,0.17880710564735308,0.17880710564735308,0.17880710564735308,0.17880710564735308,0.17499458813117655,0.17855410775144362,0.17868048070434694,0.17880710564735308,0.17880710564735308,0.17868048070434694,0.30274674679090013,0.17571484977948262,0.17880710564735308,0.17880710564735308,0.17880710564735308,0.06730580827515545,0.2973068880112139,0.1654790748445233,0.17880710564735308,0.17880710564735308,0.17880710564735308,0.17718035453921316,0.17880710564735308,0.17880710564735308,5700 office expense
purchase mpbsdp -so personal prope passtime gps renewal spring auto financial product manage cypress hill use passtime platform reduce risk prevent loss vehicle cypress portfolio 6/20/2022 update card limit $ 1000 need match renewal requirement,0.17817649085351708,0.16853114399798705,0.30274674679090013,0.17880710564735308,0.17880710564735308,0.17880710564735308,0.17880710564735308,0.17499458813117655,0.17855410775144362,0.17868048070434694,0.17880710564735308,0.17880710564735308,0.17868048070434694,0.30274674679090013,0.17571484977948262,0.17880710564735308,0.17880710564735308,0.17880710564735308,0.06730580827515545,0.2973068880112139,0.1654790748445233,0.17880710564735308,0.17880710564735308,0.17880710564735308,0.17718035453921316,0.17880710564735308,0.17880710564735308,5700 office expense
purchase mpbsdp -so personal prope passtime gps renewal spring auto financial product manage cypress hill use passtime platform reduce risk prevent loss vehicle cypress portfolio 6/20/2022 update card limit $ 1000 need match renewal requirement,0.17817649085351708,0.16853114399798705,0.30274674679090013,0.17880710564735308,0.17880710564735308,0.17880710564735308,0.17880710564735308,0.17499458813117655,0.17855410775144362,0.17868048070434694,0.17880710564735308,0.17880710564735308,0.17868048070434694,0.30274674679090013,0.17571484977948262,0.17880710564735308,0.17880710564735308,0.17880710564735308,0.06730580827515545,0.2973068880112139,0.1654790748445233,0.17880710564735308,0.17880710564735308,0.17880710564735308,0.17718035453921316,0.17880710564735308,0.17880710564735308,5700 office expense
purchase mpbsdp -so personal prope passtime gps renewal spring auto financial product manage cypress hill use passtime platform reduce risk prevent loss vehicle cypress portfolio 6/20/2022 update card limit $ 1000 need match renewal requirement,0.17817649085351708,0.16853114399798705,0.30274674679090013,0.17880710564735308,0.17880710564735308,0.17880710564735308,0.17880710564735308,0.17499458813117655,0.17855410775144362,0.17868048070434694,0.17880710564735308,0.17880710564735308,0.17868048070434694,0.30274674679090013,0.17571484977948262,0.17880710564735308,0.17880710564735308,0.17880710564735308,0.06730580827515545,0.2973068880112139,0.1654790748445233,0.17880710564735308,0.17880710564735308,0.17880710564735308,0.17718035453921316,0.17880710564735308,0.17880710564735308,5700 office expense
purchase mpbsdp -so personal prope passtime gps renewal spring auto financial product manage cypress hill use passtime platform reduce risk prevent loss vehicle cypress portfolio 6/20/2022 update card limit $ 1000 need match renewal requirement,0.17817649085351708,0.16853114399798705,0.30274674679090013,0.17880710564735308,0.17880710564735308,0.17880710564735308,0.17880710564735308,0.17499458813117655,0.17855410775144362,0.17868048070434694,0.17880710564735308,0.17880710564735308,0.17868048070434694,0.30274674679090013,0.17571484977948262,0.17880710564735308,0.17880710564735308,0.17880710564735308,0.06730580827515545,0.2973068880112139,0.1654790748445233,0.17880710564735308,0.17880710564735308,0.17880710564735308,0.17718035453921316,0.17880710564735308,0.17880710564735308,5700 office expense
purchase mpbsdp -so personal prope passtime gps renewal spring auto financial product manage cypress hill use passtime platform reduce risk prevent loss vehicle cypress portfolio 6/20/2022 update card limit $ 1000 need match renewal requirement,0.17817649085351708,0.16853114399798705,0.30274674679090013,0.17880710564735308,0.17880710564735308,0.17880710564735308,0.17880710564735308,0.17499458813117655,0.17855410775144362,0.17868048070434694,0.17880710564735308,0.17880710564735308,0.17868048070434694,0.30274674679090013,0.17571484977948262,0.17880710564735308,0.17880710564735308,0.17880710564735308,0.06730580827515545,0.2973068880112139,0.1654790748445233,0.17880710564735308,0.17880710564735308,0.17880710564735308,0.17718035453921316,0.17880710564735308,0.17880710564735308,5700 office expense
purchase mpbsdp -so personal prope passtime gps renewal spring auto financial product manage cypress hill use passtime platform reduce risk prevent loss vehicle cypress portfolio 6/20/2022 update card limit $ 1000 need match renewal requirement,0.17817649085351708,0.16853114399798705,0.30274674679090013,0.17880710564735308,0.17880710564735308,0.17880710564735308,0.17880710564735308,0.17499458813117655,0.17855410775144362,0.17868048070434694,0.17880710564735308,0.17880710564735308,0.17868048070434694,0.30274674679090013,0.17571484977948262,0.17880710564735308,0.17880710564735308,0.17880710564735308,0.06730580827515545,0.2973068880112139,0.1654790748445233,0.17880710564735308,0.17880710564735308,0.17880710564735308,0.17718035453921316,0.17880710564735308,0.17880710564735308,5700 office expense
purchase mpbsdp -so personal prope passtime gps renewal spring auto financial product manage cypress hill use passtime platform reduce risk prevent loss vehicle cypress portfolio 6/20/2022 update card limit $ 1000 need match renewal requirement,0.17817649085351708,0.16853114399798705,0.30274674679090013,0.17880710564735308,0.17880710564735308,0.17880710564735308,0.17880710564735308,0.17499458813117655,0.17855410775144362,0.17868048070434694,0.17880710564735308,0.17880710564735308,0.17868048070434694,0.30274674679090013,0.17571484977948262,0.17880710564735308,0.17880710564735308,0.17880710564735308,0.06730580827515545,0.2973068880112139,0.1654790748445233,0.17880710564735308,0.17880710564735308,0.17880710564735308,0.17718035453921316,0.17880710564735308,0.17880710564735308,5700 office expense
purchase mpbsdp -so personal prope passtime gps renewal spring auto financial product manage cypress hill use passtime platform reduce risk prevent loss vehicle cypress portfolio 6/20/2022 update card limit $ 1000 need match renewal requirement,0.17817649085351708,0.16853114399798705,0.30274674679090013,0.17880710564735308,0.17880710564735308,0.17880710564735308,0.17880710564735308,0.17499458813117655,0.17855410775144362,0.17868048070434694,0.17880710564735308,0.17880710564735308,0.17868048070434694,0.30274674679090013,0.17571484977948262,0.17880710564735308,0.17880710564735308,0.17880710564735308,0.06730580827515545,0.2973068880112139,0.1654790748445233,0.17880710564735308,0.17880710564735308,0.17880710564735308,0.17718035453921316,0.17880710564735308,0.17880710564735308,5700 office expense
purchase mpbsdp -so personal prope passtime gps renewal spring auto financial product manage cypress hill use passtime platform reduce risk prevent loss vehicle cypress portfolio 6/20/2022 update card limit $ 1000 need match renewal requirement,0.17817649085351708,0.16853114399798705,0.30274674679090013,0.17880710564735308,0.17880710564735308,0.17880710564735308,0.17880710564735308,0.17499458813117655,0.17855410775144362,0.17868048070434694,0.17880710564735308,0.17880710564735308,0.17868048070434694,0.30274674679090013,0.17571484977948262,0.17880710564735308,0.17880710564735308,0.17880710564735308,0.06730580827515545,0.2973068880112139,0.1654790748445233,0.17880710564735308,0.17880710564735308,0.17880710564735308,0.17718035453921316,0.17880710564735308,0.17880710564735308,5700 office expense
purchase mpbsdp -so personal prope passtime gps renewal spring auto financial product manage cypress hill use passtime platform reduce risk prevent loss vehicle cypress portfolio 6/20/2022 update card limit $ 1000 need match renewal requirement,0.17817649085351708,0.16853114399798705,0.30274674679090013,0.17880710564735308,0.17880710564735308,0.17880710564735308,0.17880710564735308,0.17499458813117655,0.17855410775144362,0.17868048070434694,0.17880710564735308,0.17880710564735308,0.17868048070434694,0.30274674679090013,0.17571484977948262,0.17880710564735308,0.17880710564735308,0.17880710564735308,0.06730580827515545,0.2973068880112139,0.1654790748445233,0.17880710564735308,0.17880710564735308,0.17880710564735308,0.17718035453921316,0.17880710564735308,0.17880710564735308,5700 office expense
purchase mpbsdp -so personal prope passtime gps renewal spring auto financial product manage cypress hill use passtime platform reduce risk prevent loss vehicle cypress portfolio 6/20/2022 update card limit $ 1000 need match renewal requirement,0.17817649085351708,0.16853114399798705,0.30274674679090013,0.17880710564735308,0.17880710564735308,0.17880710564735308,0.17880710564735308,0.17499458813117655,0.17855410775144362,0.17868048070434694,0.17880710564735308,0.17880710564735308,0.17868048070434694,0.30274674679090013,0.17571484977948262,0.17880710564735308,0.17880710564735308,0.17880710564735308,0.06730580827515545,0.2973068880112139,0.1654790748445233,0.17880710564735308,0.17880710564735308,0.17880710564735308,0.17718035453921316,0.17880710564735308,0.17880710564735308,5700 office expense
purchase mpbsdp -so personal prope passtime gps renewal spring auto financial product manage cypress hill use passtime platform reduce risk prevent loss vehicle cypress portfolio 6/20/2022 update card limit $ 1000 need match renewal requirement,0.17817649085351708,0.16853114399798705,0.30274674679090013,0.17880710564735308,0.17880710564735308,0.17880710564735308,0.17880710564735308,0.17499458813117655,0.17855410775144362,0.17868048070434694,0.17880710564735308,0.17880710564735308,0.17868048070434694,0.30274674679090013,0.17571484977948262,0.17880710564735308,0.17880710564735308,0.17880710564735308,0.06730580827515545,0.2973068880112139,0.1654790748445233,0.17880710564735308,0.17880710564735308,0.17880710564735308,0.17718035453921316,0.17880710564735308,0.17880710564735308,5700 office expense
purchase mpbsdp -so personal prope passtime gps renewal spring auto financial product manage cypress hill use passtime platform reduce risk prevent loss vehicle cypress portfolio 6/20/2022 update card limit $ 1000 need match renewal requirement,0.17817649085351708,0.16853114399798705,0.30274674679090013,0.17880710564735308,0.17880710564735308,0.17880710564735308,0.17880710564735308,0.17499458813117655,0.17855410775144362,0.17868048070434694,0.17880710564735308,0.17880710564735308,0.17868048070434694,0.30274674679090013,0.17571484977948262,0.17880710564735308,0.17880710564735308,0.17880710564735308,0.06730580827515545,0.2973068880112139,0.1654790748445233,0.17880710564735308,0.17880710564735308,0.17880710564735308,0.17718035453921316,0.17880710564735308,0.17880710564735308,5700 office expense
purchase mpbsdp -so personal prope passtime gps renewal spring auto financial product manage cypress hill use passtime platform reduce risk prevent loss vehicle cypress portfolio 6/20/2022 update card limit $ 1000 need match renewal requirement,0.17817649085351708,0.16853114399798705,0.30274674679090013,0.17880710564735308,0.17880710564735308,0.17880710564735308,0.17880710564735308,0.17499458813117655,0.17855410775144362,0.17868048070434694,0.17880710564735308,0.17880710564735308,0.17868048070434694,0.30274674679090013,0.17571484977948262,0.17880710564735308,0.17880710564735308,0.17880710564735308,0.06730580827515545,0.2973068880112139,0.1654790748445233,0.17880710564735308,0.17880710564735308,0.17880710564735308,0.17718035453921316,0.17880710564735308,0.17880710564735308,5700 office expense
purchase mpbsdp -so personal prope passtime gps renewal spring auto financial product manage cypress hill use passtime platform reduce risk prevent loss vehicle cypress portfolio 6/20/2022 update card limit $ 1000 need match renewal requirement,0.17817649085351708,0.16853114399798705,0.30274674679090013,0.17880710564735308,0.17880710564735308,0.17880710564735308,0.17880710564735308,0.17499458813117655,0.17855410775144362,0.17868048070434694,0.17880710564735308,0.17880710564735308,0.17868048070434694,0.30274674679090013,0.17571484977948262,0.17880710564735308,0.17880710564735308,0.17880710564735308,0.06730580827515545,0.2973068880112139,0.1654790748445233,0.17880710564735308,0.17880710564735308,0.17880710564735308,0.17718035453921316,0.17880710564735308,0.17880710564735308,5700 office expense
purchase mpbsdp -so personal prope passtime gps renewal spring auto financial product manage cypress hill use passtime platform reduce risk prevent loss vehicle cypress portfolio 6/20/2022 update card limit $ 1000 need match renewal requirement,0.17817649085351708,0.16853114399798705,0.30274674679090013,0.17880710564735308,0.17880710564735308,0.17880710564735308,0.17880710564735308,0.17499458813117655,0.17855410775144362,0.17868048070434694,0.17880710564735308,0.17880710564735308,0.17868048070434694,0.30274674679090013,0.17571484977948262,0.17880710564735308,0.17880710564735308,0.17880710564735308,0.06730580827515545,0.2973068880112139,0.1654790748445233,0.17880710564735308,0.17880710564735308,0.17880710564735308,0.17718035453921316,0.17880710564735308,0.17880710564735308,5700 office expense
purchase mpbsdp -so personal prope passtime gps renewal spring auto financial product manage cypress hill use passtime platform reduce risk prevent loss vehicle cypress portfolio 6/20/2022 update card limit $ 1000 need match renewal requirement,0.17817649085351708,0.16853114399798705,0.30274674679090013,0.17880710564735308,0.17880710564735308,0.17880710564735308,0.17880710564735308,0.17499458813117655,0.17855410775144362,0.17868048070434694,0.17880710564735308,0.17880710564735308,0.17868048070434694,0.30274674679090013,0.17571484977948262,0.17880710564735308,0.17880710564735308,0.17880710564735308,0.06730580827515545,0.2973068880112139,0.1654790748445233,0.17880710564735308,0.17880710564735308,0.17880710564735308,0.17718035453921316,0.17880710564735308,0.17880710564735308,5700 office expense
purchase mpbsdp -so personal prope passtime gps renewal spring auto financial product manage cypress hill use passtime platform reduce risk prevent loss vehicle cypress portfolio 6/20/2022 update card limit $ 1000 need match renewal requirement,0.17817649085351708,0.16853114399798705,0.30274674679090013,0.17880710564735308,0.17880710564735308,0.17880710564735308,0.17880710564735308,0.17499458813117655,0.17855410775144362,0.17868048070434694,0.17880710564735308,0.17880710564735308,0.17868048070434694,0.30274674679090013,0.17571484977948262,0.17880710564735308,0.17880710564735308,0.17880710564735308,0.06730580827515545,0.2973068880112139,0.1654790748445233,0.17880710564735308,0.17880710564735308,0.17880710564735308,0.17718035453921316,0.17880710564735308,0.17880710564735308,5700 office expense
purchase mpbsdp -so personal prope passtime gps renewal spring auto financial product manage cypress hill use passtime platform reduce risk prevent loss vehicle cypress portfolio 6/20/2022 update card limit $ 1000 need match renewal requirement,0.17817649085351708,0.16853114399798705,0.30274674679090013,0.17880710564735308,0.17880710564735308,0.17880710564735308,0.17880710564735308,0.17499458813117655,0.17855410775144362,0.17868048070434694,0.17880710564735308,0.17880710564735308,0.17868048070434694,0.30274674679090013,0.17571484977948262,0.17880710564735308,0.17880710564735308,0.17880710564735308,0.06730580827515545,0.2973068880112139,0.1654790748445233,0.17880710564735308,0.17880710564735308,0.17880710564735308,0.17718035453921316,0.17880710564735308,0.17880710564735308,5700 office expense
purchase mpbsdp -so personal prope passtime gps renewal spring auto financial product manage cypress hill use passtime platform reduce risk prevent loss vehicle cypress portfolio 6/20/2022 update card limit $ 1000 need match renewal requirement,0.17817649085351708,0.16853114399798705,0.30274674679090013,0.17880710564735308,0.17880710564735308,0.17880710564735308,0.17880710564735308,0.17499458813117655,0.17855410775144362,0.17868048070434694,0.17880710564735308,0.17880710564735308,0.17868048070434694,0.30274674679090013,0.17571484977948262,0.17880710564735308,0.17880710564735308,0.17880710564735308,0.06730580827515545,0.2973068880112139,0.1654790748445233,0.17880710564735308,0.17880710564735308,0.17880710564735308,0.17718035453921316,0.17880710564735308,0.17880710564735308,5700 office expense
purchase mpbsdp -so personal prope passtime gps renewal spring auto financial product manage cypress hill use passtime platform reduce risk prevent loss vehicle cypress portfolio 6/20/2022 update card limit $ 1000 need match renewal requirement,0.17817649085351708,0.16853114399798705,0.30274674679090013,0.17880710564735308,0.17880710564735308,0.17880710564735308,0.17880710564735308,0.17499458813117655,0.17855410775144362,0.17868048070434694,0.17880710564735308,0.17880710564735308,0.17868048070434694,0.30274674679090013,0.17571484977948262,0.17880710564735308,0.17880710564735308,0.17880710564735308,0.06730580827515545,0.2973068880112139,0.1654790748445233,0.17880710564735308,0.17880710564735308,0.17880710564735308,0.17718035453921316,0.17880710564735308,0.17880710564735308,5700 office expense
purchase mpbsdp -so personal prope passtime gps renewal spring auto financial product manage cypress hill use passtime platform reduce risk prevent loss vehicle cypress portfolio 6/20/2022 update card limit $ 1000 need match renewal requirement,0.17817649085351708,0.16853114399798705,0.30274674679090013,0.17880710564735308,0.17880710564735308,0.17880710564735308,0.17880710564735308,0.17499458813117655,0.17855410775144362,0.17868048070434694,0.17880710564735308,0.17880710564735308,0.17868048070434694,0.30274674679090013,0.17571484977948262,0.17880710564735308,0.17880710564735308,0.17880710564735308,0.06730580827515545,0.2973068880112139,0.1654790748445233,0.17880710564735308,0.17880710564735308,0.17880710564735308,0.17718035453921316,0.17880710564735308,0.17880710564735308,5700 office expense
purchase mpbsdp -so personal prope passtime gps renewal spring auto financial product manage cypress hill use passtime platform reduce risk prevent loss vehicle cypress portfolio 6/20/2022 update card limit $ 1000 need match renewal requirement,0.17817649085351708,0.16853114399798705,0.30274674679090013,0.17880710564735308,0.17880710564735308,0.17880710564735308,0.17880710564735308,0.17499458813117655,0.17855410775144362,0.17868048070434694,0.17880710564735308,0.17880710564735308,0.17868048070434694,0.30274674679090013,0.17571484977948262,0.17880710564735308,0.17880710564735308,0.17880710564735308,0.06730580827515545,0.2973068880112139,0.1654790748445233,0.17880710564735308,0.17880710564735308,0.17880710564735308,0.17718035453921316,0.17880710564735308,0.17880710564735308,5700 office expense
purchase mpbsdp -so personal prope passtime gps renewal spring auto financial product manage cypress hill use passtime platform reduce risk prevent loss vehicle cypress portfolio 6/20/2022 update card limit $ 1000 need match renewal requirement,0.17817649085351708,0.16853114399798705,0.30274674679090013,0.17880710564735308,0.17880710564735308,0.17880710564735308,0.17880710564735308,0.17499458813117655,0.17855410775144362,0.17868048070434694,0.17880710564735308,0.17880710564735308,0.17868048070434694,0.30274674679090013,0.17571484977948262,0.17880710564735308,0.17880710564735308,0.17880710564735308,0.06730580827515545,0.2973068880112139,0.1654790748445233,0.17880710564735308,0.17880710564735308,0.17880710564735308,0.17718035453921316,0.17880710564735308,0.17880710564735308,5700 office expense
purchase mpbsdp -so personal prope passtime gps renewal spring auto financial product manage cypress hill use passtime platform reduce risk prevent loss vehicle cypress portfolio 6/20/2022 update card limit $ 1000 need match renewal requirement,0.17817649085351708,0.16853114399798705,0.30274674679090013,0.17880710564735308,0.17880710564735308,0.17880710564735308,0.17880710564735308,0.17499458813117655,0.17855410775144362,0.17868048070434694,0.17880710564735308,0.17880710564735308,0.17868048070434694,0.30274674679090013,0.17571484977948262,0.17880710564735308,0.17880710564735308,0.17880710564735308,0.06730580827515545,0.2973068880112139,0.1654790748445233,0.17880710564735308,0.17880710564735308,0.17880710564735308,0.17718035453921316,0.17880710564735308,0.17880710564735308,5700 office expense
purchase mpbsdp -so personal prope passtime gps renewal spring auto financial product manage cypress hill use passtime platform reduce risk prevent loss vehicle cypress portfolio 6/20/2022 update card limit $ 1000 need match renewal requirement,0.17817649085351708,0.16853114399798705,0.30274674679090013,0.17880710564735308,0.17880710564735308,0.17880710564735308,0.17880710564735308,0.17499458813117655,0.17855410775144362,0.17868048070434694,0.17880710564735308,0.17880710564735308,0.17868048070434694,0.30274674679090013,0.17571484977948262,0.17880710564735308,0.17880710564735308,0.17880710564735308,0.06730580827515545,0.2973068880112139,0.1654790748445233,0.17880710564735308,0.17880710564735308,0.17880710564735308,0.17718035453921316,0.17880710564735308,0.17880710564735308,5700 office expense
purchase mpbsdp -so personal prope passtime gps renewal spring auto financial product manage cypress hill use passtime platform reduce risk prevent loss vehicle cypress portfolio 6/20/2022 update card limit $ 1000 need match renewal requirement,0.17817649085351708,0.16853114399798705,0.30274674679090013,0.17880710564735308,0.17880710564735308,0.17880710564735308,0.17880710564735308,0.17499458813117655,0.17855410775144362,0.17868048070434694,0.17880710564735308,0.17880710564735308,0.17868048070434694,0.30274674679090013,0.17571484977948262,0.17880710564735308,0.17880710564735308,0.17880710564735308,0.06730580827515545,0.2973068880112139,0.1654790748445233,0.17880710564735308,0.17880710564735308,0.17880710564735308,0.17718035453921316,0.17880710564735308,0.17880710564735308,5700 office expense
purchase mpbsdp -so personal prope passtime gps renewal spring auto financial product manage cypress hill use passtime platform reduce risk prevent loss vehicle cypress portfolio 6/20/2022 update card limit $ 1000 need match renewal requirement,0.17817649085351708,0.16853114399798705,0.30274674679090013,0.17880710564735308,0.17880710564735308,0.17880710564735308,0.17880710564735308,0.17499458813117655,0.17855410775144362,0.17868048070434694,0.17880710564735308,0.17880710564735308,0.17868048070434694,0.30274674679090013,0.17571484977948262,0.17880710564735308,0.17880710564735308,0.17880710564735308,0.06730580827515545,0.2973068880112139,0.1654790748445233,0.17880710564735308,0.17880710564735308,0.17880710564735308,0.17718035453921316,0.17880710564735308,0.17880710564735308,5700 office expense
purchase mpbsdp -so personal prope passtime gps renewal spring auto financial product manage cypress hill use passtime platform reduce risk prevent loss vehicle cypress portfolio 6/20/2022 update card limit $ 1000 need match renewal requirement,0.17817649085351708,0.16853114399798705,0.30274674679090013,0.17880710564735308,0.17880710564735308,0.17880710564735308,0.17880710564735308,0.17499458813117655,0.17855410775144362,0.17868048070434694,0.17880710564735308,0.17880710564735308,0.17868048070434694,0.30274674679090013,0.17571484977948262,0.17880710564735308,0.17880710564735308,0.17880710564735308,0.06730580827515545,0.2973068880112139,0.1654790748445233,0.17880710564735308,0.17880710564735308,0.17880710564735308,0.17718035453921316,0.17880710564735308,0.17880710564735308,5700 office expense
purchase mpbsdp -so personal prope passtime gps renewal spring auto financial product manage cypress hill use passtime platform reduce risk prevent loss vehicle cypress portfolio 6/20/2022 update card limit $ 1000 need match renewal requirement,0.17817649085351708,0.16853114399798705,0.30274674679090013,0.17880710564735308,0.17880710564735308,0.17880710564735308,0.17880710564735308,0.17499458813117655,0.17855410775144362,0.17868048070434694,0.17880710564735308,0.17880710564735308,0.17868048070434694,0.30274674679090013,0.17571484977948262,0.17880710564735308,0.17880710564735308,0.17880710564735308,0.06730580827515545,0.2973068880112139,0.1654790748445233,0.17880710564735308,0.17880710564735308,0.17880710564735308,0.17718035453921316,0.17880710564735308,0.17880710564735308,5700 office expense
purchase mpbsdp -so personal prope passtime gps renewal spring auto financial product manage cypress hill use passtime platform reduce risk prevent loss vehicle cypress portfolio 6/20/2022 update card limit $ 1000 need match renewal requirement,0.17817649085351708,0.16853114399798705,0.30274674679090013,0.17880710564735308,0.17880710564735308,0.17880710564735308,0.17880710564735308,0.17499458813117655,0.17855410775144362,0.17868048070434694,0.17880710564735308,0.17880710564735308,0.17868048070434694,0.30274674679090013,0.17571484977948262,0.17880710564735308,0.17880710564735308,0.17880710564735308,0.06730580827515545,0.2973068880112139,0.1654790748445233,0.17880710564735308,0.17880710564735308,0.17880710564735308,0.17718035453921316,0.17880710564735308,0.17880710564735308,5700 office expense
purchase mpbsdp -so personal prope passtime gps renewal spring auto financial product manage cypress hill use passtime platform reduce risk prevent loss vehicle cypress portfolio 6/20/2022 update card limit $ 1000 need match renewal requirement,0.17817649085351708,0.16853114399798705,0.30274674679090013,0.17880710564735308,0.17880710564735308,0.17880710564735308,0.17880710564735308,0.17499458813117655,0.17855410775144362,0.17868048070434694,0.17880710564735308,0.17880710564735308,0.17868048070434694,0.30274674679090013,0.17571484977948262,0.17880710564735308,0.17880710564735308,0.17880710564735308,0.06730580827515545,0.2973068880112139,0.1654790748445233,0.17880710564735308,0.17880710564735308,0.17880710564735308,0.17718035453921316,0.17880710564735308,0.17880710564735308,5700 office expense
purchase mpbsdp -so personal prope passtime gps renewal spring auto financial product manage cypress hill use passtime platform reduce risk prevent loss vehicle cypress portfolio 6/20/2022 update card limit $ 1000 need match renewal requirement,0.17817649085351708,0.16853114399798705,0.30274674679090013,0.17880710564735308,0.17880710564735308,0.17880710564735308,0.17880710564735308,0.17499458813117655,0.17855410775144362,0.17868048070434694,0.17880710564735308,0.17880710564735308,0.17868048070434694,0.30274674679090013,0.17571484977948262,0.17880710564735308,0.17880710564735308,0.17880710564735308,0.06730580827515545,0.2973068880112139,0.1654790748445233,0.17880710564735308,0.17880710564735308,0.17880710564735308,0.17718035453921316,0.17880710564735308,0.17880710564735308,5700 office expense
purchase mpbsdp -so personal prope passtime gps renewal spring auto financial product manage cypress hill use passtime platform reduce risk prevent loss vehicle cypress portfolio 6/20/2022 update card limit $ 1000 need match renewal requirement,0.17817649085351708,0.16853114399798705,0.30274674679090013,0.17880710564735308,0.17880710564735308,0.17880710564735308,0.17880710564735308,0.17499458813117655,0.17855410775144362,0.17868048070434694,0.17880710564735308,0.17880710564735308,0.17868048070434694,0.30274674679090013,0.17571484977948262,0.17880710564735308,0.17880710564735308,0.17880710564735308,0.06730580827515545,0.2973068880112139,0.1654790748445233,0.17880710564735308,0.17880710564735308,0.17880710564735308,0.17718035453921316,0.17880710564735308,0.17880710564735308,5700 office expense
purchase mpbsdp -so personal prope passtime gps renewal spring auto financial product manage cypress hill use passtime platform reduce risk prevent loss vehicle cypress portfolio 6/20/2022 update card limit $ 1000 need match renewal requirement,0.17817649085351708,0.16853114399798705,0.30274674679090013,0.17880710564735308,0.17880710564735308,0.17880710564735308,0.17880710564735308,0.17499458813117655,0.17855410775144362,0.17868048070434694,0.17880710564735308,0.17880710564735308,0.17868048070434694,0.30274674679090013,0.17571484977948262,0.17880710564735308,0.17880710564735308,0.17880710564735308,0.06730580827515545,0.2973068880112139,0.1654790748445233,0.17880710564735308,0.17880710564735308,0.17880710564735308,0.17718035453921316,0.17880710564735308,0.17880710564735308,5700 office expense
purchase mpbsdp -so personal prope passtime gps renewal spring auto financial product manage cypress hill use passtime platform reduce risk prevent loss vehicle cypress portfolio 6/20/2022 update card limit $ 1000 need match renewal requirement,0.17817649085351708,0.16853114399798705,0.30274674679090013,0.17880710564735308,0.17880710564735308,0.17880710564735308,0.17880710564735308,0.17499458813117655,0.17855410775144362,0.17868048070434694,0.17880710564735308,0.17880710564735308,0.17868048070434694,0.30274674679090013,0.17571484977948262,0.17880710564735308,0.17880710564735308,0.17880710564735308,0.06730580827515545,0.2973068880112139,0.1654790748445233,0.17880710564735308,0.17880710564735308,0.17880710564735308,0.17718035453921316,0.17880710564735308,0.17880710564735308,5700 office expense
purchase mpbsdp -so personal prope passtime gps renewal spring auto financial product manage cypress hill use passtime platform reduce risk prevent loss vehicle cypress portfolio 6/20/2022 update card limit $ 1000 need match renewal requirement,0.17817649085351708,0.16853114399798705,0.30274674679090013,0.17880710564735308,0.17880710564735308,0.17880710564735308,0.17880710564735308,0.17499458813117655,0.17855410775144362,0.17868048070434694,0.17880710564735308,0.17880710564735308,0.17868048070434694,0.30274674679090013,0.17571484977948262,0.17880710564735308,0.17880710564735308,0.17880710564735308,0.06730580827515545,0.2973068880112139,0.1654790748445233,0.17880710564735308,0.17880710564735308,0.17880710564735308,0.17718035453921316,0.17880710564735308,0.17880710564735308,5700 office expense
purchase mpbsdp -so personal prope passtime gps renewal spring auto financial product manage cypress hill use passtime platform reduce risk prevent loss vehicle cypress portfolio 6/20/2022 update card limit $ 1000 need match renewal requirement,0.17817649085351708,0.16853114399798705,0.30274674679090013,0.17880710564735308,0.17880710564735308,0.17880710564735308,0.17880710564735308,0.17499458813117655,0.17855410775144362,0.17868048070434694,0.17880710564735308,0.17880710564735308,0.17868048070434694,0.30274674679090013,0.17571484977948262,0.17880710564735308,0.17880710564735308,0.17880710564735308,0.06730580827515545,0.2973068880112139,0.1654790748445233,0.17880710564735308,0.17880710564735308,0.17880710564735308,0.17718035453921316,0.17880710564735308,0.17880710564735308,5700 office expense
purchase mpbsdp -so personal prope passtime gps renewal spring auto financial product manage cypress hill use passtime platform reduce risk prevent loss vehicle cypress portfolio 6/20/2022 update card limit $ 1000 need match renewal requirement,0.17817649085351708,0.16853114399798705,0.30274674679090013,0.17880710564735308,0.17880710564735308,0.17880710564735308,0.17880710564735308,0.17499458813117655,0.17855410775144362,0.17868048070434694,0.17880710564735308,0.17880710564735308,0.17868048070434694,0.30274674679090013,0.17571484977948262,0.17880710564735308,0.17880710564735308,0.17880710564735308,0.06730580827515545,0.2973068880112139,0.1654790748445233,0.17880710564735308,0.17880710564735308,0.17880710564735308,0.17718035453921316,0.17880710564735308,0.17880710564735308,5700 office expense
purchase mpbsdp -so personal prope passtime gps renewal spring auto financial product manage cypress hill use passtime platform reduce risk prevent loss vehicle cypress portfolio 6/20/2022 update card limit $ 1000 need match renewal requirement,0.17817649085351708,0.16853114399798705,0.30274674679090013,0.17880710564735308,0.17880710564735308,0.17880710564735308,0.17880710564735308,0.17499458813117655,0.17855410775144362,0.17868048070434694,0.17880710564735308,0.17880710564735308,0.17868048070434694,0.30274674679090013,0.17571484977948262,0.17880710564735308,0.17880710564735308,0.17880710564735308,0.06730580827515545,0.2973068880112139,0.1654790748445233,0.17880710564735308,0.17880710564735308,0.17880710564735308,0.17718035453921316,0.17880710564735308,0.17880710564735308,5700 office expense
purchase mpbsdp -so personal prope passtime gps renewal spring auto financial product manage cypress hill use passtime platform reduce risk prevent loss vehicle cypress portfolio 6/20/2022 update card limit $ 1000 need match renewal requirement,0.17817649085351708,0.16853114399798705,0.30274674679090013,0.17880710564735308,0.17880710564735308,0.17880710564735308,0.17880710564735308,0.17499458813117655,0.17855410775144362,0.17868048070434694,0.17880710564735308,0.17880710564735308,0.17868048070434694,0.30274674679090013,0.17571484977948262,0.17880710564735308,0.17880710564735308,0.17880710564735308,0.06730580827515545,0.2973068880112139,0.1654790748445233,0.17880710564735308,0.17880710564735308,0.17880710564735308,0.17718035453921316,0.17880710564735308,0.17880710564735308,5700 office expense
purchase mpbsdp -so personal prope passtime gps renewal spring auto financial product manage cypress hill use passtime platform reduce risk prevent loss vehicle cypress portfolio 6/20/2022 update card limit $ 1000 need match renewal requirement,0.17817649085351708,0.16853114399798705,0.30274674679090013,0.17880710564735308,0.17880710564735308,0.17880710564735308,0.17880710564735308,0.17499458813117655,0.17855410775144362,0.17868048070434694,0.17880710564735308,0.17880710564735308,0.17868048070434694,0.30274674679090013,0.17571484977948262,0.17880710564735308,0.17880710564735308,0.17880710564735308,0.06730580827515545,0.2973068880112139,0.1654790748445233,0.17880710564735308,0.17880710564735308,0.17880710564735308,0.17718035453921316,0.17880710564735308,0.17880710564735308,5700 office expense
purchase mpbsdp -so personal prope passtime gps renewal spring auto financial product manage cypress hill use passtime platform reduce risk prevent loss vehicle cypress portfolio 6/20/2022 update card limit $ 1000 need match renewal requirement,0.17817649085351708,0.16853114399798705,0.30274674679090013,0.17880710564735308,0.17880710564735308,0.17880710564735308,0.17880710564735308,0.17499458813117655,0.17855410775144362,0.17868048070434694,0.17880710564735308,0.17880710564735308,0.17868048070434694,0.30274674679090013,0.17571484977948262,0.17880710564735308,0.17880710564735308,0.17880710564735308,0.06730580827515545,0.2973068880112139,0.1654790748445233,0.17880710564735308,0.17880710564735308,0.17880710564735308,0.17718035453921316,0.17880710564735308,0.17880710564735308,5700 office expense
purchase mpbsdp -so personal prope passtime gps renewal spring auto financial product manage cypress hill use passtime platform reduce risk prevent loss vehicle cypress portfolio 6/20/2022 update card limit $ 1000 need match renewal requirement,0.17817649085351708,0.16853114399798705,0.30274674679090013,0.17880710564735308,0.17880710564735308,0.17880710564735308,0.17880710564735308,0.17499458813117655,0.17855410775144362,0.17868048070434694,0.17880710564735308,0.17880710564735308,0.17868048070434694,0.30274674679090013,0.17571484977948262,0.17880710564735308,0.17880710564735308,0.17880710564735308,0.06730580827515545,0.2973068880112139,0.1654790748445233,0.17880710564735308,0.17880710564735308,0.17880710564735308,0.17718035453921316,0.17880710564735308,0.17880710564735308,5700 office expense
purchase mpbsdp -so personal prope passtime gps renewal spring auto financial product manage cypress hill use passtime platform reduce risk prevent loss vehicle cypress portfolio 6/20/2022 update card limit $ 1000 need match renewal requirement,0.17817649085351708,0.16853114399798705,0.30274674679090013,0.17880710564735308,0.17880710564735308,0.17880710564735308,0.17880710564735308,0.17499458813117655,0.17855410775144362,0.17868048070434694,0.17880710564735308,0.17880710564735308,0.17868048070434694,0.30274674679090013,0.17571484977948262,0.17880710564735308,0.17880710564735308,0.17880710564735308,0.06730580827515545,0.2973068880112139,0.1654790748445233,0.17880710564735308,0.17880710564735308,0.17880710564735308,0.17718035453921316,0.17880710564735308,0.17880710564735308,5700 office expense
purchase mpbsdp -so personal prope passtime gps renewal spring auto financial product manage cypress hill use passtime platform reduce risk prevent loss vehicle cypress portfolio 6/20/2022 update card limit $ 1000 need match renewal requirement,0.17817649085351708,0.16853114399798705,0.30274674679090013,0.17880710564735308,0.17880710564735308,0.17880710564735308,0.17880710564735308,0.17499458813117655,0.17855410775144362,0.17868048070434694,0.17880710564735308,0.17880710564735308,0.17868048070434694,0.30274674679090013,0.17571484977948262,0.17880710564735308,0.17880710564735308,0.17880710564735308,0.06730580827515545,0.2973068880112139,0.1654790748445233,0.17880710564735308,0.17880710564735308,0.17880710564735308,0.17718035453921316,0.17880710564735308,0.17880710564735308,5700 office expense
purchase mpbsdp -so personal prope passtime gps renewal spring auto financial product manage cypress hill use passtime platform reduce risk prevent loss vehicle cypress portfolio 6/20/2022 update card limit $ 1000 need match renewal requirement,0.17817649085351708,0.16853114399798705,0.30274674679090013,0.17880710564735308,0.17880710564735308,0.17880710564735308,0.17880710564735308,0.17499458813117655,0.17855410775144362,0.17868048070434694,0.17880710564735308,0.17880710564735308,0.17868048070434694,0.30274674679090013,0.17571484977948262,0.17880710564735308,0.17880710564735308,0.17880710564735308,0.06730580827515545,0.2973068880112139,0.1654790748445233,0.17880710564735308,0.17880710564735308,0.17880710564735308,0.17718035453921316,0.17880710564735308,0.17880710564735308,5700 office expense
purchase mpbsdp -so personal prope passtime gps renewal spring auto financial product manage cypress hill use passtime platform reduce risk prevent loss vehicle cypress portfolio 6/20/2022 update card limit $ 1000 need match renewal requirement,0.17817649085351708,0.16853114399798705,0.30274674679090013,0.17880710564735308,0.17880710564735308,0.17880710564735308,0.17880710564735308,0.17499458813117655,0.17855410775144362,0.17868048070434694,0.17880710564735308,0.17880710564735308,0.17868048070434694,0.30274674679090013,0.17571484977948262,0.17880710564735308,0.17880710564735308,0.17880710564735308,0.06730580827515545,0.2973068880112139,0.1654790748445233,0.17880710564735308,0.17880710564735308,0.17880710564735308,0.17718035453921316,0.17880710564735308,0.17880710564735308,5700 office expense
purchase mpbsdp -so personal prope passtime gps renewal spring auto financial product manage cypress hill use passtime platform reduce risk prevent loss vehicle cypress portfolio 6/20/2022 update card limit $ 1000 need match renewal requirement,0.17817649085351708,0.16853114399798705,0.30274674679090013,0.17880710564735308,0.17880710564735308,0.17880710564735308,0.17880710564735308,0.17499458813117655,0.17855410775144362,0.17868048070434694,0.17880710564735308,0.17880710564735308,0.17868048070434694,0.30274674679090013,0.17571484977948262,0.17880710564735308,0.17880710564735308,0.17880710564735308,0.06730580827515545,0.2973068880112139,0.1654790748445233,0.17880710564735308,0.17880710564735308,0.17880710564735308,0.17718035453921316,0.17880710564735308,0.17880710564735308,5700 office expense
purchase mpbsdp -so personal prope passtime gps renewal spring auto financial product manage cypress hill use passtime platform reduce risk prevent loss vehicle cypress portfolio 6/20/2022 update card limit $ 1000 need match renewal requirement,0.17817649085351708,0.16853114399798705,0.30274674679090013,0.17880710564735308,0.17880710564735308,0.17880710564735308,0.17880710564735308,0.17499458813117655,0.17855410775144362,0.17868048070434694,0.17880710564735308,0.17880710564735308,0.17868048070434694,0.30274674679090013,0.17571484977948262,0.17880710564735308,0.17880710564735308,0.17880710564735308,0.06730580827515545,0.2973068880112139,0.1654790748445233,0.17880710564735308,0.17880710564735308,0.17880710564735308,0.17718035453921316,0.17880710564735308,0.17880710564735308,5700 office expense
purchase mpbsdp -so personal prope passtime gps renewal spring auto financial product manage cypress hill use passtime platform reduce risk prevent loss vehicle cypress portfolio 6/20/2022 update card limit $ 1000 need match renewal requirement,0.17817649085351708,0.16853114399798705,0.30274674679090013,0.17880710564735308,0.17880710564735308,0.17880710564735308,0.17880710564735308,0.17499458813117655,0.17855410775144362,0.17868048070434694,0.17880710564735308,0.17880710564735308,0.17868048070434694,0.30274674679090013,0.17571484977948262,0.17880710564735308,0.17880710564735308,0.17880710564735308,0.06730580827515545,0.2973068880112139,0.1654790748445233,0.17880710564735308,0.17880710564735308,0.17880710564735308,0.17718035453921316,0.17880710564735308,0.17880710564735308,5700 office expense
purchase paypal flowdelpnet,0.0,0.0,0.0,0.0,0.0,0.0,0.0,0.0,0.0,0.0,0.0,0.0,0.0,0.0,0.0,0.0,0.0,0.0,1.0,0.0,0.0,0.0,0.0,0.0,0.0,0.0,0.0,5700 office expense
purchase registrysearch.ca passtime gps renewal spring auto financial product manage cypress hill use passtime platform reduce risk prevent loss vehicle cypress portfolio 6/20/2022 update card limit $ 1000 need match renewal requirement,0.17817649085351708,0.16853114399798705,0.30274674679090013,0.17880710564735308,0.17880710564735308,0.17880710564735308,0.17880710564735308,0.17499458813117655,0.17855410775144362,0.17868048070434694,0.17880710564735308,0.17880710564735308,0.17868048070434694,0.30274674679090013,0.17571484977948262,0.17880710564735308,0.17880710564735308,0.17880710564735308,0.06730580827515545,0.2973068880112139,0.1654790748445233,0.17880710564735308,0.17880710564735308,0.17880710564735308,0.17718035453921316,0.17880710564735308,0.17880710564735308,5700 office expense
purchase registrysearch.ca passtime gps renewal spring auto financial product manage cypress hill use passtime platform reduce risk prevent loss vehicle cypress portfolio 6/20/2022 update card limit $ 1000 need match renewal requirement,0.17817649085351708,0.16853114399798705,0.30274674679090013,0.17880710564735308,0.17880710564735308,0.17880710564735308,0.17880710564735308,0.17499458813117655,0.17855410775144362,0.17868048070434694,0.17880710564735308,0.17880710564735308,0.17868048070434694,0.30274674679090013,0.17571484977948262,0.17880710564735308,0.17880710564735308,0.17880710564735308,0.06730580827515545,0.2973068880112139,0.1654790748445233,0.17880710564735308,0.17880710564735308,0.17880710564735308,0.17718035453921316,0.17880710564735308,0.17880710564735308,5700 office expense
purchase registrysearch.ca passtime gps renewal spring auto financial product manage cypress hill use passtime platform reduce risk prevent loss vehicle cypress portfolio 6/20/2022 update card limit $ 1000 need match renewal requirement,0.17817649085351708,0.16853114399798705,0.30274674679090013,0.17880710564735308,0.17880710564735308,0.17880710564735308,0.17880710564735308,0.17499458813117655,0.17855410775144362,0.17868048070434694,0.17880710564735308,0.17880710564735308,0.17868048070434694,0.30274674679090013,0.17571484977948262,0.17880710564735308,0.17880710564735308,0.17880710564735308,0.06730580827515545,0.2973068880112139,0.1654790748445233,0.17880710564735308,0.17880710564735308,0.17880710564735308,0.17718035453921316,0.17880710564735308,0.17880710564735308,5700 office expense
purchase registrysearch.ca passtime gps renewal spring auto financial product manage cypress hill use passtime platform reduce risk prevent loss vehicle cypress portfolio 6/20/2022 update card limit $ 1000 need match renewal requirement,0.17817649085351708,0.16853114399798705,0.30274674679090013,0.17880710564735308,0.17880710564735308,0.17880710564735308,0.17880710564735308,0.17499458813117655,0.17855410775144362,0.17868048070434694,0.17880710564735308,0.17880710564735308,0.17868048070434694,0.30274674679090013,0.17571484977948262,0.17880710564735308,0.17880710564735308,0.17880710564735308,0.06730580827515545,0.2973068880112139,0.1654790748445233,0.17880710564735308,0.17880710564735308,0.17880710564735308,0.17718035453921316,0.17880710564735308,0.17880710564735308,5700 office expense
purchase registrysearch.ca passtime gps renewal spring auto financial product manage cypress hill use passtime platform reduce risk prevent loss vehicle cypress portfolio 6/20/2022 update card limit $ 1000 need match renewal requirement,0.17817649085351708,0.16853114399798705,0.30274674679090013,0.17880710564735308,0.17880710564735308,0.17880710564735308,0.17880710564735308,0.17499458813117655,0.17855410775144362,0.17868048070434694,0.17880710564735308,0.17880710564735308,0.17868048070434694,0.30274674679090013,0.17571484977948262,0.17880710564735308,0.17880710564735308,0.17880710564735308,0.06730580827515545,0.2973068880112139,0.1654790748445233,0.17880710564735308,0.17880710564735308,0.17880710564735308,0.17718035453921316,0.17880710564735308,0.17880710564735308,5700 office expense
purchase registrysearch.ca passtime gps renewal spring auto financial product manage cypress hill use passtime platform reduce risk prevent loss vehicle cypress portfolio 6/20/2022 update card limit $ 1000 need match renewal requirement,0.17817649085351708,0.16853114399798705,0.30274674679090013,0.17880710564735308,0.17880710564735308,0.17880710564735308,0.17880710564735308,0.17499458813117655,0.17855410775144362,0.17868048070434694,0.17880710564735308,0.17880710564735308,0.17868048070434694,0.30274674679090013,0.17571484977948262,0.17880710564735308,0.17880710564735308,0.17880710564735308,0.06730580827515545,0.2973068880112139,0.1654790748445233,0.17880710564735308,0.17880710564735308,0.17880710564735308,0.17718035453921316,0.17880710564735308,0.17880710564735308,5700 office expense
purchase registrysearch.ca passtime gps renewal spring auto financial product manage cypress hill use passtime platform reduce risk prevent loss vehicle cypress portfolio 6/20/2022 update card limit $ 1000 need match renewal requirement,0.17817649085351708,0.16853114399798705,0.30274674679090013,0.17880710564735308,0.17880710564735308,0.17880710564735308,0.17880710564735308,0.17499458813117655,0.17855410775144362,0.17868048070434694,0.17880710564735308,0.17880710564735308,0.17868048070434694,0.30274674679090013,0.17571484977948262,0.17880710564735308,0.17880710564735308,0.17880710564735308,0.06730580827515545,0.2973068880112139,0.1654790748445233,0.17880710564735308,0.17880710564735308,0.17880710564735308,0.17718035453921316,0.17880710564735308,0.17880710564735308,5700 office expense
purchase registrysearch.ca passtime gps renewal spring auto financial product manage cypress hill use passtime platform reduce risk prevent loss vehicle cypress portfolio 6/20/2022 update card limit $ 1000 need match renewal requirement,0.17817649085351708,0.16853114399798705,0.30274674679090013,0.17880710564735308,0.17880710564735308,0.17880710564735308,0.17880710564735308,0.17499458813117655,0.17855410775144362,0.17868048070434694,0.17880710564735308,0.17880710564735308,0.17868048070434694,0.30274674679090013,0.17571484977948262,0.17880710564735308,0.17880710564735308,0.17880710564735308,0.06730580827515545,0.2973068880112139,0.1654790748445233,0.17880710564735308,0.17880710564735308,0.17880710564735308,0.17718035453921316,0.17880710564735308,0.17880710564735308,5700 office expense
purchase registrysearch.ca passtime gps renewal spring auto financial product manage cypress hill use passtime platform reduce risk prevent loss vehicle cypress portfolio 6/20/2022 update card limit $ 1000 need match renewal requirement,0.17817649085351708,0.16853114399798705,0.30274674679090013,0.17880710564735308,0.17880710564735308,0.17880710564735308,0.17880710564735308,0.17499458813117655,0.17855410775144362,0.17868048070434694,0.17880710564735308,0.17880710564735308,0.17868048070434694,0.30274674679090013,0.17571484977948262,0.17880710564735308,0.17880710564735308,0.17880710564735308,0.06730580827515545,0.2973068880112139,0.1654790748445233,0.17880710564735308,0.17880710564735308,0.17880710564735308,0.17718035453921316,0.17880710564735308,0.17880710564735308,5700 office expense
purchase registrysearch.ca passtime gps renewal spring auto financial product manage cypress hill use passtime platform reduce risk prevent loss vehicle cypress portfolio 6/20/2022 update card limit $ 1000 need match renewal requirement,0.17817649085351708,0.16853114399798705,0.30274674679090013,0.17880710564735308,0.17880710564735308,0.17880710564735308,0.17880710564735308,0.17499458813117655,0.17855410775144362,0.17868048070434694,0.17880710564735308,0.17880710564735308,0.17868048070434694,0.30274674679090013,0.17571484977948262,0.17880710564735308,0.17880710564735308,0.17880710564735308,0.06730580827515545,0.2973068880112139,0.1654790748445233,0.17880710564735308,0.17880710564735308,0.17880710564735308,0.17718035453921316,0.17880710564735308,0.17880710564735308,5700 office expense
purchase registrysearch.ca passtime gps renewal spring auto financial product manage cypress hill use passtime platform reduce risk prevent loss vehicle cypress portfolio 6/20/2022 update card limit $ 1000 need match renewal requirement,0.17817649085351708,0.16853114399798705,0.30274674679090013,0.17880710564735308,0.17880710564735308,0.17880710564735308,0.17880710564735308,0.17499458813117655,0.17855410775144362,0.17868048070434694,0.17880710564735308,0.17880710564735308,0.17868048070434694,0.30274674679090013,0.17571484977948262,0.17880710564735308,0.17880710564735308,0.17880710564735308,0.06730580827515545,0.2973068880112139,0.1654790748445233,0.17880710564735308,0.17880710564735308,0.17880710564735308,0.17718035453921316,0.17880710564735308,0.17880710564735308,5700 office expense
purchase registrysearch.ca passtime gps renewal spring auto financial product manage cypress hill use passtime platform reduce risk prevent loss vehicle cypress portfolio 6/20/2022 update card limit $ 1000 need match renewal requirement,0.17817649085351708,0.16853114399798705,0.30274674679090013,0.17880710564735308,0.17880710564735308,0.17880710564735308,0.17880710564735308,0.17499458813117655,0.17855410775144362,0.17868048070434694,0.17880710564735308,0.17880710564735308,0.17868048070434694,0.30274674679090013,0.17571484977948262,0.17880710564735308,0.17880710564735308,0.17880710564735308,0.06730580827515545,0.2973068880112139,0.1654790748445233,0.17880710564735308,0.17880710564735308,0.17880710564735308,0.17718035453921316,0.17880710564735308,0.17880710564735308,5700 office expense
purchase registrysearch.ca passtime gps renewal spring auto financial product manage cypress hill use passtime platform reduce risk prevent loss vehicle cypress portfolio 6/20/2022 update card limit $ 1000 need match renewal requirement,0.17817649085351708,0.16853114399798705,0.30274674679090013,0.17880710564735308,0.17880710564735308,0.17880710564735308,0.17880710564735308,0.17499458813117655,0.17855410775144362,0.17868048070434694,0.17880710564735308,0.17880710564735308,0.17868048070434694,0.30274674679090013,0.17571484977948262,0.17880710564735308,0.17880710564735308,0.17880710564735308,0.06730580827515545,0.2973068880112139,0.1654790748445233,0.17880710564735308,0.17880710564735308,0.17880710564735308,0.17718035453921316,0.17880710564735308,0.17880710564735308,5700 office expense
purchase registrysearch.ca passtime gps renewal spring auto financial product manage cypress hill use passtime platform reduce risk prevent loss vehicle cypress portfolio 6/20/2022 update card limit $ 1000 need match renewal requirement,0.17817649085351708,0.16853114399798705,0.30274674679090013,0.17880710564735308,0.17880710564735308,0.17880710564735308,0.17880710564735308,0.17499458813117655,0.17855410775144362,0.17868048070434694,0.17880710564735308,0.17880710564735308,0.17868048070434694,0.30274674679090013,0.17571484977948262,0.17880710564735308,0.17880710564735308,0.17880710564735308,0.06730580827515545,0.2973068880112139,0.1654790748445233,0.17880710564735308,0.17880710564735308,0.17880710564735308,0.17718035453921316,0.17880710564735308,0.17880710564735308,5700 office expense
purchase registrysearch.ca passtime gps renewal spring auto financial product manage cypress hill use passtime platform reduce risk prevent loss vehicle cypress portfolio 6/20/2022 update card limit $ 1000 need match renewal requirement,0.17817649085351708,0.16853114399798705,0.30274674679090013,0.17880710564735308,0.17880710564735308,0.17880710564735308,0.17880710564735308,0.17499458813117655,0.17855410775144362,0.17868048070434694,0.17880710564735308,0.17880710564735308,0.17868048070434694,0.30274674679090013,0.17571484977948262,0.17880710564735308,0.17880710564735308,0.17880710564735308,0.06730580827515545,0.2973068880112139,0.1654790748445233,0.17880710564735308,0.17880710564735308,0.17880710564735308,0.17718035453921316,0.17880710564735308,0.17880710564735308,5700 office expense
purchase registrysearch.ca passtime gps renewal spring auto financial product manage cypress hill use passtime platform reduce risk prevent loss vehicle cypress portfolio 6/20/2022 update card limit $ 1000 need match renewal requirement,0.17817649085351708,0.16853114399798705,0.30274674679090013,0.17880710564735308,0.17880710564735308,0.17880710564735308,0.17880710564735308,0.17499458813117655,0.17855410775144362,0.17868048070434694,0.17880710564735308,0.17880710564735308,0.17868048070434694,0.30274674679090013,0.17571484977948262,0.17880710564735308,0.17880710564735308,0.17880710564735308,0.06730580827515545,0.2973068880112139,0.1654790748445233,0.17880710564735308,0.17880710564735308,0.17880710564735308,0.17718035453921316,0.17880710564735308,0.17880710564735308,5700 office expense
purchase registrysearch.ca passtime gps renewal spring auto financial product manage cypress hill use passtime platform reduce risk prevent loss vehicle cypress portfolio 6/20/2022 update card limit $ 1000 need match renewal requirement,0.17817649085351708,0.16853114399798705,0.30274674679090013,0.17880710564735308,0.17880710564735308,0.17880710564735308,0.17880710564735308,0.17499458813117655,0.17855410775144362,0.17868048070434694,0.17880710564735308,0.17880710564735308,0.17868048070434694,0.30274674679090013,0.17571484977948262,0.17880710564735308,0.17880710564735308,0.17880710564735308,0.06730580827515545,0.2973068880112139,0.1654790748445233,0.17880710564735308,0.17880710564735308,0.17880710564735308,0.17718035453921316,0.17880710564735308,0.17880710564735308,5700 office expense
purchase registrysearch.ca passtime gps renewal spring auto financial product manage cypress hill use passtime platform reduce risk prevent loss vehicle cypress portfolio 6/20/2022 update card limit $ 1000 need match renewal requirement,0.17817649085351708,0.16853114399798705,0.30274674679090013,0.17880710564735308,0.17880710564735308,0.17880710564735308,0.17880710564735308,0.17499458813117655,0.17855410775144362,0.17868048070434694,0.17880710564735308,0.17880710564735308,0.17868048070434694,0.30274674679090013,0.17571484977948262,0.17880710564735308,0.17880710564735308,0.17880710564735308,0.06730580827515545,0.2973068880112139,0.1654790748445233,0.17880710564735308,0.17880710564735308,0.17880710564735308,0.17718035453921316,0.17880710564735308,0.17880710564735308,5700 office expense
purchase registrysearch.ca passtime gps renewal spring auto financial product manage cypress hill use passtime platform reduce risk prevent loss vehicle cypress portfolio 6/20/2022 update card limit $ 1000 need match renewal requirement,0.17817649085351708,0.16853114399798705,0.30274674679090013,0.17880710564735308,0.17880710564735308,0.17880710564735308,0.17880710564735308,0.17499458813117655,0.17855410775144362,0.17868048070434694,0.17880710564735308,0.17880710564735308,0.17868048070434694,0.30274674679090013,0.17571484977948262,0.17880710564735308,0.17880710564735308,0.17880710564735308,0.06730580827515545,0.2973068880112139,0.1654790748445233,0.17880710564735308,0.17880710564735308,0.17880710564735308,0.17718035453921316,0.17880710564735308,0.17880710564735308,5700 office expense
purchase registrysearch.ca passtime gps renewal spring auto financial product manage cypress hill use passtime platform reduce risk prevent loss vehicle cypress portfolio 6/20/2022 update card limit $ 1000 need match renewal requirement,0.17817649085351708,0.16853114399798705,0.30274674679090013,0.17880710564735308,0.17880710564735308,0.17880710564735308,0.17880710564735308,0.17499458813117655,0.17855410775144362,0.17868048070434694,0.17880710564735308,0.17880710564735308,0.17868048070434694,0.30274674679090013,0.17571484977948262,0.17880710564735308,0.17880710564735308,0.17880710564735308,0.06730580827515545,0.2973068880112139,0.1654790748445233,0.17880710564735308,0.17880710564735308,0.17880710564735308,0.17718035453921316,0.17880710564735308,0.17880710564735308,5700 office expense
purchase registrysearch.ca passtime gps renewal spring auto financial product manage cypress hill use passtime platform reduce risk prevent loss vehicle cypress portfolio 6/20/2022 update card limit $ 1000 need match renewal requirement,0.17817649085351708,0.16853114399798705,0.30274674679090013,0.17880710564735308,0.17880710564735308,0.17880710564735308,0.17880710564735308,0.17499458813117655,0.17855410775144362,0.17868048070434694,0.17880710564735308,0.17880710564735308,0.17868048070434694,0.30274674679090013,0.17571484977948262,0.17880710564735308,0.17880710564735308,0.17880710564735308,0.06730580827515545,0.2973068880112139,0.1654790748445233,0.17880710564735308,0.17880710564735308,0.17880710564735308,0.17718035453921316,0.17880710564735308,0.17880710564735308,5700 office expense
purchase registrysearch.ca passtime gps renewal spring auto financial product manage cypress hill use passtime platform reduce risk prevent loss vehicle cypress portfolio 6/20/2022 update card limit $ 1000 need match renewal requirement,0.17817649085351708,0.16853114399798705,0.30274674679090013,0.17880710564735308,0.17880710564735308,0.17880710564735308,0.17880710564735308,0.17499458813117655,0.17855410775144362,0.17868048070434694,0.17880710564735308,0.17880710564735308,0.17868048070434694,0.30274674679090013,0.17571484977948262,0.17880710564735308,0.17880710564735308,0.17880710564735308,0.06730580827515545,0.2973068880112139,0.1654790748445233,0.17880710564735308,0.17880710564735308,0.17880710564735308,0.17718035453921316,0.17880710564735308,0.17880710564735308,5700 office expense
purchase mpbsdpliensppsr passtime gps renewal spring auto financial product manage cypress hill use passtime platform reduce risk prevent loss vehicle cypress portfolio 6/20/2022 update card limit $ 1000 need match renewal requirement,0.17817649085351708,0.16853114399798705,0.30274674679090013,0.17880710564735308,0.17880710564735308,0.17880710564735308,0.17880710564735308,0.17499458813117655,0.17855410775144362,0.17868048070434694,0.17880710564735308,0.17880710564735308,0.17868048070434694,0.30274674679090013,0.17571484977948262,0.17880710564735308,0.17880710564735308,0.17880710564735308,0.06730580827515545,0.2973068880112139,0.1654790748445233,0.17880710564735308,0.17880710564735308,0.17880710564735308,0.17718035453921316,0.17880710564735308,0.17880710564735308,5700 office expense
purchase mpbsdpliensppsr passtime gps renewal spring auto financial product manage cypress hill use passtime platform reduce risk prevent loss vehicle cypress portfolio 6/20/2022 update card limit $ 1000 need match renewal requirement,0.17817649085351708,0.16853114399798705,0.30274674679090013,0.17880710564735308,0.17880710564735308,0.17880710564735308,0.17880710564735308,0.17499458813117655,0.17855410775144362,0.17868048070434694,0.17880710564735308,0.17880710564735308,0.17868048070434694,0.30274674679090013,0.17571484977948262,0.17880710564735308,0.17880710564735308,0.17880710564735308,0.06730580827515545,0.2973068880112139,0.1654790748445233,0.17880710564735308,0.17880710564735308,0.17880710564735308,0.17718035453921316,0.17880710564735308,0.17880710564735308,5700 office expense
purchase mpbsdpliensppsr passtime gps renewal spring auto financial product manage cypress hill use passtime platform reduce risk prevent loss vehicle cypress portfolio 6/20/2022 update card limit $ 1000 need match renewal requirement,0.17817649085351708,0.16853114399798705,0.30274674679090013,0.17880710564735308,0.17880710564735308,0.17880710564735308,0.17880710564735308,0.17499458813117655,0.17855410775144362,0.17868048070434694,0.17880710564735308,0.17880710564735308,0.17868048070434694,0.30274674679090013,0.17571484977948262,0.17880710564735308,0.17880710564735308,0.17880710564735308,0.06730580827515545,0.2973068880112139,0.1654790748445233,0.17880710564735308,0.17880710564735308,0.17880710564735308,0.17718035453921316,0.17880710564735308,0.17880710564735308,5700 office expense
purchase mpbsdpliensppsr passtime gps renewal spring auto financial product manage cypress hill use passtime platform reduce risk prevent loss vehicle cypress portfolio 6/20/2022 update card limit $ 1000 need match renewal requirement,0.17817649085351708,0.16853114399798705,0.30274674679090013,0.17880710564735308,0.17880710564735308,0.17880710564735308,0.17880710564735308,0.17499458813117655,0.17855410775144362,0.17868048070434694,0.17880710564735308,0.17880710564735308,0.17868048070434694,0.30274674679090013,0.17571484977948262,0.17880710564735308,0.17880710564735308,0.17880710564735308,0.06730580827515545,0.2973068880112139,0.1654790748445233,0.17880710564735308,0.17880710564735308,0.17880710564735308,0.17718035453921316,0.17880710564735308,0.17880710564735308,5700 office expense
purchase mpbsdpliensppsr passtime gps renewal spring auto financial product manage cypress hill use passtime platform reduce risk prevent loss vehicle cypress portfolio 6/20/2022 update card limit $ 1000 need match renewal requirement,0.17817649085351708,0.16853114399798705,0.30274674679090013,0.17880710564735308,0.17880710564735308,0.17880710564735308,0.17880710564735308,0.17499458813117655,0.17855410775144362,0.17868048070434694,0.17880710564735308,0.17880710564735308,0.17868048070434694,0.30274674679090013,0.17571484977948262,0.17880710564735308,0.17880710564735308,0.17880710564735308,0.06730580827515545,0.2973068880112139,0.1654790748445233,0.17880710564735308,0.17880710564735308,0.17880710564735308,0.17718035453921316,0.17880710564735308,0.17880710564735308,5700 office expense
purchase mpbsdpliensppsr passtime gps renewal spring auto financial product manage cypress hill use passtime platform reduce risk prevent loss vehicle cypress portfolio 6/20/2022 update card limit $ 1000 need match renewal requirement,0.17817649085351708,0.16853114399798705,0.30274674679090013,0.17880710564735308,0.17880710564735308,0.17880710564735308,0.17880710564735308,0.17499458813117655,0.17855410775144362,0.17868048070434694,0.17880710564735308,0.17880710564735308,0.17868048070434694,0.30274674679090013,0.17571484977948262,0.17880710564735308,0.17880710564735308,0.17880710564735308,0.06730580827515545,0.2973068880112139,0.1654790748445233,0.17880710564735308,0.17880710564735308,0.17880710564735308,0.17718035453921316,0.17880710564735308,0.17880710564735308,5700 office expense
purchase mpbsdpliensppsr,0.0,0.0,0.0,0.0,0.0,0.0,0.0,0.0,0.0,0.0,0.0,0.0,0.0,0.0,0.0,0.0,0.0,0.0,1.0,0.0,0.0,0.0,0.0,0.0,0.0,0.0,0.0,5700 office expense
purchase mpbsdpliensppsr passtime gps renewal spring auto financial product manage cypress hill use passtime platform reduce risk prevent loss vehicle cypress portfolio 6/20/2022 update card limit $ 1000 need match renewal requirement,0.17817649085351708,0.16853114399798705,0.30274674679090013,0.17880710564735308,0.17880710564735308,0.17880710564735308,0.17880710564735308,0.17499458813117655,0.17855410775144362,0.17868048070434694,0.17880710564735308,0.17880710564735308,0.17868048070434694,0.30274674679090013,0.17571484977948262,0.17880710564735308,0.17880710564735308,0.17880710564735308,0.06730580827515545,0.2973068880112139,0.1654790748445233,0.17880710564735308,0.17880710564735308,0.17880710564735308,0.17718035453921316,0.17880710564735308,0.17880710564735308,5700 office expense
purchase mpbsdpliensppsr passtime gps renewal spring auto financial product manage cypress hill use passtime platform reduce risk prevent loss vehicle cypress portfolio 6/20/2022 update card limit $ 1000 need match renewal requirement,0.17817649085351708,0.16853114399798705,0.30274674679090013,0.17880710564735308,0.17880710564735308,0.17880710564735308,0.17880710564735308,0.17499458813117655,0.17855410775144362,0.17868048070434694,0.17880710564735308,0.17880710564735308,0.17868048070434694,0.30274674679090013,0.17571484977948262,0.17880710564735308,0.17880710564735308,0.17880710564735308,0.06730580827515545,0.2973068880112139,0.1654790748445233,0.17880710564735308,0.17880710564735308,0.17880710564735308,0.17718035453921316,0.17880710564735308,0.17880710564735308,5700 office expense
purchase mpbsdpliensppsr passtime gps renewal spring auto financial product manage cypress hill use passtime platform reduce risk prevent loss vehicle cypress portfolio 6/20/2022 update card limit $ 1000 need match renewal requirement,0.17817649085351708,0.16853114399798705,0.30274674679090013,0.17880710564735308,0.17880710564735308,0.17880710564735308,0.17880710564735308,0.17499458813117655,0.17855410775144362,0.17868048070434694,0.17880710564735308,0.17880710564735308,0.17868048070434694,0.30274674679090013,0.17571484977948262,0.17880710564735308,0.17880710564735308,0.17880710564735308,0.06730580827515545,0.2973068880112139,0.1654790748445233,0.17880710564735308,0.17880710564735308,0.17880710564735308,0.17718035453921316,0.17880710564735308,0.17880710564735308,5700 office expense
purchase mpbsdpliensppsr passtime gps renewal spring auto financial product manage cypress hill use passtime platform reduce risk prevent loss vehicle cypress portfolio 6/20/2022 update card limit $ 1000 need match renewal requirement,0.17817649085351708,0.16853114399798705,0.30274674679090013,0.17880710564735308,0.17880710564735308,0.17880710564735308,0.17880710564735308,0.17499458813117655,0.17855410775144362,0.17868048070434694,0.17880710564735308,0.17880710564735308,0.17868048070434694,0.30274674679090013,0.17571484977948262,0.17880710564735308,0.17880710564735308,0.17880710564735308,0.06730580827515545,0.2973068880112139,0.1654790748445233,0.17880710564735308,0.17880710564735308,0.17880710564735308,0.17718035453921316,0.17880710564735308,0.17880710564735308,5700 office expense
purchase mpbsdpliensppsr passtime gps renewal spring auto financial product manage cypress hill use passtime platform reduce risk prevent loss vehicle cypress portfolio 6/20/2022 update card limit $ 1000 need match renewal requirement,0.17817649085351708,0.16853114399798705,0.30274674679090013,0.17880710564735308,0.17880710564735308,0.17880710564735308,0.17880710564735308,0.17499458813117655,0.17855410775144362,0.17868048070434694,0.17880710564735308,0.17880710564735308,0.17868048070434694,0.30274674679090013,0.17571484977948262,0.17880710564735308,0.17880710564735308,0.17880710564735308,0.06730580827515545,0.2973068880112139,0.1654790748445233,0.17880710564735308,0.17880710564735308,0.17880710564735308,0.17718035453921316,0.17880710564735308,0.17880710564735308,5700 office expense
purchase mpbsdpliensppsr passtime gps renewal spring auto financial product manage cypress hill use passtime platform reduce risk prevent loss vehicle cypress portfolio 6/20/2022 update card limit $ 1000 need match renewal requirement,0.17817649085351708,0.16853114399798705,0.30274674679090013,0.17880710564735308,0.17880710564735308,0.17880710564735308,0.17880710564735308,0.17499458813117655,0.17855410775144362,0.17868048070434694,0.17880710564735308,0.17880710564735308,0.17868048070434694,0.30274674679090013,0.17571484977948262,0.17880710564735308,0.17880710564735308,0.17880710564735308,0.06730580827515545,0.2973068880112139,0.1654790748445233,0.17880710564735308,0.17880710564735308,0.17880710564735308,0.17718035453921316,0.17880710564735308,0.17880710564735308,5700 office expense
purchase mpbsdpliensppsr passtime gps renewal spring auto financial product manage cypress hill use passtime platform reduce risk prevent loss vehicle cypress portfolio 6/20/2022 update card limit $ 1000 need match renewal requirement,0.17817649085351708,0.16853114399798705,0.30274674679090013,0.17880710564735308,0.17880710564735308,0.17880710564735308,0.17880710564735308,0.17499458813117655,0.17855410775144362,0.17868048070434694,0.17880710564735308,0.17880710564735308,0.17868048070434694,0.30274674679090013,0.17571484977948262,0.17880710564735308,0.17880710564735308,0.17880710564735308,0.06730580827515545,0.2973068880112139,0.1654790748445233,0.17880710564735308,0.17880710564735308,0.17880710564735308,0.17718035453921316,0.17880710564735308,0.17880710564735308,5700 office expense
purchase mpbsdpliensppsr passtime gps renewal spring auto financial product manage cypress hill use passtime platform reduce risk prevent loss vehicle cypress portfolio 6/20/2022 update card limit $ 1000 need match renewal requirement,0.17817649085351708,0.16853114399798705,0.30274674679090013,0.17880710564735308,0.17880710564735308,0.17880710564735308,0.17880710564735308,0.17499458813117655,0.17855410775144362,0.17868048070434694,0.17880710564735308,0.17880710564735308,0.17868048070434694,0.30274674679090013,0.17571484977948262,0.17880710564735308,0.17880710564735308,0.17880710564735308,0.06730580827515545,0.2973068880112139,0.1654790748445233,0.17880710564735308,0.17880710564735308,0.17880710564735308,0.17718035453921316,0.17880710564735308,0.17880710564735308,5700 office expense
purchase mpbsdpliensppsr passtime gps renewal spring auto financial product manage cypress hill use passtime platform reduce risk prevent loss vehicle cypress portfolio 6/20/2022 update card limit $ 1000 need match renewal requirement,0.17817649085351708,0.16853114399798705,0.30274674679090013,0.17880710564735308,0.17880710564735308,0.17880710564735308,0.17880710564735308,0.17499458813117655,0.17855410775144362,0.17868048070434694,0.17880710564735308,0.17880710564735308,0.17868048070434694,0.30274674679090013,0.17571484977948262,0.17880710564735308,0.17880710564735308,0.17880710564735308,0.06730580827515545,0.2973068880112139,0.1654790748445233,0.17880710564735308,0.17880710564735308,0.17880710564735308,0.17718035453921316,0.17880710564735308,0.17880710564735308,5700 office expense
purchase mpbsdpliensppsr passtime gps renewal spring auto financial product manage cypress hill use passtime platform reduce risk prevent loss vehicle cypress portfolio 6/20/2022 update card limit $ 1000 need match renewal requirement,0.17817649085351708,0.16853114399798705,0.30274674679090013,0.17880710564735308,0.17880710564735308,0.17880710564735308,0.17880710564735308,0.17499458813117655,0.17855410775144362,0.17868048070434694,0.17880710564735308,0.17880710564735308,0.17868048070434694,0.30274674679090013,0.17571484977948262,0.17880710564735308,0.17880710564735308,0.17880710564735308,0.06730580827515545,0.2973068880112139,0.1654790748445233,0.17880710564735308,0.17880710564735308,0.17880710564735308,0.17718035453921316,0.17880710564735308,0.17880710564735308,5700 office expense
purchase mpbsdpliensppsr passtime gps renewal spring auto financial product manage cypress hill use passtime platform reduce risk prevent loss vehicle cypress portfolio 6/20/2022 update card limit $ 1000 need match renewal requirement,0.17817649085351708,0.16853114399798705,0.30274674679090013,0.17880710564735308,0.17880710564735308,0.17880710564735308,0.17880710564735308,0.17499458813117655,0.17855410775144362,0.17868048070434694,0.17880710564735308,0.17880710564735308,0.17868048070434694,0.30274674679090013,0.17571484977948262,0.17880710564735308,0.17880710564735308,0.17880710564735308,0.06730580827515545,0.2973068880112139,0.1654790748445233,0.17880710564735308,0.17880710564735308,0.17880710564735308,0.17718035453921316,0.17880710564735308,0.17880710564735308,5700 office expense
purchase mpbsdpliensppsr passtime gps renewal spring auto financial product manage cypress hill use passtime platform reduce risk prevent loss vehicle cypress portfolio 6/20/2022 update card limit $ 1000 need match renewal requirement,0.17817649085351708,0.16853114399798705,0.30274674679090013,0.17880710564735308,0.17880710564735308,0.17880710564735308,0.17880710564735308,0.17499458813117655,0.17855410775144362,0.17868048070434694,0.17880710564735308,0.17880710564735308,0.17868048070434694,0.30274674679090013,0.17571484977948262,0.17880710564735308,0.17880710564735308,0.17880710564735308,0.06730580827515545,0.2973068880112139,0.1654790748445233,0.17880710564735308,0.17880710564735308,0.17880710564735308,0.17718035453921316,0.17880710564735308,0.17880710564735308,5700 office expense
purchase mpbsdpliensppsr passtime gps renewal spring auto financial product manage cypress hill use passtime platform reduce risk prevent loss vehicle cypress portfolio 6/20/2022 update card limit $ 1000 need match renewal requirement,0.17817649085351708,0.16853114399798705,0.30274674679090013,0.17880710564735308,0.17880710564735308,0.17880710564735308,0.17880710564735308,0.17499458813117655,0.17855410775144362,0.17868048070434694,0.17880710564735308,0.17880710564735308,0.17868048070434694,0.30274674679090013,0.17571484977948262,0.17880710564735308,0.17880710564735308,0.17880710564735308,0.06730580827515545,0.2973068880112139,0.1654790748445233,0.17880710564735308,0.17880710564735308,0.17880710564735308,0.17718035453921316,0.17880710564735308,0.17880710564735308,5700 office expense
purchase mpbsdpliensppsr passtime gps renewal spring auto financial product manage cypress hill use passtime platform reduce risk prevent loss vehicle cypress portfolio 6/20/2022 update card limit $ 1000 need match renewal requirement,0.17817649085351708,0.16853114399798705,0.30274674679090013,0.17880710564735308,0.17880710564735308,0.17880710564735308,0.17880710564735308,0.17499458813117655,0.17855410775144362,0.17868048070434694,0.17880710564735308,0.17880710564735308,0.17868048070434694,0.30274674679090013,0.17571484977948262,0.17880710564735308,0.17880710564735308,0.17880710564735308,0.06730580827515545,0.2973068880112139,0.1654790748445233,0.17880710564735308,0.17880710564735308,0.17880710564735308,0.17718035453921316,0.17880710564735308,0.17880710564735308,5700 office expense
purchase mpbsdpliensppsr passtime gps renewal spring auto financial product manage cypress hill use passtime platform reduce risk prevent loss vehicle cypress portfolio 6/20/2022 update card limit $ 1000 need match renewal requirement,0.17817649085351708,0.16853114399798705,0.30274674679090013,0.17880710564735308,0.17880710564735308,0.17880710564735308,0.17880710564735308,0.17499458813117655,0.17855410775144362,0.17868048070434694,0.17880710564735308,0.17880710564735308,0.17868048070434694,0.30274674679090013,0.17571484977948262,0.17880710564735308,0.17880710564735308,0.17880710564735308,0.06730580827515545,0.2973068880112139,0.1654790748445233,0.17880710564735308,0.17880710564735308,0.17880710564735308,0.17718035453921316,0.17880710564735308,0.17880710564735308,5700 office expense
purchase mpbsdpliensppsr passtime gps renewal spring auto financial product manage cypress hill use passtime platform reduce risk prevent loss vehicle cypress portfolio 6/20/2022 update card limit $ 1000 need match renewal requirement,0.17817649085351708,0.16853114399798705,0.30274674679090013,0.17880710564735308,0.17880710564735308,0.17880710564735308,0.17880710564735308,0.17499458813117655,0.17855410775144362,0.17868048070434694,0.17880710564735308,0.17880710564735308,0.17868048070434694,0.30274674679090013,0.17571484977948262,0.17880710564735308,0.17880710564735308,0.17880710564735308,0.06730580827515545,0.2973068880112139,0.1654790748445233,0.17880710564735308,0.17880710564735308,0.17880710564735308,0.17718035453921316,0.17880710564735308,0.17880710564735308,5700 office expense
purchase mpbsdpliensppsr passtime gps renewal spring auto financial product manage cypress hill use passtime platform reduce risk prevent loss vehicle cypress portfolio 6/20/2022 update card limit $ 1000 need match renewal requirement,0.17817649085351708,0.16853114399798705,0.30274674679090013,0.17880710564735308,0.17880710564735308,0.17880710564735308,0.17880710564735308,0.17499458813117655,0.17855410775144362,0.17868048070434694,0.17880710564735308,0.17880710564735308,0.17868048070434694,0.30274674679090013,0.17571484977948262,0.17880710564735308,0.17880710564735308,0.17880710564735308,0.06730580827515545,0.2973068880112139,0.1654790748445233,0.17880710564735308,0.17880710564735308,0.17880710564735308,0.17718035453921316,0.17880710564735308,0.17880710564735308,5700 office expense
purchase mpbsdpliensppsr passtime gps renewal spring auto financial product manage cypress hill use passtime platform reduce risk prevent loss vehicle cypress portfolio 6/20/2022 update card limit $ 1000 need match renewal requirement,0.17817649085351708,0.16853114399798705,0.30274674679090013,0.17880710564735308,0.17880710564735308,0.17880710564735308,0.17880710564735308,0.17499458813117655,0.17855410775144362,0.17868048070434694,0.17880710564735308,0.17880710564735308,0.17868048070434694,0.30274674679090013,0.17571484977948262,0.17880710564735308,0.17880710564735308,0.17880710564735308,0.06730580827515545,0.2973068880112139,0.1654790748445233,0.17880710564735308,0.17880710564735308,0.17880710564735308,0.17718035453921316,0.17880710564735308,0.17880710564735308,5700 office expense
purchase mpbsdpliensppsr passtime gps renewal spring auto financial product manage cypress hill use passtime platform reduce risk prevent loss vehicle cypress portfolio 6/20/2022 update card limit $ 1000 need match renewal requirement,0.17817649085351708,0.16853114399798705,0.30274674679090013,0.17880710564735308,0.17880710564735308,0.17880710564735308,0.17880710564735308,0.17499458813117655,0.17855410775144362,0.17868048070434694,0.17880710564735308,0.17880710564735308,0.17868048070434694,0.30274674679090013,0.17571484977948262,0.17880710564735308,0.17880710564735308,0.17880710564735308,0.06730580827515545,0.2973068880112139,0.1654790748445233,0.17880710564735308,0.17880710564735308,0.17880710564735308,0.17718035453921316,0.17880710564735308,0.17880710564735308,5700 office expense
purchase mpbsdpliensppsr passtime gps renewal spring auto financial product manage cypress hill use passtime platform reduce risk prevent loss vehicle cypress portfolio 6/20/2022 update card limit $ 1000 need match renewal requirement,0.17817649085351708,0.16853114399798705,0.30274674679090013,0.17880710564735308,0.17880710564735308,0.17880710564735308,0.17880710564735308,0.17499458813117655,0.17855410775144362,0.17868048070434694,0.17880710564735308,0.17880710564735308,0.17868048070434694,0.30274674679090013,0.17571484977948262,0.17880710564735308,0.17880710564735308,0.17880710564735308,0.06730580827515545,0.2973068880112139,0.1654790748445233,0.17880710564735308,0.17880710564735308,0.17880710564735308,0.17718035453921316,0.17880710564735308,0.17880710564735308,5700 office expense
purchase mpbsdpliensppsr passtime gps renewal spring auto financial product manage cypress hill use passtime platform reduce risk prevent loss vehicle cypress portfolio 6/20/2022 update card limit $ 1000 need match renewal requirement,0.17817649085351708,0.16853114399798705,0.30274674679090013,0.17880710564735308,0.17880710564735308,0.17880710564735308,0.17880710564735308,0.17499458813117655,0.17855410775144362,0.17868048070434694,0.17880710564735308,0.17880710564735308,0.17868048070434694,0.30274674679090013,0.17571484977948262,0.17880710564735308,0.17880710564735308,0.17880710564735308,0.06730580827515545,0.2973068880112139,0.1654790748445233,0.17880710564735308,0.17880710564735308,0.17880710564735308,0.17718035453921316,0.17880710564735308,0.17880710564735308,5700 office expense
purchase mpbsdpliensppsr,0.0,0.0,0.0,0.0,0.0,0.0,0.0,0.0,0.0,0.0,0.0,0.0,0.0,0.0,0.0,0.0,0.0,0.0,1.0,0.0,0.0,0.0,0.0,0.0,0.0,0.0,0.0,5700 office expense
purchase mpbsdpliensppsr,0.0,0.0,0.0,0.0,0.0,0.0,0.0,0.0,0.0,0.0,0.0,0.0,0.0,0.0,0.0,0.0,0.0,0.0,1.0,0.0,0.0,0.0,0.0,0.0,0.0,0.0,0.0,5700 office expense
purchase mpbsdpliensppsr passtime gps renewal spring auto financial product manage cypress hill use passtime platform reduce risk prevent loss vehicle cypress portfolio 6/20/2022 update card limit $ 1000 need match renewal requirement,0.17817649085351708,0.16853114399798705,0.30274674679090013,0.17880710564735308,0.17880710564735308,0.17880710564735308,0.17880710564735308,0.17499458813117655,0.17855410775144362,0.17868048070434694,0.17880710564735308,0.17880710564735308,0.17868048070434694,0.30274674679090013,0.17571484977948262,0.17880710564735308,0.17880710564735308,0.17880710564735308,0.06730580827515545,0.2973068880112139,0.1654790748445233,0.17880710564735308,0.17880710564735308,0.17880710564735308,0.17718035453921316,0.17880710564735308,0.17880710564735308,5700 office expense
purchase mpbsdpliensppsr,0.0,0.0,0.0,0.0,0.0,0.0,0.0,0.0,0.0,0.0,0.0,0.0,0.0,0.0,0.0,0.0,0.0,0.0,1.0,0.0,0.0,0.0,0.0,0.0,0.0,0.0,0.0,5700 office expense
purchase music plaza 21 qc,0.0,0.0,0.0,0.0,0.0,0.0,0.0,0.0,0.0,0.0,0.0,0.0,0.0,0.0,0.0,0.0,0.0,0.0,1.0,0.0,0.0,0.0,0.0,0.0,0.0,0.0,0.0,5700 office expense
purchase registrysearch.ca passtime gps renewal spring auto financial product manage cypress hill use passtime platform reduce risk prevent loss vehicle cypress portfolio 6/20/2022 update card limit $ 1000 need match renewal requirement,0.17817649085351708,0.16853114399798705,0.30274674679090013,0.17880710564735308,0.17880710564735308,0.17880710564735308,0.17880710564735308,0.17499458813117655,0.17855410775144362,0.17868048070434694,0.17880710564735308,0.17880710564735308,0.17868048070434694,0.30274674679090013,0.17571484977948262,0.17880710564735308,0.17880710564735308,0.17880710564735308,0.06730580827515545,0.2973068880112139,0.1654790748445233,0.17880710564735308,0.17880710564735308,0.17880710564735308,0.17718035453921316,0.17880710564735308,0.17880710564735308,5700 office expense
purchase name-cheap.com kbrgs1,0.0,0.0,0.0,0.0,0.0,0.0,0.0,0.0,0.0,0.0,0.0,0.0,0.0,0.0,0.0,0.0,0.0,0.0,1.0,0.0,0.0,0.0,0.0,0.0,0.0,0.0,0.0,5700 office expense
purchase registrysearch.ca passtime gps renewal spring auto financial product manage cypress hill use passtime platform reduce risk prevent loss vehicle cypress portfolio 6/20/2022 update card limit $ 1000 need match renewal requirement,0.17817649085351708,0.16853114399798705,0.30274674679090013,0.17880710564735308,0.17880710564735308,0.17880710564735308,0.17880710564735308,0.17499458813117655,0.17855410775144362,0.17868048070434694,0.17880710564735308,0.17880710564735308,0.17868048070434694,0.30274674679090013,0.17571484977948262,0.17880710564735308,0.17880710564735308,0.17880710564735308,0.06730580827515545,0.2973068880112139,0.1654790748445233,0.17880710564735308,0.17880710564735308,0.17880710564735308,0.17718035453921316,0.17880710564735308,0.17880710564735308,5700 office expense
purchase nike esw cad,0.0,0.0,0.0,0.0,0.0,0.0,0.0,0.0,0.0,0.0,0.0,0.0,0.0,0.0,0.0,0.0,0.0,0.0,1.0,0.0,0.0,0.0,0.0,0.0,0.0,0.0,0.0,5700 office expense
purchase deal $ 1 plus store valentineâ€ ™ s day,0.0,0.0,0.0,0.0,0.0,0.0,0.0,0.0,0.0,0.0,0.0,0.0,0.0,0.0,0.0,0.0,0.0,0.0,1.0,0.0,0.0,0.0,0.0,0.0,0.0,0.0,0.0,5700 office expense
purchase deal $ 1 plus store valentineâ€ ™ s day,0.0,0.0,0.0,0.0,0.0,0.0,0.0,0.0,0.0,0.0,0.0,0.0,0.0,0.0,0.0,0.0,0.0,0.0,1.0,0.0,0.0,0.0,0.0,0.0,0.0,0.0,0.0,5700 office expense
purchase deal $ 1 plus store,0.0,0.0,0.0,0.0,0.0,0.0,0.0,0.0,0.0,0.0,0.0,0.0,0.0,0.0,0.0,0.0,0.0,0.0,1.0,0.0,0.0,0.0,0.0,0.0,0.0,0.0,0.0,5700 office expense
purchase deal $ 1 plus store,0.0,0.0,0.0,0.0,0.0,0.0,0.0,0.0,0.0,0.0,0.0,0.0,0.0,0.0,0.0,0.0,0.0,0.0,1.0,0.0,0.0,0.0,0.0,0.0,0.0,0.0,0.0,5700 office expense
purchase deal $ 1 plus store,0.0,0.0,0.0,0.0,0.0,0.0,0.0,0.0,0.0,0.0,0.0,0.0,0.0,0.0,0.0,0.0,0.0,0.0,1.0,0.0,0.0,0.0,0.0,0.0,0.0,0.0,0.0,5700 office expense
purchase deal $ 1 plus store,0.0,0.0,0.0,0.0,0.0,0.0,0.0,0.0,0.0,0.0,0.0,0.0,0.0,0.0,0.0,0.0,0.0,0.0,1.0,0.0,0.0,0.0,0.0,0.0,0.0,0.0,0.0,5700 office expense
purchase deal $ 1 plus store,0.0,0.0,0.0,0.0,0.0,0.0,0.0,0.0,0.0,0.0,0.0,0.0,0.0,0.0,0.0,0.0,0.0,0.0,1.0,0.0,0.0,0.0,0.0,0.0,0.0,0.0,0.0,5700 office expense
purchase deal $ 1 plus store,0.0,0.0,0.0,0.0,0.0,0.0,0.0,0.0,0.0,0.0,0.0,0.0,0.0,0.0,0.0,0.0,0.0,0.0,1.0,0.0,0.0,0.0,0.0,0.0,0.0,0.0,0.0,5700 office expense
purchase deal $ 1 plus store,0.0,0.0,0.0,0.0,0.0,0.0,0.0,0.0,0.0,0.0,0.0,0.0,0.0,0.0,0.0,0.0,0.0,0.0,1.0,0.0,0.0,0.0,0.0,0.0,0.0,0.0,0.0,5700 office expense
purchase deal $ 1 plus store,0.0,0.0,0.0,0.0,0.0,0.0,0.0,0.0,0.0,0.0,0.0,0.0,0.0,0.0,0.0,0.0,0.0,0.0,1.0,0.0,0.0,0.0,0.0,0.0,0.0,0.0,0.0,5700 office expense
purchase deal $ 1 plus store,0.0,0.0,0.0,0.0,0.0,0.0,0.0,0.0,0.0,0.0,0.0,0.0,0.0,0.0,0.0,0.0,0.0,0.0,1.0,0.0,0.0,0.0,0.0,0.0,0.0,0.0,0.0,5700 office expense
purchase openai,0.0,0.0,0.0,0.0,0.0,0.0,0.0,0.0,0.0,0.0,0.0,0.0,0.0,0.0,0.0,0.0,0.0,0.0,1.0,0.0,0.0,0.0,0.0,0.0,0.0,0.0,0.0,5700 office expense
purchase registrysearch.ca passtime gps renewal spring auto financial product manage cypress hill use passtime platform reduce risk prevent loss vehicle cypress portfolio 6/20/2022 update card limit $ 1000 need match renewal requirement,0.17817649085351708,0.16853114399798705,0.30274674679090013,0.17880710564735308,0.17880710564735308,0.17880710564735308,0.17880710564735308,0.17499458813117655,0.17855410775144362,0.17868048070434694,0.17880710564735308,0.17880710564735308,0.17868048070434694,0.30274674679090013,0.17571484977948262,0.17880710564735308,0.17880710564735308,0.17880710564735308,0.06730580827515545,0.2973068880112139,0.1654790748445233,0.17880710564735308,0.17880710564735308,0.17880710564735308,0.17718035453921316,0.17880710564735308,0.17880710564735308,5700 office expense
purchase registrysearch.ca passtime gps renewal spring auto financial product manage cypress hill use passtime platform reduce risk prevent loss vehicle cypress portfolio 6/20/2022 update card limit $ 1000 need match renewal requirement,0.17817649085351708,0.16853114399798705,0.30274674679090013,0.17880710564735308,0.17880710564735308,0.17880710564735308,0.17880710564735308,0.17499458813117655,0.17855410775144362,0.17868048070434694,0.17880710564735308,0.17880710564735308,0.17868048070434694,0.30274674679090013,0.17571484977948262,0.17880710564735308,0.17880710564735308,0.17880710564735308,0.06730580827515545,0.2973068880112139,0.1654790748445233,0.17880710564735308,0.17880710564735308,0.17880710564735308,0.17718035453921316,0.17880710564735308,0.17880710564735308,5700 office expense
purchase registrysearch.ca passtime gps renewal spring auto financial product manage cypress hill use passtime platform reduce risk prevent loss vehicle cypress portfolio 6/20/2022 update card limit $ 1000 need match renewal requirement,0.17817649085351708,0.16853114399798705,0.30274674679090013,0.17880710564735308,0.17880710564735308,0.17880710564735308,0.17880710564735308,0.17499458813117655,0.17855410775144362,0.17868048070434694,0.17880710564735308,0.17880710564735308,0.17868048070434694,0.30274674679090013,0.17571484977948262,0.17880710564735308,0.17880710564735308,0.17880710564735308,0.06730580827515545,0.2973068880112139,0.1654790748445233,0.17880710564735308,0.17880710564735308,0.17880710564735308,0.17718035453921316,0.17880710564735308,0.17880710564735308,5700 office expense
purchase registrysearch.ca passtime gps renewal spring auto financial product manage cypress hill use passtime platform reduce risk prevent loss vehicle cypress portfolio 6/20/2022 update card limit $ 1000 need match renewal requirement,0.17817649085351708,0.16853114399798705,0.30274674679090013,0.17880710564735308,0.17880710564735308,0.17880710564735308,0.17880710564735308,0.17499458813117655,0.17855410775144362,0.17868048070434694,0.17880710564735308,0.17880710564735308,0.17868048070434694,0.30274674679090013,0.17571484977948262,0.17880710564735308,0.17880710564735308,0.17880710564735308,0.06730580827515545,0.2973068880112139,0.1654790748445233,0.17880710564735308,0.17880710564735308,0.17880710564735308,0.17718035453921316,0.17880710564735308,0.17880710564735308,5700 office expense
purchase registrysearch.ca passtime gps renewal spring auto financial product manage cypress hill use passtime platform reduce risk prevent loss vehicle cypress portfolio 6/20/2022 update card limit $ 1000 need match renewal requirement,0.17817649085351708,0.16853114399798705,0.30274674679090013,0.17880710564735308,0.17880710564735308,0.17880710564735308,0.17880710564735308,0.17499458813117655,0.17855410775144362,0.17868048070434694,0.17880710564735308,0.17880710564735308,0.17868048070434694,0.30274674679090013,0.17571484977948262,0.17880710564735308,0.17880710564735308,0.17880710564735308,0.06730580827515545,0.2973068880112139,0.1654790748445233,0.17880710564735308,0.17880710564735308,0.17880710564735308,0.17718035453921316,0.17880710564735308,0.17880710564735308,5700 office expense
purchase registrysearch.ca passtime gps renewal spring auto financial product manage cypress hill use passtime platform reduce risk prevent loss vehicle cypress portfolio 6/20/2022 update card limit $ 1000 need match renewal requirement,0.17817649085351708,0.16853114399798705,0.30274674679090013,0.17880710564735308,0.17880710564735308,0.17880710564735308,0.17880710564735308,0.17499458813117655,0.17855410775144362,0.17868048070434694,0.17880710564735308,0.17880710564735308,0.17868048070434694,0.30274674679090013,0.17571484977948262,0.17880710564735308,0.17880710564735308,0.17880710564735308,0.06730580827515545,0.2973068880112139,0.1654790748445233,0.17880710564735308,0.17880710564735308,0.17880710564735308,0.17718035453921316,0.17880710564735308,0.17880710564735308,5700 office expense
purchase patio imperfecto holi party,0.0,0.0,0.0,0.0,0.0,0.0,0.0,0.0,0.0,0.0,0.0,0.0,0.0,0.0,0.0,0.0,0.0,0.0,1.0,0.0,0.0,0.0,0.0,0.0,0.0,0.0,0.0,5700 office expense
purchase patio imperfecto holi party,0.0,0.0,0.0,0.0,0.0,0.0,0.0,0.0,0.0,0.0,0.0,0.0,0.0,0.0,0.0,0.0,0.0,0.0,1.0,0.0,0.0,0.0,0.0,0.0,0.0,0.0,0.0,5700 office expense
purchase patio imperfecto holi party,0.0,0.0,0.0,0.0,0.0,0.0,0.0,0.0,0.0,0.0,0.0,0.0,0.0,0.0,0.0,0.0,0.0,0.0,1.0,0.0,0.0,0.0,0.0,0.0,0.0,0.0,0.0,5700 office expense
purchase patio imperfecto holi party,0.0,0.0,0.0,0.0,0.0,0.0,0.0,0.0,0.0,0.0,0.0,0.0,0.0,0.0,0.0,0.0,0.0,0.0,1.0,0.0,0.0,0.0,0.0,0.0,0.0,0.0,0.0,5700 office expense
purchase paypal bulbscanada,0.0,0.0,0.0,0.0,0.0,0.0,0.0,0.0,0.0,0.0,0.0,0.0,0.0,0.0,0.0,0.0,0.0,0.0,1.0,0.0,0.0,0.0,0.0,0.0,0.0,0.0,0.0,5700 office expense
purchase registrysearch.ca passtime gps renewal spring auto financial product manage cypress hill use passtime platform reduce risk prevent loss vehicle cypress portfolio 6/20/2022 update card limit $ 1000 need match renewal requirement,0.17817649085351708,0.16853114399798705,0.30274674679090013,0.17880710564735308,0.17880710564735308,0.17880710564735308,0.17880710564735308,0.17499458813117655,0.17855410775144362,0.17868048070434694,0.17880710564735308,0.17880710564735308,0.17868048070434694,0.30274674679090013,0.17571484977948262,0.17880710564735308,0.17880710564735308,0.17880710564735308,0.06730580827515545,0.2973068880112139,0.1654790748445233,0.17880710564735308,0.17880710564735308,0.17880710564735308,0.17718035453921316,0.17880710564735308,0.17880710564735308,5700 office expense
purchase pharmasave 1101,0.0,0.0,0.0,0.0,0.0,0.0,0.0,0.0,0.0,0.0,0.0,0.0,0.0,0.0,0.0,0.0,0.0,0.0,1.0,0.0,0.0,0.0,0.0,0.0,0.0,0.0,0.0,5700 office expense
purchase pharmasave 1101,0.0,0.0,0.0,0.0,0.0,0.0,0.0,0.0,0.0,0.0,0.0,0.0,0.0,0.0,0.0,0.0,0.0,0.0,1.0,0.0,0.0,0.0,0.0,0.0,0.0,0.0,0.0,5700 office expense
purchase pharmasave 1101,0.0,0.0,0.0,0.0,0.0,0.0,0.0,0.0,0.0,0.0,0.0,0.0,0.0,0.0,0.0,0.0,0.0,0.0,1.0,0.0,0.0,0.0,0.0,0.0,0.0,0.0,0.0,5700 office expense
purchase pharmasave 1101,0.0,0.0,0.0,0.0,0.0,0.0,0.0,0.0,0.0,0.0,0.0,0.0,0.0,0.0,0.0,0.0,0.0,0.0,1.0,0.0,0.0,0.0,0.0,0.0,0.0,0.0,0.0,5700 office expense
purchase pharmasave 1101,0.0,0.0,0.0,0.0,0.0,0.0,0.0,0.0,0.0,0.0,0.0,0.0,0.0,0.0,0.0,0.0,0.0,0.0,1.0,0.0,0.0,0.0,0.0,0.0,0.0,0.0,0.0,5700 office expense
purchase pharmasave 1101,0.0,0.0,0.0,0.0,0.0,0.0,0.0,0.0,0.0,0.0,0.0,0.0,0.0,0.0,0.0,0.0,0.0,0.0,1.0,0.0,0.0,0.0,0.0,0.0,0.0,0.0,0.0,5700 office expense
purchase pharmasave 1101,0.0,0.0,0.0,0.0,0.0,0.0,0.0,0.0,0.0,0.0,0.0,0.0,0.0,0.0,0.0,0.0,0.0,0.0,1.0,0.0,0.0,0.0,0.0,0.0,0.0,0.0,0.0,5700 office expense
purchase pharmasave 1101,0.0,0.0,0.0,0.0,0.0,0.0,0.0,0.0,0.0,0.0,0.0,0.0,0.0,0.0,0.0,0.0,0.0,0.0,1.0,0.0,0.0,0.0,0.0,0.0,0.0,0.0,0.0,5700 office expense
purchase pharmasave 1101,0.0,0.0,0.0,0.0,0.0,0.0,0.0,0.0,0.0,0.0,0.0,0.0,0.0,0.0,0.0,0.0,0.0,0.0,1.0,0.0,0.0,0.0,0.0,0.0,0.0,0.0,0.0,5700 office expense
purchase pharmasave 1101,0.0,0.0,0.0,0.0,0.0,0.0,0.0,0.0,0.0,0.0,0.0,0.0,0.0,0.0,0.0,0.0,0.0,0.0,1.0,0.0,0.0,0.0,0.0,0.0,0.0,0.0,0.0,5700 office expense
purchase pharmasave 1101,0.0,0.0,0.0,0.0,0.0,0.0,0.0,0.0,0.0,0.0,0.0,0.0,0.0,0.0,0.0,0.0,0.0,0.0,1.0,0.0,0.0,0.0,0.0,0.0,0.0,0.0,0.0,5700 office expense
purchase pharmasave 1101,0.0,0.0,0.0,0.0,0.0,0.0,0.0,0.0,0.0,0.0,0.0,0.0,0.0,0.0,0.0,0.0,0.0,0.0,1.0,0.0,0.0,0.0,0.0,0.0,0.0,0.0,0.0,5700 office expense
purchase pharmasave 1101,0.0,0.0,0.0,0.0,0.0,0.0,0.0,0.0,0.0,0.0,0.0,0.0,0.0,0.0,0.0,0.0,0.0,0.0,1.0,0.0,0.0,0.0,0.0,0.0,0.0,0.0,0.0,5700 office expense
purchase pharmasave 1101,0.0,0.0,0.0,0.0,0.0,0.0,0.0,0.0,0.0,0.0,0.0,0.0,0.0,0.0,0.0,0.0,0.0,0.0,1.0,0.0,0.0,0.0,0.0,0.0,0.0,0.0,0.0,5700 office expense
purchase pharmasave 1101,0.0,0.0,0.0,0.0,0.0,0.0,0.0,0.0,0.0,0.0,0.0,0.0,0.0,0.0,0.0,0.0,0.0,0.0,1.0,0.0,0.0,0.0,0.0,0.0,0.0,0.0,0.0,5700 office expense
purchase pharmasave 1101,0.0,0.0,0.0,0.0,0.0,0.0,0.0,0.0,0.0,0.0,0.0,0.0,0.0,0.0,0.0,0.0,0.0,0.0,1.0,0.0,0.0,0.0,0.0,0.0,0.0,0.0,0.0,5700 office expense
purchase pharmasave 1101,0.0,0.0,0.0,0.0,0.0,0.0,0.0,0.0,0.0,0.0,0.0,0.0,0.0,0.0,0.0,0.0,0.0,0.0,1.0,0.0,0.0,0.0,0.0,0.0,0.0,0.0,0.0,5700 office expense
purchase pharmasave 1101,0.0,0.0,0.0,0.0,0.0,0.0,0.0,0.0,0.0,0.0,0.0,0.0,0.0,0.0,0.0,0.0,0.0,0.0,1.0,0.0,0.0,0.0,0.0,0.0,0.0,0.0,0.0,5700 office expense
purchase pharmasave 1101,0.0,0.0,0.0,0.0,0.0,0.0,0.0,0.0,0.0,0.0,0.0,0.0,0.0,0.0,0.0,0.0,0.0,0.0,1.0,0.0,0.0,0.0,0.0,0.0,0.0,0.0,0.0,5700 office expense
purchase pharmasave 1101,0.0,0.0,0.0,0.0,0.0,0.0,0.0,0.0,0.0,0.0,0.0,0.0,0.0,0.0,0.0,0.0,0.0,0.0,1.0,0.0,0.0,0.0,0.0,0.0,0.0,0.0,0.0,5700 office expense
purchase pharmasave 1101,0.0,0.0,0.0,0.0,0.0,0.0,0.0,0.0,0.0,0.0,0.0,0.0,0.0,0.0,0.0,0.0,0.0,0.0,1.0,0.0,0.0,0.0,0.0,0.0,0.0,0.0,0.0,5700 office expense
purchase pharmasave 1101,0.0,0.0,0.0,0.0,0.0,0.0,0.0,0.0,0.0,0.0,0.0,0.0,0.0,0.0,0.0,0.0,0.0,0.0,1.0,0.0,0.0,0.0,0.0,0.0,0.0,0.0,0.0,5700 office expense
purchase pharmasave 1101,0.0,0.0,0.0,0.0,0.0,0.0,0.0,0.0,0.0,0.0,0.0,0.0,0.0,0.0,0.0,0.0,0.0,0.0,1.0,0.0,0.0,0.0,0.0,0.0,0.0,0.0,0.0,5700 office expense
purchase pharmasave 1101,0.0,0.0,0.0,0.0,0.0,0.0,0.0,0.0,0.0,0.0,0.0,0.0,0.0,0.0,0.0,0.0,0.0,0.0,1.0,0.0,0.0,0.0,0.0,0.0,0.0,0.0,0.0,5700 office expense
purchase pharmasave 1101,0.0,0.0,0.0,0.0,0.0,0.0,0.0,0.0,0.0,0.0,0.0,0.0,0.0,0.0,0.0,0.0,0.0,0.0,1.0,0.0,0.0,0.0,0.0,0.0,0.0,0.0,0.0,5700 office expense
purchase pharmasave 1101,0.0,0.0,0.0,0.0,0.0,0.0,0.0,0.0,0.0,0.0,0.0,0.0,0.0,0.0,0.0,0.0,0.0,0.0,1.0,0.0,0.0,0.0,0.0,0.0,0.0,0.0,0.0,5700 office expense
purchase pharmasave 1101,0.0,0.0,0.0,0.0,0.0,0.0,0.0,0.0,0.0,0.0,0.0,0.0,0.0,0.0,0.0,0.0,0.0,0.0,1.0,0.0,0.0,0.0,0.0,0.0,0.0,0.0,0.0,5700 office expense
purchase pharmasave 1101,0.0,0.0,0.0,0.0,0.0,0.0,0.0,0.0,0.0,0.0,0.0,0.0,0.0,0.0,0.0,0.0,0.0,0.0,1.0,0.0,0.0,0.0,0.0,0.0,0.0,0.0,0.0,5700 office expense
purchase pharmasave 1101,0.0,0.0,0.0,0.0,0.0,0.0,0.0,0.0,0.0,0.0,0.0,0.0,0.0,0.0,0.0,0.0,0.0,0.0,1.0,0.0,0.0,0.0,0.0,0.0,0.0,0.0,0.0,5700 office expense
purchase pharmasave 1101,0.0,0.0,0.0,0.0,0.0,0.0,0.0,0.0,0.0,0.0,0.0,0.0,0.0,0.0,0.0,0.0,0.0,0.0,1.0,0.0,0.0,0.0,0.0,0.0,0.0,0.0,0.0,5700 office expense
purchase pharmasave 1101,0.0,0.0,0.0,0.0,0.0,0.0,0.0,0.0,0.0,0.0,0.0,0.0,0.0,0.0,0.0,0.0,0.0,0.0,1.0,0.0,0.0,0.0,0.0,0.0,0.0,0.0,0.0,5700 office expense
purchase pharmasave 1101,0.0,0.0,0.0,0.0,0.0,0.0,0.0,0.0,0.0,0.0,0.0,0.0,0.0,0.0,0.0,0.0,0.0,0.0,1.0,0.0,0.0,0.0,0.0,0.0,0.0,0.0,0.0,5700 office expense
purchase pharmasave 1101,0.0,0.0,0.0,0.0,0.0,0.0,0.0,0.0,0.0,0.0,0.0,0.0,0.0,0.0,0.0,0.0,0.0,0.0,1.0,0.0,0.0,0.0,0.0,0.0,0.0,0.0,0.0,5700 office expense
purchase registrysearch.ca passtime gps renewal spring auto financial product manage cypress hill use passtime platform reduce risk prevent loss vehicle cypress portfolio 6/20/2022 update card limit $ 1000 need match renewal requirement,0.17817649085351708,0.16853114399798705,0.30274674679090013,0.17880710564735308,0.17880710564735308,0.17880710564735308,0.17880710564735308,0.17499458813117655,0.17855410775144362,0.17868048070434694,0.17880710564735308,0.17880710564735308,0.17868048070434694,0.30274674679090013,0.17571484977948262,0.17880710564735308,0.17880710564735308,0.17880710564735308,0.06730580827515545,0.2973068880112139,0.1654790748445233,0.17880710564735308,0.17880710564735308,0.17880710564735308,0.17718035453921316,0.17880710564735308,0.17880710564735308,5700 office expense
purchase registrysearch.ca passtime gps renewal spring auto financial product manage cypress hill use passtime platform reduce risk prevent loss vehicle cypress portfolio 6/20/2022 update card limit $ 1000 need match renewal requirement,0.17817649085351708,0.16853114399798705,0.30274674679090013,0.17880710564735308,0.17880710564735308,0.17880710564735308,0.17880710564735308,0.17499458813117655,0.17855410775144362,0.17868048070434694,0.17880710564735308,0.17880710564735308,0.17868048070434694,0.30274674679090013,0.17571484977948262,0.17880710564735308,0.17880710564735308,0.17880710564735308,0.06730580827515545,0.2973068880112139,0.1654790748445233,0.17880710564735308,0.17880710564735308,0.17880710564735308,0.17718035453921316,0.17880710564735308,0.17880710564735308,5700 office expense
purchase private internet access recur monthly purchase license,0.0,0.0,0.0,0.0,0.0,0.0,0.0,0.0,0.0,0.0,0.0,0.0,0.0,0.0,0.0,0.0,0.0,0.0,1.0,0.0,0.0,0.0,0.0,0.0,0.0,0.0,0.0,5700 office expense
purchase puro/335426924197,0.0,0.0,0.0,0.0,0.0,0.0,0.0,0.0,0.0,0.0,0.0,0.0,0.0,0.0,0.0,0.0,0.0,0.0,1.0,0.0,0.0,0.0,0.0,0.0,0.0,0.0,0.0,5700 office expense
purchase puro/6937215876,0.0,0.0,0.0,0.0,0.0,0.0,0.0,0.0,0.0,0.0,0.0,0.0,0.0,0.0,0.0,0.0,0.0,0.0,1.0,0.0,0.0,0.0,0.0,0.0,0.0,0.0,0.0,5700 office expense
purchase puro/6937393385,0.0,0.0,0.0,0.0,0.0,0.0,0.0,0.0,0.0,0.0,0.0,0.0,0.0,0.0,0.0,0.0,0.0,0.0,1.0,0.0,0.0,0.0,0.0,0.0,0.0,0.0,0.0,5700 office expense
purchase purolator food beverage event prize award etc,0.0,0.0,0.0,0.0,0.0,0.0,0.0,0.0,0.0,0.0,0.0,0.0,0.0,0.0,0.0,0.0,0.0,0.0,1.0,0.0,0.0,0.0,0.0,0.0,0.0,0.0,0.0,5700 office expense
purchase purolator eso/335685 food beverage event prize award etc,0.0,0.0,0.0,0.0,0.0,0.0,0.0,0.0,0.0,0.0,0.0,0.0,0.0,0.0,0.0,0.0,0.0,0.0,1.0,0.0,0.0,0.0,0.0,0.0,0.0,0.0,0.0,5700 office expense
purchase purolator eso/335690,0.0,0.0,0.0,0.0,0.0,0.0,0.0,0.0,0.0,0.0,0.0,0.0,0.0,0.0,0.0,0.0,0.0,0.0,1.0,0.0,0.0,0.0,0.0,0.0,0.0,0.0,0.0,5700 office expense
purchase purolator eso/335690,0.0,0.0,0.0,0.0,0.0,0.0,0.0,0.0,0.0,0.0,0.0,0.0,0.0,0.0,0.0,0.0,0.0,0.0,1.0,0.0,0.0,0.0,0.0,0.0,0.0,0.0,0.0,5700 office expense
purchase purolator eso/335690,0.0,0.0,0.0,0.0,0.0,0.0,0.0,0.0,0.0,0.0,0.0,0.0,0.0,0.0,0.0,0.0,0.0,0.0,1.0,0.0,0.0,0.0,0.0,0.0,0.0,0.0,0.0,5700 office expense
purchase purolator eso/335691,0.0,0.0,0.0,0.0,0.0,0.0,0.0,0.0,0.0,0.0,0.0,0.0,0.0,0.0,0.0,0.0,0.0,0.0,1.0,0.0,0.0,0.0,0.0,0.0,0.0,0.0,0.0,5700 office expense
purchase purolator eso/335691,0.0,0.0,0.0,0.0,0.0,0.0,0.0,0.0,0.0,0.0,0.0,0.0,0.0,0.0,0.0,0.0,0.0,0.0,1.0,0.0,0.0,0.0,0.0,0.0,0.0,0.0,0.0,5700 office expense
purchase purolator eso/335691,0.0,0.0,0.0,0.0,0.0,0.0,0.0,0.0,0.0,0.0,0.0,0.0,0.0,0.0,0.0,0.0,0.0,0.0,1.0,0.0,0.0,0.0,0.0,0.0,0.0,0.0,0.0,5700 office expense
purchase purolator eso/335691,0.0,0.0,0.0,0.0,0.0,0.0,0.0,0.0,0.0,0.0,0.0,0.0,0.0,0.0,0.0,0.0,0.0,0.0,1.0,0.0,0.0,0.0,0.0,0.0,0.0,0.0,0.0,5700 office expense
purchase purolator eso/335700,0.0,0.0,0.0,0.0,0.0,0.0,0.0,0.0,0.0,0.0,0.0,0.0,0.0,0.0,0.0,0.0,0.0,0.0,1.0,0.0,0.0,0.0,0.0,0.0,0.0,0.0,0.0,5700 office expense
purchase purolator eso/335706,0.0,0.0,0.0,0.0,0.0,0.0,0.0,0.0,0.0,0.0,0.0,0.0,0.0,0.0,0.0,0.0,0.0,0.0,1.0,0.0,0.0,0.0,0.0,0.0,0.0,0.0,0.0,5700 office expense
purchase purolator eso/335723,0.0,0.0,0.0,0.0,0.0,0.0,0.0,0.0,0.0,0.0,0.0,0.0,0.0,0.0,0.0,0.0,0.0,0.0,1.0,0.0,0.0,0.0,0.0,0.0,0.0,0.0,0.0,5700 office expense
purchase purolator eso/335725,0.0,0.0,0.0,0.0,0.0,0.0,0.0,0.0,0.0,0.0,0.0,0.0,0.0,0.0,0.0,0.0,0.0,0.0,1.0,0.0,0.0,0.0,0.0,0.0,0.0,0.0,0.0,5700 office expense
purchase purolator eso/693802,0.0,0.0,0.0,0.0,0.0,0.0,0.0,0.0,0.0,0.0,0.0,0.0,0.0,0.0,0.0,0.0,0.0,0.0,1.0,0.0,0.0,0.0,0.0,0.0,0.0,0.0,0.0,5700 office expense
purchase raz*blinkit,0.0,0.0,0.0,0.0,0.0,0.0,0.0,0.0,0.0,0.0,0.0,0.0,0.0,0.0,0.0,0.0,0.0,0.0,1.0,0.0,0.0,0.0,0.0,0.0,0.0,0.0,0.0,5700 office expense
purchase raz*blinkit bouquet cory,0.0,0.0,0.0,0.0,0.0,0.0,0.0,0.0,0.0,0.0,0.0,0.0,0.0,0.0,0.0,0.0,0.0,0.0,1.0,0.0,0.0,0.0,0.0,0.0,0.0,0.0,0.0,5700 office expense
purchase raz*blinkit flower bouquet farewell employee siddhant sharma,0.0,0.0,0.0,0.0,0.0,0.0,0.0,0.0,0.0,0.0,0.0,0.0,0.0,0.0,0.0,0.0,0.0,0.0,1.0,0.0,0.0,0.0,0.0,0.0,0.0,0.0,0.0,5700 office expense
purchase raz*swiggy green tea office,0.0,0.0,0.0,0.0,0.0,0.0,0.0,0.0,0.0,0.0,0.0,0.0,0.0,0.0,0.0,0.0,0.0,0.0,1.0,0.0,0.0,0.0,0.0,0.0,0.0,0.0,0.0,5700 office expense
purchase raz*theobroma food priva cake farewell siddhant sharma,0.0,0.0,0.0,0.0,0.0,0.0,0.0,0.0,0.0,0.0,0.0,0.0,0.0,0.0,0.0,0.0,0.0,0.0,1.0,0.0,0.0,0.0,0.0,0.0,0.0,0.0,0.0,5700 office expense
purchase raz*zepto marketplace pri aaa battery keyboard zmouse staff,0.0,0.0,0.0,0.0,0.0,0.0,0.0,0.0,0.0,0.0,0.0,0.0,0.0,0.0,0.0,0.0,0.0,0.0,1.0,0.0,0.0,0.0,0.0,0.0,0.0,0.0,0.0,5700 office expense
purchase raz*zomato online order cake birthday farewell,0.0,0.0,0.0,0.0,0.0,0.0,0.0,0.0,0.0,0.0,0.0,0.0,0.0,0.0,0.0,0.0,0.0,0.0,1.0,0.0,0.0,0.0,0.0,0.0,0.0,0.0,0.0,5700 office expense
purchase red dynasty,0.0,0.0,0.0,0.0,0.0,0.0,0.0,0.0,0.0,0.0,0.0,0.0,0.0,0.0,0.0,0.0,0.0,0.0,1.0,0.0,0.0,0.0,0.0,0.0,0.0,0.0,0.0,5700 office expense
purchase registrysearch.ca passtime gps renewal spring auto financial product manage cypress hill use passtime platform reduce risk prevent loss vehicle cypress portfolio 6/20/2022 update card limit $ 1000 need match renewal requirement,0.17817649085351708,0.16853114399798705,0.30274674679090013,0.17880710564735308,0.17880710564735308,0.17880710564735308,0.17880710564735308,0.17499458813117655,0.17855410775144362,0.17868048070434694,0.17880710564735308,0.17880710564735308,0.17868048070434694,0.30274674679090013,0.17571484977948262,0.17880710564735308,0.17880710564735308,0.17880710564735308,0.06730580827515545,0.2973068880112139,0.1654790748445233,0.17880710564735308,0.17880710564735308,0.17880710564735308,0.17718035453921316,0.17880710564735308,0.17880710564735308,5700 office expense
purchase registrysearch.ca passtime gps renewal spring auto financial product manage cypress hill use passtime platform reduce risk prevent loss vehicle cypress portfolio 6/20/2022 update card limit $ 1000 need match renewal requirement,0.17817649085351708,0.16853114399798705,0.30274674679090013,0.17880710564735308,0.17880710564735308,0.17880710564735308,0.17880710564735308,0.17499458813117655,0.17855410775144362,0.17868048070434694,0.17880710564735308,0.17880710564735308,0.17868048070434694,0.30274674679090013,0.17571484977948262,0.17880710564735308,0.17880710564735308,0.17880710564735308,0.06730580827515545,0.2973068880112139,0.1654790748445233,0.17880710564735308,0.17880710564735308,0.17880710564735308,0.17718035453921316,0.17880710564735308,0.17880710564735308,5700 office expense
purchase snb acol lien check passtime gps renewal spring auto financial product manage cypress hill use passtime platform reduce risk prevent loss vehicle cypress portfolio 6/20/2022 update card limit $ 1000 need match renewal requirement,0.17817649085351708,0.16853114399798705,0.30274674679090013,0.17880710564735308,0.17880710564735308,0.17880710564735308,0.17880710564735308,0.17499458813117655,0.17855410775144362,0.17868048070434694,0.17880710564735308,0.17880710564735308,0.17868048070434694,0.30274674679090013,0.17571484977948262,0.17880710564735308,0.17880710564735308,0.17880710564735308,0.06730580827515545,0.2973068880112139,0.1654790748445233,0.17880710564735308,0.17880710564735308,0.17880710564735308,0.17718035453921316,0.17880710564735308,0.17880710564735308,5700 office expense
purchase snb acol lien check passtime gps renewal spring auto financial product manage cypress hill use passtime platform reduce risk prevent loss vehicle cypress portfolio 6/20/2022 update card limit $ 1000 need match renewal requirement,0.17817649085351708,0.16853114399798705,0.30274674679090013,0.17880710564735308,0.17880710564735308,0.17880710564735308,0.17880710564735308,0.17499458813117655,0.17855410775144362,0.17868048070434694,0.17880710564735308,0.17880710564735308,0.17868048070434694,0.30274674679090013,0.17571484977948262,0.17880710564735308,0.17880710564735308,0.17880710564735308,0.06730580827515545,0.2973068880112139,0.1654790748445233,0.17880710564735308,0.17880710564735308,0.17880710564735308,0.17718035453921316,0.17880710564735308,0.17880710564735308,5700 office expense
purchase snb acol lien check passtime gps renewal spring auto financial product manage cypress hill use passtime platform reduce risk prevent loss vehicle cypress portfolio 6/20/2022 update card limit $ 1000 need match renewal requirement,0.17817649085351708,0.16853114399798705,0.30274674679090013,0.17880710564735308,0.17880710564735308,0.17880710564735308,0.17880710564735308,0.17499458813117655,0.17855410775144362,0.17868048070434694,0.17880710564735308,0.17880710564735308,0.17868048070434694,0.30274674679090013,0.17571484977948262,0.17880710564735308,0.17880710564735308,0.17880710564735308,0.06730580827515545,0.2973068880112139,0.1654790748445233,0.17880710564735308,0.17880710564735308,0.17880710564735308,0.17718035453921316,0.17880710564735308,0.17880710564735308,5700 office expense
purchase snb acol lien check passtime gps renewal spring auto financial product manage cypress hill use passtime platform reduce risk prevent loss vehicle cypress portfolio 6/20/2022 update card limit $ 1000 need match renewal requirement,0.17817649085351708,0.16853114399798705,0.30274674679090013,0.17880710564735308,0.17880710564735308,0.17880710564735308,0.17880710564735308,0.17499458813117655,0.17855410775144362,0.17868048070434694,0.17880710564735308,0.17880710564735308,0.17868048070434694,0.30274674679090013,0.17571484977948262,0.17880710564735308,0.17880710564735308,0.17880710564735308,0.06730580827515545,0.2973068880112139,0.1654790748445233,0.17880710564735308,0.17880710564735308,0.17880710564735308,0.17718035453921316,0.17880710564735308,0.17880710564735308,5700 office expense
purchase snb acol lien check passtime gps renewal spring auto financial product manage cypress hill use passtime platform reduce risk prevent loss vehicle cypress portfolio 6/20/2022 update card limit $ 1000 need match renewal requirement,0.17817649085351708,0.16853114399798705,0.30274674679090013,0.17880710564735308,0.17880710564735308,0.17880710564735308,0.17880710564735308,0.17499458813117655,0.17855410775144362,0.17868048070434694,0.17880710564735308,0.17880710564735308,0.17868048070434694,0.30274674679090013,0.17571484977948262,0.17880710564735308,0.17880710564735308,0.17880710564735308,0.06730580827515545,0.2973068880112139,0.1654790748445233,0.17880710564735308,0.17880710564735308,0.17880710564735308,0.17718035453921316,0.17880710564735308,0.17880710564735308,5700 office expense
purchase snb acol lien check passtime gps renewal spring auto financial product manage cypress hill use passtime platform reduce risk prevent loss vehicle cypress portfolio 6/20/2022 update card limit $ 1000 need match renewal requirement,0.17817649085351708,0.16853114399798705,0.30274674679090013,0.17880710564735308,0.17880710564735308,0.17880710564735308,0.17880710564735308,0.17499458813117655,0.17855410775144362,0.17868048070434694,0.17880710564735308,0.17880710564735308,0.17868048070434694,0.30274674679090013,0.17571484977948262,0.17880710564735308,0.17880710564735308,0.17880710564735308,0.06730580827515545,0.2973068880112139,0.1654790748445233,0.17880710564735308,0.17880710564735308,0.17880710564735308,0.17718035453921316,0.17880710564735308,0.17880710564735308,5700 office expense
purchase speedy search regist passtime gps renewal spring auto financial product manage cypress hill use passtime platform reduce risk prevent loss vehicle cypress portfolio 6/20/2022 update card limit $ 1000 need match renewal requirement,0.17817649085351708,0.16853114399798705,0.30274674679090013,0.17880710564735308,0.17880710564735308,0.17880710564735308,0.17880710564735308,0.17499458813117655,0.17855410775144362,0.17868048070434694,0.17880710564735308,0.17880710564735308,0.17868048070434694,0.30274674679090013,0.17571484977948262,0.17880710564735308,0.17880710564735308,0.17880710564735308,0.06730580827515545,0.2973068880112139,0.1654790748445233,0.17880710564735308,0.17880710564735308,0.17880710564735308,0.17718035453921316,0.17880710564735308,0.17880710564735308,5700 office expense
purchase speedy search regist passtime gps renewal spring auto financial product manage cypress hill use passtime platform reduce risk prevent loss vehicle cypress portfolio 6/20/2022 update card limit $ 1000 need match renewal requirement,0.17817649085351708,0.16853114399798705,0.30274674679090013,0.17880710564735308,0.17880710564735308,0.17880710564735308,0.17880710564735308,0.17499458813117655,0.17855410775144362,0.17868048070434694,0.17880710564735308,0.17880710564735308,0.17868048070434694,0.30274674679090013,0.17571484977948262,0.17880710564735308,0.17880710564735308,0.17880710564735308,0.06730580827515545,0.2973068880112139,0.1654790748445233,0.17880710564735308,0.17880710564735308,0.17880710564735308,0.17718035453921316,0.17880710564735308,0.17880710564735308,5700 office expense
purchase speedy search regist passtime gps renewal spring auto financial product manage cypress hill use passtime platform reduce risk prevent loss vehicle cypress portfolio 6/20/2022 update card limit $ 1000 need match renewal requirement,0.17817649085351708,0.16853114399798705,0.30274674679090013,0.17880710564735308,0.17880710564735308,0.17880710564735308,0.17880710564735308,0.17499458813117655,0.17855410775144362,0.17868048070434694,0.17880710564735308,0.17880710564735308,0.17868048070434694,0.30274674679090013,0.17571484977948262,0.17880710564735308,0.17880710564735308,0.17880710564735308,0.06730580827515545,0.2973068880112139,0.1654790748445233,0.17880710564735308,0.17880710564735308,0.17880710564735308,0.17718035453921316,0.17880710564735308,0.17880710564735308,5700 office expense
purchase speedy search regist passtime gps renewal spring auto financial product manage cypress hill use passtime platform reduce risk prevent loss vehicle cypress portfolio 6/20/2022 update card limit $ 1000 need match renewal requirement,0.17817649085351708,0.16853114399798705,0.30274674679090013,0.17880710564735308,0.17880710564735308,0.17880710564735308,0.17880710564735308,0.17499458813117655,0.17855410775144362,0.17868048070434694,0.17880710564735308,0.17880710564735308,0.17868048070434694,0.30274674679090013,0.17571484977948262,0.17880710564735308,0.17880710564735308,0.17880710564735308,0.06730580827515545,0.2973068880112139,0.1654790748445233,0.17880710564735308,0.17880710564735308,0.17880710564735308,0.17718035453921316,0.17880710564735308,0.17880710564735308,5700 office expense
purchase speedy search regist passtime gps renewal spring auto financial product manage cypress hill use passtime platform reduce risk prevent loss vehicle cypress portfolio 6/20/2022 update card limit $ 1000 need match renewal requirement,0.17817649085351708,0.16853114399798705,0.30274674679090013,0.17880710564735308,0.17880710564735308,0.17880710564735308,0.17880710564735308,0.17499458813117655,0.17855410775144362,0.17868048070434694,0.17880710564735308,0.17880710564735308,0.17868048070434694,0.30274674679090013,0.17571484977948262,0.17880710564735308,0.17880710564735308,0.17880710564735308,0.06730580827515545,0.2973068880112139,0.1654790748445233,0.17880710564735308,0.17880710564735308,0.17880710564735308,0.17718035453921316,0.17880710564735308,0.17880710564735308,5700 office expense
purchase speedy search regist passtime gps renewal spring auto financial product manage cypress hill use passtime platform reduce risk prevent loss vehicle cypress portfolio 6/20/2022 update card limit $ 1000 need match renewal requirement,0.17817649085351708,0.16853114399798705,0.30274674679090013,0.17880710564735308,0.17880710564735308,0.17880710564735308,0.17880710564735308,0.17499458813117655,0.17855410775144362,0.17868048070434694,0.17880710564735308,0.17880710564735308,0.17868048070434694,0.30274674679090013,0.17571484977948262,0.17880710564735308,0.17880710564735308,0.17880710564735308,0.06730580827515545,0.2973068880112139,0.1654790748445233,0.17880710564735308,0.17880710564735308,0.17880710564735308,0.17718035453921316,0.17880710564735308,0.17880710564735308,5700 office expense
purchase speedy search regist passtime gps renewal spring auto financial product manage cypress hill use passtime platform reduce risk prevent loss vehicle cypress portfolio 6/20/2022 update card limit $ 1000 need match renewal requirement,0.17817649085351708,0.16853114399798705,0.30274674679090013,0.17880710564735308,0.17880710564735308,0.17880710564735308,0.17880710564735308,0.17499458813117655,0.17855410775144362,0.17868048070434694,0.17880710564735308,0.17880710564735308,0.17868048070434694,0.30274674679090013,0.17571484977948262,0.17880710564735308,0.17880710564735308,0.17880710564735308,0.06730580827515545,0.2973068880112139,0.1654790748445233,0.17880710564735308,0.17880710564735308,0.17880710564735308,0.17718035453921316,0.17880710564735308,0.17880710564735308,5700 office expense
purchase speedy search regist passtime gps renewal spring auto financial product manage cypress hill use passtime platform reduce risk prevent loss vehicle cypress portfolio 6/20/2022 update card limit $ 1000 need match renewal requirement,0.17817649085351708,0.16853114399798705,0.30274674679090013,0.17880710564735308,0.17880710564735308,0.17880710564735308,0.17880710564735308,0.17499458813117655,0.17855410775144362,0.17868048070434694,0.17880710564735308,0.17880710564735308,0.17868048070434694,0.30274674679090013,0.17571484977948262,0.17880710564735308,0.17880710564735308,0.17880710564735308,0.06730580827515545,0.2973068880112139,0.1654790748445233,0.17880710564735308,0.17880710564735308,0.17880710564735308,0.17718035453921316,0.17880710564735308,0.17880710564735308,5700 office expense
purchase speedy search regist passtime gps renewal spring auto financial product manage cypress hill use passtime platform reduce risk prevent loss vehicle cypress portfolio 6/20/2022 update card limit $ 1000 need match renewal requirement,0.17817649085351708,0.16853114399798705,0.30274674679090013,0.17880710564735308,0.17880710564735308,0.17880710564735308,0.17880710564735308,0.17499458813117655,0.17855410775144362,0.17868048070434694,0.17880710564735308,0.17880710564735308,0.17868048070434694,0.30274674679090013,0.17571484977948262,0.17880710564735308,0.17880710564735308,0.17880710564735308,0.06730580827515545,0.2973068880112139,0.1654790748445233,0.17880710564735308,0.17880710564735308,0.17880710564735308,0.17718035453921316,0.17880710564735308,0.17880710564735308,5700 office expense
purchase speedy search regist passtime gps renewal spring auto financial product manage cypress hill use passtime platform reduce risk prevent loss vehicle cypress portfolio 6/20/2022 update card limit $ 1000 need match renewal requirement,0.17817649085351708,0.16853114399798705,0.30274674679090013,0.17880710564735308,0.17880710564735308,0.17880710564735308,0.17880710564735308,0.17499458813117655,0.17855410775144362,0.17868048070434694,0.17880710564735308,0.17880710564735308,0.17868048070434694,0.30274674679090013,0.17571484977948262,0.17880710564735308,0.17880710564735308,0.17880710564735308,0.06730580827515545,0.2973068880112139,0.1654790748445233,0.17880710564735308,0.17880710564735308,0.17880710564735308,0.17718035453921316,0.17880710564735308,0.17880710564735308,5700 office expense
purchase speedy search regist passtime gps renewal spring auto financial product manage cypress hill use passtime platform reduce risk prevent loss vehicle cypress portfolio 6/20/2022 update card limit $ 1000 need match renewal requirement,0.17817649085351708,0.16853114399798705,0.30274674679090013,0.17880710564735308,0.17880710564735308,0.17880710564735308,0.17880710564735308,0.17499458813117655,0.17855410775144362,0.17868048070434694,0.17880710564735308,0.17880710564735308,0.17868048070434694,0.30274674679090013,0.17571484977948262,0.17880710564735308,0.17880710564735308,0.17880710564735308,0.06730580827515545,0.2973068880112139,0.1654790748445233,0.17880710564735308,0.17880710564735308,0.17880710564735308,0.17718035453921316,0.17880710564735308,0.17880710564735308,5700 office expense
purchase speedy search regist passtime gps renewal spring auto financial product manage cypress hill use passtime platform reduce risk prevent loss vehicle cypress portfolio 6/20/2022 update card limit $ 1000 need match renewal requirement,0.17817649085351708,0.16853114399798705,0.30274674679090013,0.17880710564735308,0.17880710564735308,0.17880710564735308,0.17880710564735308,0.17499458813117655,0.17855410775144362,0.17868048070434694,0.17880710564735308,0.17880710564735308,0.17868048070434694,0.30274674679090013,0.17571484977948262,0.17880710564735308,0.17880710564735308,0.17880710564735308,0.06730580827515545,0.2973068880112139,0.1654790748445233,0.17880710564735308,0.17880710564735308,0.17880710564735308,0.17718035453921316,0.17880710564735308,0.17880710564735308,5700 office expense
purchase speedy search regist passtime gps renewal spring auto financial product manage cypress hill use passtime platform reduce risk prevent loss vehicle cypress portfolio 6/20/2022 update card limit $ 1000 need match renewal requirement,0.17817649085351708,0.16853114399798705,0.30274674679090013,0.17880710564735308,0.17880710564735308,0.17880710564735308,0.17880710564735308,0.17499458813117655,0.17855410775144362,0.17868048070434694,0.17880710564735308,0.17880710564735308,0.17868048070434694,0.30274674679090013,0.17571484977948262,0.17880710564735308,0.17880710564735308,0.17880710564735308,0.06730580827515545,0.2973068880112139,0.1654790748445233,0.17880710564735308,0.17880710564735308,0.17880710564735308,0.17718035453921316,0.17880710564735308,0.17880710564735308,5700 office expense
purchase speedy search regist passtime gps renewal spring auto financial product manage cypress hill use passtime platform reduce risk prevent loss vehicle cypress portfolio 6/20/2022 update card limit $ 1000 need match renewal requirement,0.17817649085351708,0.16853114399798705,0.30274674679090013,0.17880710564735308,0.17880710564735308,0.17880710564735308,0.17880710564735308,0.17499458813117655,0.17855410775144362,0.17868048070434694,0.17880710564735308,0.17880710564735308,0.17868048070434694,0.30274674679090013,0.17571484977948262,0.17880710564735308,0.17880710564735308,0.17880710564735308,0.06730580827515545,0.2973068880112139,0.1654790748445233,0.17880710564735308,0.17880710564735308,0.17880710564735308,0.17718035453921316,0.17880710564735308,0.17880710564735308,5700 office expense
purchase speedy search regist passtime gps renewal spring auto financial product manage cypress hill use passtime platform reduce risk prevent loss vehicle cypress portfolio 6/20/2022 update card limit $ 1000 need match renewal requirement,0.17817649085351708,0.16853114399798705,0.30274674679090013,0.17880710564735308,0.17880710564735308,0.17880710564735308,0.17880710564735308,0.17499458813117655,0.17855410775144362,0.17868048070434694,0.17880710564735308,0.17880710564735308,0.17868048070434694,0.30274674679090013,0.17571484977948262,0.17880710564735308,0.17880710564735308,0.17880710564735308,0.06730580827515545,0.2973068880112139,0.1654790748445233,0.17880710564735308,0.17880710564735308,0.17880710564735308,0.17718035453921316,0.17880710564735308,0.17880710564735308,5700 office expense
purchase speedy search regist passtime gps renewal spring auto financial product manage cypress hill use passtime platform reduce risk prevent loss vehicle cypress portfolio 6/20/2022 update card limit $ 1000 need match renewal requirement,0.17817649085351708,0.16853114399798705,0.30274674679090013,0.17880710564735308,0.17880710564735308,0.17880710564735308,0.17880710564735308,0.17499458813117655,0.17855410775144362,0.17868048070434694,0.17880710564735308,0.17880710564735308,0.17868048070434694,0.30274674679090013,0.17571484977948262,0.17880710564735308,0.17880710564735308,0.17880710564735308,0.06730580827515545,0.2973068880112139,0.1654790748445233,0.17880710564735308,0.17880710564735308,0.17880710564735308,0.17718035453921316,0.17880710564735308,0.17880710564735308,5700 office expense
purchase speedy search regist passtime gps renewal spring auto financial product manage cypress hill use passtime platform reduce risk prevent loss vehicle cypress portfolio 6/20/2022 update card limit $ 1000 need match renewal requirement,0.17817649085351708,0.16853114399798705,0.30274674679090013,0.17880710564735308,0.17880710564735308,0.17880710564735308,0.17880710564735308,0.17499458813117655,0.17855410775144362,0.17868048070434694,0.17880710564735308,0.17880710564735308,0.17868048070434694,0.30274674679090013,0.17571484977948262,0.17880710564735308,0.17880710564735308,0.17880710564735308,0.06730580827515545,0.2973068880112139,0.1654790748445233,0.17880710564735308,0.17880710564735308,0.17880710564735308,0.17718035453921316,0.17880710564735308,0.17880710564735308,5700 office expense
purchase speedy search regist passtime gps renewal spring auto financial product manage cypress hill use passtime platform reduce risk prevent loss vehicle cypress portfolio 6/20/2022 update card limit $ 1000 need match renewal requirement,0.17817649085351708,0.16853114399798705,0.30274674679090013,0.17880710564735308,0.17880710564735308,0.17880710564735308,0.17880710564735308,0.17499458813117655,0.17855410775144362,0.17868048070434694,0.17880710564735308,0.17880710564735308,0.17868048070434694,0.30274674679090013,0.17571484977948262,0.17880710564735308,0.17880710564735308,0.17880710564735308,0.06730580827515545,0.2973068880112139,0.1654790748445233,0.17880710564735308,0.17880710564735308,0.17880710564735308,0.17718035453921316,0.17880710564735308,0.17880710564735308,5700 office expense
purchase speedy search regist passtime gps renewal spring auto financial product manage cypress hill use passtime platform reduce risk prevent loss vehicle cypress portfolio 6/20/2022 update card limit $ 1000 need match renewal requirement,0.17817649085351708,0.16853114399798705,0.30274674679090013,0.17880710564735308,0.17880710564735308,0.17880710564735308,0.17880710564735308,0.17499458813117655,0.17855410775144362,0.17868048070434694,0.17880710564735308,0.17880710564735308,0.17868048070434694,0.30274674679090013,0.17571484977948262,0.17880710564735308,0.17880710564735308,0.17880710564735308,0.06730580827515545,0.2973068880112139,0.1654790748445233,0.17880710564735308,0.17880710564735308,0.17880710564735308,0.17718035453921316,0.17880710564735308,0.17880710564735308,5700 office expense
purchase speedy search regist passtime gps renewal spring auto financial product manage cypress hill use passtime platform reduce risk prevent loss vehicle cypress portfolio 6/20/2022 update card limit $ 1000 need match renewal requirement,0.17817649085351708,0.16853114399798705,0.30274674679090013,0.17880710564735308,0.17880710564735308,0.17880710564735308,0.17880710564735308,0.17499458813117655,0.17855410775144362,0.17868048070434694,0.17880710564735308,0.17880710564735308,0.17868048070434694,0.30274674679090013,0.17571484977948262,0.17880710564735308,0.17880710564735308,0.17880710564735308,0.06730580827515545,0.2973068880112139,0.1654790748445233,0.17880710564735308,0.17880710564735308,0.17880710564735308,0.17718035453921316,0.17880710564735308,0.17880710564735308,5700 office expense
purchase registrysearch.ca passtime gps renewal spring auto financial product manage cypress hill use passtime platform reduce risk prevent loss vehicle cypress portfolio 6/20/2022 update card limit $ 1000 need match renewal requirement,0.17817649085351708,0.16853114399798705,0.30274674679090013,0.17880710564735308,0.17880710564735308,0.17880710564735308,0.17880710564735308,0.17499458813117655,0.17855410775144362,0.17868048070434694,0.17880710564735308,0.17880710564735308,0.17868048070434694,0.30274674679090013,0.17571484977948262,0.17880710564735308,0.17880710564735308,0.17880710564735308,0.06730580827515545,0.2973068880112139,0.1654790748445233,0.17880710564735308,0.17880710564735308,0.17880710564735308,0.17718035453921316,0.17880710564735308,0.17880710564735308,5700 office expense
purchase registrysearch.ca passtime gps renewal spring auto financial product manage cypress hill use passtime platform reduce risk prevent loss vehicle cypress portfolio 6/20/2022 update card limit $ 1000 need match renewal requirement,0.17817649085351708,0.16853114399798705,0.30274674679090013,0.17880710564735308,0.17880710564735308,0.17880710564735308,0.17880710564735308,0.17499458813117655,0.17855410775144362,0.17868048070434694,0.17880710564735308,0.17880710564735308,0.17868048070434694,0.30274674679090013,0.17571484977948262,0.17880710564735308,0.17880710564735308,0.17880710564735308,0.06730580827515545,0.2973068880112139,0.1654790748445233,0.17880710564735308,0.17880710564735308,0.17880710564735308,0.17718035453921316,0.17880710564735308,0.17880710564735308,5700 office expense
purchase registrysearch.ca passtime gps renewal spring auto financial product manage cypress hill use passtime platform reduce risk prevent loss vehicle cypress portfolio 6/20/2022 update card limit $ 1000 need match renewal requirement,0.17817649085351708,0.16853114399798705,0.30274674679090013,0.17880710564735308,0.17880710564735308,0.17880710564735308,0.17880710564735308,0.17499458813117655,0.17855410775144362,0.17868048070434694,0.17880710564735308,0.17880710564735308,0.17868048070434694,0.30274674679090013,0.17571484977948262,0.17880710564735308,0.17880710564735308,0.17880710564735308,0.06730580827515545,0.2973068880112139,0.1654790748445233,0.17880710564735308,0.17880710564735308,0.17880710564735308,0.17718035453921316,0.17880710564735308,0.17880710564735308,5700 office expense
purchase registrysearch.ca passtime gps renewal spring auto financial product manage cypress hill use passtime platform reduce risk prevent loss vehicle cypress portfolio 6/20/2022 update card limit $ 1000 need match renewal requirement,0.17817649085351708,0.16853114399798705,0.30274674679090013,0.17880710564735308,0.17880710564735308,0.17880710564735308,0.17880710564735308,0.17499458813117655,0.17855410775144362,0.17868048070434694,0.17880710564735308,0.17880710564735308,0.17868048070434694,0.30274674679090013,0.17571484977948262,0.17880710564735308,0.17880710564735308,0.17880710564735308,0.06730580827515545,0.2973068880112139,0.1654790748445233,0.17880710564735308,0.17880710564735308,0.17880710564735308,0.17718035453921316,0.17880710564735308,0.17880710564735308,5700 office expense
purchase registrysearch.ca passtime gps renewal spring auto financial product manage cypress hill use passtime platform reduce risk prevent loss vehicle cypress portfolio 6/20/2022 update card limit $ 1000 need match renewal requirement,0.17817649085351708,0.16853114399798705,0.30274674679090013,0.17880710564735308,0.17880710564735308,0.17880710564735308,0.17880710564735308,0.17499458813117655,0.17855410775144362,0.17868048070434694,0.17880710564735308,0.17880710564735308,0.17868048070434694,0.30274674679090013,0.17571484977948262,0.17880710564735308,0.17880710564735308,0.17880710564735308,0.06730580827515545,0.2973068880112139,0.1654790748445233,0.17880710564735308,0.17880710564735308,0.17880710564735308,0.17718035453921316,0.17880710564735308,0.17880710564735308,5700 office expense
purchase registrysearch.ca passtime gps renewal spring auto financial product manage cypress hill use passtime platform reduce risk prevent loss vehicle cypress portfolio 6/20/2022 update card limit $ 1000 need match renewal requirement,0.17817649085351708,0.16853114399798705,0.30274674679090013,0.17880710564735308,0.17880710564735308,0.17880710564735308,0.17880710564735308,0.17499458813117655,0.17855410775144362,0.17868048070434694,0.17880710564735308,0.17880710564735308,0.17868048070434694,0.30274674679090013,0.17571484977948262,0.17880710564735308,0.17880710564735308,0.17880710564735308,0.06730580827515545,0.2973068880112139,0.1654790748445233,0.17880710564735308,0.17880710564735308,0.17880710564735308,0.17718035453921316,0.17880710564735308,0.17880710564735308,5700 office expense
purchase registrysearch.ca passtime gps renewal spring auto financial product manage cypress hill use passtime platform reduce risk prevent loss vehicle cypress portfolio 6/20/2022 update card limit $ 1000 need match renewal requirement,0.17817649085351708,0.16853114399798705,0.30274674679090013,0.17880710564735308,0.17880710564735308,0.17880710564735308,0.17880710564735308,0.17499458813117655,0.17855410775144362,0.17868048070434694,0.17880710564735308,0.17880710564735308,0.17868048070434694,0.30274674679090013,0.17571484977948262,0.17880710564735308,0.17880710564735308,0.17880710564735308,0.06730580827515545,0.2973068880112139,0.1654790748445233,0.17880710564735308,0.17880710564735308,0.17880710564735308,0.17718035453921316,0.17880710564735308,0.17880710564735308,5700 office expense
purchase registrysearch.ca passtime gps renewal spring auto financial product manage cypress hill use passtime platform reduce risk prevent loss vehicle cypress portfolio 6/20/2022 update card limit $ 1000 need match renewal requirement,0.17817649085351708,0.16853114399798705,0.30274674679090013,0.17880710564735308,0.17880710564735308,0.17880710564735308,0.17880710564735308,0.17499458813117655,0.17855410775144362,0.17868048070434694,0.17880710564735308,0.17880710564735308,0.17868048070434694,0.30274674679090013,0.17571484977948262,0.17880710564735308,0.17880710564735308,0.17880710564735308,0.06730580827515545,0.2973068880112139,0.1654790748445233,0.17880710564735308,0.17880710564735308,0.17880710564735308,0.17718035453921316,0.17880710564735308,0.17880710564735308,5700 office expense
purchase registrysearch.ca passtime gps renewal spring auto financial product manage cypress hill use passtime platform reduce risk prevent loss vehicle cypress portfolio 6/20/2022 update card limit $ 1000 need match renewal requirement,0.17817649085351708,0.16853114399798705,0.30274674679090013,0.17880710564735308,0.17880710564735308,0.17880710564735308,0.17880710564735308,0.17499458813117655,0.17855410775144362,0.17868048070434694,0.17880710564735308,0.17880710564735308,0.17868048070434694,0.30274674679090013,0.17571484977948262,0.17880710564735308,0.17880710564735308,0.17880710564735308,0.06730580827515545,0.2973068880112139,0.1654790748445233,0.17880710564735308,0.17880710564735308,0.17880710564735308,0.17718035453921316,0.17880710564735308,0.17880710564735308,5700 office expense
purchase registrysearch.ca passtime gps renewal spring auto financial product manage cypress hill use passtime platform reduce risk prevent loss vehicle cypress portfolio 6/20/2022 update card limit $ 1000 need match renewal requirement,0.17817649085351708,0.16853114399798705,0.30274674679090013,0.17880710564735308,0.17880710564735308,0.17880710564735308,0.17880710564735308,0.17499458813117655,0.17855410775144362,0.17868048070434694,0.17880710564735308,0.17880710564735308,0.17868048070434694,0.30274674679090013,0.17571484977948262,0.17880710564735308,0.17880710564735308,0.17880710564735308,0.06730580827515545,0.2973068880112139,0.1654790748445233,0.17880710564735308,0.17880710564735308,0.17880710564735308,0.17718035453921316,0.17880710564735308,0.17880710564735308,5700 office expense
purchase registrysearch.ca passtime gps renewal spring auto financial product manage cypress hill use passtime platform reduce risk prevent loss vehicle cypress portfolio 6/20/2022 update card limit $ 1000 need match renewal requirement,0.17817649085351708,0.16853114399798705,0.30274674679090013,0.17880710564735308,0.17880710564735308,0.17880710564735308,0.17880710564735308,0.17499458813117655,0.17855410775144362,0.17868048070434694,0.17880710564735308,0.17880710564735308,0.17868048070434694,0.30274674679090013,0.17571484977948262,0.17880710564735308,0.17880710564735308,0.17880710564735308,0.06730580827515545,0.2973068880112139,0.1654790748445233,0.17880710564735308,0.17880710564735308,0.17880710564735308,0.17718035453921316,0.17880710564735308,0.17880710564735308,5700 office expense
purchase registrysearch.ca passtime gps renewal spring auto financial product manage cypress hill use passtime platform reduce risk prevent loss vehicle cypress portfolio 6/20/2022 update card limit $ 1000 need match renewal requirement,0.17817649085351708,0.16853114399798705,0.30274674679090013,0.17880710564735308,0.17880710564735308,0.17880710564735308,0.17880710564735308,0.17499458813117655,0.17855410775144362,0.17868048070434694,0.17880710564735308,0.17880710564735308,0.17868048070434694,0.30274674679090013,0.17571484977948262,0.17880710564735308,0.17880710564735308,0.17880710564735308,0.06730580827515545,0.2973068880112139,0.1654790748445233,0.17880710564735308,0.17880710564735308,0.17880710564735308,0.17718035453921316,0.17880710564735308,0.17880710564735308,5700 office expense
purchase registrysearch.ca passtime gps renewal spring auto financial product manage cypress hill use passtime platform reduce risk prevent loss vehicle cypress portfolio 6/20/2022 update card limit $ 1000 need match renewal requirement,0.17817649085351708,0.16853114399798705,0.30274674679090013,0.17880710564735308,0.17880710564735308,0.17880710564735308,0.17880710564735308,0.17499458813117655,0.17855410775144362,0.17868048070434694,0.17880710564735308,0.17880710564735308,0.17868048070434694,0.30274674679090013,0.17571484977948262,0.17880710564735308,0.17880710564735308,0.17880710564735308,0.06730580827515545,0.2973068880112139,0.1654790748445233,0.17880710564735308,0.17880710564735308,0.17880710564735308,0.17718035453921316,0.17880710564735308,0.17880710564735308,5700 office expense
purchase registrysearch.ca passtime gps renewal spring auto financial product manage cypress hill use passtime platform reduce risk prevent loss vehicle cypress portfolio 6/20/2022 update card limit $ 1000 need match renewal requirement,0.17817649085351708,0.16853114399798705,0.30274674679090013,0.17880710564735308,0.17880710564735308,0.17880710564735308,0.17880710564735308,0.17499458813117655,0.17855410775144362,0.17868048070434694,0.17880710564735308,0.17880710564735308,0.17868048070434694,0.30274674679090013,0.17571484977948262,0.17880710564735308,0.17880710564735308,0.17880710564735308,0.06730580827515545,0.2973068880112139,0.1654790748445233,0.17880710564735308,0.17880710564735308,0.17880710564735308,0.17718035453921316,0.17880710564735308,0.17880710564735308,5700 office expense
purchase registrysearch.ca passtime gps renewal spring auto financial product manage cypress hill use passtime platform reduce risk prevent loss vehicle cypress portfolio 6/20/2022 update card limit $ 1000 need match renewal requirement,0.17817649085351708,0.16853114399798705,0.30274674679090013,0.17880710564735308,0.17880710564735308,0.17880710564735308,0.17880710564735308,0.17499458813117655,0.17855410775144362,0.17868048070434694,0.17880710564735308,0.17880710564735308,0.17868048070434694,0.30274674679090013,0.17571484977948262,0.17880710564735308,0.17880710564735308,0.17880710564735308,0.06730580827515545,0.2973068880112139,0.1654790748445233,0.17880710564735308,0.17880710564735308,0.17880710564735308,0.17718035453921316,0.17880710564735308,0.17880710564735308,5700 office expense
purchase registrysearch.ca passtime gps renewal spring auto financial product manage cypress hill use passtime platform reduce risk prevent loss vehicle cypress portfolio 6/20/2022 update card limit $ 1000 need match renewal requirement,0.17817649085351708,0.16853114399798705,0.30274674679090013,0.17880710564735308,0.17880710564735308,0.17880710564735308,0.17880710564735308,0.17499458813117655,0.17855410775144362,0.17868048070434694,0.17880710564735308,0.17880710564735308,0.17868048070434694,0.30274674679090013,0.17571484977948262,0.17880710564735308,0.17880710564735308,0.17880710564735308,0.06730580827515545,0.2973068880112139,0.1654790748445233,0.17880710564735308,0.17880710564735308,0.17880710564735308,0.17718035453921316,0.17880710564735308,0.17880710564735308,5700 office expense
purchase registrysearch.ca passtime gps renewal spring auto financial product manage cypress hill use passtime platform reduce risk prevent loss vehicle cypress portfolio 6/20/2022 update card limit $ 1000 need match renewal requirement,0.17817649085351708,0.16853114399798705,0.30274674679090013,0.17880710564735308,0.17880710564735308,0.17880710564735308,0.17880710564735308,0.17499458813117655,0.17855410775144362,0.17868048070434694,0.17880710564735308,0.17880710564735308,0.17868048070434694,0.30274674679090013,0.17571484977948262,0.17880710564735308,0.17880710564735308,0.17880710564735308,0.06730580827515545,0.2973068880112139,0.1654790748445233,0.17880710564735308,0.17880710564735308,0.17880710564735308,0.17718035453921316,0.17880710564735308,0.17880710564735308,5700 office expense
purchase registrysearch.ca,0.0,0.0,0.0,0.0,0.0,0.0,0.0,0.0,0.0,0.0,0.0,0.0,0.0,0.0,0.0,0.0,0.0,0.0,1.0,0.0,0.0,0.0,0.0,0.0,0.0,0.0,0.0,5700 office expense
purchase registrysearch.ca passtime gps renewal spring auto financial product manage cypress hill use passtime platform reduce risk prevent loss vehicle cypress portfolio 6/20/2022 update card limit $ 1000 need match renewal requirement,0.17817649085351708,0.16853114399798705,0.30274674679090013,0.17880710564735308,0.17880710564735308,0.17880710564735308,0.17880710564735308,0.17499458813117655,0.17855410775144362,0.17868048070434694,0.17880710564735308,0.17880710564735308,0.17868048070434694,0.30274674679090013,0.17571484977948262,0.17880710564735308,0.17880710564735308,0.17880710564735308,0.06730580827515545,0.2973068880112139,0.1654790748445233,0.17880710564735308,0.17880710564735308,0.17880710564735308,0.17718035453921316,0.17880710564735308,0.17880710564735308,5700 office expense
purchase registrysearch.ca passtime gps renewal spring auto financial product manage cypress hill use passtime platform reduce risk prevent loss vehicle cypress portfolio 6/20/2022 update card limit $ 1000 need match renewal requirement,0.17817649085351708,0.16853114399798705,0.30274674679090013,0.17880710564735308,0.17880710564735308,0.17880710564735308,0.17880710564735308,0.17499458813117655,0.17855410775144362,0.17868048070434694,0.17880710564735308,0.17880710564735308,0.17868048070434694,0.30274674679090013,0.17571484977948262,0.17880710564735308,0.17880710564735308,0.17880710564735308,0.06730580827515545,0.2973068880112139,0.1654790748445233,0.17880710564735308,0.17880710564735308,0.17880710564735308,0.17718035453921316,0.17880710564735308,0.17880710564735308,5700 office expense
purchase registrysearch.ca passtime gps renewal spring auto financial product manage cypress hill use passtime platform reduce risk prevent loss vehicle cypress portfolio 6/20/2022 update card limit $ 1000 need match renewal requirement,0.17817649085351708,0.16853114399798705,0.30274674679090013,0.17880710564735308,0.17880710564735308,0.17880710564735308,0.17880710564735308,0.17499458813117655,0.17855410775144362,0.17868048070434694,0.17880710564735308,0.17880710564735308,0.17868048070434694,0.30274674679090013,0.17571484977948262,0.17880710564735308,0.17880710564735308,0.17880710564735308,0.06730580827515545,0.2973068880112139,0.1654790748445233,0.17880710564735308,0.17880710564735308,0.17880710564735308,0.17718035453921316,0.17880710564735308,0.17880710564735308,5700 office expense
purchase registrysearch.ca passtime gps renewal spring auto financial product manage cypress hill use passtime platform reduce risk prevent loss vehicle cypress portfolio 6/20/2022 update card limit $ 1000 need match renewal requirement,0.17817649085351708,0.16853114399798705,0.30274674679090013,0.17880710564735308,0.17880710564735308,0.17880710564735308,0.17880710564735308,0.17499458813117655,0.17855410775144362,0.17868048070434694,0.17880710564735308,0.17880710564735308,0.17868048070434694,0.30274674679090013,0.17571484977948262,0.17880710564735308,0.17880710564735308,0.17880710564735308,0.06730580827515545,0.2973068880112139,0.1654790748445233,0.17880710564735308,0.17880710564735308,0.17880710564735308,0.17718035453921316,0.17880710564735308,0.17880710564735308,5700 office expense
purchase registrysearch.ca passtime gps renewal spring auto financial product manage cypress hill use passtime platform reduce risk prevent loss vehicle cypress portfolio 6/20/2022 update card limit $ 1000 need match renewal requirement,0.17817649085351708,0.16853114399798705,0.30274674679090013,0.17880710564735308,0.17880710564735308,0.17880710564735308,0.17880710564735308,0.17499458813117655,0.17855410775144362,0.17868048070434694,0.17880710564735308,0.17880710564735308,0.17868048070434694,0.30274674679090013,0.17571484977948262,0.17880710564735308,0.17880710564735308,0.17880710564735308,0.06730580827515545,0.2973068880112139,0.1654790748445233,0.17880710564735308,0.17880710564735308,0.17880710564735308,0.17718035453921316,0.17880710564735308,0.17880710564735308,5700 office expense
purchase registrysearch.ca passtime gps renewal spring auto financial product manage cypress hill use passtime platform reduce risk prevent loss vehicle cypress portfolio 6/20/2022 update card limit $ 1000 need match renewal requirement,0.17817649085351708,0.16853114399798705,0.30274674679090013,0.17880710564735308,0.17880710564735308,0.17880710564735308,0.17880710564735308,0.17499458813117655,0.17855410775144362,0.17868048070434694,0.17880710564735308,0.17880710564735308,0.17868048070434694,0.30274674679090013,0.17571484977948262,0.17880710564735308,0.17880710564735308,0.17880710564735308,0.06730580827515545,0.2973068880112139,0.1654790748445233,0.17880710564735308,0.17880710564735308,0.17880710564735308,0.17718035453921316,0.17880710564735308,0.17880710564735308,5700 office expense
purchase registrysearch.ca passtime gps renewal spring auto financial product manage cypress hill use passtime platform reduce risk prevent loss vehicle cypress portfolio 6/20/2022 update card limit $ 1000 need match renewal requirement,0.17817649085351708,0.16853114399798705,0.30274674679090013,0.17880710564735308,0.17880710564735308,0.17880710564735308,0.17880710564735308,0.17499458813117655,0.17855410775144362,0.17868048070434694,0.17880710564735308,0.17880710564735308,0.17868048070434694,0.30274674679090013,0.17571484977948262,0.17880710564735308,0.17880710564735308,0.17880710564735308,0.06730580827515545,0.2973068880112139,0.1654790748445233,0.17880710564735308,0.17880710564735308,0.17880710564735308,0.17718035453921316,0.17880710564735308,0.17880710564735308,5700 office expense
purchase registrysearch.ca passtime gps renewal spring auto financial product manage cypress hill use passtime platform reduce risk prevent loss vehicle cypress portfolio 6/20/2022 update card limit $ 1000 need match renewal requirement,0.17817649085351708,0.16853114399798705,0.30274674679090013,0.17880710564735308,0.17880710564735308,0.17880710564735308,0.17880710564735308,0.17499458813117655,0.17855410775144362,0.17868048070434694,0.17880710564735308,0.17880710564735308,0.17868048070434694,0.30274674679090013,0.17571484977948262,0.17880710564735308,0.17880710564735308,0.17880710564735308,0.06730580827515545,0.2973068880112139,0.1654790748445233,0.17880710564735308,0.17880710564735308,0.17880710564735308,0.17718035453921316,0.17880710564735308,0.17880710564735308,5700 office expense
purchase registrysearch.ca passtime gps renewal spring auto financial product manage cypress hill use passtime platform reduce risk prevent loss vehicle cypress portfolio 6/20/2022 update card limit $ 1000 need match renewal requirement,0.17817649085351708,0.16853114399798705,0.30274674679090013,0.17880710564735308,0.17880710564735308,0.17880710564735308,0.17880710564735308,0.17499458813117655,0.17855410775144362,0.17868048070434694,0.17880710564735308,0.17880710564735308,0.17868048070434694,0.30274674679090013,0.17571484977948262,0.17880710564735308,0.17880710564735308,0.17880710564735308,0.06730580827515545,0.2973068880112139,0.1654790748445233,0.17880710564735308,0.17880710564735308,0.17880710564735308,0.17718035453921316,0.17880710564735308,0.17880710564735308,5700 office expense
purchase registrysearch.ca passtime gps renewal spring auto financial product manage cypress hill use passtime platform reduce risk prevent loss vehicle cypress portfolio 6/20/2022 update card limit $ 1000 need match renewal requirement,0.17817649085351708,0.16853114399798705,0.30274674679090013,0.17880710564735308,0.17880710564735308,0.17880710564735308,0.17880710564735308,0.17499458813117655,0.17855410775144362,0.17868048070434694,0.17880710564735308,0.17880710564735308,0.17868048070434694,0.30274674679090013,0.17571484977948262,0.17880710564735308,0.17880710564735308,0.17880710564735308,0.06730580827515545,0.2973068880112139,0.1654790748445233,0.17880710564735308,0.17880710564735308,0.17880710564735308,0.17718035453921316,0.17880710564735308,0.17880710564735308,5700 office expense
purchase speedy search regist passtime gps renewal spring auto financial product manage cypress hill use passtime platform reduce risk prevent loss vehicle cypress portfolio 6/20/2022 update card limit $ 1000 need match renewal requirement,0.17817649085351708,0.16853114399798705,0.30274674679090013,0.17880710564735308,0.17880710564735308,0.17880710564735308,0.17880710564735308,0.17499458813117655,0.17855410775144362,0.17868048070434694,0.17880710564735308,0.17880710564735308,0.17868048070434694,0.30274674679090013,0.17571484977948262,0.17880710564735308,0.17880710564735308,0.17880710564735308,0.06730580827515545,0.2973068880112139,0.1654790748445233,0.17880710564735308,0.17880710564735308,0.17880710564735308,0.17718035453921316,0.17880710564735308,0.17880710564735308,5700 office expense
purchase speedy search regist passtime gps renewal spring auto financial product manage cypress hill use passtime platform reduce risk prevent loss vehicle cypress portfolio 6/20/2022 update card limit $ 1000 need match renewal requirement,0.17817649085351708,0.16853114399798705,0.30274674679090013,0.17880710564735308,0.17880710564735308,0.17880710564735308,0.17880710564735308,0.17499458813117655,0.17855410775144362,0.17868048070434694,0.17880710564735308,0.17880710564735308,0.17868048070434694,0.30274674679090013,0.17571484977948262,0.17880710564735308,0.17880710564735308,0.17880710564735308,0.06730580827515545,0.2973068880112139,0.1654790748445233,0.17880710564735308,0.17880710564735308,0.17880710564735308,0.17718035453921316,0.17880710564735308,0.17880710564735308,5700 office expense
purchase speedy search regist passtime gps renewal spring auto financial product manage cypress hill use passtime platform reduce risk prevent loss vehicle cypress portfolio 6/20/2022 update card limit $ 1000 need match renewal requirement,0.17817649085351708,0.16853114399798705,0.30274674679090013,0.17880710564735308,0.17880710564735308,0.17880710564735308,0.17880710564735308,0.17499458813117655,0.17855410775144362,0.17868048070434694,0.17880710564735308,0.17880710564735308,0.17868048070434694,0.30274674679090013,0.17571484977948262,0.17880710564735308,0.17880710564735308,0.17880710564735308,0.06730580827515545,0.2973068880112139,0.1654790748445233,0.17880710564735308,0.17880710564735308,0.17880710564735308,0.17718035453921316,0.17880710564735308,0.17880710564735308,5700 office expense
purchase speedy search regist passtime gps renewal spring auto financial product manage cypress hill use passtime platform reduce risk prevent loss vehicle cypress portfolio 6/20/2022 update card limit $ 1000 need match renewal requirement,0.17817649085351708,0.16853114399798705,0.30274674679090013,0.17880710564735308,0.17880710564735308,0.17880710564735308,0.17880710564735308,0.17499458813117655,0.17855410775144362,0.17868048070434694,0.17880710564735308,0.17880710564735308,0.17868048070434694,0.30274674679090013,0.17571484977948262,0.17880710564735308,0.17880710564735308,0.17880710564735308,0.06730580827515545,0.2973068880112139,0.1654790748445233,0.17880710564735308,0.17880710564735308,0.17880710564735308,0.17718035453921316,0.17880710564735308,0.17880710564735308,5700 office expense
purchase speedy search regist passtime gps renewal spring auto financial product manage cypress hill use passtime platform reduce risk prevent loss vehicle cypress portfolio 6/20/2022 update card limit $ 1000 need match renewal requirement,0.17817649085351708,0.16853114399798705,0.30274674679090013,0.17880710564735308,0.17880710564735308,0.17880710564735308,0.17880710564735308,0.17499458813117655,0.17855410775144362,0.17868048070434694,0.17880710564735308,0.17880710564735308,0.17868048070434694,0.30274674679090013,0.17571484977948262,0.17880710564735308,0.17880710564735308,0.17880710564735308,0.06730580827515545,0.2973068880112139,0.1654790748445233,0.17880710564735308,0.17880710564735308,0.17880710564735308,0.17718035453921316,0.17880710564735308,0.17880710564735308,5700 office expense
purchase speedy search regist passtime gps renewal spring auto financial product manage cypress hill use passtime platform reduce risk prevent loss vehicle cypress portfolio 6/20/2022 update card limit $ 1000 need match renewal requirement,0.17817649085351708,0.16853114399798705,0.30274674679090013,0.17880710564735308,0.17880710564735308,0.17880710564735308,0.17880710564735308,0.17499458813117655,0.17855410775144362,0.17868048070434694,0.17880710564735308,0.17880710564735308,0.17868048070434694,0.30274674679090013,0.17571484977948262,0.17880710564735308,0.17880710564735308,0.17880710564735308,0.06730580827515545,0.2973068880112139,0.1654790748445233,0.17880710564735308,0.17880710564735308,0.17880710564735308,0.17718035453921316,0.17880710564735308,0.17880710564735308,5700 office expense
purchase retail fiesta private l test transaction,0.0,0.0,0.0,0.0,0.0,0.0,0.0,0.0,0.0,0.0,0.0,0.0,0.0,0.0,0.0,0.0,0.0,0.0,1.0,0.0,0.0,0.0,0.0,0.0,0.0,0.0,0.0,5700 office expense
purchase rexall pharmacy 7149,0.0,0.0,0.0,0.0,0.0,0.0,0.0,0.0,0.0,0.0,0.0,0.0,0.0,0.0,0.0,0.0,0.0,0.0,1.0,0.0,0.0,0.0,0.0,0.0,0.0,0.0,0.0,5700 office expense
purchase safeway 4908,0.0,0.0,0.0,0.0,0.0,0.0,0.0,0.0,0.0,0.0,0.0,0.0,0.0,0.0,0.0,0.0,0.0,0.0,1.0,0.0,0.0,0.0,0.0,0.0,0.0,0.0,0.0,5700 office expense
purchase safeway 4998,0.0,0.0,0.0,0.0,0.0,0.0,0.0,0.0,0.0,0.0,0.0,0.0,0.0,0.0,0.0,0.0,0.0,0.0,1.0,0.0,0.0,0.0,0.0,0.0,0.0,0.0,0.0,5700 office expense
purchase sephora pacific centre,0.0,0.0,0.0,0.0,0.0,0.0,0.0,0.0,0.0,0.0,0.0,0.0,0.0,0.0,0.0,0.0,0.0,0.0,1.0,0.0,0.0,0.0,0.0,0.0,0.0,0.0,0.0,5700 office expense
purchase shoppers drug mart 22,0.0,0.0,0.0,0.0,0.0,0.0,0.0,0.0,0.0,0.0,0.0,0.0,0.0,0.0,0.0,0.0,0.0,0.0,1.0,0.0,0.0,0.0,0.0,0.0,0.0,0.0,0.0,5700 office expense
purchase speedy search regist passtime gps renewal spring auto financial product manage cypress hill use passtime platform reduce risk prevent loss vehicle cypress portfolio 6/20/2022 update card limit $ 1000 need match renewal requirement,0.17817649085351708,0.16853114399798705,0.30274674679090013,0.17880710564735308,0.17880710564735308,0.17880710564735308,0.17880710564735308,0.17499458813117655,0.17855410775144362,0.17868048070434694,0.17880710564735308,0.17880710564735308,0.17868048070434694,0.30274674679090013,0.17571484977948262,0.17880710564735308,0.17880710564735308,0.17880710564735308,0.06730580827515545,0.2973068880112139,0.1654790748445233,0.17880710564735308,0.17880710564735308,0.17880710564735308,0.17718035453921316,0.17880710564735308,0.17880710564735308,5700 office expense
purchase speedy search regist passtime gps renewal spring auto financial product manage cypress hill use passtime platform reduce risk prevent loss vehicle cypress portfolio 6/20/2022 update card limit $ 1000 need match renewal requirement,0.17817649085351708,0.16853114399798705,0.30274674679090013,0.17880710564735308,0.17880710564735308,0.17880710564735308,0.17880710564735308,0.17499458813117655,0.17855410775144362,0.17868048070434694,0.17880710564735308,0.17880710564735308,0.17868048070434694,0.30274674679090013,0.17571484977948262,0.17880710564735308,0.17880710564735308,0.17880710564735308,0.06730580827515545,0.2973068880112139,0.1654790748445233,0.17880710564735308,0.17880710564735308,0.17880710564735308,0.17718035453921316,0.17880710564735308,0.17880710564735308,5700 office expense
purchase speedy search regist passtime gps renewal spring auto financial product manage cypress hill use passtime platform reduce risk prevent loss vehicle cypress portfolio 6/20/2022 update card limit $ 1000 need match renewal requirement,0.17817649085351708,0.16853114399798705,0.30274674679090013,0.17880710564735308,0.17880710564735308,0.17880710564735308,0.17880710564735308,0.17499458813117655,0.17855410775144362,0.17868048070434694,0.17880710564735308,0.17880710564735308,0.17868048070434694,0.30274674679090013,0.17571484977948262,0.17880710564735308,0.17880710564735308,0.17880710564735308,0.06730580827515545,0.2973068880112139,0.1654790748445233,0.17880710564735308,0.17880710564735308,0.17880710564735308,0.17718035453921316,0.17880710564735308,0.17880710564735308,5700 office expense
purchase speedy search regist passtime gps renewal spring auto financial product manage cypress hill use passtime platform reduce risk prevent loss vehicle cypress portfolio 6/20/2022 update card limit $ 1000 need match renewal requirement,0.17817649085351708,0.16853114399798705,0.30274674679090013,0.17880710564735308,0.17880710564735308,0.17880710564735308,0.17880710564735308,0.17499458813117655,0.17855410775144362,0.17868048070434694,0.17880710564735308,0.17880710564735308,0.17868048070434694,0.30274674679090013,0.17571484977948262,0.17880710564735308,0.17880710564735308,0.17880710564735308,0.06730580827515545,0.2973068880112139,0.1654790748445233,0.17880710564735308,0.17880710564735308,0.17880710564735308,0.17718035453921316,0.17880710564735308,0.17880710564735308,5700 office expense
purchase speedy search regist passtime gps renewal spring auto financial product manage cypress hill use passtime platform reduce risk prevent loss vehicle cypress portfolio 6/20/2022 update card limit $ 1000 need match renewal requirement,0.17817649085351708,0.16853114399798705,0.30274674679090013,0.17880710564735308,0.17880710564735308,0.17880710564735308,0.17880710564735308,0.17499458813117655,0.17855410775144362,0.17868048070434694,0.17880710564735308,0.17880710564735308,0.17868048070434694,0.30274674679090013,0.17571484977948262,0.17880710564735308,0.17880710564735308,0.17880710564735308,0.06730580827515545,0.2973068880112139,0.1654790748445233,0.17880710564735308,0.17880710564735308,0.17880710564735308,0.17718035453921316,0.17880710564735308,0.17880710564735308,5700 office expense
purchase speedy search regist passtime gps renewal spring auto financial product manage cypress hill use passtime platform reduce risk prevent loss vehicle cypress portfolio 6/20/2022 update card limit $ 1000 need match renewal requirement,0.17817649085351708,0.16853114399798705,0.30274674679090013,0.17880710564735308,0.17880710564735308,0.17880710564735308,0.17880710564735308,0.17499458813117655,0.17855410775144362,0.17868048070434694,0.17880710564735308,0.17880710564735308,0.17868048070434694,0.30274674679090013,0.17571484977948262,0.17880710564735308,0.17880710564735308,0.17880710564735308,0.06730580827515545,0.2973068880112139,0.1654790748445233,0.17880710564735308,0.17880710564735308,0.17880710564735308,0.17718035453921316,0.17880710564735308,0.17880710564735308,5700 office expense
purchase speedy search regist passtime gps renewal spring auto financial product manage cypress hill use passtime platform reduce risk prevent loss vehicle cypress portfolio 6/20/2022 update card limit $ 1000 need match renewal requirement,0.17817649085351708,0.16853114399798705,0.30274674679090013,0.17880710564735308,0.17880710564735308,0.17880710564735308,0.17880710564735308,0.17499458813117655,0.17855410775144362,0.17868048070434694,0.17880710564735308,0.17880710564735308,0.17868048070434694,0.30274674679090013,0.17571484977948262,0.17880710564735308,0.17880710564735308,0.17880710564735308,0.06730580827515545,0.2973068880112139,0.1654790748445233,0.17880710564735308,0.17880710564735308,0.17880710564735308,0.17718035453921316,0.17880710564735308,0.17880710564735308,5700 office expense
purchase snb acol lien check passtime gps renewal spring auto financial product manage cypress hill use passtime platform reduce risk prevent loss vehicle cypress portfolio 6/20/2022 update card limit $ 1000 need match renewal requirement,0.17817649085351708,0.16853114399798705,0.30274674679090013,0.17880710564735308,0.17880710564735308,0.17880710564735308,0.17880710564735308,0.17499458813117655,0.17855410775144362,0.17868048070434694,0.17880710564735308,0.17880710564735308,0.17868048070434694,0.30274674679090013,0.17571484977948262,0.17880710564735308,0.17880710564735308,0.17880710564735308,0.06730580827515545,0.2973068880112139,0.1654790748445233,0.17880710564735308,0.17880710564735308,0.17880710564735308,0.17718035453921316,0.17880710564735308,0.17880710564735308,5700 office expense
purchase snb acol lien check passtime gps renewal spring auto financial product manage cypress hill use passtime platform reduce risk prevent loss vehicle cypress portfolio 6/20/2022 update card limit $ 1000 need match renewal requirement,0.17817649085351708,0.16853114399798705,0.30274674679090013,0.17880710564735308,0.17880710564735308,0.17880710564735308,0.17880710564735308,0.17499458813117655,0.17855410775144362,0.17868048070434694,0.17880710564735308,0.17880710564735308,0.17868048070434694,0.30274674679090013,0.17571484977948262,0.17880710564735308,0.17880710564735308,0.17880710564735308,0.06730580827515545,0.2973068880112139,0.1654790748445233,0.17880710564735308,0.17880710564735308,0.17880710564735308,0.17718035453921316,0.17880710564735308,0.17880710564735308,5700 office expense
purchase snb acol lien check passtime gps renewal spring auto financial product manage cypress hill use passtime platform reduce risk prevent loss vehicle cypress portfolio 6/20/2022 update card limit $ 1000 need match renewal requirement,0.17817649085351708,0.16853114399798705,0.30274674679090013,0.17880710564735308,0.17880710564735308,0.17880710564735308,0.17880710564735308,0.17499458813117655,0.17855410775144362,0.17868048070434694,0.17880710564735308,0.17880710564735308,0.17868048070434694,0.30274674679090013,0.17571484977948262,0.17880710564735308,0.17880710564735308,0.17880710564735308,0.06730580827515545,0.2973068880112139,0.1654790748445233,0.17880710564735308,0.17880710564735308,0.17880710564735308,0.17718035453921316,0.17880710564735308,0.17880710564735308,5700 office expense
purchase snb acol lien check passtime gps renewal spring auto financial product manage cypress hill use passtime platform reduce risk prevent loss vehicle cypress portfolio 6/20/2022 update card limit $ 1000 need match renewal requirement,0.17817649085351708,0.16853114399798705,0.30274674679090013,0.17880710564735308,0.17880710564735308,0.17880710564735308,0.17880710564735308,0.17499458813117655,0.17855410775144362,0.17868048070434694,0.17880710564735308,0.17880710564735308,0.17868048070434694,0.30274674679090013,0.17571484977948262,0.17880710564735308,0.17880710564735308,0.17880710564735308,0.06730580827515545,0.2973068880112139,0.1654790748445233,0.17880710564735308,0.17880710564735308,0.17880710564735308,0.17718035453921316,0.17880710564735308,0.17880710564735308,5700 office expense
purchase snb acol lien check passtime gps renewal spring auto financial product manage cypress hill use passtime platform reduce risk prevent loss vehicle cypress portfolio 6/20/2022 update card limit $ 1000 need match renewal requirement,0.17817649085351708,0.16853114399798705,0.30274674679090013,0.17880710564735308,0.17880710564735308,0.17880710564735308,0.17880710564735308,0.17499458813117655,0.17855410775144362,0.17868048070434694,0.17880710564735308,0.17880710564735308,0.17868048070434694,0.30274674679090013,0.17571484977948262,0.17880710564735308,0.17880710564735308,0.17880710564735308,0.06730580827515545,0.2973068880112139,0.1654790748445233,0.17880710564735308,0.17880710564735308,0.17880710564735308,0.17718035453921316,0.17880710564735308,0.17880710564735308,5700 office expense
purchase snb acol lien check passtime gps renewal spring auto financial product manage cypress hill use passtime platform reduce risk prevent loss vehicle cypress portfolio 6/20/2022 update card limit $ 1000 need match renewal requirement,0.17817649085351708,0.16853114399798705,0.30274674679090013,0.17880710564735308,0.17880710564735308,0.17880710564735308,0.17880710564735308,0.17499458813117655,0.17855410775144362,0.17868048070434694,0.17880710564735308,0.17880710564735308,0.17868048070434694,0.30274674679090013,0.17571484977948262,0.17880710564735308,0.17880710564735308,0.17880710564735308,0.06730580827515545,0.2973068880112139,0.1654790748445233,0.17880710564735308,0.17880710564735308,0.17880710564735308,0.17718035453921316,0.17880710564735308,0.17880710564735308,5700 office expense
purchase snb acol lien check passtime gps renewal spring auto financial product manage cypress hill use passtime platform reduce risk prevent loss vehicle cypress portfolio 6/20/2022 update card limit $ 1000 need match renewal requirement,0.17817649085351708,0.16853114399798705,0.30274674679090013,0.17880710564735308,0.17880710564735308,0.17880710564735308,0.17880710564735308,0.17499458813117655,0.17855410775144362,0.17868048070434694,0.17880710564735308,0.17880710564735308,0.17868048070434694,0.30274674679090013,0.17571484977948262,0.17880710564735308,0.17880710564735308,0.17880710564735308,0.06730580827515545,0.2973068880112139,0.1654790748445233,0.17880710564735308,0.17880710564735308,0.17880710564735308,0.17718035453921316,0.17880710564735308,0.17880710564735308,5700 office expense
purchase snb acol lien check passtime gps renewal spring auto financial product manage cypress hill use passtime platform reduce risk prevent loss vehicle cypress portfolio 6/20/2022 update card limit $ 1000 need match renewal requirement,0.17817649085351708,0.16853114399798705,0.30274674679090013,0.17880710564735308,0.17880710564735308,0.17880710564735308,0.17880710564735308,0.17499458813117655,0.17855410775144362,0.17868048070434694,0.17880710564735308,0.17880710564735308,0.17868048070434694,0.30274674679090013,0.17571484977948262,0.17880710564735308,0.17880710564735308,0.17880710564735308,0.06730580827515545,0.2973068880112139,0.1654790748445233,0.17880710564735308,0.17880710564735308,0.17880710564735308,0.17718035453921316,0.17880710564735308,0.17880710564735308,5700 office expense
purchase snb acol lien check passtime gps renewal spring auto financial product manage cypress hill use passtime platform reduce risk prevent loss vehicle cypress portfolio 6/20/2022 update card limit $ 1000 need match renewal requirement,0.17817649085351708,0.16853114399798705,0.30274674679090013,0.17880710564735308,0.17880710564735308,0.17880710564735308,0.17880710564735308,0.17499458813117655,0.17855410775144362,0.17868048070434694,0.17880710564735308,0.17880710564735308,0.17868048070434694,0.30274674679090013,0.17571484977948262,0.17880710564735308,0.17880710564735308,0.17880710564735308,0.06730580827515545,0.2973068880112139,0.1654790748445233,0.17880710564735308,0.17880710564735308,0.17880710564735308,0.17718035453921316,0.17880710564735308,0.17880710564735308,5700 office expense
purchase snb acol lien check passtime gps renewal spring auto financial product manage cypress hill use passtime platform reduce risk prevent loss vehicle cypress portfolio 6/20/2022 update card limit $ 1000 need match renewal requirement,0.17817649085351708,0.16853114399798705,0.30274674679090013,0.17880710564735308,0.17880710564735308,0.17880710564735308,0.17880710564735308,0.17499458813117655,0.17855410775144362,0.17868048070434694,0.17880710564735308,0.17880710564735308,0.17868048070434694,0.30274674679090013,0.17571484977948262,0.17880710564735308,0.17880710564735308,0.17880710564735308,0.06730580827515545,0.2973068880112139,0.1654790748445233,0.17880710564735308,0.17880710564735308,0.17880710564735308,0.17718035453921316,0.17880710564735308,0.17880710564735308,5700 office expense
purchase snb acol lien check passtime gps renewal spring auto financial product manage cypress hill use passtime platform reduce risk prevent loss vehicle cypress portfolio 6/20/2022 update card limit $ 1000 need match renewal requirement,0.17817649085351708,0.16853114399798705,0.30274674679090013,0.17880710564735308,0.17880710564735308,0.17880710564735308,0.17880710564735308,0.17499458813117655,0.17855410775144362,0.17868048070434694,0.17880710564735308,0.17880710564735308,0.17868048070434694,0.30274674679090013,0.17571484977948262,0.17880710564735308,0.17880710564735308,0.17880710564735308,0.06730580827515545,0.2973068880112139,0.1654790748445233,0.17880710564735308,0.17880710564735308,0.17880710564735308,0.17718035453921316,0.17880710564735308,0.17880710564735308,5700 office expense
purchase snb acol lien check passtime gps renewal spring auto financial product manage cypress hill use passtime platform reduce risk prevent loss vehicle cypress portfolio 6/20/2022 update card limit $ 1000 need match renewal requirement,0.17817649085351708,0.16853114399798705,0.30274674679090013,0.17880710564735308,0.17880710564735308,0.17880710564735308,0.17880710564735308,0.17499458813117655,0.17855410775144362,0.17868048070434694,0.17880710564735308,0.17880710564735308,0.17868048070434694,0.30274674679090013,0.17571484977948262,0.17880710564735308,0.17880710564735308,0.17880710564735308,0.06730580827515545,0.2973068880112139,0.1654790748445233,0.17880710564735308,0.17880710564735308,0.17880710564735308,0.17718035453921316,0.17880710564735308,0.17880710564735308,5700 office expense
purchase snb acol lien check passtime gps renewal spring auto financial product manage cypress hill use passtime platform reduce risk prevent loss vehicle cypress portfolio 6/20/2022 update card limit $ 1000 need match renewal requirement,0.17817649085351708,0.16853114399798705,0.30274674679090013,0.17880710564735308,0.17880710564735308,0.17880710564735308,0.17880710564735308,0.17499458813117655,0.17855410775144362,0.17868048070434694,0.17880710564735308,0.17880710564735308,0.17868048070434694,0.30274674679090013,0.17571484977948262,0.17880710564735308,0.17880710564735308,0.17880710564735308,0.06730580827515545,0.2973068880112139,0.1654790748445233,0.17880710564735308,0.17880710564735308,0.17880710564735308,0.17718035453921316,0.17880710564735308,0.17880710564735308,5700 office expense
purchase snb acol lien check passtime gps renewal spring auto financial product manage cypress hill use passtime platform reduce risk prevent loss vehicle cypress portfolio 6/20/2022 update card limit $ 1000 need match renewal requirement,0.17817649085351708,0.16853114399798705,0.30274674679090013,0.17880710564735308,0.17880710564735308,0.17880710564735308,0.17880710564735308,0.17499458813117655,0.17855410775144362,0.17868048070434694,0.17880710564735308,0.17880710564735308,0.17868048070434694,0.30274674679090013,0.17571484977948262,0.17880710564735308,0.17880710564735308,0.17880710564735308,0.06730580827515545,0.2973068880112139,0.1654790748445233,0.17880710564735308,0.17880710564735308,0.17880710564735308,0.17718035453921316,0.17880710564735308,0.17880710564735308,5700 office expense
purchase snb acol lien check passtime gps renewal spring auto financial product manage cypress hill use passtime platform reduce risk prevent loss vehicle cypress portfolio 6/20/2022 update card limit $ 1000 need match renewal requirement,0.17817649085351708,0.16853114399798705,0.30274674679090013,0.17880710564735308,0.17880710564735308,0.17880710564735308,0.17880710564735308,0.17499458813117655,0.17855410775144362,0.17868048070434694,0.17880710564735308,0.17880710564735308,0.17868048070434694,0.30274674679090013,0.17571484977948262,0.17880710564735308,0.17880710564735308,0.17880710564735308,0.06730580827515545,0.2973068880112139,0.1654790748445233,0.17880710564735308,0.17880710564735308,0.17880710564735308,0.17718035453921316,0.17880710564735308,0.17880710564735308,5700 office expense
purchase snb acol lien check passtime gps renewal spring auto financial product manage cypress hill use passtime platform reduce risk prevent loss vehicle cypress portfolio 6/20/2022 update card limit $ 1000 need match renewal requirement,0.17817649085351708,0.16853114399798705,0.30274674679090013,0.17880710564735308,0.17880710564735308,0.17880710564735308,0.17880710564735308,0.17499458813117655,0.17855410775144362,0.17868048070434694,0.17880710564735308,0.17880710564735308,0.17868048070434694,0.30274674679090013,0.17571484977948262,0.17880710564735308,0.17880710564735308,0.17880710564735308,0.06730580827515545,0.2973068880112139,0.1654790748445233,0.17880710564735308,0.17880710564735308,0.17880710564735308,0.17718035453921316,0.17880710564735308,0.17880710564735308,5700 office expense
purchase snb acol lien check passtime gps renewal spring auto financial product manage cypress hill use passtime platform reduce risk prevent loss vehicle cypress portfolio 6/20/2022 update card limit $ 1000 need match renewal requirement,0.17817649085351708,0.16853114399798705,0.30274674679090013,0.17880710564735308,0.17880710564735308,0.17880710564735308,0.17880710564735308,0.17499458813117655,0.17855410775144362,0.17868048070434694,0.17880710564735308,0.17880710564735308,0.17868048070434694,0.30274674679090013,0.17571484977948262,0.17880710564735308,0.17880710564735308,0.17880710564735308,0.06730580827515545,0.2973068880112139,0.1654790748445233,0.17880710564735308,0.17880710564735308,0.17880710564735308,0.17718035453921316,0.17880710564735308,0.17880710564735308,5700 office expense
purchase snb acol lien check passtime gps renewal spring auto financial product manage cypress hill use passtime platform reduce risk prevent loss vehicle cypress portfolio 6/20/2022 update card limit $ 1000 need match renewal requirement,0.17817649085351708,0.16853114399798705,0.30274674679090013,0.17880710564735308,0.17880710564735308,0.17880710564735308,0.17880710564735308,0.17499458813117655,0.17855410775144362,0.17868048070434694,0.17880710564735308,0.17880710564735308,0.17868048070434694,0.30274674679090013,0.17571484977948262,0.17880710564735308,0.17880710564735308,0.17880710564735308,0.06730580827515545,0.2973068880112139,0.1654790748445233,0.17880710564735308,0.17880710564735308,0.17880710564735308,0.17718035453921316,0.17880710564735308,0.17880710564735308,5700 office expense
purchase snb acol lien check passtime gps renewal spring auto financial product manage cypress hill use passtime platform reduce risk prevent loss vehicle cypress portfolio 6/20/2022 update card limit $ 1000 need match renewal requirement,0.17817649085351708,0.16853114399798705,0.30274674679090013,0.17880710564735308,0.17880710564735308,0.17880710564735308,0.17880710564735308,0.17499458813117655,0.17855410775144362,0.17868048070434694,0.17880710564735308,0.17880710564735308,0.17868048070434694,0.30274674679090013,0.17571484977948262,0.17880710564735308,0.17880710564735308,0.17880710564735308,0.06730580827515545,0.2973068880112139,0.1654790748445233,0.17880710564735308,0.17880710564735308,0.17880710564735308,0.17718035453921316,0.17880710564735308,0.17880710564735308,5700 office expense
purchase sp backdropsource,0.0,0.0,0.0,0.0,0.0,0.0,0.0,0.0,0.0,0.0,0.0,0.0,0.0,0.0,0.0,0.0,0.0,0.0,1.0,0.0,0.0,0.0,0.0,0.0,0.0,0.0,0.0,5700 office expense
purchase sp herschel supply co food beverage event prize award etc,0.0,0.0,0.0,0.0,0.0,0.0,0.0,0.0,0.0,0.0,0.0,0.0,0.0,0.0,0.0,0.0,0.0,0.0,1.0,0.0,0.0,0.0,0.0,0.0,0.0,0.0,0.0,5700 office expense
purchase sp sky helicopter prize christmas party,0.0,0.0,0.0,0.0,0.0,0.0,0.0,0.0,0.0,0.0,0.0,0.0,0.0,0.0,0.0,0.0,0.0,0.0,1.0,0.0,0.0,0.0,0.0,0.0,0.0,0.0,0.0,5700 office expense
purchase sp vyno.ca christmas holiday basket partner,0.0,0.0,0.0,0.0,0.0,0.0,0.0,0.0,0.0,0.0,0.0,0.0,0.0,0.0,0.0,0.0,0.0,0.0,1.0,0.0,0.0,0.0,0.0,0.0,0.0,0.0,0.0,5700 office expense
purchase sp vyno.ca holiday present business partner,0.0,0.0,0.0,0.0,0.0,0.0,0.0,0.0,0.0,0.0,0.0,0.0,0.0,0.0,0.0,0.0,0.0,0.0,1.0,0.0,0.0,0.0,0.0,0.0,0.0,0.0,0.0,5700 office expense
purchase sp vyno.ca holiday christmas present partner,0.0,0.0,0.0,0.0,0.0,0.0,0.0,0.0,0.0,0.0,0.0,0.0,0.0,0.0,0.0,0.0,0.0,0.0,1.0,0.0,0.0,0.0,0.0,0.0,0.0,0.0,0.0,5700 office expense
purchase sp vyno.ca holiday present business partner,0.0,0.0,0.0,0.0,0.0,0.0,0.0,0.0,0.0,0.0,0.0,0.0,0.0,0.0,0.0,0.0,0.0,0.0,1.0,0.0,0.0,0.0,0.0,0.0,0.0,0.0,0.0,5700 office expense
purchase speedy search regist passtime gps renewal spring auto financial product manage cypress hill use passtime platform reduce risk prevent loss vehicle cypress portfolio 6/20/2022 update card limit $ 1000 need match renewal requirement,0.17817649085351708,0.16853114399798705,0.30274674679090013,0.17880710564735308,0.17880710564735308,0.17880710564735308,0.17880710564735308,0.17499458813117655,0.17855410775144362,0.17868048070434694,0.17880710564735308,0.17880710564735308,0.17868048070434694,0.30274674679090013,0.17571484977948262,0.17880710564735308,0.17880710564735308,0.17880710564735308,0.06730580827515545,0.2973068880112139,0.1654790748445233,0.17880710564735308,0.17880710564735308,0.17880710564735308,0.17718035453921316,0.17880710564735308,0.17880710564735308,5700 office expense
purchase speedy search regist passtime gps renewal spring auto financial product manage cypress hill use passtime platform reduce risk prevent loss vehicle cypress portfolio 6/20/2022 update card limit $ 1000 need match renewal requirement,0.17817649085351708,0.16853114399798705,0.30274674679090013,0.17880710564735308,0.17880710564735308,0.17880710564735308,0.17880710564735308,0.17499458813117655,0.17855410775144362,0.17868048070434694,0.17880710564735308,0.17880710564735308,0.17868048070434694,0.30274674679090013,0.17571484977948262,0.17880710564735308,0.17880710564735308,0.17880710564735308,0.06730580827515545,0.2973068880112139,0.1654790748445233,0.17880710564735308,0.17880710564735308,0.17880710564735308,0.17718035453921316,0.17880710564735308,0.17880710564735308,5700 office expense
purchase spline.design,0.0,0.0,0.0,0.0,0.0,0.0,0.0,0.0,0.0,0.0,0.0,0.0,0.0,0.0,0.0,0.0,0.0,0.0,1.0,0.0,0.0,0.0,0.0,0.0,0.0,0.0,0.0,5700 office expense
purchase spline.design,0.0,0.0,0.0,0.0,0.0,0.0,0.0,0.0,0.0,0.0,0.0,0.0,0.0,0.0,0.0,0.0,0.0,0.0,1.0,0.0,0.0,0.0,0.0,0.0,0.0,0.0,0.0,5700 office expense
purchase spline.design,0.0,0.0,0.0,0.0,0.0,0.0,0.0,0.0,0.0,0.0,0.0,0.0,0.0,0.0,0.0,0.0,0.0,0.0,1.0,0.0,0.0,0.0,0.0,0.0,0.0,0.0,0.0,5700 office expense
purchase spline.design,0.0,0.0,0.0,0.0,0.0,0.0,0.0,0.0,0.0,0.0,0.0,0.0,0.0,0.0,0.0,0.0,0.0,0.0,1.0,0.0,0.0,0.0,0.0,0.0,0.0,0.0,0.0,5700 office expense
purchase spline.design,0.0,0.0,0.0,0.0,0.0,0.0,0.0,0.0,0.0,0.0,0.0,0.0,0.0,0.0,0.0,0.0,0.0,0.0,1.0,0.0,0.0,0.0,0.0,0.0,0.0,0.0,0.0,5700 office expense
purchase spline.design,0.0,0.0,0.0,0.0,0.0,0.0,0.0,0.0,0.0,0.0,0.0,0.0,0.0,0.0,0.0,0.0,0.0,0.0,1.0,0.0,0.0,0.0,0.0,0.0,0.0,0.0,0.0,5700 office expense
purchase spline.design,0.0,0.0,0.0,0.0,0.0,0.0,0.0,0.0,0.0,0.0,0.0,0.0,0.0,0.0,0.0,0.0,0.0,0.0,1.0,0.0,0.0,0.0,0.0,0.0,0.0,0.0,0.0,5700 office expense
purchase spline.design,0.0,0.0,0.0,0.0,0.0,0.0,0.0,0.0,0.0,0.0,0.0,0.0,0.0,0.0,0.0,0.0,0.0,0.0,1.0,0.0,0.0,0.0,0.0,0.0,0.0,0.0,0.0,5700 office expense
purchase spline.design,0.0,0.0,0.0,0.0,0.0,0.0,0.0,0.0,0.0,0.0,0.0,0.0,0.0,0.0,0.0,0.0,0.0,0.0,1.0,0.0,0.0,0.0,0.0,0.0,0.0,0.0,0.0,5700 office expense
purchase spline.design,0.0,0.0,0.0,0.0,0.0,0.0,0.0,0.0,0.0,0.0,0.0,0.0,0.0,0.0,0.0,0.0,0.0,0.0,1.0,0.0,0.0,0.0,0.0,0.0,0.0,0.0,0.0,5700 office expense
purchase spline.design,0.0,0.0,0.0,0.0,0.0,0.0,0.0,0.0,0.0,0.0,0.0,0.0,0.0,0.0,0.0,0.0,0.0,0.0,1.0,0.0,0.0,0.0,0.0,0.0,0.0,0.0,0.0,5700 office expense
purchase spline.design,0.0,0.0,0.0,0.0,0.0,0.0,0.0,0.0,0.0,0.0,0.0,0.0,0.0,0.0,0.0,0.0,0.0,0.0,1.0,0.0,0.0,0.0,0.0,0.0,0.0,0.0,0.0,5700 office expense
purchase spline.design,0.0,0.0,0.0,0.0,0.0,0.0,0.0,0.0,0.0,0.0,0.0,0.0,0.0,0.0,0.0,0.0,0.0,0.0,1.0,0.0,0.0,0.0,0.0,0.0,0.0,0.0,0.0,5700 office expense
purchase spline.design,0.0,0.0,0.0,0.0,0.0,0.0,0.0,0.0,0.0,0.0,0.0,0.0,0.0,0.0,0.0,0.0,0.0,0.0,1.0,0.0,0.0,0.0,0.0,0.0,0.0,0.0,0.0,5700 office expense
purchase u haul move&storage,0.0,0.0,0.0,0.0,0.0,0.0,0.0,0.0,0.0,0.0,0.0,0.0,0.0,0.0,0.0,0.0,0.0,0.0,1.0,0.0,0.0,0.0,0.0,0.0,0.0,0.0,0.0,5700 office expense
purchase u haul move&storage,0.0,0.0,0.0,0.0,0.0,0.0,0.0,0.0,0.0,0.0,0.0,0.0,0.0,0.0,0.0,0.0,0.0,0.0,1.0,0.0,0.0,0.0,0.0,0.0,0.0,0.0,0.0,5700 office expense
purchase urban fare 7615,0.0,0.0,0.0,0.0,0.0,0.0,0.0,0.0,0.0,0.0,0.0,0.0,0.0,0.0,0.0,0.0,0.0,0.0,1.0,0.0,0.0,0.0,0.0,0.0,0.0,0.0,0.0,5700 office expense
purchase urban fare 7615 beer friday,0.0,0.0,0.0,0.0,0.0,0.0,0.0,0.0,0.0,0.0,0.0,0.0,0.0,0.0,0.0,0.0,0.0,0.0,1.0,0.0,0.0,0.0,0.0,0.0,0.0,0.0,0.0,5700 office expense
purchase urban fare 7615 birthday cake,0.0,0.0,0.0,0.0,0.0,0.0,0.0,0.0,0.0,0.0,0.0,0.0,0.0,0.0,0.0,0.0,0.0,0.0,1.0,0.0,0.0,0.0,0.0,0.0,0.0,0.0,0.0,5700 office expense
purchase urban fare 7615,0.0,0.0,0.0,0.0,0.0,0.0,0.0,0.0,0.0,0.0,0.0,0.0,0.0,0.0,0.0,0.0,0.0,0.0,1.0,0.0,0.0,0.0,0.0,0.0,0.0,0.0,0.0,5700 office expense
purchase urban fare 7615,0.0,0.0,0.0,0.0,0.0,0.0,0.0,0.0,0.0,0.0,0.0,0.0,0.0,0.0,0.0,0.0,0.0,0.0,1.0,0.0,0.0,0.0,0.0,0.0,0.0,0.0,0.0,5700 office expense
purchase urban fare 7615,0.0,0.0,0.0,0.0,0.0,0.0,0.0,0.0,0.0,0.0,0.0,0.0,0.0,0.0,0.0,0.0,0.0,0.0,1.0,0.0,0.0,0.0,0.0,0.0,0.0,0.0,0.0,5700 office expense
purchase urban fare 7615,0.0,0.0,0.0,0.0,0.0,0.0,0.0,0.0,0.0,0.0,0.0,0.0,0.0,0.0,0.0,0.0,0.0,0.0,1.0,0.0,0.0,0.0,0.0,0.0,0.0,0.0,0.0,5700 office expense
purchase urban fare 7615,0.0,0.0,0.0,0.0,0.0,0.0,0.0,0.0,0.0,0.0,0.0,0.0,0.0,0.0,0.0,0.0,0.0,0.0,1.0,0.0,0.0,0.0,0.0,0.0,0.0,0.0,0.0,5700 office expense
purchase urban fare 7615,0.0,0.0,0.0,0.0,0.0,0.0,0.0,0.0,0.0,0.0,0.0,0.0,0.0,0.0,0.0,0.0,0.0,0.0,1.0,0.0,0.0,0.0,0.0,0.0,0.0,0.0,0.0,5700 office expense
purchase urban fare 7615,0.0,0.0,0.0,0.0,0.0,0.0,0.0,0.0,0.0,0.0,0.0,0.0,0.0,0.0,0.0,0.0,0.0,0.0,1.0,0.0,0.0,0.0,0.0,0.0,0.0,0.0,0.0,5700 office expense
purchase urban fare 7615,0.0,0.0,0.0,0.0,0.0,0.0,0.0,0.0,0.0,0.0,0.0,0.0,0.0,0.0,0.0,0.0,0.0,0.0,1.0,0.0,0.0,0.0,0.0,0.0,0.0,0.0,0.0,5700 office expense
purchase speedy search regist license renewal,0.0,0.0,0.0,0.0,0.0,0.0,0.0,0.0,0.0,0.0,0.0,0.0,0.0,0.0,0.0,0.0,0.0,0.0,0.35791136410263513,0.9337555651487123,0.0,0.0,0.0,0.0,0.0,0.0,0.0,5700 office expense
purchase speedy search regist passtime gps renewal spring auto financial product manage cypress hill use passtime platform reduce risk prevent loss vehicle cypress portfolio 6/20/2022 update card limit $ 1000 need match renewal requirement,0.17817649085351708,0.16853114399798705,0.30274674679090013,0.17880710564735308,0.17880710564735308,0.17880710564735308,0.17880710564735308,0.17499458813117655,0.17855410775144362,0.17868048070434694,0.17880710564735308,0.17880710564735308,0.17868048070434694,0.30274674679090013,0.17571484977948262,0.17880710564735308,0.17880710564735308,0.17880710564735308,0.06730580827515545,0.2973068880112139,0.1654790748445233,0.17880710564735308,0.17880710564735308,0.17880710564735308,0.17718035453921316,0.17880710564735308,0.17880710564735308,5700 office expense
purchase speedy search regist passtime gps renewal spring auto financial product manage cypress hill use passtime platform reduce risk prevent loss vehicle cypress portfolio 6/20/2022 update card limit $ 1000 need match renewal requirement,0.17817649085351708,0.16853114399798705,0.30274674679090013,0.17880710564735308,0.17880710564735308,0.17880710564735308,0.17880710564735308,0.17499458813117655,0.17855410775144362,0.17868048070434694,0.17880710564735308,0.17880710564735308,0.17868048070434694,0.30274674679090013,0.17571484977948262,0.17880710564735308,0.17880710564735308,0.17880710564735308,0.06730580827515545,0.2973068880112139,0.1654790748445233,0.17880710564735308,0.17880710564735308,0.17880710564735308,0.17718035453921316,0.17880710564735308,0.17880710564735308,5700 office expense
purchase speedy search regist passtime gps renewal spring auto financial product manage cypress hill use passtime platform reduce risk prevent loss vehicle cypress portfolio 6/20/2022 update card limit $ 1000 need match renewal requirement,0.17817649085351708,0.16853114399798705,0.30274674679090013,0.17880710564735308,0.17880710564735308,0.17880710564735308,0.17880710564735308,0.17499458813117655,0.17855410775144362,0.17868048070434694,0.17880710564735308,0.17880710564735308,0.17868048070434694,0.30274674679090013,0.17571484977948262,0.17880710564735308,0.17880710564735308,0.17880710564735308,0.06730580827515545,0.2973068880112139,0.1654790748445233,0.17880710564735308,0.17880710564735308,0.17880710564735308,0.17718035453921316,0.17880710564735308,0.17880710564735308,5700 office expense
purchase speedy search regist passtime gps renewal spring auto financial product manage cypress hill use passtime platform reduce risk prevent loss vehicle cypress portfolio 6/20/2022 update card limit $ 1000 need match renewal requirement,0.17817649085351708,0.16853114399798705,0.30274674679090013,0.17880710564735308,0.17880710564735308,0.17880710564735308,0.17880710564735308,0.17499458813117655,0.17855410775144362,0.17868048070434694,0.17880710564735308,0.17880710564735308,0.17868048070434694,0.30274674679090013,0.17571484977948262,0.17880710564735308,0.17880710564735308,0.17880710564735308,0.06730580827515545,0.2973068880112139,0.1654790748445233,0.17880710564735308,0.17880710564735308,0.17880710564735308,0.17718035453921316,0.17880710564735308,0.17880710564735308,5700 office expense
purchase speedy search regist passtime gps renewal spring auto financial product manage cypress hill use passtime platform reduce risk prevent loss vehicle cypress portfolio 6/20/2022 update card limit $ 1000 need match renewal requirement,0.17817649085351708,0.16853114399798705,0.30274674679090013,0.17880710564735308,0.17880710564735308,0.17880710564735308,0.17880710564735308,0.17499458813117655,0.17855410775144362,0.17868048070434694,0.17880710564735308,0.17880710564735308,0.17868048070434694,0.30274674679090013,0.17571484977948262,0.17880710564735308,0.17880710564735308,0.17880710564735308,0.06730580827515545,0.2973068880112139,0.1654790748445233,0.17880710564735308,0.17880710564735308,0.17880710564735308,0.17718035453921316,0.17880710564735308,0.17880710564735308,5700 office expense
purchase speedy search regist passtime gps renewal spring auto financial product manage cypress hill use passtime platform reduce risk prevent loss vehicle cypress portfolio 6/20/2022 update card limit $ 1000 need match renewal requirement,0.17817649085351708,0.16853114399798705,0.30274674679090013,0.17880710564735308,0.17880710564735308,0.17880710564735308,0.17880710564735308,0.17499458813117655,0.17855410775144362,0.17868048070434694,0.17880710564735308,0.17880710564735308,0.17868048070434694,0.30274674679090013,0.17571484977948262,0.17880710564735308,0.17880710564735308,0.17880710564735308,0.06730580827515545,0.2973068880112139,0.1654790748445233,0.17880710564735308,0.17880710564735308,0.17880710564735308,0.17718035453921316,0.17880710564735308,0.17880710564735308,5700 office expense
purchase speedy search regist passtime gps renewal spring auto financial product manage cypress hill use passtime platform reduce risk prevent loss vehicle cypress portfolio 6/20/2022 update card limit $ 1000 need match renewal requirement,0.17817649085351708,0.16853114399798705,0.30274674679090013,0.17880710564735308,0.17880710564735308,0.17880710564735308,0.17880710564735308,0.17499458813117655,0.17855410775144362,0.17868048070434694,0.17880710564735308,0.17880710564735308,0.17868048070434694,0.30274674679090013,0.17571484977948262,0.17880710564735308,0.17880710564735308,0.17880710564735308,0.06730580827515545,0.2973068880112139,0.1654790748445233,0.17880710564735308,0.17880710564735308,0.17880710564735308,0.17718035453921316,0.17880710564735308,0.17880710564735308,5700 office expense
purchase speedy search regist passtime gps renewal spring auto financial product manage cypress hill use passtime platform reduce risk prevent loss vehicle cypress portfolio 6/20/2022 update card limit $ 1000 need match renewal requirement,0.17817649085351708,0.16853114399798705,0.30274674679090013,0.17880710564735308,0.17880710564735308,0.17880710564735308,0.17880710564735308,0.17499458813117655,0.17855410775144362,0.17868048070434694,0.17880710564735308,0.17880710564735308,0.17868048070434694,0.30274674679090013,0.17571484977948262,0.17880710564735308,0.17880710564735308,0.17880710564735308,0.06730580827515545,0.2973068880112139,0.1654790748445233,0.17880710564735308,0.17880710564735308,0.17880710564735308,0.17718035453921316,0.17880710564735308,0.17880710564735308,5700 office expense
purchase speedy search regist passtime gps renewal spring auto financial product manage cypress hill use passtime platform reduce risk prevent loss vehicle cypress portfolio 6/20/2022 update card limit $ 1000 need match renewal requirement,0.17817649085351708,0.16853114399798705,0.30274674679090013,0.17880710564735308,0.17880710564735308,0.17880710564735308,0.17880710564735308,0.17499458813117655,0.17855410775144362,0.17868048070434694,0.17880710564735308,0.17880710564735308,0.17868048070434694,0.30274674679090013,0.17571484977948262,0.17880710564735308,0.17880710564735308,0.17880710564735308,0.06730580827515545,0.2973068880112139,0.1654790748445233,0.17880710564735308,0.17880710564735308,0.17880710564735308,0.17718035453921316,0.17880710564735308,0.17880710564735308,5700 office expense
purchase speedy search regist passtime gps renewal spring auto financial product manage cypress hill use passtime platform reduce risk prevent loss vehicle cypress portfolio 6/20/2022 update card limit $ 1000 need match renewal requirement,0.17817649085351708,0.16853114399798705,0.30274674679090013,0.17880710564735308,0.17880710564735308,0.17880710564735308,0.17880710564735308,0.17499458813117655,0.17855410775144362,0.17868048070434694,0.17880710564735308,0.17880710564735308,0.17868048070434694,0.30274674679090013,0.17571484977948262,0.17880710564735308,0.17880710564735308,0.17880710564735308,0.06730580827515545,0.2973068880112139,0.1654790748445233,0.17880710564735308,0.17880710564735308,0.17880710564735308,0.17718035453921316,0.17880710564735308,0.17880710564735308,5700 office expense
purchase speedy search regist passtime gps renewal spring auto financial product manage cypress hill use passtime platform reduce risk prevent loss vehicle cypress portfolio 6/20/2022 update card limit $ 1000 need match renewal requirement,0.17817649085351708,0.16853114399798705,0.30274674679090013,0.17880710564735308,0.17880710564735308,0.17880710564735308,0.17880710564735308,0.17499458813117655,0.17855410775144362,0.17868048070434694,0.17880710564735308,0.17880710564735308,0.17868048070434694,0.30274674679090013,0.17571484977948262,0.17880710564735308,0.17880710564735308,0.17880710564735308,0.06730580827515545,0.2973068880112139,0.1654790748445233,0.17880710564735308,0.17880710564735308,0.17880710564735308,0.17718035453921316,0.17880710564735308,0.17880710564735308,5700 office expense
purchase speedy search regist passtime gps renewal spring auto financial product manage cypress hill use passtime platform reduce risk prevent loss vehicle cypress portfolio 6/20/2022 update card limit $ 1000 need match renewal requirement,0.17817649085351708,0.16853114399798705,0.30274674679090013,0.17880710564735308,0.17880710564735308,0.17880710564735308,0.17880710564735308,0.17499458813117655,0.17855410775144362,0.17868048070434694,0.17880710564735308,0.17880710564735308,0.17868048070434694,0.30274674679090013,0.17571484977948262,0.17880710564735308,0.17880710564735308,0.17880710564735308,0.06730580827515545,0.2973068880112139,0.1654790748445233,0.17880710564735308,0.17880710564735308,0.17880710564735308,0.17718035453921316,0.17880710564735308,0.17880710564735308,5700 office expense
purchase speedy search regist passtime gps renewal spring auto financial product manage cypress hill use passtime platform reduce risk prevent loss vehicle cypress portfolio 6/20/2022 update card limit $ 1000 need match renewal requirement,0.17817649085351708,0.16853114399798705,0.30274674679090013,0.17880710564735308,0.17880710564735308,0.17880710564735308,0.17880710564735308,0.17499458813117655,0.17855410775144362,0.17868048070434694,0.17880710564735308,0.17880710564735308,0.17868048070434694,0.30274674679090013,0.17571484977948262,0.17880710564735308,0.17880710564735308,0.17880710564735308,0.06730580827515545,0.2973068880112139,0.1654790748445233,0.17880710564735308,0.17880710564735308,0.17880710564735308,0.17718035453921316,0.17880710564735308,0.17880710564735308,5700 office expense
purchase speedy search regist passtime gps renewal spring auto financial product manage cypress hill use passtime platform reduce risk prevent loss vehicle cypress portfolio 6/20/2022 update card limit $ 1000 need match renewal requirement,0.17817649085351708,0.16853114399798705,0.30274674679090013,0.17880710564735308,0.17880710564735308,0.17880710564735308,0.17880710564735308,0.17499458813117655,0.17855410775144362,0.17868048070434694,0.17880710564735308,0.17880710564735308,0.17868048070434694,0.30274674679090013,0.17571484977948262,0.17880710564735308,0.17880710564735308,0.17880710564735308,0.06730580827515545,0.2973068880112139,0.1654790748445233,0.17880710564735308,0.17880710564735308,0.17880710564735308,0.17718035453921316,0.17880710564735308,0.17880710564735308,5700 office expense
purchase speedy search regist passtime gps renewal spring auto financial product manage cypress hill use passtime platform reduce risk prevent loss vehicle cypress portfolio 6/20/2022 update card limit $ 1000 need match renewal requirement,0.17817649085351708,0.16853114399798705,0.30274674679090013,0.17880710564735308,0.17880710564735308,0.17880710564735308,0.17880710564735308,0.17499458813117655,0.17855410775144362,0.17868048070434694,0.17880710564735308,0.17880710564735308,0.17868048070434694,0.30274674679090013,0.17571484977948262,0.17880710564735308,0.17880710564735308,0.17880710564735308,0.06730580827515545,0.2973068880112139,0.1654790748445233,0.17880710564735308,0.17880710564735308,0.17880710564735308,0.17718035453921316,0.17880710564735308,0.17880710564735308,5700 office expense
purchase speedy search regist passtime gps renewal spring auto financial product manage cypress hill use passtime platform reduce risk prevent loss vehicle cypress portfolio 6/20/2022 update card limit $ 1000 need match renewal requirement,0.17817649085351708,0.16853114399798705,0.30274674679090013,0.17880710564735308,0.17880710564735308,0.17880710564735308,0.17880710564735308,0.17499458813117655,0.17855410775144362,0.17868048070434694,0.17880710564735308,0.17880710564735308,0.17868048070434694,0.30274674679090013,0.17571484977948262,0.17880710564735308,0.17880710564735308,0.17880710564735308,0.06730580827515545,0.2973068880112139,0.1654790748445233,0.17880710564735308,0.17880710564735308,0.17880710564735308,0.17718035453921316,0.17880710564735308,0.17880710564735308,5700 office expense
purchase speedy search regist passtime gps renewal spring auto financial product manage cypress hill use passtime platform reduce risk prevent loss vehicle cypress portfolio 6/20/2022 update card limit $ 1000 need match renewal requirement,0.17817649085351708,0.16853114399798705,0.30274674679090013,0.17880710564735308,0.17880710564735308,0.17880710564735308,0.17880710564735308,0.17499458813117655,0.17855410775144362,0.17868048070434694,0.17880710564735308,0.17880710564735308,0.17868048070434694,0.30274674679090013,0.17571484977948262,0.17880710564735308,0.17880710564735308,0.17880710564735308,0.06730580827515545,0.2973068880112139,0.1654790748445233,0.17880710564735308,0.17880710564735308,0.17880710564735308,0.17718035453921316,0.17880710564735308,0.17880710564735308,5700 office expense
purchase speedy search regist passtime gps renewal spring auto financial product manage cypress hill use passtime platform reduce risk prevent loss vehicle cypress portfolio 6/20/2022 update card limit $ 1000 need match renewal requirement,0.17817649085351708,0.16853114399798705,0.30274674679090013,0.17880710564735308,0.17880710564735308,0.17880710564735308,0.17880710564735308,0.17499458813117655,0.17855410775144362,0.17868048070434694,0.17880710564735308,0.17880710564735308,0.17868048070434694,0.30274674679090013,0.17571484977948262,0.17880710564735308,0.17880710564735308,0.17880710564735308,0.06730580827515545,0.2973068880112139,0.1654790748445233,0.17880710564735308,0.17880710564735308,0.17880710564735308,0.17718035453921316,0.17880710564735308,0.17880710564735308,5700 office expense
purchase speedy search regist passtime gps renewal spring auto financial product manage cypress hill use passtime platform reduce risk prevent loss vehicle cypress portfolio 6/20/2022 update card limit $ 1000 need match renewal requirement,0.17817649085351708,0.16853114399798705,0.30274674679090013,0.17880710564735308,0.17880710564735308,0.17880710564735308,0.17880710564735308,0.17499458813117655,0.17855410775144362,0.17868048070434694,0.17880710564735308,0.17880710564735308,0.17868048070434694,0.30274674679090013,0.17571484977948262,0.17880710564735308,0.17880710564735308,0.17880710564735308,0.06730580827515545,0.2973068880112139,0.1654790748445233,0.17880710564735308,0.17880710564735308,0.17880710564735308,0.17718035453921316,0.17880710564735308,0.17880710564735308,5700 office expense
purchase speedy search regist passtime gps renewal spring auto financial product manage cypress hill use passtime platform reduce risk prevent loss vehicle cypress portfolio 6/20/2022 update card limit $ 1000 need match renewal requirement,0.17817649085351708,0.16853114399798705,0.30274674679090013,0.17880710564735308,0.17880710564735308,0.17880710564735308,0.17880710564735308,0.17499458813117655,0.17855410775144362,0.17868048070434694,0.17880710564735308,0.17880710564735308,0.17868048070434694,0.30274674679090013,0.17571484977948262,0.17880710564735308,0.17880710564735308,0.17880710564735308,0.06730580827515545,0.2973068880112139,0.1654790748445233,0.17880710564735308,0.17880710564735308,0.17880710564735308,0.17718035453921316,0.17880710564735308,0.17880710564735308,5700 office expense
purchase speedy search regist passtime gps renewal spring auto financial product manage cypress hill use passtime platform reduce risk prevent loss vehicle cypress portfolio 6/20/2022 update card limit $ 1000 need match renewal requirement,0.17817649085351708,0.16853114399798705,0.30274674679090013,0.17880710564735308,0.17880710564735308,0.17880710564735308,0.17880710564735308,0.17499458813117655,0.17855410775144362,0.17868048070434694,0.17880710564735308,0.17880710564735308,0.17868048070434694,0.30274674679090013,0.17571484977948262,0.17880710564735308,0.17880710564735308,0.17880710564735308,0.06730580827515545,0.2973068880112139,0.1654790748445233,0.17880710564735308,0.17880710564735308,0.17880710564735308,0.17718035453921316,0.17880710564735308,0.17880710564735308,5700 office expense
purchase speedy search regist passtime gps renewal spring auto financial product manage cypress hill use passtime platform reduce risk prevent loss vehicle cypress portfolio 6/20/2022 update card limit $ 1000 need match renewal requirement,0.17817649085351708,0.16853114399798705,0.30274674679090013,0.17880710564735308,0.17880710564735308,0.17880710564735308,0.17880710564735308,0.17499458813117655,0.17855410775144362,0.17868048070434694,0.17880710564735308,0.17880710564735308,0.17868048070434694,0.30274674679090013,0.17571484977948262,0.17880710564735308,0.17880710564735308,0.17880710564735308,0.06730580827515545,0.2973068880112139,0.1654790748445233,0.17880710564735308,0.17880710564735308,0.17880710564735308,0.17718035453921316,0.17880710564735308,0.17880710564735308,5700 office expense
purchase speedy search regist passtime gps renewal spring auto financial product manage cypress hill use passtime platform reduce risk prevent loss vehicle cypress portfolio 6/20/2022 update card limit $ 1000 need match renewal requirement,0.17817649085351708,0.16853114399798705,0.30274674679090013,0.17880710564735308,0.17880710564735308,0.17880710564735308,0.17880710564735308,0.17499458813117655,0.17855410775144362,0.17868048070434694,0.17880710564735308,0.17880710564735308,0.17868048070434694,0.30274674679090013,0.17571484977948262,0.17880710564735308,0.17880710564735308,0.17880710564735308,0.06730580827515545,0.2973068880112139,0.1654790748445233,0.17880710564735308,0.17880710564735308,0.17880710564735308,0.17718035453921316,0.17880710564735308,0.17880710564735308,5700 office expense
purchase speedy search regist passtime gps renewal spring auto financial product manage cypress hill use passtime platform reduce risk prevent loss vehicle cypress portfolio 6/20/2022 update card limit $ 1000 need match renewal requirement,0.17817649085351708,0.16853114399798705,0.30274674679090013,0.17880710564735308,0.17880710564735308,0.17880710564735308,0.17880710564735308,0.17499458813117655,0.17855410775144362,0.17868048070434694,0.17880710564735308,0.17880710564735308,0.17868048070434694,0.30274674679090013,0.17571484977948262,0.17880710564735308,0.17880710564735308,0.17880710564735308,0.06730580827515545,0.2973068880112139,0.1654790748445233,0.17880710564735308,0.17880710564735308,0.17880710564735308,0.17718035453921316,0.17880710564735308,0.17880710564735308,5700 office expense
purchase speedy search regist passtime gps renewal spring auto financial product manage cypress hill use passtime platform reduce risk prevent loss vehicle cypress portfolio 6/20/2022 update card limit $ 1000 need match renewal requirement,0.17817649085351708,0.16853114399798705,0.30274674679090013,0.17880710564735308,0.17880710564735308,0.17880710564735308,0.17880710564735308,0.17499458813117655,0.17855410775144362,0.17868048070434694,0.17880710564735308,0.17880710564735308,0.17868048070434694,0.30274674679090013,0.17571484977948262,0.17880710564735308,0.17880710564735308,0.17880710564735308,0.06730580827515545,0.2973068880112139,0.1654790748445233,0.17880710564735308,0.17880710564735308,0.17880710564735308,0.17718035453921316,0.17880710564735308,0.17880710564735308,5700 office expense
purchase speedy search regist passtime gps renewal spring auto financial product manage cypress hill use passtime platform reduce risk prevent loss vehicle cypress portfolio 6/20/2022 update card limit $ 1000 need match renewal requirement,0.17817649085351708,0.16853114399798705,0.30274674679090013,0.17880710564735308,0.17880710564735308,0.17880710564735308,0.17880710564735308,0.17499458813117655,0.17855410775144362,0.17868048070434694,0.17880710564735308,0.17880710564735308,0.17868048070434694,0.30274674679090013,0.17571484977948262,0.17880710564735308,0.17880710564735308,0.17880710564735308,0.06730580827515545,0.2973068880112139,0.1654790748445233,0.17880710564735308,0.17880710564735308,0.17880710564735308,0.17718035453921316,0.17880710564735308,0.17880710564735308,5700 office expense
purchase speedy search regist passtime gps renewal spring auto financial product manage cypress hill use passtime platform reduce risk prevent loss vehicle cypress portfolio 6/20/2022 update card limit $ 1000 need match renewal requirement,0.17817649085351708,0.16853114399798705,0.30274674679090013,0.17880710564735308,0.17880710564735308,0.17880710564735308,0.17880710564735308,0.17499458813117655,0.17855410775144362,0.17868048070434694,0.17880710564735308,0.17880710564735308,0.17868048070434694,0.30274674679090013,0.17571484977948262,0.17880710564735308,0.17880710564735308,0.17880710564735308,0.06730580827515545,0.2973068880112139,0.1654790748445233,0.17880710564735308,0.17880710564735308,0.17880710564735308,0.17718035453921316,0.17880710564735308,0.17880710564735308,5700 office expense
purchase speedy search regist passtime gps renewal spring auto financial product manage cypress hill use passtime platform reduce risk prevent loss vehicle cypress portfolio 6/20/2022 update card limit $ 1000 need match renewal requirement,0.17817649085351708,0.16853114399798705,0.30274674679090013,0.17880710564735308,0.17880710564735308,0.17880710564735308,0.17880710564735308,0.17499458813117655,0.17855410775144362,0.17868048070434694,0.17880710564735308,0.17880710564735308,0.17868048070434694,0.30274674679090013,0.17571484977948262,0.17880710564735308,0.17880710564735308,0.17880710564735308,0.06730580827515545,0.2973068880112139,0.1654790748445233,0.17880710564735308,0.17880710564735308,0.17880710564735308,0.17718035453921316,0.17880710564735308,0.17880710564735308,5700 office expense
purchase speedy search regist passtime gps renewal spring auto financial product manage cypress hill use passtime platform reduce risk prevent loss vehicle cypress portfolio 6/20/2022 update card limit $ 1000 need match renewal requirement,0.17817649085351708,0.16853114399798705,0.30274674679090013,0.17880710564735308,0.17880710564735308,0.17880710564735308,0.17880710564735308,0.17499458813117655,0.17855410775144362,0.17868048070434694,0.17880710564735308,0.17880710564735308,0.17868048070434694,0.30274674679090013,0.17571484977948262,0.17880710564735308,0.17880710564735308,0.17880710564735308,0.06730580827515545,0.2973068880112139,0.1654790748445233,0.17880710564735308,0.17880710564735308,0.17880710564735308,0.17718035453921316,0.17880710564735308,0.17880710564735308,5700 office expense
purchase speedy search regist passtime gps renewal spring auto financial product manage cypress hill use passtime platform reduce risk prevent loss vehicle cypress portfolio 6/20/2022 update card limit $ 1000 need match renewal requirement,0.17817649085351708,0.16853114399798705,0.30274674679090013,0.17880710564735308,0.17880710564735308,0.17880710564735308,0.17880710564735308,0.17499458813117655,0.17855410775144362,0.17868048070434694,0.17880710564735308,0.17880710564735308,0.17868048070434694,0.30274674679090013,0.17571484977948262,0.17880710564735308,0.17880710564735308,0.17880710564735308,0.06730580827515545,0.2973068880112139,0.1654790748445233,0.17880710564735308,0.17880710564735308,0.17880710564735308,0.17718035453921316,0.17880710564735308,0.17880710564735308,5700 office expense
purchase speedy search regist passtime gps renewal spring auto financial product manage cypress hill use passtime platform reduce risk prevent loss vehicle cypress portfolio 6/20/2022 update card limit $ 1000 need match renewal requirement,0.17817649085351708,0.16853114399798705,0.30274674679090013,0.17880710564735308,0.17880710564735308,0.17880710564735308,0.17880710564735308,0.17499458813117655,0.17855410775144362,0.17868048070434694,0.17880710564735308,0.17880710564735308,0.17868048070434694,0.30274674679090013,0.17571484977948262,0.17880710564735308,0.17880710564735308,0.17880710564735308,0.06730580827515545,0.2973068880112139,0.1654790748445233,0.17880710564735308,0.17880710564735308,0.17880710564735308,0.17718035453921316,0.17880710564735308,0.17880710564735308,5700 office expense
purchase speedy search regist passtime gps renewal spring auto financial product manage cypress hill use passtime platform reduce risk prevent loss vehicle cypress portfolio 6/20/2022 update card limit $ 1000 need match renewal requirement,0.17817649085351708,0.16853114399798705,0.30274674679090013,0.17880710564735308,0.17880710564735308,0.17880710564735308,0.17880710564735308,0.17499458813117655,0.17855410775144362,0.17868048070434694,0.17880710564735308,0.17880710564735308,0.17868048070434694,0.30274674679090013,0.17571484977948262,0.17880710564735308,0.17880710564735308,0.17880710564735308,0.06730580827515545,0.2973068880112139,0.1654790748445233,0.17880710564735308,0.17880710564735308,0.17880710564735308,0.17718035453921316,0.17880710564735308,0.17880710564735308,5700 office expense
purchase speedy search regist passtime gps renewal spring auto financial product manage cypress hill use passtime platform reduce risk prevent loss vehicle cypress portfolio 6/20/2022 update card limit $ 1000 need match renewal requirement,0.17817649085351708,0.16853114399798705,0.30274674679090013,0.17880710564735308,0.17880710564735308,0.17880710564735308,0.17880710564735308,0.17499458813117655,0.17855410775144362,0.17868048070434694,0.17880710564735308,0.17880710564735308,0.17868048070434694,0.30274674679090013,0.17571484977948262,0.17880710564735308,0.17880710564735308,0.17880710564735308,0.06730580827515545,0.2973068880112139,0.1654790748445233,0.17880710564735308,0.17880710564735308,0.17880710564735308,0.17718035453921316,0.17880710564735308,0.17880710564735308,5700 office expense
purchase speedy search regist,0.0,0.0,0.0,0.0,0.0,0.0,0.0,0.0,0.0,0.0,0.0,0.0,0.0,0.0,0.0,0.0,0.0,0.0,1.0,0.0,0.0,0.0,0.0,0.0,0.0,0.0,0.0,5700 office expense
purchase speedy search regist,0.0,0.0,0.0,0.0,0.0,0.0,0.0,0.0,0.0,0.0,0.0,0.0,0.0,0.0,0.0,0.0,0.0,0.0,1.0,0.0,0.0,0.0,0.0,0.0,0.0,0.0,0.0,5700 office expense
purchase speedy search regist,0.0,0.0,0.0,0.0,0.0,0.0,0.0,0.0,0.0,0.0,0.0,0.0,0.0,0.0,0.0,0.0,0.0,0.0,1.0,0.0,0.0,0.0,0.0,0.0,0.0,0.0,0.0,5700 office expense
purchase speedy search regist passtime gps renewal spring auto financial product manage cypress hill use passtime platform reduce risk prevent loss vehicle cypress portfolio 6/20/2022 update card limit $ 1000 need match renewal requirement,0.17817649085351708,0.16853114399798705,0.30274674679090013,0.17880710564735308,0.17880710564735308,0.17880710564735308,0.17880710564735308,0.17499458813117655,0.17855410775144362,0.17868048070434694,0.17880710564735308,0.17880710564735308,0.17868048070434694,0.30274674679090013,0.17571484977948262,0.17880710564735308,0.17880710564735308,0.17880710564735308,0.06730580827515545,0.2973068880112139,0.1654790748445233,0.17880710564735308,0.17880710564735308,0.17880710564735308,0.17718035453921316,0.17880710564735308,0.17880710564735308,5700 office expense
purchase speedy search regist passtime gps renewal spring auto financial product manage cypress hill use passtime platform reduce risk prevent loss vehicle cypress portfolio 6/20/2022 update card limit $ 1000 need match renewal requirement,0.17817649085351708,0.16853114399798705,0.30274674679090013,0.17880710564735308,0.17880710564735308,0.17880710564735308,0.17880710564735308,0.17499458813117655,0.17855410775144362,0.17868048070434694,0.17880710564735308,0.17880710564735308,0.17868048070434694,0.30274674679090013,0.17571484977948262,0.17880710564735308,0.17880710564735308,0.17880710564735308,0.06730580827515545,0.2973068880112139,0.1654790748445233,0.17880710564735308,0.17880710564735308,0.17880710564735308,0.17718035453921316,0.17880710564735308,0.17880710564735308,5700 office expense
purchase speedy search regist passtime gps renewal spring auto financial product manage cypress hill use passtime platform reduce risk prevent loss vehicle cypress portfolio 6/20/2022 update card limit $ 1000 need match renewal requirement,0.17817649085351708,0.16853114399798705,0.30274674679090013,0.17880710564735308,0.17880710564735308,0.17880710564735308,0.17880710564735308,0.17499458813117655,0.17855410775144362,0.17868048070434694,0.17880710564735308,0.17880710564735308,0.17868048070434694,0.30274674679090013,0.17571484977948262,0.17880710564735308,0.17880710564735308,0.17880710564735308,0.06730580827515545,0.2973068880112139,0.1654790748445233,0.17880710564735308,0.17880710564735308,0.17880710564735308,0.17718035453921316,0.17880710564735308,0.17880710564735308,5700 office expense
purchase speedy search regist passtime gps renewal spring auto financial product manage cypress hill use passtime platform reduce risk prevent loss vehicle cypress portfolio 6/20/2022 update card limit $ 1000 need match renewal requirement,0.17817649085351708,0.16853114399798705,0.30274674679090013,0.17880710564735308,0.17880710564735308,0.17880710564735308,0.17880710564735308,0.17499458813117655,0.17855410775144362,0.17868048070434694,0.17880710564735308,0.17880710564735308,0.17868048070434694,0.30274674679090013,0.17571484977948262,0.17880710564735308,0.17880710564735308,0.17880710564735308,0.06730580827515545,0.2973068880112139,0.1654790748445233,0.17880710564735308,0.17880710564735308,0.17880710564735308,0.17718035453921316,0.17880710564735308,0.17880710564735308,5700 office expense
purchase speedy search regist passtime gps renewal spring auto financial product manage cypress hill use passtime platform reduce risk prevent loss vehicle cypress portfolio 6/20/2022 update card limit $ 1000 need match renewal requirement,0.17817649085351708,0.16853114399798705,0.30274674679090013,0.17880710564735308,0.17880710564735308,0.17880710564735308,0.17880710564735308,0.17499458813117655,0.17855410775144362,0.17868048070434694,0.17880710564735308,0.17880710564735308,0.17868048070434694,0.30274674679090013,0.17571484977948262,0.17880710564735308,0.17880710564735308,0.17880710564735308,0.06730580827515545,0.2973068880112139,0.1654790748445233,0.17880710564735308,0.17880710564735308,0.17880710564735308,0.17718035453921316,0.17880710564735308,0.17880710564735308,5700 office expense
purchase speedy search regist passtime gps renewal spring auto financial product manage cypress hill use passtime platform reduce risk prevent loss vehicle cypress portfolio 6/20/2022 update card limit $ 1000 need match renewal requirement,0.17817649085351708,0.16853114399798705,0.30274674679090013,0.17880710564735308,0.17880710564735308,0.17880710564735308,0.17880710564735308,0.17499458813117655,0.17855410775144362,0.17868048070434694,0.17880710564735308,0.17880710564735308,0.17868048070434694,0.30274674679090013,0.17571484977948262,0.17880710564735308,0.17880710564735308,0.17880710564735308,0.06730580827515545,0.2973068880112139,0.1654790748445233,0.17880710564735308,0.17880710564735308,0.17880710564735308,0.17718035453921316,0.17880710564735308,0.17880710564735308,5700 office expense
purchase speedy search regist passtime gps renewal spring auto financial product manage cypress hill use passtime platform reduce risk prevent loss vehicle cypress portfolio 6/20/2022 update card limit $ 1000 need match renewal requirement,0.17817649085351708,0.16853114399798705,0.30274674679090013,0.17880710564735308,0.17880710564735308,0.17880710564735308,0.17880710564735308,0.17499458813117655,0.17855410775144362,0.17868048070434694,0.17880710564735308,0.17880710564735308,0.17868048070434694,0.30274674679090013,0.17571484977948262,0.17880710564735308,0.17880710564735308,0.17880710564735308,0.06730580827515545,0.2973068880112139,0.1654790748445233,0.17880710564735308,0.17880710564735308,0.17880710564735308,0.17718035453921316,0.17880710564735308,0.17880710564735308,5700 office expense
purchase speedy search regist passtime gps renewal spring auto financial product manage cypress hill use passtime platform reduce risk prevent loss vehicle cypress portfolio 6/20/2022 update card limit $ 1000 need match renewal requirement,0.17817649085351708,0.16853114399798705,0.30274674679090013,0.17880710564735308,0.17880710564735308,0.17880710564735308,0.17880710564735308,0.17499458813117655,0.17855410775144362,0.17868048070434694,0.17880710564735308,0.17880710564735308,0.17868048070434694,0.30274674679090013,0.17571484977948262,0.17880710564735308,0.17880710564735308,0.17880710564735308,0.06730580827515545,0.2973068880112139,0.1654790748445233,0.17880710564735308,0.17880710564735308,0.17880710564735308,0.17718035453921316,0.17880710564735308,0.17880710564735308,5700 office expense
purchase speedy search regist passtime gps renewal spring auto financial product manage cypress hill use passtime platform reduce risk prevent loss vehicle cypress portfolio 6/20/2022 update card limit $ 1000 need match renewal requirement,0.17817649085351708,0.16853114399798705,0.30274674679090013,0.17880710564735308,0.17880710564735308,0.17880710564735308,0.17880710564735308,0.17499458813117655,0.17855410775144362,0.17868048070434694,0.17880710564735308,0.17880710564735308,0.17868048070434694,0.30274674679090013,0.17571484977948262,0.17880710564735308,0.17880710564735308,0.17880710564735308,0.06730580827515545,0.2973068880112139,0.1654790748445233,0.17880710564735308,0.17880710564735308,0.17880710564735308,0.17718035453921316,0.17880710564735308,0.17880710564735308,5700 office expense
purchase speedy search regist passtime gps renewal spring auto financial product manage cypress hill use passtime platform reduce risk prevent loss vehicle cypress portfolio 6/20/2022 update card limit $ 1000 need match renewal requirement,0.17817649085351708,0.16853114399798705,0.30274674679090013,0.17880710564735308,0.17880710564735308,0.17880710564735308,0.17880710564735308,0.17499458813117655,0.17855410775144362,0.17868048070434694,0.17880710564735308,0.17880710564735308,0.17868048070434694,0.30274674679090013,0.17571484977948262,0.17880710564735308,0.17880710564735308,0.17880710564735308,0.06730580827515545,0.2973068880112139,0.1654790748445233,0.17880710564735308,0.17880710564735308,0.17880710564735308,0.17718035453921316,0.17880710564735308,0.17880710564735308,5700 office expense
purchase speedy search regist passtime gps renewal spring auto financial product manage cypress hill use passtime platform reduce risk prevent loss vehicle cypress portfolio 6/20/2022 update card limit $ 1000 need match renewal requirement,0.17817649085351708,0.16853114399798705,0.30274674679090013,0.17880710564735308,0.17880710564735308,0.17880710564735308,0.17880710564735308,0.17499458813117655,0.17855410775144362,0.17868048070434694,0.17880710564735308,0.17880710564735308,0.17868048070434694,0.30274674679090013,0.17571484977948262,0.17880710564735308,0.17880710564735308,0.17880710564735308,0.06730580827515545,0.2973068880112139,0.1654790748445233,0.17880710564735308,0.17880710564735308,0.17880710564735308,0.17718035453921316,0.17880710564735308,0.17880710564735308,5700 office expense
purchase speedy search regist passtime gps renewal spring auto financial product manage cypress hill use passtime platform reduce risk prevent loss vehicle cypress portfolio 6/20/2022 update card limit $ 1000 need match renewal requirement,0.17817649085351708,0.16853114399798705,0.30274674679090013,0.17880710564735308,0.17880710564735308,0.17880710564735308,0.17880710564735308,0.17499458813117655,0.17855410775144362,0.17868048070434694,0.17880710564735308,0.17880710564735308,0.17868048070434694,0.30274674679090013,0.17571484977948262,0.17880710564735308,0.17880710564735308,0.17880710564735308,0.06730580827515545,0.2973068880112139,0.1654790748445233,0.17880710564735308,0.17880710564735308,0.17880710564735308,0.17718035453921316,0.17880710564735308,0.17880710564735308,5700 office expense
purchase speedy search regist passtime gps renewal spring auto financial product manage cypress hill use passtime platform reduce risk prevent loss vehicle cypress portfolio 6/20/2022 update card limit $ 1000 need match renewal requirement,0.17817649085351708,0.16853114399798705,0.30274674679090013,0.17880710564735308,0.17880710564735308,0.17880710564735308,0.17880710564735308,0.17499458813117655,0.17855410775144362,0.17868048070434694,0.17880710564735308,0.17880710564735308,0.17868048070434694,0.30274674679090013,0.17571484977948262,0.17880710564735308,0.17880710564735308,0.17880710564735308,0.06730580827515545,0.2973068880112139,0.1654790748445233,0.17880710564735308,0.17880710564735308,0.17880710564735308,0.17718035453921316,0.17880710564735308,0.17880710564735308,5700 office expense
purchase speedy search regist passtime gps renewal spring auto financial product manage cypress hill use passtime platform reduce risk prevent loss vehicle cypress portfolio 6/20/2022 update card limit $ 1000 need match renewal requirement,0.17817649085351708,0.16853114399798705,0.30274674679090013,0.17880710564735308,0.17880710564735308,0.17880710564735308,0.17880710564735308,0.17499458813117655,0.17855410775144362,0.17868048070434694,0.17880710564735308,0.17880710564735308,0.17868048070434694,0.30274674679090013,0.17571484977948262,0.17880710564735308,0.17880710564735308,0.17880710564735308,0.06730580827515545,0.2973068880112139,0.1654790748445233,0.17880710564735308,0.17880710564735308,0.17880710564735308,0.17718035453921316,0.17880710564735308,0.17880710564735308,5700 office expense
purchase speedy search regist passtime gps renewal spring auto financial product manage cypress hill use passtime platform reduce risk prevent loss vehicle cypress portfolio 6/20/2022 update card limit $ 1000 need match renewal requirement,0.17817649085351708,0.16853114399798705,0.30274674679090013,0.17880710564735308,0.17880710564735308,0.17880710564735308,0.17880710564735308,0.17499458813117655,0.17855410775144362,0.17868048070434694,0.17880710564735308,0.17880710564735308,0.17868048070434694,0.30274674679090013,0.17571484977948262,0.17880710564735308,0.17880710564735308,0.17880710564735308,0.06730580827515545,0.2973068880112139,0.1654790748445233,0.17880710564735308,0.17880710564735308,0.17880710564735308,0.17718035453921316,0.17880710564735308,0.17880710564735308,5700 office expense
purchase speedy search regist,0.0,0.0,0.0,0.0,0.0,0.0,0.0,0.0,0.0,0.0,0.0,0.0,0.0,0.0,0.0,0.0,0.0,0.0,1.0,0.0,0.0,0.0,0.0,0.0,0.0,0.0,0.0,5700 office expense
purchase speedy search regist passtime gps renewal spring auto financial product manage cypress hill use passtime platform reduce risk prevent loss vehicle cypress portfolio 6/20/2022 update card limit $ 1000 need match renewal requirement,0.17817649085351708,0.16853114399798705,0.30274674679090013,0.17880710564735308,0.17880710564735308,0.17880710564735308,0.17880710564735308,0.17499458813117655,0.17855410775144362,0.17868048070434694,0.17880710564735308,0.17880710564735308,0.17868048070434694,0.30274674679090013,0.17571484977948262,0.17880710564735308,0.17880710564735308,0.17880710564735308,0.06730580827515545,0.2973068880112139,0.1654790748445233,0.17880710564735308,0.17880710564735308,0.17880710564735308,0.17718035453921316,0.17880710564735308,0.17880710564735308,5700 office expense
purchase speedy search regist,0.0,0.0,0.0,0.0,0.0,0.0,0.0,0.0,0.0,0.0,0.0,0.0,0.0,0.0,0.0,0.0,0.0,0.0,1.0,0.0,0.0,0.0,0.0,0.0,0.0,0.0,0.0,5700 office expense
purchase urban fare 7618,0.0,0.0,0.0,0.0,0.0,0.0,0.0,0.0,0.0,0.0,0.0,0.0,0.0,0.0,0.0,0.0,0.0,0.0,1.0,0.0,0.0,0.0,0.0,0.0,0.0,0.0,0.0,5700 office expense
purchase urban fare 7618,0.0,0.0,0.0,0.0,0.0,0.0,0.0,0.0,0.0,0.0,0.0,0.0,0.0,0.0,0.0,0.0,0.0,0.0,1.0,0.0,0.0,0.0,0.0,0.0,0.0,0.0,0.0,5700 office expense
purchase urban fare 7618,0.0,0.0,0.0,0.0,0.0,0.0,0.0,0.0,0.0,0.0,0.0,0.0,0.0,0.0,0.0,0.0,0.0,0.0,1.0,0.0,0.0,0.0,0.0,0.0,0.0,0.0,0.0,5700 office expense
purchase urban fare 7618,0.0,0.0,0.0,0.0,0.0,0.0,0.0,0.0,0.0,0.0,0.0,0.0,0.0,0.0,0.0,0.0,0.0,0.0,1.0,0.0,0.0,0.0,0.0,0.0,0.0,0.0,0.0,5700 office expense
purchase urban fare 7618,0.0,0.0,0.0,0.0,0.0,0.0,0.0,0.0,0.0,0.0,0.0,0.0,0.0,0.0,0.0,0.0,0.0,0.0,1.0,0.0,0.0,0.0,0.0,0.0,0.0,0.0,0.0,5700 office expense
purchase urban fare 7618,0.0,0.0,0.0,0.0,0.0,0.0,0.0,0.0,0.0,0.0,0.0,0.0,0.0,0.0,0.0,0.0,0.0,0.0,1.0,0.0,0.0,0.0,0.0,0.0,0.0,0.0,0.0,5700 office expense
purchase urban fare 7618,0.0,0.0,0.0,0.0,0.0,0.0,0.0,0.0,0.0,0.0,0.0,0.0,0.0,0.0,0.0,0.0,0.0,0.0,1.0,0.0,0.0,0.0,0.0,0.0,0.0,0.0,0.0,5700 office expense
purchase urban fare 7618,0.0,0.0,0.0,0.0,0.0,0.0,0.0,0.0,0.0,0.0,0.0,0.0,0.0,0.0,0.0,0.0,0.0,0.0,1.0,0.0,0.0,0.0,0.0,0.0,0.0,0.0,0.0,5700 office expense
purchase urban fare 7618,0.0,0.0,0.0,0.0,0.0,0.0,0.0,0.0,0.0,0.0,0.0,0.0,0.0,0.0,0.0,0.0,0.0,0.0,1.0,0.0,0.0,0.0,0.0,0.0,0.0,0.0,0.0,5700 office expense
purchase urban fare 7618,0.0,0.0,0.0,0.0,0.0,0.0,0.0,0.0,0.0,0.0,0.0,0.0,0.0,0.0,0.0,0.0,0.0,0.0,1.0,0.0,0.0,0.0,0.0,0.0,0.0,0.0,0.0,5700 office expense
purchase urban fare 7618,0.0,0.0,0.0,0.0,0.0,0.0,0.0,0.0,0.0,0.0,0.0,0.0,0.0,0.0,0.0,0.0,0.0,0.0,1.0,0.0,0.0,0.0,0.0,0.0,0.0,0.0,0.0,5700 office expense
purchase urban fare 7618,0.0,0.0,0.0,0.0,0.0,0.0,0.0,0.0,0.0,0.0,0.0,0.0,0.0,0.0,0.0,0.0,0.0,0.0,1.0,0.0,0.0,0.0,0.0,0.0,0.0,0.0,0.0,5700 office expense
purchase urban fare 7618,0.0,0.0,0.0,0.0,0.0,0.0,0.0,0.0,0.0,0.0,0.0,0.0,0.0,0.0,0.0,0.0,0.0,0.0,1.0,0.0,0.0,0.0,0.0,0.0,0.0,0.0,0.0,5700 office expense
purchase urban fare 7618,0.0,0.0,0.0,0.0,0.0,0.0,0.0,0.0,0.0,0.0,0.0,0.0,0.0,0.0,0.0,0.0,0.0,0.0,1.0,0.0,0.0,0.0,0.0,0.0,0.0,0.0,0.0,5700 office expense
purchase urban fare 7618,0.0,0.0,0.0,0.0,0.0,0.0,0.0,0.0,0.0,0.0,0.0,0.0,0.0,0.0,0.0,0.0,0.0,0.0,1.0,0.0,0.0,0.0,0.0,0.0,0.0,0.0,0.0,5700 office expense
purchase urban fare 7618,0.0,0.0,0.0,0.0,0.0,0.0,0.0,0.0,0.0,0.0,0.0,0.0,0.0,0.0,0.0,0.0,0.0,0.0,1.0,0.0,0.0,0.0,0.0,0.0,0.0,0.0,0.0,5700 office expense
purchase urban fare 7618,0.0,0.0,0.0,0.0,0.0,0.0,0.0,0.0,0.0,0.0,0.0,0.0,0.0,0.0,0.0,0.0,0.0,0.0,1.0,0.0,0.0,0.0,0.0,0.0,0.0,0.0,0.0,5700 office expense
purchase urban fare 7618,0.0,0.0,0.0,0.0,0.0,0.0,0.0,0.0,0.0,0.0,0.0,0.0,0.0,0.0,0.0,0.0,0.0,0.0,1.0,0.0,0.0,0.0,0.0,0.0,0.0,0.0,0.0,5700 office expense
purchase urban fare 7618,0.0,0.0,0.0,0.0,0.0,0.0,0.0,0.0,0.0,0.0,0.0,0.0,0.0,0.0,0.0,0.0,0.0,0.0,1.0,0.0,0.0,0.0,0.0,0.0,0.0,0.0,0.0,5700 office expense
purchase urban fare 7618,0.0,0.0,0.0,0.0,0.0,0.0,0.0,0.0,0.0,0.0,0.0,0.0,0.0,0.0,0.0,0.0,0.0,0.0,1.0,0.0,0.0,0.0,0.0,0.0,0.0,0.0,0.0,5700 office expense
purchase urban fare 7618,0.0,0.0,0.0,0.0,0.0,0.0,0.0,0.0,0.0,0.0,0.0,0.0,0.0,0.0,0.0,0.0,0.0,0.0,1.0,0.0,0.0,0.0,0.0,0.0,0.0,0.0,0.0,5700 office expense
purchase vt canteenvan-58073,0.0,0.0,0.0,0.0,0.0,0.0,0.0,0.0,0.0,0.0,0.0,0.0,0.0,0.0,0.0,0.0,0.0,0.0,1.0,0.0,0.0,0.0,0.0,0.0,0.0,0.0,0.0,5700 office expense
purchase staple store 254,0.0,0.0,0.0,0.0,0.0,0.0,0.0,0.0,0.0,0.0,0.0,0.0,0.0,0.0,0.0,0.0,0.0,0.0,1.0,0.0,0.0,0.0,0.0,0.0,0.0,0.0,0.0,5700 office expense
purchase staple store 254,0.0,0.0,0.0,0.0,0.0,0.0,0.0,0.0,0.0,0.0,0.0,0.0,0.0,0.0,0.0,0.0,0.0,0.0,1.0,0.0,0.0,0.0,0.0,0.0,0.0,0.0,0.0,5700 office expense
purchase staple store 254,0.0,0.0,0.0,0.0,0.0,0.0,0.0,0.0,0.0,0.0,0.0,0.0,0.0,0.0,0.0,0.0,0.0,0.0,1.0,0.0,0.0,0.0,0.0,0.0,0.0,0.0,0.0,5700 office expense
purchase staple store 254,0.0,0.0,0.0,0.0,0.0,0.0,0.0,0.0,0.0,0.0,0.0,0.0,0.0,0.0,0.0,0.0,0.0,0.0,1.0,0.0,0.0,0.0,0.0,0.0,0.0,0.0,0.0,5700 office expense
purchase staple store 254,0.0,0.0,0.0,0.0,0.0,0.0,0.0,0.0,0.0,0.0,0.0,0.0,0.0,0.0,0.0,0.0,0.0,0.0,1.0,0.0,0.0,0.0,0.0,0.0,0.0,0.0,0.0,5700 office expense
purchase staple store 254,0.0,0.0,0.0,0.0,0.0,0.0,0.0,0.0,0.0,0.0,0.0,0.0,0.0,0.0,0.0,0.0,0.0,0.0,1.0,0.0,0.0,0.0,0.0,0.0,0.0,0.0,0.0,5700 office expense
purchase staple store 254,0.0,0.0,0.0,0.0,0.0,0.0,0.0,0.0,0.0,0.0,0.0,0.0,0.0,0.0,0.0,0.0,0.0,0.0,1.0,0.0,0.0,0.0,0.0,0.0,0.0,0.0,0.0,5700 office expense
purchase staple store 254 hardware shipment,0.0,0.0,0.0,0.0,0.0,0.0,0.0,0.0,0.0,0.0,0.0,0.0,0.0,0.0,0.0,0.0,0.0,0.0,1.0,0.0,0.0,0.0,0.0,0.0,0.0,0.0,0.0,5700 office expense
purchase staple store 254 hardware shipment,0.0,0.0,0.0,0.0,0.0,0.0,0.0,0.0,0.0,0.0,0.0,0.0,0.0,0.0,0.0,0.0,0.0,0.0,1.0,0.0,0.0,0.0,0.0,0.0,0.0,0.0,0.0,5700 office expense
purchase staple store 254 hardware shipment,0.0,0.0,0.0,0.0,0.0,0.0,0.0,0.0,0.0,0.0,0.0,0.0,0.0,0.0,0.0,0.0,0.0,0.0,1.0,0.0,0.0,0.0,0.0,0.0,0.0,0.0,0.0,5700 office expense
purchase staple store 254,0.0,0.0,0.0,0.0,0.0,0.0,0.0,0.0,0.0,0.0,0.0,0.0,0.0,0.0,0.0,0.0,0.0,0.0,1.0,0.0,0.0,0.0,0.0,0.0,0.0,0.0,0.0,5700 office expense
purchase staple store 254,0.0,0.0,0.0,0.0,0.0,0.0,0.0,0.0,0.0,0.0,0.0,0.0,0.0,0.0,0.0,0.0,0.0,0.0,1.0,0.0,0.0,0.0,0.0,0.0,0.0,0.0,0.0,5700 office expense
purchase staple store 254 hardware shipment,0.0,0.0,0.0,0.0,0.0,0.0,0.0,0.0,0.0,0.0,0.0,0.0,0.0,0.0,0.0,0.0,0.0,0.0,1.0,0.0,0.0,0.0,0.0,0.0,0.0,0.0,0.0,5700 office expense
purchase staple store 254,0.0,0.0,0.0,0.0,0.0,0.0,0.0,0.0,0.0,0.0,0.0,0.0,0.0,0.0,0.0,0.0,0.0,0.0,1.0,0.0,0.0,0.0,0.0,0.0,0.0,0.0,0.0,5700 office expense
purchase staple store 254 hardware shipment,0.0,0.0,0.0,0.0,0.0,0.0,0.0,0.0,0.0,0.0,0.0,0.0,0.0,0.0,0.0,0.0,0.0,0.0,1.0,0.0,0.0,0.0,0.0,0.0,0.0,0.0,0.0,5700 office expense
purchase staple store 254 hardware shipment,0.0,0.0,0.0,0.0,0.0,0.0,0.0,0.0,0.0,0.0,0.0,0.0,0.0,0.0,0.0,0.0,0.0,0.0,1.0,0.0,0.0,0.0,0.0,0.0,0.0,0.0,0.0,5700 office expense
purchase staple store 254,0.0,0.0,0.0,0.0,0.0,0.0,0.0,0.0,0.0,0.0,0.0,0.0,0.0,0.0,0.0,0.0,0.0,0.0,1.0,0.0,0.0,0.0,0.0,0.0,0.0,0.0,0.0,5700 office expense
purchase staple store 254,0.0,0.0,0.0,0.0,0.0,0.0,0.0,0.0,0.0,0.0,0.0,0.0,0.0,0.0,0.0,0.0,0.0,0.0,1.0,0.0,0.0,0.0,0.0,0.0,0.0,0.0,0.0,5700 office expense
purchase staple store 254,0.0,0.0,0.0,0.0,0.0,0.0,0.0,0.0,0.0,0.0,0.0,0.0,0.0,0.0,0.0,0.0,0.0,0.0,1.0,0.0,0.0,0.0,0.0,0.0,0.0,0.0,0.0,5700 office expense
purchase staple store 254,0.0,0.0,0.0,0.0,0.0,0.0,0.0,0.0,0.0,0.0,0.0,0.0,0.0,0.0,0.0,0.0,0.0,0.0,1.0,0.0,0.0,0.0,0.0,0.0,0.0,0.0,0.0,5700 office expense
purchase staple store 254,0.0,0.0,0.0,0.0,0.0,0.0,0.0,0.0,0.0,0.0,0.0,0.0,0.0,0.0,0.0,0.0,0.0,0.0,1.0,0.0,0.0,0.0,0.0,0.0,0.0,0.0,0.0,5700 office expense
purchase staple store 254,0.0,0.0,0.0,0.0,0.0,0.0,0.0,0.0,0.0,0.0,0.0,0.0,0.0,0.0,0.0,0.0,0.0,0.0,1.0,0.0,0.0,0.0,0.0,0.0,0.0,0.0,0.0,5700 office expense
purchase staple store 254,0.0,0.0,0.0,0.0,0.0,0.0,0.0,0.0,0.0,0.0,0.0,0.0,0.0,0.0,0.0,0.0,0.0,0.0,1.0,0.0,0.0,0.0,0.0,0.0,0.0,0.0,0.0,5700 office expense
purchase staple store 254,0.0,0.0,0.0,0.0,0.0,0.0,0.0,0.0,0.0,0.0,0.0,0.0,0.0,0.0,0.0,0.0,0.0,0.0,1.0,0.0,0.0,0.0,0.0,0.0,0.0,0.0,0.0,5700 office expense
purchase staple store 254,0.0,0.0,0.0,0.0,0.0,0.0,0.0,0.0,0.0,0.0,0.0,0.0,0.0,0.0,0.0,0.0,0.0,0.0,1.0,0.0,0.0,0.0,0.0,0.0,0.0,0.0,0.0,5700 office expense
purchase staple store 254,0.0,0.0,0.0,0.0,0.0,0.0,0.0,0.0,0.0,0.0,0.0,0.0,0.0,0.0,0.0,0.0,0.0,0.0,1.0,0.0,0.0,0.0,0.0,0.0,0.0,0.0,0.0,5700 office expense
purchase staple store 254 hardware shipment,0.0,0.0,0.0,0.0,0.0,0.0,0.0,0.0,0.0,0.0,0.0,0.0,0.0,0.0,0.0,0.0,0.0,0.0,1.0,0.0,0.0,0.0,0.0,0.0,0.0,0.0,0.0,5700 office expense
purchase staples.ca/43546171125 food beverage event prize award etc,0.0,0.0,0.0,0.0,0.0,0.0,0.0,0.0,0.0,0.0,0.0,0.0,0.0,0.0,0.0,0.0,0.0,0.0,1.0,0.0,0.0,0.0,0.0,0.0,0.0,0.0,0.0,5700 office expense
purchase staples.ca/43733039125 food beverage event prize award etc,0.0,0.0,0.0,0.0,0.0,0.0,0.0,0.0,0.0,0.0,0.0,0.0,0.0,0.0,0.0,0.0,0.0,0.0,1.0,0.0,0.0,0.0,0.0,0.0,0.0,0.0,0.0,5700 office expense
purchase staples.ca/43733039125 food beverage event prize award etc,0.0,0.0,0.0,0.0,0.0,0.0,0.0,0.0,0.0,0.0,0.0,0.0,0.0,0.0,0.0,0.0,0.0,0.0,1.0,0.0,0.0,0.0,0.0,0.0,0.0,0.0,0.0,5700 office expense
refund staples.ca/43733039157 food beverage event prize award etc,0.0,0.0,0.0,0.0,0.0,0.0,0.0,0.0,0.0,0.0,0.0,0.0,0.0,0.0,0.0,0.0,0.0,0.0,0.0,0.0,0.0,0.0,0.0,0.0,0.0,0.0,0.0,5700 office expense
purchase staples.ca/44438250126 food beverage event prize award etc,0.0,0.0,0.0,0.0,0.0,0.0,0.0,0.0,0.0,0.0,0.0,0.0,0.0,0.0,0.0,0.0,0.0,0.0,1.0,0.0,0.0,0.0,0.0,0.0,0.0,0.0,0.0,5700 office expense
purchase staples.ca/45790473227 food beverage event prize award etc,0.0,0.0,0.0,0.0,0.0,0.0,0.0,0.0,0.0,0.0,0.0,0.0,0.0,0.0,0.0,0.0,0.0,0.0,1.0,0.0,0.0,0.0,0.0,0.0,0.0,0.0,0.0,5700 office expense
purchase staplesprint.ca/79kmyt printing material christmas party,0.0,0.0,0.0,0.0,0.0,0.0,0.0,0.0,0.0,0.0,0.0,0.0,0.0,0.0,0.0,0.0,0.0,0.0,1.0,0.0,0.0,0.0,0.0,0.0,0.0,0.0,0.0,5700 office expense
purchase starbuck 04370,0.0,0.0,0.0,0.0,0.0,0.0,0.0,0.0,0.0,0.0,0.0,0.0,0.0,0.0,0.0,0.0,0.0,0.0,1.0,0.0,0.0,0.0,0.0,0.0,0.0,0.0,0.0,5700 office expense
purchase vt canteenvan-58073 bc,0.0,0.0,0.0,0.0,0.0,0.0,0.0,0.0,0.0,0.0,0.0,0.0,0.0,0.0,0.0,0.0,0.0,0.0,1.0,0.0,0.0,0.0,0.0,0.0,0.0,0.0,0.0,5700 office expense
purchase vt canteenvan-58073 bc,0.0,0.0,0.0,0.0,0.0,0.0,0.0,0.0,0.0,0.0,0.0,0.0,0.0,0.0,0.0,0.0,0.0,0.0,1.0,0.0,0.0,0.0,0.0,0.0,0.0,0.0,0.0,5700 office expense
purchase steamgames.com 4259522985 food beverage event prize award etc,0.0,0.0,0.0,0.0,0.0,0.0,0.0,0.0,0.0,0.0,0.0,0.0,0.0,0.0,0.0,0.0,0.0,0.0,1.0,0.0,0.0,0.0,0.0,0.0,0.0,0.0,0.0,5700 office expense
purchase stericycle ulc food beverage event prize award etc,0.0,0.0,0.0,0.0,0.0,0.0,0.0,0.0,0.0,0.0,0.0,0.0,0.0,0.0,0.0,0.0,0.0,0.0,1.0,0.0,0.0,0.0,0.0,0.0,0.0,0.0,0.0,5700 office expense
purchase stericycle ulc food beverage event prize award etc,0.0,0.0,0.0,0.0,0.0,0.0,0.0,0.0,0.0,0.0,0.0,0.0,0.0,0.0,0.0,0.0,0.0,0.0,1.0,0.0,0.0,0.0,0.0,0.0,0.0,0.0,0.0,5700 office expense
purchase stericycle ulc food beverage event prize award etc,0.0,0.0,0.0,0.0,0.0,0.0,0.0,0.0,0.0,0.0,0.0,0.0,0.0,0.0,0.0,0.0,0.0,0.0,1.0,0.0,0.0,0.0,0.0,0.0,0.0,0.0,0.0,5700 office expense
purchase stericycle ulc food beverage event prize award etc,0.0,0.0,0.0,0.0,0.0,0.0,0.0,0.0,0.0,0.0,0.0,0.0,0.0,0.0,0.0,0.0,0.0,0.0,1.0,0.0,0.0,0.0,0.0,0.0,0.0,0.0,0.0,5700 office expense
purchase stericycle ulc cad food beverage event prize award etc,0.0,0.0,0.0,0.0,0.0,0.0,0.0,0.0,0.0,0.0,0.0,0.0,0.0,0.0,0.0,0.0,0.0,0.0,1.0,0.0,0.0,0.0,0.0,0.0,0.0,0.0,0.0,5700 office expense
purchase stericycle ulc cad food beverage event prize award etc,0.0,0.0,0.0,0.0,0.0,0.0,0.0,0.0,0.0,0.0,0.0,0.0,0.0,0.0,0.0,0.0,0.0,0.0,1.0,0.0,0.0,0.0,0.0,0.0,0.0,0.0,0.0,5700 office expense
purchase stericycle ulc cad food beverage event prize award etc,0.0,0.0,0.0,0.0,0.0,0.0,0.0,0.0,0.0,0.0,0.0,0.0,0.0,0.0,0.0,0.0,0.0,0.0,1.0,0.0,0.0,0.0,0.0,0.0,0.0,0.0,0.0,5700 office expense
purchase stericycle ulc cad food beverage event prize award etc,0.0,0.0,0.0,0.0,0.0,0.0,0.0,0.0,0.0,0.0,0.0,0.0,0.0,0.0,0.0,0.0,0.0,0.0,1.0,0.0,0.0,0.0,0.0,0.0,0.0,0.0,0.0,5700 office expense
purchase stericycle ulc cad food beverage event prize award etc,0.0,0.0,0.0,0.0,0.0,0.0,0.0,0.0,0.0,0.0,0.0,0.0,0.0,0.0,0.0,0.0,0.0,0.0,1.0,0.0,0.0,0.0,0.0,0.0,0.0,0.0,0.0,5700 office expense
purchase stericycle ulc cad food beverage event prize award etc,0.0,0.0,0.0,0.0,0.0,0.0,0.0,0.0,0.0,0.0,0.0,0.0,0.0,0.0,0.0,0.0,0.0,0.0,1.0,0.0,0.0,0.0,0.0,0.0,0.0,0.0,0.0,5700 office expense
purchase stericycle ulc cad food beverage event prize award etc,0.0,0.0,0.0,0.0,0.0,0.0,0.0,0.0,0.0,0.0,0.0,0.0,0.0,0.0,0.0,0.0,0.0,0.0,1.0,0.0,0.0,0.0,0.0,0.0,0.0,0.0,0.0,5700 office expense
purchase suyo modern peruvian food beverage event prize award etc,0.0,0.0,0.0,0.0,0.0,0.0,0.0,0.0,0.0,0.0,0.0,0.0,0.0,0.0,0.0,0.0,0.0,0.0,1.0,0.0,0.0,0.0,0.0,0.0,0.0,0.0,0.0,5700 office expense
purchase t shirt,0.0,0.0,0.0,0.0,0.0,0.0,0.0,0.0,0.0,0.0,0.0,0.0,0.0,0.0,0.0,0.0,0.0,0.0,1.0,0.0,0.0,0.0,0.0,0.0,0.0,0.0,0.0,5700 office expense
purchase tasker taskrabbit,0.0,0.0,0.0,0.0,0.0,0.0,0.0,0.0,0.0,0.0,0.0,0.0,0.0,0.0,0.0,0.0,0.0,0.0,1.0,0.0,0.0,0.0,0.0,0.0,0.0,0.0,0.0,5700 office expense
purchase tasker taskrabbit,0.0,0.0,0.0,0.0,0.0,0.0,0.0,0.0,0.0,0.0,0.0,0.0,0.0,0.0,0.0,0.0,0.0,0.0,1.0,0.0,0.0,0.0,0.0,0.0,0.0,0.0,0.0,5700 office expense
bill payment test test,0.0,0.0,0.0,0.0,0.0,0.0,0.0,0.0,0.0,0.0,0.0,0.0,0.0,0.0,0.0,0.0,0.0,0.0,0.0,0.0,0.0,0.0,0.0,0.0,0.0,0.0,0.0,5700 office expense
purchase home depot 7042,0.0,0.0,0.0,0.0,0.0,0.0,0.0,0.0,0.0,0.0,0.0,0.0,0.0,0.0,0.0,0.0,0.0,0.0,1.0,0.0,0.0,0.0,0.0,0.0,0.0,0.0,0.0,5700 office expense
purchase home depot 7042,0.0,0.0,0.0,0.0,0.0,0.0,0.0,0.0,0.0,0.0,0.0,0.0,0.0,0.0,0.0,0.0,0.0,0.0,1.0,0.0,0.0,0.0,0.0,0.0,0.0,0.0,0.0,5700 office expense
purchase timezone entertainment team outing engagement activity,0.0,0.0,0.0,0.0,0.0,0.0,0.0,0.0,0.0,0.0,0.0,0.0,0.0,0.0,0.0,0.0,0.0,0.0,1.0,0.0,0.0,0.0,0.0,0.0,0.0,0.0,0.0,5700 office expense
purchase timezone entertainment employee engagement activity,0.0,0.0,0.0,0.0,0.0,0.0,0.0,0.0,0.0,0.0,0.0,0.0,0.0,0.0,0.0,0.0,0.0,0.0,1.0,0.0,0.0,0.0,0.0,0.0,0.0,0.0,0.0,5700 office expense
purchase vt canteenvan-58073 br,0.0,0.0,0.0,0.0,0.0,0.0,0.0,0.0,0.0,0.0,0.0,0.0,0.0,0.0,0.0,0.0,0.0,0.0,1.0,0.0,0.0,0.0,0.0,0.0,0.0,0.0,0.0,5700 office expense
purchase vt canteenvan-58073 br,0.0,0.0,0.0,0.0,0.0,0.0,0.0,0.0,0.0,0.0,0.0,0.0,0.0,0.0,0.0,0.0,0.0,0.0,1.0,0.0,0.0,0.0,0.0,0.0,0.0,0.0,0.0,5700 office expense
purchase wave startuptive virtual office space toronto initial deposit 1 month 79+hst promo 30 discount $ 89.27 3 month initial charge $ 144.64 79 + 49+hst ontario,0.0,0.0,0.0,0.0,0.0,0.0,0.0,0.0,0.0,0.0,0.0,0.0,0.0,0.0,0.0,0.0,0.0,0.0,1.0,0.0,0.0,0.0,0.0,0.0,0.0,0.0,0.0,5700 office expense
purchase wave startuptive virtual office space toronto initial deposit 1 month 79+hst promo 30 discount $ 89.27 3 month initial charge $ 144.64 79 + 49+hst ontario,0.0,0.0,0.0,0.0,0.0,0.0,0.0,0.0,0.0,0.0,0.0,0.0,0.0,0.0,0.0,0.0,0.0,0.0,1.0,0.0,0.0,0.0,0.0,0.0,0.0,0.0,0.0,5700 office expense
purchase turkey party maker,0.0,0.0,0.0,0.0,0.0,0.0,0.0,0.0,0.0,0.0,0.0,0.0,0.0,0.0,0.0,0.0,0.0,0.0,1.0,0.0,0.0,0.0,0.0,0.0,0.0,0.0,0.0,5700 office expense
purchase yg ppsr lien search acol passtime gps renewal spring auto financial product manage cypress hill use passtime platform reduce risk prevent loss vehicle cypress portfolio 6/20/2022 update card limit $ 1000 need match renewal requirement,0.17817649085351708,0.16853114399798705,0.30274674679090013,0.17880710564735308,0.17880710564735308,0.17880710564735308,0.17880710564735308,0.17499458813117655,0.17855410775144362,0.17868048070434694,0.17880710564735308,0.17880710564735308,0.17868048070434694,0.30274674679090013,0.17571484977948262,0.17880710564735308,0.17880710564735308,0.17880710564735308,0.06730580827515545,0.2973068880112139,0.1654790748445233,0.17880710564735308,0.17880710564735308,0.17880710564735308,0.17718035453921316,0.17880710564735308,0.17880710564735308,5700 office expense
purchase yg ppsr lien search acol passtime gps renewal spring auto financial product manage cypress hill use passtime platform reduce risk prevent loss vehicle cypress portfolio 6/20/2022 update card limit $ 1000 need match renewal requirement,0.17817649085351708,0.16853114399798705,0.30274674679090013,0.17880710564735308,0.17880710564735308,0.17880710564735308,0.17880710564735308,0.17499458813117655,0.17855410775144362,0.17868048070434694,0.17880710564735308,0.17880710564735308,0.17868048070434694,0.30274674679090013,0.17571484977948262,0.17880710564735308,0.17880710564735308,0.17880710564735308,0.06730580827515545,0.2973068880112139,0.1654790748445233,0.17880710564735308,0.17880710564735308,0.17880710564735308,0.17718035453921316,0.17880710564735308,0.17880710564735308,5700 office expense
purchase yg ppsr lien search acol passtime gps renewal spring auto financial product manage cypress hill use passtime platform reduce risk prevent loss vehicle cypress portfolio 6/20/2022 update card limit $ 1000 need match renewal requirement,0.17817649085351708,0.16853114399798705,0.30274674679090013,0.17880710564735308,0.17880710564735308,0.17880710564735308,0.17880710564735308,0.17499458813117655,0.17855410775144362,0.17868048070434694,0.17880710564735308,0.17880710564735308,0.17868048070434694,0.30274674679090013,0.17571484977948262,0.17880710564735308,0.17880710564735308,0.17880710564735308,0.06730580827515545,0.2973068880112139,0.1654790748445233,0.17880710564735308,0.17880710564735308,0.17880710564735308,0.17718035453921316,0.17880710564735308,0.17880710564735308,5700 office expense
purchase zepto marketplace private cold drink employee engagement activity,0.0,0.0,0.0,0.0,0.0,0.0,0.0,0.0,0.0,0.0,0.0,0.0,0.0,0.0,0.0,0.0,0.0,0.0,1.0,0.0,0.0,0.0,0.0,0.0,0.0,0.0,0.0,5700 office expense
refund u haul move&storage,0.0,0.0,0.0,0.0,0.0,0.0,0.0,0.0,0.0,0.0,0.0,0.0,0.0,0.0,0.0,0.0,0.0,0.0,0.0,0.0,0.0,0.0,0.0,0.0,0.0,0.0,0.0,5700 office expense
purchase urban fare 7615 birthday cake,0.0,0.0,0.0,0.0,0.0,0.0,0.0,0.0,0.0,0.0,0.0,0.0,0.0,0.0,0.0,0.0,0.0,0.0,1.0,0.0,0.0,0.0,0.0,0.0,0.0,0.0,0.0,5700 office expense
purchase urban fare 7615 emily gardner birthday cake,0.0,0.0,0.0,0.0,0.0,0.0,0.0,0.0,0.0,0.0,0.0,0.0,0.0,0.0,0.0,0.0,0.0,0.0,1.0,0.0,0.0,0.0,0.0,0.0,0.0,0.0,0.0,5700 office expense
purchase urban fare 7615,0.0,0.0,0.0,0.0,0.0,0.0,0.0,0.0,0.0,0.0,0.0,0.0,0.0,0.0,0.0,0.0,0.0,0.0,1.0,0.0,0.0,0.0,0.0,0.0,0.0,0.0,0.0,5700 office expense
purchase urban fare 7615,0.0,0.0,0.0,0.0,0.0,0.0,0.0,0.0,0.0,0.0,0.0,0.0,0.0,0.0,0.0,0.0,0.0,0.0,1.0,0.0,0.0,0.0,0.0,0.0,0.0,0.0,0.0,5700 office expense
purchase urban fare 7615,0.0,0.0,0.0,0.0,0.0,0.0,0.0,0.0,0.0,0.0,0.0,0.0,0.0,0.0,0.0,0.0,0.0,0.0,1.0,0.0,0.0,0.0,0.0,0.0,0.0,0.0,0.0,5700 office expense
purchase urban fare 7615,0.0,0.0,0.0,0.0,0.0,0.0,0.0,0.0,0.0,0.0,0.0,0.0,0.0,0.0,0.0,0.0,0.0,0.0,1.0,0.0,0.0,0.0,0.0,0.0,0.0,0.0,0.0,5700 office expense
purchase urban fare 7615,0.0,0.0,0.0,0.0,0.0,0.0,0.0,0.0,0.0,0.0,0.0,0.0,0.0,0.0,0.0,0.0,0.0,0.0,1.0,0.0,0.0,0.0,0.0,0.0,0.0,0.0,0.0,5700 office expense
purchase urban fare 7615,0.0,0.0,0.0,0.0,0.0,0.0,0.0,0.0,0.0,0.0,0.0,0.0,0.0,0.0,0.0,0.0,0.0,0.0,1.0,0.0,0.0,0.0,0.0,0.0,0.0,0.0,0.0,5700 office expense
purchase urban fare 7615,0.0,0.0,0.0,0.0,0.0,0.0,0.0,0.0,0.0,0.0,0.0,0.0,0.0,0.0,0.0,0.0,0.0,0.0,1.0,0.0,0.0,0.0,0.0,0.0,0.0,0.0,0.0,5700 office expense
purchase urban fare 7615,0.0,0.0,0.0,0.0,0.0,0.0,0.0,0.0,0.0,0.0,0.0,0.0,0.0,0.0,0.0,0.0,0.0,0.0,1.0,0.0,0.0,0.0,0.0,0.0,0.0,0.0,0.0,5700 office expense
purchase urban fare 7615,0.0,0.0,0.0,0.0,0.0,0.0,0.0,0.0,0.0,0.0,0.0,0.0,0.0,0.0,0.0,0.0,0.0,0.0,1.0,0.0,0.0,0.0,0.0,0.0,0.0,0.0,0.0,5700 office expense
purchase urban fare 7615,0.0,0.0,0.0,0.0,0.0,0.0,0.0,0.0,0.0,0.0,0.0,0.0,0.0,0.0,0.0,0.0,0.0,0.0,1.0,0.0,0.0,0.0,0.0,0.0,0.0,0.0,0.0,5700 office expense
purchase urban fare 7615,0.0,0.0,0.0,0.0,0.0,0.0,0.0,0.0,0.0,0.0,0.0,0.0,0.0,0.0,0.0,0.0,0.0,0.0,1.0,0.0,0.0,0.0,0.0,0.0,0.0,0.0,0.0,5700 office expense
purchase urban fare 7618,0.0,0.0,0.0,0.0,0.0,0.0,0.0,0.0,0.0,0.0,0.0,0.0,0.0,0.0,0.0,0.0,0.0,0.0,1.0,0.0,0.0,0.0,0.0,0.0,0.0,0.0,0.0,5700 office expense
purchase urban fare 7618,0.0,0.0,0.0,0.0,0.0,0.0,0.0,0.0,0.0,0.0,0.0,0.0,0.0,0.0,0.0,0.0,0.0,0.0,1.0,0.0,0.0,0.0,0.0,0.0,0.0,0.0,0.0,5700 office expense
purchase urban fare 7618,0.0,0.0,0.0,0.0,0.0,0.0,0.0,0.0,0.0,0.0,0.0,0.0,0.0,0.0,0.0,0.0,0.0,0.0,1.0,0.0,0.0,0.0,0.0,0.0,0.0,0.0,0.0,5700 office expense
purchase urban fare 7618,0.0,0.0,0.0,0.0,0.0,0.0,0.0,0.0,0.0,0.0,0.0,0.0,0.0,0.0,0.0,0.0,0.0,0.0,1.0,0.0,0.0,0.0,0.0,0.0,0.0,0.0,0.0,5700 office expense
purchase urban fare 7618,0.0,0.0,0.0,0.0,0.0,0.0,0.0,0.0,0.0,0.0,0.0,0.0,0.0,0.0,0.0,0.0,0.0,0.0,1.0,0.0,0.0,0.0,0.0,0.0,0.0,0.0,0.0,5700 office expense
purchase urban fare 7618,0.0,0.0,0.0,0.0,0.0,0.0,0.0,0.0,0.0,0.0,0.0,0.0,0.0,0.0,0.0,0.0,0.0,0.0,1.0,0.0,0.0,0.0,0.0,0.0,0.0,0.0,0.0,5700 office expense
purchase urban fare 7618,0.0,0.0,0.0,0.0,0.0,0.0,0.0,0.0,0.0,0.0,0.0,0.0,0.0,0.0,0.0,0.0,0.0,0.0,1.0,0.0,0.0,0.0,0.0,0.0,0.0,0.0,0.0,5700 office expense
purchase urban fare 7618,0.0,0.0,0.0,0.0,0.0,0.0,0.0,0.0,0.0,0.0,0.0,0.0,0.0,0.0,0.0,0.0,0.0,0.0,1.0,0.0,0.0,0.0,0.0,0.0,0.0,0.0,0.0,5700 office expense
purchase urban fare 7618,0.0,0.0,0.0,0.0,0.0,0.0,0.0,0.0,0.0,0.0,0.0,0.0,0.0,0.0,0.0,0.0,0.0,0.0,1.0,0.0,0.0,0.0,0.0,0.0,0.0,0.0,0.0,5700 office expense
purchase urban fare 7618,0.0,0.0,0.0,0.0,0.0,0.0,0.0,0.0,0.0,0.0,0.0,0.0,0.0,0.0,0.0,0.0,0.0,0.0,1.0,0.0,0.0,0.0,0.0,0.0,0.0,0.0,0.0,5700 office expense
purchase urban fare 7618,0.0,0.0,0.0,0.0,0.0,0.0,0.0,0.0,0.0,0.0,0.0,0.0,0.0,0.0,0.0,0.0,0.0,0.0,1.0,0.0,0.0,0.0,0.0,0.0,0.0,0.0,0.0,5700 office expense
purchase urban fare 7618,0.0,0.0,0.0,0.0,0.0,0.0,0.0,0.0,0.0,0.0,0.0,0.0,0.0,0.0,0.0,0.0,0.0,0.0,1.0,0.0,0.0,0.0,0.0,0.0,0.0,0.0,0.0,5700 office expense
purchase urban fare 7618,0.0,0.0,0.0,0.0,0.0,0.0,0.0,0.0,0.0,0.0,0.0,0.0,0.0,0.0,0.0,0.0,0.0,0.0,1.0,0.0,0.0,0.0,0.0,0.0,0.0,0.0,0.0,5700 office expense
purchase urban fare 7618,0.0,0.0,0.0,0.0,0.0,0.0,0.0,0.0,0.0,0.0,0.0,0.0,0.0,0.0,0.0,0.0,0.0,0.0,1.0,0.0,0.0,0.0,0.0,0.0,0.0,0.0,0.0,5700 office expense
purchase urban fare 7618,0.0,0.0,0.0,0.0,0.0,0.0,0.0,0.0,0.0,0.0,0.0,0.0,0.0,0.0,0.0,0.0,0.0,0.0,1.0,0.0,0.0,0.0,0.0,0.0,0.0,0.0,0.0,5700 office expense
purchase urban fare 7618,0.0,0.0,0.0,0.0,0.0,0.0,0.0,0.0,0.0,0.0,0.0,0.0,0.0,0.0,0.0,0.0,0.0,0.0,1.0,0.0,0.0,0.0,0.0,0.0,0.0,0.0,0.0,5700 office expense
purchase urban fare 7618,0.0,0.0,0.0,0.0,0.0,0.0,0.0,0.0,0.0,0.0,0.0,0.0,0.0,0.0,0.0,0.0,0.0,0.0,1.0,0.0,0.0,0.0,0.0,0.0,0.0,0.0,0.0,5700 office expense
purchase urban fare 7618,0.0,0.0,0.0,0.0,0.0,0.0,0.0,0.0,0.0,0.0,0.0,0.0,0.0,0.0,0.0,0.0,0.0,0.0,1.0,0.0,0.0,0.0,0.0,0.0,0.0,0.0,0.0,5700 office expense
purchase urban fare 7618,0.0,0.0,0.0,0.0,0.0,0.0,0.0,0.0,0.0,0.0,0.0,0.0,0.0,0.0,0.0,0.0,0.0,0.0,1.0,0.0,0.0,0.0,0.0,0.0,0.0,0.0,0.0,5700 office expense
purchase urban fare 7618,0.0,0.0,0.0,0.0,0.0,0.0,0.0,0.0,0.0,0.0,0.0,0.0,0.0,0.0,0.0,0.0,0.0,0.0,1.0,0.0,0.0,0.0,0.0,0.0,0.0,0.0,0.0,5700 office expense
purchase urban fare 7618,0.0,0.0,0.0,0.0,0.0,0.0,0.0,0.0,0.0,0.0,0.0,0.0,0.0,0.0,0.0,0.0,0.0,0.0,1.0,0.0,0.0,0.0,0.0,0.0,0.0,0.0,0.0,5700 office expense
purchase urban fare 7618,0.0,0.0,0.0,0.0,0.0,0.0,0.0,0.0,0.0,0.0,0.0,0.0,0.0,0.0,0.0,0.0,0.0,0.0,1.0,0.0,0.0,0.0,0.0,0.0,0.0,0.0,0.0,5700 office expense
purchase urban fare 7618,0.0,0.0,0.0,0.0,0.0,0.0,0.0,0.0,0.0,0.0,0.0,0.0,0.0,0.0,0.0,0.0,0.0,0.0,1.0,0.0,0.0,0.0,0.0,0.0,0.0,0.0,0.0,5700 office expense
purchase vancouver partywork,0.0,0.0,0.0,0.0,0.0,0.0,0.0,0.0,0.0,0.0,0.0,0.0,0.0,0.0,0.0,0.0,0.0,0.0,1.0,0.0,0.0,0.0,0.0,0.0,0.0,0.0,0.0,5700 office expense
purchase vancouver partywork,0.0,0.0,0.0,0.0,0.0,0.0,0.0,0.0,0.0,0.0,0.0,0.0,0.0,0.0,0.0,0.0,0.0,0.0,1.0,0.0,0.0,0.0,0.0,0.0,0.0,0.0,0.0,5700 office expense
purchase vancouver pb recreatio,0.0,0.0,0.0,0.0,0.0,0.0,0.0,0.0,0.0,0.0,0.0,0.0,0.0,0.0,0.0,0.0,0.0,0.0,1.0,0.0,0.0,0.0,0.0,0.0,0.0,0.0,0.0,5700 office expense
purchase vancouver rise,0.0,0.0,0.0,0.0,0.0,0.0,0.0,0.0,0.0,0.0,0.0,0.0,0.0,0.0,0.0,0.0,0.0,0.0,1.0,0.0,0.0,0.0,0.0,0.0,0.0,0.0,0.0,5700 office expense
purchase vistaprint canada corp,0.0,0.0,0.0,0.0,0.0,0.0,0.0,0.0,0.0,0.0,0.0,0.0,0.0,0.0,0.0,0.0,0.0,0.0,1.0,0.0,0.0,0.0,0.0,0.0,0.0,0.0,0.0,5700 office expense
purchase vt canteenvan-58073 bc,0.0,0.0,0.0,0.0,0.0,0.0,0.0,0.0,0.0,0.0,0.0,0.0,0.0,0.0,0.0,0.0,0.0,0.0,1.0,0.0,0.0,0.0,0.0,0.0,0.0,0.0,0.0,5700 office expense
purchase vt canteenvan-58073 bc food beverage event prize award etc,0.0,0.0,0.0,0.0,0.0,0.0,0.0,0.0,0.0,0.0,0.0,0.0,0.0,0.0,0.0,0.0,0.0,0.0,1.0,0.0,0.0,0.0,0.0,0.0,0.0,0.0,0.0,5700 office expense
purchase vt canteenvan-58073 bc food beverage event prize award etc,0.0,0.0,0.0,0.0,0.0,0.0,0.0,0.0,0.0,0.0,0.0,0.0,0.0,0.0,0.0,0.0,0.0,0.0,1.0,0.0,0.0,0.0,0.0,0.0,0.0,0.0,0.0,5700 office expense
purchase vt canteenvan-58073 bc,0.0,0.0,0.0,0.0,0.0,0.0,0.0,0.0,0.0,0.0,0.0,0.0,0.0,0.0,0.0,0.0,0.0,0.0,1.0,0.0,0.0,0.0,0.0,0.0,0.0,0.0,0.0,5700 office expense
purchase vt canteenvan-58073 br,0.0,0.0,0.0,0.0,0.0,0.0,0.0,0.0,0.0,0.0,0.0,0.0,0.0,0.0,0.0,0.0,0.0,0.0,1.0,0.0,0.0,0.0,0.0,0.0,0.0,0.0,0.0,5700 office expense
purchase walmart giftcard,0.0,0.0,0.0,0.0,0.0,0.0,0.0,0.0,0.0,0.0,0.0,0.0,0.0,0.0,0.0,0.0,0.0,0.0,1.0,0.0,0.0,0.0,0.0,0.0,0.0,0.0,0.0,5700 office expense
purchase wal mart supercenter#1104,0.0,0.0,0.0,0.0,0.0,0.0,0.0,0.0,0.0,0.0,0.0,0.0,0.0,0.0,0.0,0.0,0.0,0.0,1.0,0.0,0.0,0.0,0.0,0.0,0.0,0.0,0.0,5700 office expense
purchase wal mart supercenter#1104,0.0,0.0,0.0,0.0,0.0,0.0,0.0,0.0,0.0,0.0,0.0,0.0,0.0,0.0,0.0,0.0,0.0,0.0,1.0,0.0,0.0,0.0,0.0,0.0,0.0,0.0,0.0,5700 office expense
purchase wal mart supercenter#1213,0.0,0.0,0.0,0.0,0.0,0.0,0.0,0.0,0.0,0.0,0.0,0.0,0.0,0.0,0.0,0.0,0.0,0.0,1.0,0.0,0.0,0.0,0.0,0.0,0.0,0.0,0.0,5700 office expense
purchase walmart.ca,0.0,0.0,0.0,0.0,0.0,0.0,0.0,0.0,0.0,0.0,0.0,0.0,0.0,0.0,0.0,0.0,0.0,0.0,1.0,0.0,0.0,0.0,0.0,0.0,0.0,0.0,0.0,5700 office expense
refund walmart.ca,0.0,0.0,0.0,0.0,0.0,0.0,0.0,0.0,0.0,0.0,0.0,0.0,0.0,0.0,0.0,0.0,0.0,0.0,0.0,0.0,0.0,0.0,0.0,0.0,0.0,0.0,0.0,5700 office expense
refund walmart.ca,0.0,0.0,0.0,0.0,0.0,0.0,0.0,0.0,0.0,0.0,0.0,0.0,0.0,0.0,0.0,0.0,0.0,0.0,0.0,0.0,0.0,0.0,0.0,0.0,0.0,0.0,0.0,5700 office expense
purchase walmart.ca,0.0,0.0,0.0,0.0,0.0,0.0,0.0,0.0,0.0,0.0,0.0,0.0,0.0,0.0,0.0,0.0,0.0,0.0,1.0,0.0,0.0,0.0,0.0,0.0,0.0,0.0,0.0,5700 office expense
purchase wave startuptive virtual office space toronto initial deposit 1 month 79+hst promo 30 discount $ 89.27 3 month initial charge $ 144.64 79 + 49+hst ontario,0.0,0.0,0.0,0.0,0.0,0.0,0.0,0.0,0.0,0.0,0.0,0.0,0.0,0.0,0.0,0.0,0.0,0.0,1.0,0.0,0.0,0.0,0.0,0.0,0.0,0.0,0.0,5700 office expense
purchase wave startuptive virtual office space toronto initial deposit 1 month 79+hst promo 30 discount $ 89.27 3 month initial charge $ 144.64 79 + 49+hst ontario,0.0,0.0,0.0,0.0,0.0,0.0,0.0,0.0,0.0,0.0,0.0,0.0,0.0,0.0,0.0,0.0,0.0,0.0,1.0,0.0,0.0,0.0,0.0,0.0,0.0,0.0,0.0,5700 office expense
purchase wave startuptive virtual office space toronto initial deposit 1 month 79+hst promo 30 discount $ 89.27 3 month initial charge $ 144.64 79 + 49+hst ontario,0.0,0.0,0.0,0.0,0.0,0.0,0.0,0.0,0.0,0.0,0.0,0.0,0.0,0.0,0.0,0.0,0.0,0.0,1.0,0.0,0.0,0.0,0.0,0.0,0.0,0.0,0.0,5700 office expense
purchase wave startuptive virtual office space toronto initial deposit 1 month 79+hst promo 30 discount $ 89.27 3 month initial charge $ 144.64 79 + 49+hst ontario,0.0,0.0,0.0,0.0,0.0,0.0,0.0,0.0,0.0,0.0,0.0,0.0,0.0,0.0,0.0,0.0,0.0,0.0,1.0,0.0,0.0,0.0,0.0,0.0,0.0,0.0,0.0,5700 office expense
purchase wave startuptive virtual office space toronto initial deposit 1 month 79+hst promo 30 discount $ 89.27 3 month initial charge $ 144.64 79 + 49+hst ontario,0.0,0.0,0.0,0.0,0.0,0.0,0.0,0.0,0.0,0.0,0.0,0.0,0.0,0.0,0.0,0.0,0.0,0.0,1.0,0.0,0.0,0.0,0.0,0.0,0.0,0.0,0.0,5700 office expense
purchase wave startuptive virtual office space toronto initial deposit 1 month 79+hst promo 30 discount $ 89.27 3 month initial charge $ 144.64 79 + 49+hst ontario,0.0,0.0,0.0,0.0,0.0,0.0,0.0,0.0,0.0,0.0,0.0,0.0,0.0,0.0,0.0,0.0,0.0,0.0,1.0,0.0,0.0,0.0,0.0,0.0,0.0,0.0,0.0,5700 office expense
purchase wave startuptive virtual office space toronto initial deposit 1 month 79+hst promo 30 discount $ 89.27 3 month initial charge $ 144.64 79 + 49+hst ontario,0.0,0.0,0.0,0.0,0.0,0.0,0.0,0.0,0.0,0.0,0.0,0.0,0.0,0.0,0.0,0.0,0.0,0.0,1.0,0.0,0.0,0.0,0.0,0.0,0.0,0.0,0.0,5700 office expense
purchase wave startuptive virtual office space toronto initial deposit 1 month 79+hst promo 30 discount $ 89.27 3 month initial charge $ 144.64 79 + 49+hst ontario,0.0,0.0,0.0,0.0,0.0,0.0,0.0,0.0,0.0,0.0,0.0,0.0,0.0,0.0,0.0,0.0,0.0,0.0,1.0,0.0,0.0,0.0,0.0,0.0,0.0,0.0,0.0,5700 office expense
purchase wave startuptive virtual office space toronto initial deposit 1 month 79+hst promo 30 discount $ 89.27 3 month initial charge $ 144.64 79 + 49+hst ontario,0.0,0.0,0.0,0.0,0.0,0.0,0.0,0.0,0.0,0.0,0.0,0.0,0.0,0.0,0.0,0.0,0.0,0.0,1.0,0.0,0.0,0.0,0.0,0.0,0.0,0.0,0.0,5700 office expense
purchase wave startuptive virtual office space toronto initial deposit 1 month 79+hst promo 30 discount $ 89.27 3 month initial charge $ 144.64 79 + 49+hst ontario,0.0,0.0,0.0,0.0,0.0,0.0,0.0,0.0,0.0,0.0,0.0,0.0,0.0,0.0,0.0,0.0,0.0,0.0,1.0,0.0,0.0,0.0,0.0,0.0,0.0,0.0,0.0,5700 office expense
purchase weiss office,0.0,0.0,0.0,0.0,0.0,0.0,0.0,0.0,0.0,0.0,0.0,0.0,0.0,0.0,0.0,0.0,0.0,0.0,1.0,0.0,0.0,0.0,0.0,0.0,0.0,0.0,0.0,5700 office expense
purchase www awfis com gift voucher work anniversary star month employee,0.0,0.0,0.0,0.0,0.0,0.0,0.0,0.0,0.0,0.0,0.0,0.0,0.0,0.0,0.0,0.0,0.0,0.0,1.0,0.0,0.0,0.0,0.0,0.0,0.0,0.0,0.0,5700 office expense
purchase www awfis com diwali outing payment,0.0,0.0,0.0,0.0,0.0,0.0,0.0,0.0,0.0,0.0,0.0,0.0,0.0,0.0,0.0,0.0,0.0,0.0,1.0,0.0,0.0,0.0,0.0,0.0,0.0,0.0,0.0,5700 office expense
purchase www awfis com diwali party advance,0.0,0.0,0.0,0.0,0.0,0.0,0.0,0.0,0.0,0.0,0.0,0.0,0.0,0.0,0.0,0.0,0.0,0.0,1.0,0.0,0.0,0.0,0.0,0.0,0.0,0.0,0.0,5700 office expense
purchase www awfis com,0.0,0.0,0.0,0.0,0.0,0.0,0.0,0.0,0.0,0.0,0.0,0.0,0.0,0.0,0.0,0.0,0.0,0.0,1.0,0.0,0.0,0.0,0.0,0.0,0.0,0.0,0.0,5700 office expense
purchase www.canadiantire.ca,0.0,0.0,0.0,0.0,0.0,0.0,0.0,0.0,0.0,0.0,0.0,0.0,0.0,0.0,0.0,0.0,0.0,0.0,1.0,0.0,0.0,0.0,0.0,0.0,0.0,0.0,0.0,5700 office expense
purchase www.canadiantire.ca,0.0,0.0,0.0,0.0,0.0,0.0,0.0,0.0,0.0,0.0,0.0,0.0,0.0,0.0,0.0,0.0,0.0,0.0,1.0,0.0,0.0,0.0,0.0,0.0,0.0,0.0,0.0,5700 office expense
purchase yeti 1 833 225 9384,0.0,0.0,0.0,0.0,0.0,0.0,0.0,0.0,0.0,0.0,0.0,0.0,0.0,0.0,0.0,0.0,0.0,0.0,1.0,0.0,0.0,0.0,0.0,0.0,0.0,0.0,0.0,5700 office expense
purchase yeti 1 833 225 9384,0.0,0.0,0.0,0.0,0.0,0.0,0.0,0.0,0.0,0.0,0.0,0.0,0.0,0.0,0.0,0.0,0.0,0.0,1.0,0.0,0.0,0.0,0.0,0.0,0.0,0.0,0.0,5700 office expense
purchase zara.com food beverage event prize award etc,0.0,0.0,0.0,0.0,0.0,0.0,0.0,0.0,0.0,0.0,0.0,0.0,0.0,0.0,0.0,0.0,0.0,0.0,1.0,0.0,0.0,0.0,0.0,0.0,0.0,0.0,0.0,5700 office expense
purchase zepto marketplace private stationary office,0.0,0.0,0.0,0.0,0.0,0.0,0.0,0.0,0.0,0.0,0.0,0.0,0.0,0.0,0.0,0.0,0.0,0.0,1.0,0.0,0.0,0.0,0.0,0.0,0.0,0.0,0.0,5700 office expense
purchase ahrefs.com,0.0,0.0,0.0,0.0,0.0,0.0,0.0,0.0,0.0,0.0,0.0,0.0,0.0,0.0,0.0,0.0,0.0,0.0,1.0,0.0,0.0,0.0,0.0,0.0,0.0,0.0,0.0,5773 software license
purchase amazon pay india private android qa testing -mihir,0.0,0.0,0.0,0.0,0.0,0.0,0.0,0.0,0.0,0.0,0.0,0.0,0.0,0.0,0.0,0.0,0.0,0.0,1.0,0.0,0.0,0.0,0.0,0.0,0.0,0.0,0.0,5773 software license
purchase amazon pay india private android mobile buy qa testing preksha shukla,0.0,0.0,0.0,0.0,0.0,0.0,0.0,0.0,0.0,0.0,0.0,0.0,0.0,0.0,0.0,0.0,0.0,0.0,1.0,0.0,0.0,0.0,0.0,0.0,0.0,0.0,0.0,5773 software license
purchase amazon pay india private samsung android sapana mali qa testing,0.0,0.0,0.0,0.0,0.0,0.0,0.0,0.0,0.0,0.0,0.0,0.0,0.0,0.0,0.0,0.0,0.0,0.0,1.0,0.0,0.0,0.0,0.0,0.0,0.0,0.0,0.0,5773 software license
purchase amazon web service spring vendor card amazon web service ii google cloud platform,0.0,0.5580873175549594,0.0,0.0,0.0,0.0,0.0,0.0,0.0,0.0,0.0,0.0,0.0,0.0,0.5818760072570053,0.0,0.0,0.0,0.22288176004192167,0.0,0.5479804551291685,0.0,0.0,0.0,0.0,0.0,0.0,5773 software license
purchase amazon web service spring vendor card amazon web service ii google cloud platform,0.0,0.5580873175549594,0.0,0.0,0.0,0.0,0.0,0.0,0.0,0.0,0.0,0.0,0.0,0.0,0.5818760072570053,0.0,0.0,0.0,0.22288176004192167,0.0,0.5479804551291685,0.0,0.0,0.0,0.0,0.0,0.0,5773 software license
purchase amazon web service spring vendor card amazon web service ii google cloud platform,0.0,0.5580873175549594,0.0,0.0,0.0,0.0,0.0,0.0,0.0,0.0,0.0,0.0,0.0,0.0,0.5818760072570053,0.0,0.0,0.0,0.22288176004192167,0.0,0.5479804551291685,0.0,0.0,0.0,0.0,0.0,0.0,5773 software license
purchase amazon web service spring vendor card amazon web service ii google cloud platform,0.0,0.5580873175549594,0.0,0.0,0.0,0.0,0.0,0.0,0.0,0.0,0.0,0.0,0.0,0.0,0.5818760072570053,0.0,0.0,0.0,0.22288176004192167,0.0,0.5479804551291685,0.0,0.0,0.0,0.0,0.0,0.0,5773 software license
purchase amazon web service spring vendor card amazon web service ii google cloud platform,0.0,0.5580873175549594,0.0,0.0,0.0,0.0,0.0,0.0,0.0,0.0,0.0,0.0,0.0,0.0,0.5818760072570053,0.0,0.0,0.0,0.22288176004192167,0.0,0.5479804551291685,0.0,0.0,0.0,0.0,0.0,0.0,5773 software license
purchase amazon web service spring vendor card amazon web service ii google cloud platform,0.0,0.5580873175549594,0.0,0.0,0.0,0.0,0.0,0.0,0.0,0.0,0.0,0.0,0.0,0.0,0.5818760072570053,0.0,0.0,0.0,0.22288176004192167,0.0,0.5479804551291685,0.0,0.0,0.0,0.0,0.0,0.0,5773 software license
purchase amazon web service spring vendor card amazon web service ii google cloud platform,0.0,0.5580873175549594,0.0,0.0,0.0,0.0,0.0,0.0,0.0,0.0,0.0,0.0,0.0,0.0,0.5818760072570053,0.0,0.0,0.0,0.22288176004192167,0.0,0.5479804551291685,0.0,0.0,0.0,0.0,0.0,0.0,5773 software license
purchase amazon web service spring vendor card amazon web service ii google cloud platform,0.0,0.5580873175549594,0.0,0.0,0.0,0.0,0.0,0.0,0.0,0.0,0.0,0.0,0.0,0.0,0.5818760072570053,0.0,0.0,0.0,0.22288176004192167,0.0,0.5479804551291685,0.0,0.0,0.0,0.0,0.0,0.0,5773 software license
purchase amazon web service spring vendor card amazon web service ii google cloud platform,0.0,0.5580873175549594,0.0,0.0,0.0,0.0,0.0,0.0,0.0,0.0,0.0,0.0,0.0,0.0,0.5818760072570053,0.0,0.0,0.0,0.22288176004192167,0.0,0.5479804551291685,0.0,0.0,0.0,0.0,0.0,0.0,5773 software license
purchase amazon web service spring vendor card amazon web service ii google cloud platform,0.0,0.5580873175549594,0.0,0.0,0.0,0.0,0.0,0.0,0.0,0.0,0.0,0.0,0.0,0.0,0.5818760072570053,0.0,0.0,0.0,0.22288176004192167,0.0,0.5479804551291685,0.0,0.0,0.0,0.0,0.0,0.0,5773 software license
purchase amazon web service spring vendor card amazon web service ii google cloud platform,0.0,0.5580873175549594,0.0,0.0,0.0,0.0,0.0,0.0,0.0,0.0,0.0,0.0,0.0,0.0,0.5818760072570053,0.0,0.0,0.0,0.22288176004192167,0.0,0.5479804551291685,0.0,0.0,0.0,0.0,0.0,0.0,5773 software license
purchase amazon web service spring vendor card amazon web service ii google cloud platform,0.0,0.5580873175549594,0.0,0.0,0.0,0.0,0.0,0.0,0.0,0.0,0.0,0.0,0.0,0.0,0.5818760072570053,0.0,0.0,0.0,0.22288176004192167,0.0,0.5479804551291685,0.0,0.0,0.0,0.0,0.0,0.0,5773 software license
purchase amazon web service spring vendor card amazon web service ii google cloud platform,0.0,0.5580873175549594,0.0,0.0,0.0,0.0,0.0,0.0,0.0,0.0,0.0,0.0,0.0,0.0,0.5818760072570053,0.0,0.0,0.0,0.22288176004192167,0.0,0.5479804551291685,0.0,0.0,0.0,0.0,0.0,0.0,5773 software license
purchase amazon web service spring vendor card amazon web service ii google cloud platform,0.0,0.5580873175549594,0.0,0.0,0.0,0.0,0.0,0.0,0.0,0.0,0.0,0.0,0.0,0.0,0.5818760072570053,0.0,0.0,0.0,0.22288176004192167,0.0,0.5479804551291685,0.0,0.0,0.0,0.0,0.0,0.0,5773 software license
purchase amazon web service spring vendor card amazon web service ii google cloud platform,0.0,0.5580873175549594,0.0,0.0,0.0,0.0,0.0,0.0,0.0,0.0,0.0,0.0,0.0,0.0,0.5818760072570053,0.0,0.0,0.0,0.22288176004192167,0.0,0.5479804551291685,0.0,0.0,0.0,0.0,0.0,0.0,5773 software license
purchase amazon web service spring vendor card amazon web service ii google cloud platform,0.0,0.5580873175549594,0.0,0.0,0.0,0.0,0.0,0.0,0.0,0.0,0.0,0.0,0.0,0.0,0.5818760072570053,0.0,0.0,0.0,0.22288176004192167,0.0,0.5479804551291685,0.0,0.0,0.0,0.0,0.0,0.0,5773 software license
purchase amazon web service spring vendor card amazon web service ii google cloud platform,0.0,0.5580873175549594,0.0,0.0,0.0,0.0,0.0,0.0,0.0,0.0,0.0,0.0,0.0,0.0,0.5818760072570053,0.0,0.0,0.0,0.22288176004192167,0.0,0.5479804551291685,0.0,0.0,0.0,0.0,0.0,0.0,5773 software license
purchase amazon web service spring vendor card amazon web service ii google cloud platform,0.0,0.5580873175549594,0.0,0.0,0.0,0.0,0.0,0.0,0.0,0.0,0.0,0.0,0.0,0.0,0.5818760072570053,0.0,0.0,0.0,0.22288176004192167,0.0,0.5479804551291685,0.0,0.0,0.0,0.0,0.0,0.0,5773 software license
purchase amazon web service spring vendor card amazon web service ii google cloud platform,0.0,0.5580873175549594,0.0,0.0,0.0,0.0,0.0,0.0,0.0,0.0,0.0,0.0,0.0,0.0,0.5818760072570053,0.0,0.0,0.0,0.22288176004192167,0.0,0.5479804551291685,0.0,0.0,0.0,0.0,0.0,0.0,5773 software license
purchase amazon web service spring vendor card amazon web service ii google cloud platform,0.0,0.5580873175549594,0.0,0.0,0.0,0.0,0.0,0.0,0.0,0.0,0.0,0.0,0.0,0.0,0.5818760072570053,0.0,0.0,0.0,0.22288176004192167,0.0,0.5479804551291685,0.0,0.0,0.0,0.0,0.0,0.0,5773 software license
purchase amazon web service spring vendor card amazon web service ii google cloud platform,0.0,0.5580873175549594,0.0,0.0,0.0,0.0,0.0,0.0,0.0,0.0,0.0,0.0,0.0,0.0,0.5818760072570053,0.0,0.0,0.0,0.22288176004192167,0.0,0.5479804551291685,0.0,0.0,0.0,0.0,0.0,0.0,5773 software license
purchase amazon web service spring vendor card amazon web service ii google cloud platform,0.0,0.5580873175549594,0.0,0.0,0.0,0.0,0.0,0.0,0.0,0.0,0.0,0.0,0.0,0.0,0.5818760072570053,0.0,0.0,0.0,0.22288176004192167,0.0,0.5479804551291685,0.0,0.0,0.0,0.0,0.0,0.0,5773 software license
purchase amazon web service spring vendor card amazon web service ii google cloud platform,0.0,0.5580873175549594,0.0,0.0,0.0,0.0,0.0,0.0,0.0,0.0,0.0,0.0,0.0,0.0,0.5818760072570053,0.0,0.0,0.0,0.22288176004192167,0.0,0.5479804551291685,0.0,0.0,0.0,0.0,0.0,0.0,5773 software license
purchase amazon web service spring vendor card amazon web service ii google cloud platform,0.0,0.5580873175549594,0.0,0.0,0.0,0.0,0.0,0.0,0.0,0.0,0.0,0.0,0.0,0.0,0.5818760072570053,0.0,0.0,0.0,0.22288176004192167,0.0,0.5479804551291685,0.0,0.0,0.0,0.0,0.0,0.0,5773 software license
purchase anthropic,0.0,0.0,0.0,0.0,0.0,0.0,0.0,0.0,0.0,0.0,0.0,0.0,0.0,0.0,0.0,0.0,0.0,0.0,1.0,0.0,0.0,0.0,0.0,0.0,0.0,0.0,0.0,5773 software license
purchase apple store r280,0.0,0.0,0.0,0.0,0.0,0.0,0.0,0.0,0.0,0.0,0.0,0.0,0.0,0.0,0.0,0.0,0.0,0.0,1.0,0.0,0.0,0.0,0.0,0.0,0.0,0.0,0.0,5773 software license
purchase asana.com,0.0,0.0,0.0,0.0,0.0,0.0,0.0,0.0,0.0,0.0,0.0,0.0,0.0,0.0,0.0,0.0,0.0,0.0,1.0,0.0,0.0,0.0,0.0,0.0,0.0,0.0,0.0,5773 software license
purchase asana.com,0.0,0.0,0.0,0.0,0.0,0.0,0.0,0.0,0.0,0.0,0.0,0.0,0.0,0.0,0.0,0.0,0.0,0.0,1.0,0.0,0.0,0.0,0.0,0.0,0.0,0.0,0.0,5773 software license
purchase atlassian ~$5350usd atlassian monthly invoice jira confluence round $ 5500usd convert cad ~$7500cad,0.0,0.0,0.0,0.0,0.0,0.0,0.0,0.0,0.0,0.0,0.0,0.0,0.0,0.0,0.0,0.0,0.0,0.0,1.0,0.0,0.0,0.0,0.0,0.0,0.0,0.0,0.0,5773 software license
purchase atlassian recur monthly purchase license,0.0,0.0,0.0,0.0,0.0,0.0,0.0,0.0,0.0,0.0,0.0,0.0,0.0,0.0,0.0,0.0,0.0,0.0,1.0,0.0,0.0,0.0,0.0,0.0,0.0,0.0,0.0,5773 software license
purchase atlassian ~$5350usd atlassian monthly invoice jira confluence round $ 5500usd convert cad ~$7500cad,0.0,0.0,0.0,0.0,0.0,0.0,0.0,0.0,0.0,0.0,0.0,0.0,0.0,0.0,0.0,0.0,0.0,0.0,1.0,0.0,0.0,0.0,0.0,0.0,0.0,0.0,0.0,5773 software license
purchase atlassian ~$5350usd atlassian monthly invoice jira confluence round $ 5500usd convert cad ~$7500cad,0.0,0.0,0.0,0.0,0.0,0.0,0.0,0.0,0.0,0.0,0.0,0.0,0.0,0.0,0.0,0.0,0.0,0.0,1.0,0.0,0.0,0.0,0.0,0.0,0.0,0.0,0.0,5773 software license
purchase atlassian recur monthly purchase license,0.0,0.0,0.0,0.0,0.0,0.0,0.0,0.0,0.0,0.0,0.0,0.0,0.0,0.0,0.0,0.0,0.0,0.0,1.0,0.0,0.0,0.0,0.0,0.0,0.0,0.0,0.0,5773 software license
purchase atlassian ~$5350usd atlassian monthly invoice jira confluence round $ 5500usd convert cad ~$7500cad,0.0,0.0,0.0,0.0,0.0,0.0,0.0,0.0,0.0,0.0,0.0,0.0,0.0,0.0,0.0,0.0,0.0,0.0,1.0,0.0,0.0,0.0,0.0,0.0,0.0,0.0,0.0,5773 software license
purchase atlassian ~$5350usd atlassian monthly invoice jira confluence round $ 5500usd convert cad ~$7500cad,0.0,0.0,0.0,0.0,0.0,0.0,0.0,0.0,0.0,0.0,0.0,0.0,0.0,0.0,0.0,0.0,0.0,0.0,1.0,0.0,0.0,0.0,0.0,0.0,0.0,0.0,0.0,5773 software license
purchase atlassian recur monthly purchase license,0.0,0.0,0.0,0.0,0.0,0.0,0.0,0.0,0.0,0.0,0.0,0.0,0.0,0.0,0.0,0.0,0.0,0.0,1.0,0.0,0.0,0.0,0.0,0.0,0.0,0.0,0.0,5773 software license
purchase atlassian ~$5350usd atlassian monthly invoice jira confluence round $ 5500usd convert cad ~$7500cad,0.0,0.0,0.0,0.0,0.0,0.0,0.0,0.0,0.0,0.0,0.0,0.0,0.0,0.0,0.0,0.0,0.0,0.0,1.0,0.0,0.0,0.0,0.0,0.0,0.0,0.0,0.0,5773 software license
purchase atlassian ~$5350usd atlassian monthly invoice jira confluence round $ 5500usd convert cad ~$7500cad,0.0,0.0,0.0,0.0,0.0,0.0,0.0,0.0,0.0,0.0,0.0,0.0,0.0,0.0,0.0,0.0,0.0,0.0,1.0,0.0,0.0,0.0,0.0,0.0,0.0,0.0,0.0,5773 software license
purchase atlassian recur monthly purchase license,0.0,0.0,0.0,0.0,0.0,0.0,0.0,0.0,0.0,0.0,0.0,0.0,0.0,0.0,0.0,0.0,0.0,0.0,1.0,0.0,0.0,0.0,0.0,0.0,0.0,0.0,0.0,5773 software license
purchase atlassian ~$5350usd atlassian monthly invoice jira confluence round $ 5500usd convert cad ~$7500cad,0.0,0.0,0.0,0.0,0.0,0.0,0.0,0.0,0.0,0.0,0.0,0.0,0.0,0.0,0.0,0.0,0.0,0.0,1.0,0.0,0.0,0.0,0.0,0.0,0.0,0.0,0.0,5773 software license
purchase atlassian ~$5350usd atlassian monthly invoice jira confluence round $ 5500usd convert cad ~$7500cad,0.0,0.0,0.0,0.0,0.0,0.0,0.0,0.0,0.0,0.0,0.0,0.0,0.0,0.0,0.0,0.0,0.0,0.0,1.0,0.0,0.0,0.0,0.0,0.0,0.0,0.0,0.0,5773 software license
purchase atlassian recur monthly purchase license,0.0,0.0,0.0,0.0,0.0,0.0,0.0,0.0,0.0,0.0,0.0,0.0,0.0,0.0,0.0,0.0,0.0,0.0,1.0,0.0,0.0,0.0,0.0,0.0,0.0,0.0,0.0,5773 software license
purchase atlassian ~$5350usd atlassian monthly invoice jira confluence round $ 5500usd convert cad ~$7500cad,0.0,0.0,0.0,0.0,0.0,0.0,0.0,0.0,0.0,0.0,0.0,0.0,0.0,0.0,0.0,0.0,0.0,0.0,1.0,0.0,0.0,0.0,0.0,0.0,0.0,0.0,0.0,5773 software license
purchase atlassian ~$5350usd atlassian monthly invoice jira confluence round $ 5500usd convert cad ~$7500cad,0.0,0.0,0.0,0.0,0.0,0.0,0.0,0.0,0.0,0.0,0.0,0.0,0.0,0.0,0.0,0.0,0.0,0.0,1.0,0.0,0.0,0.0,0.0,0.0,0.0,0.0,0.0,5773 software license
purchase atlassian ~$5350usd atlassian monthly invoice jira confluence round $ 5500usd convert cad ~$7500cad,0.0,0.0,0.0,0.0,0.0,0.0,0.0,0.0,0.0,0.0,0.0,0.0,0.0,0.0,0.0,0.0,0.0,0.0,1.0,0.0,0.0,0.0,0.0,0.0,0.0,0.0,0.0,5773 software license
purchase atlassian recur monthly purchase license,0.0,0.0,0.0,0.0,0.0,0.0,0.0,0.0,0.0,0.0,0.0,0.0,0.0,0.0,0.0,0.0,0.0,0.0,1.0,0.0,0.0,0.0,0.0,0.0,0.0,0.0,0.0,5773 software license
purchase atlassian ~$5350usd atlassian monthly invoice jira confluence round $ 5500usd convert cad ~$7500cad,0.0,0.0,0.0,0.0,0.0,0.0,0.0,0.0,0.0,0.0,0.0,0.0,0.0,0.0,0.0,0.0,0.0,0.0,1.0,0.0,0.0,0.0,0.0,0.0,0.0,0.0,0.0,5773 software license
purchase atlassian ~$5350usd atlassian monthly invoice jira confluence round $ 5500usd convert cad ~$7500cad,0.0,0.0,0.0,0.0,0.0,0.0,0.0,0.0,0.0,0.0,0.0,0.0,0.0,0.0,0.0,0.0,0.0,0.0,1.0,0.0,0.0,0.0,0.0,0.0,0.0,0.0,0.0,5773 software license
purchase atlassian recur monthly purchase license,0.0,0.0,0.0,0.0,0.0,0.0,0.0,0.0,0.0,0.0,0.0,0.0,0.0,0.0,0.0,0.0,0.0,0.0,1.0,0.0,0.0,0.0,0.0,0.0,0.0,0.0,0.0,5773 software license
purchase atlassian ~$5350usd atlassian monthly invoice jira confluence round $ 5500usd convert cad ~$7500cad,0.0,0.0,0.0,0.0,0.0,0.0,0.0,0.0,0.0,0.0,0.0,0.0,0.0,0.0,0.0,0.0,0.0,0.0,1.0,0.0,0.0,0.0,0.0,0.0,0.0,0.0,0.0,5773 software license
purchase atlassian ~$5350usd atlassian monthly invoice jira confluence round $ 5500usd convert cad ~$7500cad,0.0,0.0,0.0,0.0,0.0,0.0,0.0,0.0,0.0,0.0,0.0,0.0,0.0,0.0,0.0,0.0,0.0,0.0,1.0,0.0,0.0,0.0,0.0,0.0,0.0,0.0,0.0,5773 software license
purchase atlassian ~$5350usd atlassian monthly invoice jira confluence round $ 5500usd convert cad ~$7500cad,0.0,0.0,0.0,0.0,0.0,0.0,0.0,0.0,0.0,0.0,0.0,0.0,0.0,0.0,0.0,0.0,0.0,0.0,1.0,0.0,0.0,0.0,0.0,0.0,0.0,0.0,0.0,5773 software license
purchase atlassian recur monthly purchase license,0.0,0.0,0.0,0.0,0.0,0.0,0.0,0.0,0.0,0.0,0.0,0.0,0.0,0.0,0.0,0.0,0.0,0.0,1.0,0.0,0.0,0.0,0.0,0.0,0.0,0.0,0.0,5773 software license
purchase atlassian ~$5350usd atlassian monthly invoice jira confluence round $ 5500usd convert cad ~$7500cad,0.0,0.0,0.0,0.0,0.0,0.0,0.0,0.0,0.0,0.0,0.0,0.0,0.0,0.0,0.0,0.0,0.0,0.0,1.0,0.0,0.0,0.0,0.0,0.0,0.0,0.0,0.0,5773 software license
purchase atlassian ~$5350usd atlassian monthly invoice jira confluence round $ 5500usd convert cad ~$7500cad,0.0,0.0,0.0,0.0,0.0,0.0,0.0,0.0,0.0,0.0,0.0,0.0,0.0,0.0,0.0,0.0,0.0,0.0,1.0,0.0,0.0,0.0,0.0,0.0,0.0,0.0,0.0,5773 software license
purchase atlassian recur monthly purchase license,0.0,0.0,0.0,0.0,0.0,0.0,0.0,0.0,0.0,0.0,0.0,0.0,0.0,0.0,0.0,0.0,0.0,0.0,1.0,0.0,0.0,0.0,0.0,0.0,0.0,0.0,0.0,5773 software license
purchase atlassian ~$5350usd atlassian monthly invoice jira confluence round $ 5500usd convert cad ~$7500cad,0.0,0.0,0.0,0.0,0.0,0.0,0.0,0.0,0.0,0.0,0.0,0.0,0.0,0.0,0.0,0.0,0.0,0.0,1.0,0.0,0.0,0.0,0.0,0.0,0.0,0.0,0.0,5773 software license
purchase atlassian ~$5350usd atlassian monthly invoice jira confluence round $ 5500usd convert cad ~$7500cad,0.0,0.0,0.0,0.0,0.0,0.0,0.0,0.0,0.0,0.0,0.0,0.0,0.0,0.0,0.0,0.0,0.0,0.0,1.0,0.0,0.0,0.0,0.0,0.0,0.0,0.0,0.0,5773 software license
purchase atlassian recur monthly purchase license,0.0,0.0,0.0,0.0,0.0,0.0,0.0,0.0,0.0,0.0,0.0,0.0,0.0,0.0,0.0,0.0,0.0,0.0,1.0,0.0,0.0,0.0,0.0,0.0,0.0,0.0,0.0,5773 software license
purchase atlassian ~$5350usd atlassian monthly invoice jira confluence round $ 5500usd convert cad ~$7500cad,0.0,0.0,0.0,0.0,0.0,0.0,0.0,0.0,0.0,0.0,0.0,0.0,0.0,0.0,0.0,0.0,0.0,0.0,1.0,0.0,0.0,0.0,0.0,0.0,0.0,0.0,0.0,5773 software license
purchase atlassian ~$5350usd atlassian monthly invoice jira confluence round $ 5500usd convert cad ~$7500cad,0.0,0.0,0.0,0.0,0.0,0.0,0.0,0.0,0.0,0.0,0.0,0.0,0.0,0.0,0.0,0.0,0.0,0.0,1.0,0.0,0.0,0.0,0.0,0.0,0.0,0.0,0.0,5773 software license
purchase atlassian recur monthly purchase license,0.0,0.0,0.0,0.0,0.0,0.0,0.0,0.0,0.0,0.0,0.0,0.0,0.0,0.0,0.0,0.0,0.0,0.0,1.0,0.0,0.0,0.0,0.0,0.0,0.0,0.0,0.0,5773 software license
purchase atlassian ~$5350usd atlassian monthly invoice jira confluence round $ 5500usd convert cad ~$7500cad,0.0,0.0,0.0,0.0,0.0,0.0,0.0,0.0,0.0,0.0,0.0,0.0,0.0,0.0,0.0,0.0,0.0,0.0,1.0,0.0,0.0,0.0,0.0,0.0,0.0,0.0,0.0,5773 software license
purchase atlassian ~$5350usd atlassian monthly invoice jira confluence round $ 5500usd convert cad ~$7500cad,0.0,0.0,0.0,0.0,0.0,0.0,0.0,0.0,0.0,0.0,0.0,0.0,0.0,0.0,0.0,0.0,0.0,0.0,1.0,0.0,0.0,0.0,0.0,0.0,0.0,0.0,0.0,5773 software license
purchase atlassian ~$5350usd atlassian monthly invoice jira confluence round $ 5500usd convert cad ~$7500cad,0.0,0.0,0.0,0.0,0.0,0.0,0.0,0.0,0.0,0.0,0.0,0.0,0.0,0.0,0.0,0.0,0.0,0.0,1.0,0.0,0.0,0.0,0.0,0.0,0.0,0.0,0.0,5773 software license
purchase atlassian recur monthly purchase license,0.0,0.0,0.0,0.0,0.0,0.0,0.0,0.0,0.0,0.0,0.0,0.0,0.0,0.0,0.0,0.0,0.0,0.0,1.0,0.0,0.0,0.0,0.0,0.0,0.0,0.0,0.0,5773 software license
purchase atlassian ~$5350usd atlassian monthly invoice jira confluence round $ 5500usd convert cad ~$7500cad,0.0,0.0,0.0,0.0,0.0,0.0,0.0,0.0,0.0,0.0,0.0,0.0,0.0,0.0,0.0,0.0,0.0,0.0,1.0,0.0,0.0,0.0,0.0,0.0,0.0,0.0,0.0,5773 software license
purchase autopal software,0.0,0.0,0.0,0.0,0.0,0.0,0.0,0.0,0.0,0.0,0.0,0.0,0.0,0.0,0.0,0.0,0.0,0.0,1.0,0.0,0.0,0.0,0.0,0.0,0.0,0.0,0.0,5773 software license
purchase autopal software,0.0,0.0,0.0,0.0,0.0,0.0,0.0,0.0,0.0,0.0,0.0,0.0,0.0,0.0,0.0,0.0,0.0,0.0,1.0,0.0,0.0,0.0,0.0,0.0,0.0,0.0,0.0,5773 software license
purchase autopal software,0.0,0.0,0.0,0.0,0.0,0.0,0.0,0.0,0.0,0.0,0.0,0.0,0.0,0.0,0.0,0.0,0.0,0.0,1.0,0.0,0.0,0.0,0.0,0.0,0.0,0.0,0.0,5773 software license
purchase autopal software,0.0,0.0,0.0,0.0,0.0,0.0,0.0,0.0,0.0,0.0,0.0,0.0,0.0,0.0,0.0,0.0,0.0,0.0,1.0,0.0,0.0,0.0,0.0,0.0,0.0,0.0,0.0,5773 software license
purchase autopal software,0.0,0.0,0.0,0.0,0.0,0.0,0.0,0.0,0.0,0.0,0.0,0.0,0.0,0.0,0.0,0.0,0.0,0.0,1.0,0.0,0.0,0.0,0.0,0.0,0.0,0.0,0.0,5773 software license
purchase autopal software,0.0,0.0,0.0,0.0,0.0,0.0,0.0,0.0,0.0,0.0,0.0,0.0,0.0,0.0,0.0,0.0,0.0,0.0,1.0,0.0,0.0,0.0,0.0,0.0,0.0,0.0,0.0,5773 software license
purchase autopal software auto pal lms software,0.9354813109416937,0.0,0.0,0.0,0.0,0.0,0.0,0.0,0.0,0.0,0.0,0.0,0.0,0.0,0.0,0.0,0.0,0.0,0.3533761690872916,0.0,0.0,0.0,0.0,0.0,0.0,0.0,0.0,5773 software license
purchase autopal software auto pal lms software,0.9354813109416937,0.0,0.0,0.0,0.0,0.0,0.0,0.0,0.0,0.0,0.0,0.0,0.0,0.0,0.0,0.0,0.0,0.0,0.3533761690872916,0.0,0.0,0.0,0.0,0.0,0.0,0.0,0.0,5773 software license
purchase autopal software auto pal lms software,0.9354813109416937,0.0,0.0,0.0,0.0,0.0,0.0,0.0,0.0,0.0,0.0,0.0,0.0,0.0,0.0,0.0,0.0,0.0,0.3533761690872916,0.0,0.0,0.0,0.0,0.0,0.0,0.0,0.0,5773 software license
purchase autopal software auto pal lms software,0.9354813109416937,0.0,0.0,0.0,0.0,0.0,0.0,0.0,0.0,0.0,0.0,0.0,0.0,0.0,0.0,0.0,0.0,0.0,0.3533761690872916,0.0,0.0,0.0,0.0,0.0,0.0,0.0,0.0,5773 software license
purchase autopal software auto pal lms software,0.9354813109416937,0.0,0.0,0.0,0.0,0.0,0.0,0.0,0.0,0.0,0.0,0.0,0.0,0.0,0.0,0.0,0.0,0.0,0.3533761690872916,0.0,0.0,0.0,0.0,0.0,0.0,0.0,0.0,5773 software license
purchase bc liquor 129,0.0,0.0,0.0,0.0,0.0,0.0,0.0,0.0,0.0,0.0,0.0,0.0,0.0,0.0,0.0,0.0,0.0,0.0,1.0,0.0,0.0,0.0,0.0,0.0,0.0,0.0,0.0,5773 software license
purchase billo.app,0.0,0.0,0.0,0.0,0.0,0.0,0.0,0.0,0.0,0.0,0.0,0.0,0.0,0.0,0.0,0.0,0.0,0.0,1.0,0.0,0.0,0.0,0.0,0.0,0.0,0.0,0.0,5773 software license
purchase browserstack.com browserstack browser compatibility testing software,0.0,0.0,0.0,0.0,0.0,0.0,0.0,0.0,0.0,0.0,0.0,0.0,0.0,0.0,0.0,0.0,0.0,0.0,1.0,0.0,0.0,0.0,0.0,0.0,0.0,0.0,0.0,5773 software license
purchase browserstack.com browserstack browser compatibility testing software,0.0,0.0,0.0,0.0,0.0,0.0,0.0,0.0,0.0,0.0,0.0,0.0,0.0,0.0,0.0,0.0,0.0,0.0,1.0,0.0,0.0,0.0,0.0,0.0,0.0,0.0,0.0,5773 software license
purchase browserstack.com browserstack browser compatibility testing software,0.0,0.0,0.0,0.0,0.0,0.0,0.0,0.0,0.0,0.0,0.0,0.0,0.0,0.0,0.0,0.0,0.0,0.0,1.0,0.0,0.0,0.0,0.0,0.0,0.0,0.0,0.0,5773 software license
purchase browserstack.com browserstack browser compatibility testing software,0.0,0.0,0.0,0.0,0.0,0.0,0.0,0.0,0.0,0.0,0.0,0.0,0.0,0.0,0.0,0.0,0.0,0.0,1.0,0.0,0.0,0.0,0.0,0.0,0.0,0.0,0.0,5773 software license
purchase browserstack.com browserstack browser compatibility testing software,0.0,0.0,0.0,0.0,0.0,0.0,0.0,0.0,0.0,0.0,0.0,0.0,0.0,0.0,0.0,0.0,0.0,0.0,1.0,0.0,0.0,0.0,0.0,0.0,0.0,0.0,0.0,5773 software license
purchase browserstack.com browserstack browser compatibility testing software,0.0,0.0,0.0,0.0,0.0,0.0,0.0,0.0,0.0,0.0,0.0,0.0,0.0,0.0,0.0,0.0,0.0,0.0,1.0,0.0,0.0,0.0,0.0,0.0,0.0,0.0,0.0,5773 software license
purchase browserstack.com,0.0,0.0,0.0,0.0,0.0,0.0,0.0,0.0,0.0,0.0,0.0,0.0,0.0,0.0,0.0,0.0,0.0,0.0,1.0,0.0,0.0,0.0,0.0,0.0,0.0,0.0,0.0,5773 software license
purchase browserstack.com browserstack browser compatibility testing software,0.0,0.0,0.0,0.0,0.0,0.0,0.0,0.0,0.0,0.0,0.0,0.0,0.0,0.0,0.0,0.0,0.0,0.0,1.0,0.0,0.0,0.0,0.0,0.0,0.0,0.0,0.0,5773 software license
purchase browserstack.com browserstack browser compatibility testing software,0.0,0.0,0.0,0.0,0.0,0.0,0.0,0.0,0.0,0.0,0.0,0.0,0.0,0.0,0.0,0.0,0.0,0.0,1.0,0.0,0.0,0.0,0.0,0.0,0.0,0.0,0.0,5773 software license
purchase browserstack.com browserstack browser compatibility testing software,0.0,0.0,0.0,0.0,0.0,0.0,0.0,0.0,0.0,0.0,0.0,0.0,0.0,0.0,0.0,0.0,0.0,0.0,1.0,0.0,0.0,0.0,0.0,0.0,0.0,0.0,0.0,5773 software license
purchase browserstack.com browserstack browser compatibility testing software,0.0,0.0,0.0,0.0,0.0,0.0,0.0,0.0,0.0,0.0,0.0,0.0,0.0,0.0,0.0,0.0,0.0,0.0,1.0,0.0,0.0,0.0,0.0,0.0,0.0,0.0,0.0,5773 software license
purchase browserstack.com browserstack browser compatibility testing software,0.0,0.0,0.0,0.0,0.0,0.0,0.0,0.0,0.0,0.0,0.0,0.0,0.0,0.0,0.0,0.0,0.0,0.0,1.0,0.0,0.0,0.0,0.0,0.0,0.0,0.0,0.0,5773 software license
purchase browserstack.com browserstack browser compatibility testing software,0.0,0.0,0.0,0.0,0.0,0.0,0.0,0.0,0.0,0.0,0.0,0.0,0.0,0.0,0.0,0.0,0.0,0.0,1.0,0.0,0.0,0.0,0.0,0.0,0.0,0.0,0.0,5773 software license
purchase click studio,0.0,0.0,0.0,0.0,0.0,0.0,0.0,0.0,0.0,0.0,0.0,0.0,0.0,0.0,0.0,0.0,0.0,0.0,1.0,0.0,0.0,0.0,0.0,0.0,0.0,0.0,0.0,5773 software license
purchase cloudflare recur monthly purchase license,0.0,0.0,0.0,0.0,0.0,0.0,0.0,0.0,0.0,0.0,0.0,0.0,0.0,0.0,0.0,0.0,0.0,0.0,1.0,0.0,0.0,0.0,0.0,0.0,0.0,0.0,0.0,5773 software license
purchase cloudflare recur monthly purchase license,0.0,0.0,0.0,0.0,0.0,0.0,0.0,0.0,0.0,0.0,0.0,0.0,0.0,0.0,0.0,0.0,0.0,0.0,1.0,0.0,0.0,0.0,0.0,0.0,0.0,0.0,0.0,5773 software license
purchase cloudflare recur monthly purchase license,0.0,0.0,0.0,0.0,0.0,0.0,0.0,0.0,0.0,0.0,0.0,0.0,0.0,0.0,0.0,0.0,0.0,0.0,1.0,0.0,0.0,0.0,0.0,0.0,0.0,0.0,0.0,5773 software license
purchase cloudflare recur monthly purchase license,0.0,0.0,0.0,0.0,0.0,0.0,0.0,0.0,0.0,0.0,0.0,0.0,0.0,0.0,0.0,0.0,0.0,0.0,1.0,0.0,0.0,0.0,0.0,0.0,0.0,0.0,0.0,5773 software license
purchase cloudflare recur monthly purchase license,0.0,0.0,0.0,0.0,0.0,0.0,0.0,0.0,0.0,0.0,0.0,0.0,0.0,0.0,0.0,0.0,0.0,0.0,1.0,0.0,0.0,0.0,0.0,0.0,0.0,0.0,0.0,5773 software license
purchase cloudflare recur monthly purchase license,0.0,0.0,0.0,0.0,0.0,0.0,0.0,0.0,0.0,0.0,0.0,0.0,0.0,0.0,0.0,0.0,0.0,0.0,1.0,0.0,0.0,0.0,0.0,0.0,0.0,0.0,0.0,5773 software license
purchase cloudflare recur monthly purchase license,0.0,0.0,0.0,0.0,0.0,0.0,0.0,0.0,0.0,0.0,0.0,0.0,0.0,0.0,0.0,0.0,0.0,0.0,1.0,0.0,0.0,0.0,0.0,0.0,0.0,0.0,0.0,5773 software license
purchase cloudflare recur monthly purchase license,0.0,0.0,0.0,0.0,0.0,0.0,0.0,0.0,0.0,0.0,0.0,0.0,0.0,0.0,0.0,0.0,0.0,0.0,1.0,0.0,0.0,0.0,0.0,0.0,0.0,0.0,0.0,5773 software license
purchase cloudflare recur monthly purchase license,0.0,0.0,0.0,0.0,0.0,0.0,0.0,0.0,0.0,0.0,0.0,0.0,0.0,0.0,0.0,0.0,0.0,0.0,1.0,0.0,0.0,0.0,0.0,0.0,0.0,0.0,0.0,5773 software license
purchase cloudflare recur monthly purchase license,0.0,0.0,0.0,0.0,0.0,0.0,0.0,0.0,0.0,0.0,0.0,0.0,0.0,0.0,0.0,0.0,0.0,0.0,1.0,0.0,0.0,0.0,0.0,0.0,0.0,0.0,0.0,5773 software license
purchase cloudflare recur monthly purchase license,0.0,0.0,0.0,0.0,0.0,0.0,0.0,0.0,0.0,0.0,0.0,0.0,0.0,0.0,0.0,0.0,0.0,0.0,1.0,0.0,0.0,0.0,0.0,0.0,0.0,0.0,0.0,5773 software license
purchase cloudflare recur monthly purchase license,0.0,0.0,0.0,0.0,0.0,0.0,0.0,0.0,0.0,0.0,0.0,0.0,0.0,0.0,0.0,0.0,0.0,0.0,1.0,0.0,0.0,0.0,0.0,0.0,0.0,0.0,0.0,5773 software license
purchase cloudflare recur monthly purchase license,0.0,0.0,0.0,0.0,0.0,0.0,0.0,0.0,0.0,0.0,0.0,0.0,0.0,0.0,0.0,0.0,0.0,0.0,1.0,0.0,0.0,0.0,0.0,0.0,0.0,0.0,0.0,5773 software license
purchase cloudflare recur monthly purchase license,0.0,0.0,0.0,0.0,0.0,0.0,0.0,0.0,0.0,0.0,0.0,0.0,0.0,0.0,0.0,0.0,0.0,0.0,1.0,0.0,0.0,0.0,0.0,0.0,0.0,0.0,0.0,5773 software license
purchase cloudflare recur monthly purchase license,0.0,0.0,0.0,0.0,0.0,0.0,0.0,0.0,0.0,0.0,0.0,0.0,0.0,0.0,0.0,0.0,0.0,0.0,1.0,0.0,0.0,0.0,0.0,0.0,0.0,0.0,0.0,5773 software license
purchase cloudflare,0.0,0.0,0.0,0.0,0.0,0.0,0.0,0.0,0.0,0.0,0.0,0.0,0.0,0.0,0.0,0.0,0.0,0.0,1.0,0.0,0.0,0.0,0.0,0.0,0.0,0.0,0.0,5773 software license
purchase connectwise,0.0,0.0,0.0,0.0,0.0,0.0,0.0,0.0,0.0,0.0,0.0,0.0,0.0,0.0,0.0,0.0,0.0,0.0,1.0,0.0,0.0,0.0,0.0,0.0,0.0,0.0,0.0,5773 software license
purchase connectwise,0.0,0.0,0.0,0.0,0.0,0.0,0.0,0.0,0.0,0.0,0.0,0.0,0.0,0.0,0.0,0.0,0.0,0.0,1.0,0.0,0.0,0.0,0.0,0.0,0.0,0.0,0.0,5773 software license
purchase connectwise,0.0,0.0,0.0,0.0,0.0,0.0,0.0,0.0,0.0,0.0,0.0,0.0,0.0,0.0,0.0,0.0,0.0,0.0,1.0,0.0,0.0,0.0,0.0,0.0,0.0,0.0,0.0,5773 software license
purchase connectwise,0.0,0.0,0.0,0.0,0.0,0.0,0.0,0.0,0.0,0.0,0.0,0.0,0.0,0.0,0.0,0.0,0.0,0.0,1.0,0.0,0.0,0.0,0.0,0.0,0.0,0.0,0.0,5773 software license
purchase connectwise,0.0,0.0,0.0,0.0,0.0,0.0,0.0,0.0,0.0,0.0,0.0,0.0,0.0,0.0,0.0,0.0,0.0,0.0,1.0,0.0,0.0,0.0,0.0,0.0,0.0,0.0,0.0,5773 software license
purchase connectwise,0.0,0.0,0.0,0.0,0.0,0.0,0.0,0.0,0.0,0.0,0.0,0.0,0.0,0.0,0.0,0.0,0.0,0.0,1.0,0.0,0.0,0.0,0.0,0.0,0.0,0.0,0.0,5773 software license
purchase connectwise,0.0,0.0,0.0,0.0,0.0,0.0,0.0,0.0,0.0,0.0,0.0,0.0,0.0,0.0,0.0,0.0,0.0,0.0,1.0,0.0,0.0,0.0,0.0,0.0,0.0,0.0,0.0,5773 software license
purchase connectwise,0.0,0.0,0.0,0.0,0.0,0.0,0.0,0.0,0.0,0.0,0.0,0.0,0.0,0.0,0.0,0.0,0.0,0.0,1.0,0.0,0.0,0.0,0.0,0.0,0.0,0.0,0.0,5773 software license
purchase connectwise,0.0,0.0,0.0,0.0,0.0,0.0,0.0,0.0,0.0,0.0,0.0,0.0,0.0,0.0,0.0,0.0,0.0,0.0,1.0,0.0,0.0,0.0,0.0,0.0,0.0,0.0,0.0,5773 software license
purchase connectwise,0.0,0.0,0.0,0.0,0.0,0.0,0.0,0.0,0.0,0.0,0.0,0.0,0.0,0.0,0.0,0.0,0.0,0.0,1.0,0.0,0.0,0.0,0.0,0.0,0.0,0.0,0.0,5773 software license
purchase connectwise,0.0,0.0,0.0,0.0,0.0,0.0,0.0,0.0,0.0,0.0,0.0,0.0,0.0,0.0,0.0,0.0,0.0,0.0,1.0,0.0,0.0,0.0,0.0,0.0,0.0,0.0,0.0,5773 software license
purchase connectwise,0.0,0.0,0.0,0.0,0.0,0.0,0.0,0.0,0.0,0.0,0.0,0.0,0.0,0.0,0.0,0.0,0.0,0.0,1.0,0.0,0.0,0.0,0.0,0.0,0.0,0.0,0.0,5773 software license
purchase connectwise,0.0,0.0,0.0,0.0,0.0,0.0,0.0,0.0,0.0,0.0,0.0,0.0,0.0,0.0,0.0,0.0,0.0,0.0,1.0,0.0,0.0,0.0,0.0,0.0,0.0,0.0,0.0,5773 software license
purchase datadog inc,0.0,0.0,0.0,0.0,0.0,0.0,0.0,0.0,0.0,0.0,0.0,0.0,0.0,0.0,0.0,0.0,0.0,0.0,1.0,0.0,0.0,0.0,0.0,0.0,0.0,0.0,0.0,5773 software license
purchase datadog inc,0.0,0.0,0.0,0.0,0.0,0.0,0.0,0.0,0.0,0.0,0.0,0.0,0.0,0.0,0.0,0.0,0.0,0.0,1.0,0.0,0.0,0.0,0.0,0.0,0.0,0.0,0.0,5773 software license
purchase datadog inc,0.0,0.0,0.0,0.0,0.0,0.0,0.0,0.0,0.0,0.0,0.0,0.0,0.0,0.0,0.0,0.0,0.0,0.0,1.0,0.0,0.0,0.0,0.0,0.0,0.0,0.0,0.0,5773 software license
purchase datadog inc,0.0,0.0,0.0,0.0,0.0,0.0,0.0,0.0,0.0,0.0,0.0,0.0,0.0,0.0,0.0,0.0,0.0,0.0,1.0,0.0,0.0,0.0,0.0,0.0,0.0,0.0,0.0,5773 software license
purchase dbt cloud subscription dw project dbt license 5 user,0.0,0.0,0.0,0.0,0.0,0.0,0.0,0.0,0.0,0.0,0.0,0.0,0.0,0.0,0.0,0.0,0.0,0.0,1.0,0.0,0.0,0.0,0.0,0.0,0.0,0.0,0.0,5773 software license
purchase dbt cloud subscription dw project dbt license 5 user,0.0,0.0,0.0,0.0,0.0,0.0,0.0,0.0,0.0,0.0,0.0,0.0,0.0,0.0,0.0,0.0,0.0,0.0,1.0,0.0,0.0,0.0,0.0,0.0,0.0,0.0,0.0,5773 software license
purchase dbt cloud subscription dw project dbt license 5 user,0.0,0.0,0.0,0.0,0.0,0.0,0.0,0.0,0.0,0.0,0.0,0.0,0.0,0.0,0.0,0.0,0.0,0.0,1.0,0.0,0.0,0.0,0.0,0.0,0.0,0.0,0.0,5773 software license
purchase dbt cloud subscription dw project dbt license 5 user,0.0,0.0,0.0,0.0,0.0,0.0,0.0,0.0,0.0,0.0,0.0,0.0,0.0,0.0,0.0,0.0,0.0,0.0,1.0,0.0,0.0,0.0,0.0,0.0,0.0,0.0,0.0,5773 software license
purchase dropbox 1n7tbhlw947r dropbox plus subscription use f&a team,0.0,0.0,0.0,0.0,0.0,0.0,0.0,0.0,0.0,0.0,0.0,0.0,0.0,0.0,0.0,0.0,0.0,0.0,0.35511298095977806,0.0,0.0,0.0,0.0,0.0,0.9348233901405443,0.0,0.0,5773 software license
purchase dropbox 326txg34mtlg dropbox plus subscription use f&a team,0.0,0.0,0.0,0.0,0.0,0.0,0.0,0.0,0.0,0.0,0.0,0.0,0.0,0.0,0.0,0.0,0.0,0.0,0.35511298095977806,0.0,0.0,0.0,0.0,0.0,0.9348233901405443,0.0,0.0,5773 software license
purchase dropbox 32xnhp57xt1r,0.0,0.0,0.0,0.0,0.0,0.0,0.0,0.0,0.0,0.0,0.0,0.0,0.0,0.0,0.0,0.0,0.0,0.0,1.0,0.0,0.0,0.0,0.0,0.0,0.0,0.0,0.0,5773 software license
purchase dropbox 4113qnqx18m3 new card dropbox spring financial email cancel cd email card,0.0,0.7520625453756538,0.0,0.0,0.0,0.0,0.0,0.4612152913017247,0.0,0.0,0.0,0.0,0.0,0.0,0.0,0.0,0.0,0.0,0.17739101706764962,0.0,0.4361362286903745,0.0,0.0,0.0,0.0,0.0,0.0,5773 software license
purchase dropbox 4sdndxjlb5pg spring dropbox account pause cancel cd dropbox account float card angela,0.0,0.6862200282738888,0.0,0.0,0.0,0.0,0.0,0.0,0.0,0.0,0.0,0.0,0.0,0.0,0.0,0.0,0.0,0.0,0.27405375980908175,0.0,0.6737927051625666,0.0,0.0,0.0,0.0,0.0,0.0,5773 software license
purchase dropbox 4xpfbl4y1947 new card dropbox spring financial email cancel cd email card,0.0,0.7520625453756538,0.0,0.0,0.0,0.0,0.0,0.4612152913017247,0.0,0.0,0.0,0.0,0.0,0.0,0.0,0.0,0.0,0.0,0.17739101706764962,0.0,0.4361362286903745,0.0,0.0,0.0,0.0,0.0,0.0,5773 software license
purchase dropbox 5dtmwyfs181v new card dropbox spring financial email cancel cd email card,0.0,0.7520625453756538,0.0,0.0,0.0,0.0,0.0,0.4612152913017247,0.0,0.0,0.0,0.0,0.0,0.0,0.0,0.0,0.0,0.0,0.17739101706764962,0.0,0.4361362286903745,0.0,0.0,0.0,0.0,0.0,0.0,5773 software license
purchase dropbox 6cddxbrrnk8k dropbox plus subscription use f&a team,0.0,0.0,0.0,0.0,0.0,0.0,0.0,0.0,0.0,0.0,0.0,0.0,0.0,0.0,0.0,0.0,0.0,0.0,0.35511298095977806,0.0,0.0,0.0,0.0,0.0,0.9348233901405443,0.0,0.0,5773 software license
purchase dropbox 7p86cm63h3df monthly dropbox subscription,0.0,0.0,0.0,0.0,0.0,0.0,0.0,0.0,0.0,0.0,0.0,0.0,0.0,0.0,0.0,0.0,0.0,0.0,1.0,0.0,0.0,0.0,0.0,0.0,0.0,0.0,0.0,5773 software license
purchase dropbox 7tvdgblwrynz new card dropbox spring financial email cancel cd email card,0.0,0.7520625453756538,0.0,0.0,0.0,0.0,0.0,0.4612152913017247,0.0,0.0,0.0,0.0,0.0,0.0,0.0,0.0,0.0,0.0,0.17739101706764962,0.0,0.4361362286903745,0.0,0.0,0.0,0.0,0.0,0.0,5773 software license
purchase dropbox 7wq6tnscd5s7 spring dropbox account pause cancel cd dropbox account float card angela,0.0,0.6862200282738888,0.0,0.0,0.0,0.0,0.0,0.0,0.0,0.0,0.0,0.0,0.0,0.0,0.0,0.0,0.0,0.0,0.27405375980908175,0.0,0.6737927051625666,0.0,0.0,0.0,0.0,0.0,0.0,5773 software license
purchase dropbox 7wtfjf1f1g9c spring dropbox account pause cancel cd dropbox account float card angela,0.0,0.6862200282738888,0.0,0.0,0.0,0.0,0.0,0.0,0.0,0.0,0.0,0.0,0.0,0.0,0.0,0.0,0.0,0.0,0.27405375980908175,0.0,0.6737927051625666,0.0,0.0,0.0,0.0,0.0,0.0,5773 software license
purchase dropbox 85vb1tjqrmvh spring dropbox account pause cancel cd dropbox account float card angela,0.0,0.6862200282738888,0.0,0.0,0.0,0.0,0.0,0.0,0.0,0.0,0.0,0.0,0.0,0.0,0.0,0.0,0.0,0.0,0.27405375980908175,0.0,0.6737927051625666,0.0,0.0,0.0,0.0,0.0,0.0,5773 software license
purchase dropbox b8x2msm5317w spring dropbox account pause cancel cd dropbox account float card angela,0.0,0.6862200282738888,0.0,0.0,0.0,0.0,0.0,0.0,0.0,0.0,0.0,0.0,0.0,0.0,0.0,0.0,0.0,0.0,0.27405375980908175,0.0,0.6737927051625666,0.0,0.0,0.0,0.0,0.0,0.0,5773 software license
purchase dropbox bbq7873sv6ll dropbox plus subscription use f&a team,0.0,0.0,0.0,0.0,0.0,0.0,0.0,0.0,0.0,0.0,0.0,0.0,0.0,0.0,0.0,0.0,0.0,0.0,0.35511298095977806,0.0,0.0,0.0,0.0,0.0,0.9348233901405443,0.0,0.0,5773 software license
purchase dropbox brtzyk7xqd9l spring dropbox account pause cancel cd dropbox account float card angela,0.0,0.6862200282738888,0.0,0.0,0.0,0.0,0.0,0.0,0.0,0.0,0.0,0.0,0.0,0.0,0.0,0.0,0.0,0.0,0.27405375980908175,0.0,0.6737927051625666,0.0,0.0,0.0,0.0,0.0,0.0,5773 software license
purchase dropbox bwq8cwhmxtn6 dropbox plus subscription use f&a team,0.0,0.0,0.0,0.0,0.0,0.0,0.0,0.0,0.0,0.0,0.0,0.0,0.0,0.0,0.0,0.0,0.0,0.0,0.35511298095977806,0.0,0.0,0.0,0.0,0.0,0.9348233901405443,0.0,0.0,5773 software license
purchase dropbox dzx4pwk8918n new card dropbox spring financial email cancel cd email card,0.0,0.7520625453756538,0.0,0.0,0.0,0.0,0.0,0.4612152913017247,0.0,0.0,0.0,0.0,0.0,0.0,0.0,0.0,0.0,0.0,0.17739101706764962,0.0,0.4361362286903745,0.0,0.0,0.0,0.0,0.0,0.0,5773 software license
purchase dropbox g5bphmnnntl7 spring dropbox account pause cancel cd dropbox account float card angela,0.0,0.6862200282738888,0.0,0.0,0.0,0.0,0.0,0.0,0.0,0.0,0.0,0.0,0.0,0.0,0.0,0.0,0.0,0.0,0.27405375980908175,0.0,0.6737927051625666,0.0,0.0,0.0,0.0,0.0,0.0,5773 software license
purchase dropbox hb1khnw93vdl,0.0,0.0,0.0,0.0,0.0,0.0,0.0,0.0,0.0,0.0,0.0,0.0,0.0,0.0,0.0,0.0,0.0,0.0,1.0,0.0,0.0,0.0,0.0,0.0,0.0,0.0,0.0,5773 software license
purchase dropbox hrr7btfcdvt4 spring dropbox account pause cancel cd dropbox account float card angela,0.0,0.6862200282738888,0.0,0.0,0.0,0.0,0.0,0.0,0.0,0.0,0.0,0.0,0.0,0.0,0.0,0.0,0.0,0.0,0.27405375980908175,0.0,0.6737927051625666,0.0,0.0,0.0,0.0,0.0,0.0,5773 software license
purchase dropbox hw84v14d5wk1 new card dropbox spring financial email cancel cd email card,0.0,0.7520625453756538,0.0,0.0,0.0,0.0,0.0,0.4612152913017247,0.0,0.0,0.0,0.0,0.0,0.0,0.0,0.0,0.0,0.0,0.17739101706764962,0.0,0.4361362286903745,0.0,0.0,0.0,0.0,0.0,0.0,5773 software license
purchase dropbox j5gchlbm2flm,0.0,0.0,0.0,0.0,0.0,0.0,0.0,0.0,0.0,0.0,0.0,0.0,0.0,0.0,0.0,0.0,0.0,0.0,1.0,0.0,0.0,0.0,0.0,0.0,0.0,0.0,0.0,5773 software license
purchase dropbox jtkm6vvn2q21 dropbox plus subscription use f&a team,0.0,0.0,0.0,0.0,0.0,0.0,0.0,0.0,0.0,0.0,0.0,0.0,0.0,0.0,0.0,0.0,0.0,0.0,0.35511298095977806,0.0,0.0,0.0,0.0,0.0,0.9348233901405443,0.0,0.0,5773 software license
purchase dropbox lzjkrsdzscbz dropbox plus subscription use f&a team,0.0,0.0,0.0,0.0,0.0,0.0,0.0,0.0,0.0,0.0,0.0,0.0,0.0,0.0,0.0,0.0,0.0,0.0,0.35511298095977806,0.0,0.0,0.0,0.0,0.0,0.9348233901405443,0.0,0.0,5773 software license
purchase dropbox m1pfghg1czvv new card dropbox spring financial email cancel cd email card,0.0,0.7520625453756538,0.0,0.0,0.0,0.0,0.0,0.4612152913017247,0.0,0.0,0.0,0.0,0.0,0.0,0.0,0.0,0.0,0.0,0.17739101706764962,0.0,0.4361362286903745,0.0,0.0,0.0,0.0,0.0,0.0,5773 software license
purchase dropbox mbzzd1tkb6k4,0.0,0.0,0.0,0.0,0.0,0.0,0.0,0.0,0.0,0.0,0.0,0.0,0.0,0.0,0.0,0.0,0.0,0.0,1.0,0.0,0.0,0.0,0.0,0.0,0.0,0.0,0.0,5773 software license
purchase dropbox n7c1lmlz8jy7 dropbox plus subscription use f&a team,0.0,0.0,0.0,0.0,0.0,0.0,0.0,0.0,0.0,0.0,0.0,0.0,0.0,0.0,0.0,0.0,0.0,0.0,0.35511298095977806,0.0,0.0,0.0,0.0,0.0,0.9348233901405443,0.0,0.0,5773 software license
purchase dropbox nr14sw25h25s spring dropbox account pause cancel cd dropbox account float card angela,0.0,0.6862200282738888,0.0,0.0,0.0,0.0,0.0,0.0,0.0,0.0,0.0,0.0,0.0,0.0,0.0,0.0,0.0,0.0,0.27405375980908175,0.0,0.6737927051625666,0.0,0.0,0.0,0.0,0.0,0.0,5773 software license
purchase dropbox pc7592sf6hj5 new card dropbox spring financial email cancel cd email card,0.0,0.7520625453756538,0.0,0.0,0.0,0.0,0.0,0.4612152913017247,0.0,0.0,0.0,0.0,0.0,0.0,0.0,0.0,0.0,0.0,0.17739101706764962,0.0,0.4361362286903745,0.0,0.0,0.0,0.0,0.0,0.0,5773 software license
purchase dropbox pmsgd13hvd2w,0.0,0.0,0.0,0.0,0.0,0.0,0.0,0.0,0.0,0.0,0.0,0.0,0.0,0.0,0.0,0.0,0.0,0.0,1.0,0.0,0.0,0.0,0.0,0.0,0.0,0.0,0.0,5773 software license
purchase dropbox q6pw4338cfks dropbox plus subscription use f&a team,0.0,0.0,0.0,0.0,0.0,0.0,0.0,0.0,0.0,0.0,0.0,0.0,0.0,0.0,0.0,0.0,0.0,0.0,0.35511298095977806,0.0,0.0,0.0,0.0,0.0,0.9348233901405443,0.0,0.0,5773 software license
purchase dropbox rnz8lxf6w6ls,0.0,0.0,0.0,0.0,0.0,0.0,0.0,0.0,0.0,0.0,0.0,0.0,0.0,0.0,0.0,0.0,0.0,0.0,1.0,0.0,0.0,0.0,0.0,0.0,0.0,0.0,0.0,5773 software license
purchase dropbox sth4gq2vjf7x new card dropbox spring financial email cancel cd email card,0.0,0.7520625453756538,0.0,0.0,0.0,0.0,0.0,0.4612152913017247,0.0,0.0,0.0,0.0,0.0,0.0,0.0,0.0,0.0,0.0,0.17739101706764962,0.0,0.4361362286903745,0.0,0.0,0.0,0.0,0.0,0.0,5773 software license
purchase dropbox tbyj5697j2p9 dropbox plus subscription use f&a team,0.0,0.0,0.0,0.0,0.0,0.0,0.0,0.0,0.0,0.0,0.0,0.0,0.0,0.0,0.0,0.0,0.0,0.0,0.35511298095977806,0.0,0.0,0.0,0.0,0.0,0.9348233901405443,0.0,0.0,5773 software license
purchase dropbox ttyb843xnywx,0.0,0.0,0.0,0.0,0.0,0.0,0.0,0.0,0.0,0.0,0.0,0.0,0.0,0.0,0.0,0.0,0.0,0.0,1.0,0.0,0.0,0.0,0.0,0.0,0.0,0.0,0.0,5773 software license
purchase dropbox v5r1kh9xccy monthly dropbox subscription,0.0,0.0,0.0,0.0,0.0,0.0,0.0,0.0,0.0,0.0,0.0,0.0,0.0,0.0,0.0,0.0,0.0,0.0,1.0,0.0,0.0,0.0,0.0,0.0,0.0,0.0,0.0,5773 software license
purchase dropbox v7nzdfj7jh42,0.0,0.0,0.0,0.0,0.0,0.0,0.0,0.0,0.0,0.0,0.0,0.0,0.0,0.0,0.0,0.0,0.0,0.0,1.0,0.0,0.0,0.0,0.0,0.0,0.0,0.0,0.0,5773 software license
purchase dropbox vqy89z896klk,0.0,0.0,0.0,0.0,0.0,0.0,0.0,0.0,0.0,0.0,0.0,0.0,0.0,0.0,0.0,0.0,0.0,0.0,1.0,0.0,0.0,0.0,0.0,0.0,0.0,0.0,0.0,5773 software license
purchase dropbox w2x3t3cjkx7f,0.0,0.0,0.0,0.0,0.0,0.0,0.0,0.0,0.0,0.0,0.0,0.0,0.0,0.0,0.0,0.0,0.0,0.0,1.0,0.0,0.0,0.0,0.0,0.0,0.0,0.0,0.0,5773 software license
purchase dropbox w8gpxbfyw6zc new card dropbox spring financial email cancel cd email card,0.0,0.7520625453756538,0.0,0.0,0.0,0.0,0.0,0.4612152913017247,0.0,0.0,0.0,0.0,0.0,0.0,0.0,0.0,0.0,0.0,0.17739101706764962,0.0,0.4361362286903745,0.0,0.0,0.0,0.0,0.0,0.0,5773 software license
purchase dropbox x64x3fkkfczs spring dropbox account pause cancel cd dropbox account float card angela,0.0,0.6862200282738888,0.0,0.0,0.0,0.0,0.0,0.0,0.0,0.0,0.0,0.0,0.0,0.0,0.0,0.0,0.0,0.0,0.27405375980908175,0.0,0.6737927051625666,0.0,0.0,0.0,0.0,0.0,0.0,5773 software license
purchase dropbox xb14xg45qntk new card dropbox spring financial email cancel cd email card,0.0,0.7520625453756538,0.0,0.0,0.0,0.0,0.0,0.4612152913017247,0.0,0.0,0.0,0.0,0.0,0.0,0.0,0.0,0.0,0.0,0.17739101706764962,0.0,0.4361362286903745,0.0,0.0,0.0,0.0,0.0,0.0,5773 software license
purchase dropbox xnn2bptg52kn,0.0,0.0,0.0,0.0,0.0,0.0,0.0,0.0,0.0,0.0,0.0,0.0,0.0,0.0,0.0,0.0,0.0,0.0,1.0,0.0,0.0,0.0,0.0,0.0,0.0,0.0,0.0,5773 software license
purchase dropbox xw93757sjlc8 dropbox plus subscription use f&a team,0.0,0.0,0.0,0.0,0.0,0.0,0.0,0.0,0.0,0.0,0.0,0.0,0.0,0.0,0.0,0.0,0.0,0.0,0.35511298095977806,0.0,0.0,0.0,0.0,0.0,0.9348233901405443,0.0,0.0,5773 software license
purchase dropbox ypl938mw97qv monthly dropbox subscription,0.0,0.0,0.0,0.0,0.0,0.0,0.0,0.0,0.0,0.0,0.0,0.0,0.0,0.0,0.0,0.0,0.0,0.0,1.0,0.0,0.0,0.0,0.0,0.0,0.0,0.0,0.0,5773 software license
purchase dropbox z1ggjft7cbqv dropbox plus subscription use f&a team,0.0,0.0,0.0,0.0,0.0,0.0,0.0,0.0,0.0,0.0,0.0,0.0,0.0,0.0,0.0,0.0,0.0,0.0,0.35511298095977806,0.0,0.0,0.0,0.0,0.0,0.9348233901405443,0.0,0.0,5773 software license
purchase dropbox z1nm9ccfgrlz new card dropbox spring financial email cancel cd email card,0.0,0.7520625453756538,0.0,0.0,0.0,0.0,0.0,0.4612152913017247,0.0,0.0,0.0,0.0,0.0,0.0,0.0,0.0,0.0,0.0,0.17739101706764962,0.0,0.4361362286903745,0.0,0.0,0.0,0.0,0.0,0.0,5773 software license
purchase dropbox zz2352xt45l4 spring dropbox account pause cancel cd dropbox account float card angela,0.0,0.6862200282738888,0.0,0.0,0.0,0.0,0.0,0.0,0.0,0.0,0.0,0.0,0.0,0.0,0.0,0.0,0.0,0.0,0.27405375980908175,0.0,0.6737927051625666,0.0,0.0,0.0,0.0,0.0,0.0,5773 software license
purchase dropbox*14wh778z7n3s,0.0,0.0,0.0,0.0,0.0,0.0,0.0,0.0,0.0,0.0,0.0,0.0,0.0,0.0,0.0,0.0,0.0,0.0,1.0,0.0,0.0,0.0,0.0,0.0,0.0,0.0,0.0,5773 software license
purchase dropbox*16blwqbc41vc,0.0,0.0,0.0,0.0,0.0,0.0,0.0,0.0,0.0,0.0,0.0,0.0,0.0,0.0,0.0,0.0,0.0,0.0,1.0,0.0,0.0,0.0,0.0,0.0,0.0,0.0,0.0,5773 software license
purchase dropbox*1sycntd9wcjp monthly dropbox subscription,0.0,0.0,0.0,0.0,0.0,0.0,0.0,0.0,0.0,0.0,0.0,0.0,0.0,0.0,0.0,0.0,0.0,0.0,1.0,0.0,0.0,0.0,0.0,0.0,0.0,0.0,0.0,5773 software license
purchase dropbox*25wf8bbnbwrr,0.0,0.0,0.0,0.0,0.0,0.0,0.0,0.0,0.0,0.0,0.0,0.0,0.0,0.0,0.0,0.0,0.0,0.0,1.0,0.0,0.0,0.0,0.0,0.0,0.0,0.0,0.0,5773 software license
purchase dropbox*2y2bv8vqvxfs,0.0,0.0,0.0,0.0,0.0,0.0,0.0,0.0,0.0,0.0,0.0,0.0,0.0,0.0,0.0,0.0,0.0,0.0,1.0,0.0,0.0,0.0,0.0,0.0,0.0,0.0,0.0,5773 software license
purchase dropbox*2yhm61jn18gk,0.0,0.0,0.0,0.0,0.0,0.0,0.0,0.0,0.0,0.0,0.0,0.0,0.0,0.0,0.0,0.0,0.0,0.0,1.0,0.0,0.0,0.0,0.0,0.0,0.0,0.0,0.0,5773 software license
purchase dropbox*3yxld6tw24b1,0.0,0.0,0.0,0.0,0.0,0.0,0.0,0.0,0.0,0.0,0.0,0.0,0.0,0.0,0.0,0.0,0.0,0.0,1.0,0.0,0.0,0.0,0.0,0.0,0.0,0.0,0.0,5773 software license
purchase dropbox*7rbsrz8lhsjs monthly dropbox subscription,0.0,0.0,0.0,0.0,0.0,0.0,0.0,0.0,0.0,0.0,0.0,0.0,0.0,0.0,0.0,0.0,0.0,0.0,1.0,0.0,0.0,0.0,0.0,0.0,0.0,0.0,0.0,5773 software license
purchase dropbox*8clglfv4xzkx,0.0,0.0,0.0,0.0,0.0,0.0,0.0,0.0,0.0,0.0,0.0,0.0,0.0,0.0,0.0,0.0,0.0,0.0,1.0,0.0,0.0,0.0,0.0,0.0,0.0,0.0,0.0,5773 software license
purchase dropbox*8d8bfyqcmps7,0.0,0.0,0.0,0.0,0.0,0.0,0.0,0.0,0.0,0.0,0.0,0.0,0.0,0.0,0.0,0.0,0.0,0.0,1.0,0.0,0.0,0.0,0.0,0.0,0.0,0.0,0.0,5773 software license
purchase dropbox*8syhg3mr4dqr monthly dropbox subscription,0.0,0.0,0.0,0.0,0.0,0.0,0.0,0.0,0.0,0.0,0.0,0.0,0.0,0.0,0.0,0.0,0.0,0.0,1.0,0.0,0.0,0.0,0.0,0.0,0.0,0.0,0.0,5773 software license
purchase dropbox*9jy4fjqf7yl1,0.0,0.0,0.0,0.0,0.0,0.0,0.0,0.0,0.0,0.0,0.0,0.0,0.0,0.0,0.0,0.0,0.0,0.0,1.0,0.0,0.0,0.0,0.0,0.0,0.0,0.0,0.0,5773 software license
purchase dropbox*9jytf8cppdj1,0.0,0.0,0.0,0.0,0.0,0.0,0.0,0.0,0.0,0.0,0.0,0.0,0.0,0.0,0.0,0.0,0.0,0.0,1.0,0.0,0.0,0.0,0.0,0.0,0.0,0.0,0.0,5773 software license
purchase dropbox*bd5dd9tq28x9 monthly dropbox subscription,0.0,0.0,0.0,0.0,0.0,0.0,0.0,0.0,0.0,0.0,0.0,0.0,0.0,0.0,0.0,0.0,0.0,0.0,1.0,0.0,0.0,0.0,0.0,0.0,0.0,0.0,0.0,5773 software license
purchase dropbox*c2vq4rzxh9 mb,0.0,0.0,0.0,0.0,0.0,0.0,0.0,0.0,0.0,0.0,0.0,0.0,0.0,0.0,0.0,0.0,0.0,0.0,1.0,0.0,0.0,0.0,0.0,0.0,0.0,0.0,0.0,5773 software license
purchase dropbox*cljy26dqbbjb monthly dropbox subscription,0.0,0.0,0.0,0.0,0.0,0.0,0.0,0.0,0.0,0.0,0.0,0.0,0.0,0.0,0.0,0.0,0.0,0.0,1.0,0.0,0.0,0.0,0.0,0.0,0.0,0.0,0.0,5773 software license
purchase dropbox*fpgxrf66zw5r,0.0,0.0,0.0,0.0,0.0,0.0,0.0,0.0,0.0,0.0,0.0,0.0,0.0,0.0,0.0,0.0,0.0,0.0,1.0,0.0,0.0,0.0,0.0,0.0,0.0,0.0,0.0,5773 software license
purchase dropbox*hmlcb48hmtbf monthly dropbox subscription,0.0,0.0,0.0,0.0,0.0,0.0,0.0,0.0,0.0,0.0,0.0,0.0,0.0,0.0,0.0,0.0,0.0,0.0,1.0,0.0,0.0,0.0,0.0,0.0,0.0,0.0,0.0,5773 software license
purchase dropbox*j5gcqhq3lmkz,0.0,0.0,0.0,0.0,0.0,0.0,0.0,0.0,0.0,0.0,0.0,0.0,0.0,0.0,0.0,0.0,0.0,0.0,1.0,0.0,0.0,0.0,0.0,0.0,0.0,0.0,0.0,5773 software license
purchase dropbox*j83j2zj39vvv,0.0,0.0,0.0,0.0,0.0,0.0,0.0,0.0,0.0,0.0,0.0,0.0,0.0,0.0,0.0,0.0,0.0,0.0,1.0,0.0,0.0,0.0,0.0,0.0,0.0,0.0,0.0,5773 software license
purchase dropbox*kznhgvztsn8s,0.0,0.0,0.0,0.0,0.0,0.0,0.0,0.0,0.0,0.0,0.0,0.0,0.0,0.0,0.0,0.0,0.0,0.0,1.0,0.0,0.0,0.0,0.0,0.0,0.0,0.0,0.0,5773 software license
purchase dropbox*lv2jczcftqqn,0.0,0.0,0.0,0.0,0.0,0.0,0.0,0.0,0.0,0.0,0.0,0.0,0.0,0.0,0.0,0.0,0.0,0.0,1.0,0.0,0.0,0.0,0.0,0.0,0.0,0.0,0.0,5773 software license
purchase dropbox*lz5g9ywz7821 monthly dropbox subscription,0.0,0.0,0.0,0.0,0.0,0.0,0.0,0.0,0.0,0.0,0.0,0.0,0.0,0.0,0.0,0.0,0.0,0.0,1.0,0.0,0.0,0.0,0.0,0.0,0.0,0.0,0.0,5773 software license
purchase dropbox*myzzgpf47wft,0.0,0.0,0.0,0.0,0.0,0.0,0.0,0.0,0.0,0.0,0.0,0.0,0.0,0.0,0.0,0.0,0.0,0.0,1.0,0.0,0.0,0.0,0.0,0.0,0.0,0.0,0.0,5773 software license
purchase dropbox*q1br2k5b2ght,0.0,0.0,0.0,0.0,0.0,0.0,0.0,0.0,0.0,0.0,0.0,0.0,0.0,0.0,0.0,0.0,0.0,0.0,1.0,0.0,0.0,0.0,0.0,0.0,0.0,0.0,0.0,5773 software license
purchase dropbox*qb8jymdcvxdq monthly dropbox subscription,0.0,0.0,0.0,0.0,0.0,0.0,0.0,0.0,0.0,0.0,0.0,0.0,0.0,0.0,0.0,0.0,0.0,0.0,1.0,0.0,0.0,0.0,0.0,0.0,0.0,0.0,0.0,5773 software license
purchase dropbox*qfchjcmp47pg monthly dropbox subscription,0.0,0.0,0.0,0.0,0.0,0.0,0.0,0.0,0.0,0.0,0.0,0.0,0.0,0.0,0.0,0.0,0.0,0.0,1.0,0.0,0.0,0.0,0.0,0.0,0.0,0.0,0.0,5773 software license
purchase dropbox*rn8k1ksb82q4,0.0,0.0,0.0,0.0,0.0,0.0,0.0,0.0,0.0,0.0,0.0,0.0,0.0,0.0,0.0,0.0,0.0,0.0,1.0,0.0,0.0,0.0,0.0,0.0,0.0,0.0,0.0,5773 software license
purchase dropbox*stl9jsyvrdww,0.0,0.0,0.0,0.0,0.0,0.0,0.0,0.0,0.0,0.0,0.0,0.0,0.0,0.0,0.0,0.0,0.0,0.0,1.0,0.0,0.0,0.0,0.0,0.0,0.0,0.0,0.0,5773 software license
purchase dropbox*t3h132561q8j,0.0,0.0,0.0,0.0,0.0,0.0,0.0,0.0,0.0,0.0,0.0,0.0,0.0,0.0,0.0,0.0,0.0,0.0,1.0,0.0,0.0,0.0,0.0,0.0,0.0,0.0,0.0,5773 software license
purchase dropbox*vhwqjsyy5819,0.0,0.0,0.0,0.0,0.0,0.0,0.0,0.0,0.0,0.0,0.0,0.0,0.0,0.0,0.0,0.0,0.0,0.0,1.0,0.0,0.0,0.0,0.0,0.0,0.0,0.0,0.0,5773 software license
purchase dropbox*wn7k493syxhr,0.0,0.0,0.0,0.0,0.0,0.0,0.0,0.0,0.0,0.0,0.0,0.0,0.0,0.0,0.0,0.0,0.0,0.0,1.0,0.0,0.0,0.0,0.0,0.0,0.0,0.0,0.0,5773 software license
purchase dropbox*yrst9wjsk5sy,0.0,0.0,0.0,0.0,0.0,0.0,0.0,0.0,0.0,0.0,0.0,0.0,0.0,0.0,0.0,0.0,0.0,0.0,1.0,0.0,0.0,0.0,0.0,0.0,0.0,0.0,0.0,5773 software license
purchase elementor.com,0.0,0.0,0.0,0.0,0.0,0.0,0.0,0.0,0.0,0.0,0.0,0.0,0.0,0.0,0.0,0.0,0.0,0.0,1.0,0.0,0.0,0.0,0.0,0.0,0.0,0.0,0.0,5773 software license
purchase figma,0.0,0.0,0.0,0.0,0.0,0.0,0.0,0.0,0.0,0.0,0.0,0.0,0.0,0.0,0.0,0.0,0.0,0.0,1.0,0.0,0.0,0.0,0.0,0.0,0.0,0.0,0.0,5773 software license
purchase figma,0.0,0.0,0.0,0.0,0.0,0.0,0.0,0.0,0.0,0.0,0.0,0.0,0.0,0.0,0.0,0.0,0.0,0.0,1.0,0.0,0.0,0.0,0.0,0.0,0.0,0.0,0.0,5773 software license
purchase figma monthly renewal,0.0,0.0,0.0,0.0,0.0,0.0,0.0,0.0,0.0,0.0,0.0,0.0,0.0,0.0,0.0,0.0,0.0,0.0,0.35791136410263513,0.9337555651487123,0.0,0.0,0.0,0.0,0.0,0.0,0.0,5773 software license
purchase figma monthly renewal,0.0,0.0,0.0,0.0,0.0,0.0,0.0,0.0,0.0,0.0,0.0,0.0,0.0,0.0,0.0,0.0,0.0,0.0,0.35791136410263513,0.9337555651487123,0.0,0.0,0.0,0.0,0.0,0.0,0.0,5773 software license
purchase fiverreu,0.0,0.0,0.0,0.0,0.0,0.0,0.0,0.0,0.0,0.0,0.0,0.0,0.0,0.0,0.0,0.0,0.0,0.0,1.0,0.0,0.0,0.0,0.0,0.0,0.0,0.0,0.0,5773 software license
purchase framer.com recur monthly purchase license,0.0,0.0,0.0,0.0,0.0,0.0,0.0,0.0,0.0,0.0,0.0,0.0,0.0,0.0,0.0,0.0,0.0,0.0,1.0,0.0,0.0,0.0,0.0,0.0,0.0,0.0,0.0,5773 software license
purchase framer.com recur monthly purchase license,0.0,0.0,0.0,0.0,0.0,0.0,0.0,0.0,0.0,0.0,0.0,0.0,0.0,0.0,0.0,0.0,0.0,0.0,1.0,0.0,0.0,0.0,0.0,0.0,0.0,0.0,0.0,5773 software license
purchase framer.com recur monthly purchase license,0.0,0.0,0.0,0.0,0.0,0.0,0.0,0.0,0.0,0.0,0.0,0.0,0.0,0.0,0.0,0.0,0.0,0.0,1.0,0.0,0.0,0.0,0.0,0.0,0.0,0.0,0.0,5773 software license
purchase framer.com recur monthly purchase license,0.0,0.0,0.0,0.0,0.0,0.0,0.0,0.0,0.0,0.0,0.0,0.0,0.0,0.0,0.0,0.0,0.0,0.0,1.0,0.0,0.0,0.0,0.0,0.0,0.0,0.0,0.0,5773 software license
purchase framer.com recur monthly purchase license,0.0,0.0,0.0,0.0,0.0,0.0,0.0,0.0,0.0,0.0,0.0,0.0,0.0,0.0,0.0,0.0,0.0,0.0,1.0,0.0,0.0,0.0,0.0,0.0,0.0,0.0,0.0,5773 software license
purchase framer.com recur monthly purchase license,0.0,0.0,0.0,0.0,0.0,0.0,0.0,0.0,0.0,0.0,0.0,0.0,0.0,0.0,0.0,0.0,0.0,0.0,1.0,0.0,0.0,0.0,0.0,0.0,0.0,0.0,0.0,5773 software license
purchase framer.com recur monthly purchase license,0.0,0.0,0.0,0.0,0.0,0.0,0.0,0.0,0.0,0.0,0.0,0.0,0.0,0.0,0.0,0.0,0.0,0.0,1.0,0.0,0.0,0.0,0.0,0.0,0.0,0.0,0.0,5773 software license
purchase framer.com recur monthly purchase license,0.0,0.0,0.0,0.0,0.0,0.0,0.0,0.0,0.0,0.0,0.0,0.0,0.0,0.0,0.0,0.0,0.0,0.0,1.0,0.0,0.0,0.0,0.0,0.0,0.0,0.0,0.0,5773 software license
purchase framer.com recur monthly purchase license,0.0,0.0,0.0,0.0,0.0,0.0,0.0,0.0,0.0,0.0,0.0,0.0,0.0,0.0,0.0,0.0,0.0,0.0,1.0,0.0,0.0,0.0,0.0,0.0,0.0,0.0,0.0,5773 software license
refund framer.com recur monthly purchase license,0.0,0.0,0.0,0.0,0.0,0.0,0.0,0.0,0.0,0.0,0.0,0.0,0.0,0.0,0.0,0.0,0.0,0.0,1.0,0.0,0.0,0.0,0.0,0.0,0.0,0.0,0.0,5773 software license
purchase freemius blocksy comp,0.0,0.0,0.0,0.0,0.0,0.0,0.0,0.0,0.0,0.0,0.0,0.0,0.0,0.0,0.0,0.0,0.0,0.0,1.0,0.0,0.0,0.0,0.0,0.0,0.0,0.0,0.0,5773 software license
purchase fs gearset.com recur monthly purchase license,0.0,0.0,0.0,0.0,0.0,0.0,0.0,0.0,0.0,0.0,0.0,0.0,0.0,0.0,0.0,0.0,0.0,0.0,1.0,0.0,0.0,0.0,0.0,0.0,0.0,0.0,0.0,5773 software license
purchase fs gearset.com recur monthly purchase license,0.0,0.0,0.0,0.0,0.0,0.0,0.0,0.0,0.0,0.0,0.0,0.0,0.0,0.0,0.0,0.0,0.0,0.0,1.0,0.0,0.0,0.0,0.0,0.0,0.0,0.0,0.0,5773 software license
purchase fs gearset.com recur monthly purchase license,0.0,0.0,0.0,0.0,0.0,0.0,0.0,0.0,0.0,0.0,0.0,0.0,0.0,0.0,0.0,0.0,0.0,0.0,1.0,0.0,0.0,0.0,0.0,0.0,0.0,0.0,0.0,5773 software license
purchase fubo,0.0,0.0,0.0,0.0,0.0,0.0,0.0,0.0,0.0,0.0,0.0,0.0,0.0,0.0,0.0,0.0,0.0,0.0,1.0,0.0,0.0,0.0,0.0,0.0,0.0,0.0,0.0,5773 software license
purchase fubo,0.0,0.0,0.0,0.0,0.0,0.0,0.0,0.0,0.0,0.0,0.0,0.0,0.0,0.0,0.0,0.0,0.0,0.0,1.0,0.0,0.0,0.0,0.0,0.0,0.0,0.0,0.0,5773 software license
purchase fubo,0.0,0.0,0.0,0.0,0.0,0.0,0.0,0.0,0.0,0.0,0.0,0.0,0.0,0.0,0.0,0.0,0.0,0.0,1.0,0.0,0.0,0.0,0.0,0.0,0.0,0.0,0.0,5773 software license
purchase fubo,0.0,0.0,0.0,0.0,0.0,0.0,0.0,0.0,0.0,0.0,0.0,0.0,0.0,0.0,0.0,0.0,0.0,0.0,1.0,0.0,0.0,0.0,0.0,0.0,0.0,0.0,0.0,5773 software license
purchase fubo,0.0,0.0,0.0,0.0,0.0,0.0,0.0,0.0,0.0,0.0,0.0,0.0,0.0,0.0,0.0,0.0,0.0,0.0,1.0,0.0,0.0,0.0,0.0,0.0,0.0,0.0,0.0,5773 software license
purchase fubo,0.0,0.0,0.0,0.0,0.0,0.0,0.0,0.0,0.0,0.0,0.0,0.0,0.0,0.0,0.0,0.0,0.0,0.0,1.0,0.0,0.0,0.0,0.0,0.0,0.0,0.0,0.0,5773 software license
purchase fubo,0.0,0.0,0.0,0.0,0.0,0.0,0.0,0.0,0.0,0.0,0.0,0.0,0.0,0.0,0.0,0.0,0.0,0.0,1.0,0.0,0.0,0.0,0.0,0.0,0.0,0.0,0.0,5773 software license
purchase fubo,0.0,0.0,0.0,0.0,0.0,0.0,0.0,0.0,0.0,0.0,0.0,0.0,0.0,0.0,0.0,0.0,0.0,0.0,1.0,0.0,0.0,0.0,0.0,0.0,0.0,0.0,0.0,5773 software license
purchase fubo,0.0,0.0,0.0,0.0,0.0,0.0,0.0,0.0,0.0,0.0,0.0,0.0,0.0,0.0,0.0,0.0,0.0,0.0,1.0,0.0,0.0,0.0,0.0,0.0,0.0,0.0,0.0,5773 software license
purchase gemfury recur monthly purchase license,0.0,0.0,0.0,0.0,0.0,0.0,0.0,0.0,0.0,0.0,0.0,0.0,0.0,0.0,0.0,0.0,0.0,0.0,1.0,0.0,0.0,0.0,0.0,0.0,0.0,0.0,0.0,5773 software license
purchase gemfury recur monthly purchase license,0.0,0.0,0.0,0.0,0.0,0.0,0.0,0.0,0.0,0.0,0.0,0.0,0.0,0.0,0.0,0.0,0.0,0.0,1.0,0.0,0.0,0.0,0.0,0.0,0.0,0.0,0.0,5773 software license
purchase gemfury recur monthly purchase license,0.0,0.0,0.0,0.0,0.0,0.0,0.0,0.0,0.0,0.0,0.0,0.0,0.0,0.0,0.0,0.0,0.0,0.0,1.0,0.0,0.0,0.0,0.0,0.0,0.0,0.0,0.0,5773 software license
purchase gemfury recur monthly purchase license,0.0,0.0,0.0,0.0,0.0,0.0,0.0,0.0,0.0,0.0,0.0,0.0,0.0,0.0,0.0,0.0,0.0,0.0,1.0,0.0,0.0,0.0,0.0,0.0,0.0,0.0,0.0,5773 software license
purchase gemfury recur monthly purchase license,0.0,0.0,0.0,0.0,0.0,0.0,0.0,0.0,0.0,0.0,0.0,0.0,0.0,0.0,0.0,0.0,0.0,0.0,1.0,0.0,0.0,0.0,0.0,0.0,0.0,0.0,0.0,5773 software license
purchase gemfury recur monthly purchase license,0.0,0.0,0.0,0.0,0.0,0.0,0.0,0.0,0.0,0.0,0.0,0.0,0.0,0.0,0.0,0.0,0.0,0.0,1.0,0.0,0.0,0.0,0.0,0.0,0.0,0.0,0.0,5773 software license
purchase gemfury recur monthly purchase license,0.0,0.0,0.0,0.0,0.0,0.0,0.0,0.0,0.0,0.0,0.0,0.0,0.0,0.0,0.0,0.0,0.0,0.0,1.0,0.0,0.0,0.0,0.0,0.0,0.0,0.0,0.0,5773 software license
purchase gemfury recur monthly purchase license,0.0,0.0,0.0,0.0,0.0,0.0,0.0,0.0,0.0,0.0,0.0,0.0,0.0,0.0,0.0,0.0,0.0,0.0,1.0,0.0,0.0,0.0,0.0,0.0,0.0,0.0,0.0,5773 software license
purchase gemfury recur monthly purchase license,0.0,0.0,0.0,0.0,0.0,0.0,0.0,0.0,0.0,0.0,0.0,0.0,0.0,0.0,0.0,0.0,0.0,0.0,1.0,0.0,0.0,0.0,0.0,0.0,0.0,0.0,0.0,5773 software license
purchase gemfury recur monthly purchase license,0.0,0.0,0.0,0.0,0.0,0.0,0.0,0.0,0.0,0.0,0.0,0.0,0.0,0.0,0.0,0.0,0.0,0.0,1.0,0.0,0.0,0.0,0.0,0.0,0.0,0.0,0.0,5773 software license
purchase gemfury,0.0,0.0,0.0,0.0,0.0,0.0,0.0,0.0,0.0,0.0,0.0,0.0,0.0,0.0,0.0,0.0,0.0,0.0,1.0,0.0,0.0,0.0,0.0,0.0,0.0,0.0,0.0,5773 software license
purchase gemfury,0.0,0.0,0.0,0.0,0.0,0.0,0.0,0.0,0.0,0.0,0.0,0.0,0.0,0.0,0.0,0.0,0.0,0.0,1.0,0.0,0.0,0.0,0.0,0.0,0.0,0.0,0.0,5773 software license
purchase github inc recur monthly purchase license,0.0,0.0,0.0,0.0,0.0,0.0,0.0,0.0,0.0,0.0,0.0,0.0,0.0,0.0,0.0,0.0,0.0,0.0,1.0,0.0,0.0,0.0,0.0,0.0,0.0,0.0,0.0,5773 software license
purchase github inc recur monthly purchase license,0.0,0.0,0.0,0.0,0.0,0.0,0.0,0.0,0.0,0.0,0.0,0.0,0.0,0.0,0.0,0.0,0.0,0.0,1.0,0.0,0.0,0.0,0.0,0.0,0.0,0.0,0.0,5773 software license
purchase github inc recur monthly purchase license,0.0,0.0,0.0,0.0,0.0,0.0,0.0,0.0,0.0,0.0,0.0,0.0,0.0,0.0,0.0,0.0,0.0,0.0,1.0,0.0,0.0,0.0,0.0,0.0,0.0,0.0,0.0,5773 software license
purchase github inc recur monthly purchase license,0.0,0.0,0.0,0.0,0.0,0.0,0.0,0.0,0.0,0.0,0.0,0.0,0.0,0.0,0.0,0.0,0.0,0.0,1.0,0.0,0.0,0.0,0.0,0.0,0.0,0.0,0.0,5773 software license
purchase github inc recur monthly purchase license,0.0,0.0,0.0,0.0,0.0,0.0,0.0,0.0,0.0,0.0,0.0,0.0,0.0,0.0,0.0,0.0,0.0,0.0,1.0,0.0,0.0,0.0,0.0,0.0,0.0,0.0,0.0,5773 software license
purchase github inc recur monthly purchase license,0.0,0.0,0.0,0.0,0.0,0.0,0.0,0.0,0.0,0.0,0.0,0.0,0.0,0.0,0.0,0.0,0.0,0.0,1.0,0.0,0.0,0.0,0.0,0.0,0.0,0.0,0.0,5773 software license
purchase github inc recur monthly purchase license,0.0,0.0,0.0,0.0,0.0,0.0,0.0,0.0,0.0,0.0,0.0,0.0,0.0,0.0,0.0,0.0,0.0,0.0,1.0,0.0,0.0,0.0,0.0,0.0,0.0,0.0,0.0,5773 software license
purchase github inc recur monthly purchase license,0.0,0.0,0.0,0.0,0.0,0.0,0.0,0.0,0.0,0.0,0.0,0.0,0.0,0.0,0.0,0.0,0.0,0.0,1.0,0.0,0.0,0.0,0.0,0.0,0.0,0.0,0.0,5773 software license
purchase github inc recur monthly purchase license,0.0,0.0,0.0,0.0,0.0,0.0,0.0,0.0,0.0,0.0,0.0,0.0,0.0,0.0,0.0,0.0,0.0,0.0,1.0,0.0,0.0,0.0,0.0,0.0,0.0,0.0,0.0,5773 software license
purchase github inc recur monthly purchase license,0.0,0.0,0.0,0.0,0.0,0.0,0.0,0.0,0.0,0.0,0.0,0.0,0.0,0.0,0.0,0.0,0.0,0.0,1.0,0.0,0.0,0.0,0.0,0.0,0.0,0.0,0.0,5773 software license
purchase github inc recur monthly purchase license,0.0,0.0,0.0,0.0,0.0,0.0,0.0,0.0,0.0,0.0,0.0,0.0,0.0,0.0,0.0,0.0,0.0,0.0,1.0,0.0,0.0,0.0,0.0,0.0,0.0,0.0,0.0,5773 software license
purchase github inc recur monthly purchase license,0.0,0.0,0.0,0.0,0.0,0.0,0.0,0.0,0.0,0.0,0.0,0.0,0.0,0.0,0.0,0.0,0.0,0.0,1.0,0.0,0.0,0.0,0.0,0.0,0.0,0.0,0.0,5773 software license
purchase github inc recur monthly purchase license,0.0,0.0,0.0,0.0,0.0,0.0,0.0,0.0,0.0,0.0,0.0,0.0,0.0,0.0,0.0,0.0,0.0,0.0,1.0,0.0,0.0,0.0,0.0,0.0,0.0,0.0,0.0,5773 software license
purchase github inc recur monthly purchase license,0.0,0.0,0.0,0.0,0.0,0.0,0.0,0.0,0.0,0.0,0.0,0.0,0.0,0.0,0.0,0.0,0.0,0.0,1.0,0.0,0.0,0.0,0.0,0.0,0.0,0.0,0.0,5773 software license
purchase github inc recur monthly purchase license,0.0,0.0,0.0,0.0,0.0,0.0,0.0,0.0,0.0,0.0,0.0,0.0,0.0,0.0,0.0,0.0,0.0,0.0,1.0,0.0,0.0,0.0,0.0,0.0,0.0,0.0,0.0,5773 software license
purchase github inc recur monthly purchase license,0.0,0.0,0.0,0.0,0.0,0.0,0.0,0.0,0.0,0.0,0.0,0.0,0.0,0.0,0.0,0.0,0.0,0.0,1.0,0.0,0.0,0.0,0.0,0.0,0.0,0.0,0.0,5773 software license
purchase github inc recur monthly purchase license,0.0,0.0,0.0,0.0,0.0,0.0,0.0,0.0,0.0,0.0,0.0,0.0,0.0,0.0,0.0,0.0,0.0,0.0,1.0,0.0,0.0,0.0,0.0,0.0,0.0,0.0,0.0,5773 software license
purchase github inc recur monthly purchase license,0.0,0.0,0.0,0.0,0.0,0.0,0.0,0.0,0.0,0.0,0.0,0.0,0.0,0.0,0.0,0.0,0.0,0.0,1.0,0.0,0.0,0.0,0.0,0.0,0.0,0.0,0.0,5773 software license
purchase github inc recur monthly purchase license,0.0,0.0,0.0,0.0,0.0,0.0,0.0,0.0,0.0,0.0,0.0,0.0,0.0,0.0,0.0,0.0,0.0,0.0,1.0,0.0,0.0,0.0,0.0,0.0,0.0,0.0,0.0,5773 software license
purchase github inc recur monthly purchase license,0.0,0.0,0.0,0.0,0.0,0.0,0.0,0.0,0.0,0.0,0.0,0.0,0.0,0.0,0.0,0.0,0.0,0.0,1.0,0.0,0.0,0.0,0.0,0.0,0.0,0.0,0.0,5773 software license
purchase github inc recur monthly purchase license,0.0,0.0,0.0,0.0,0.0,0.0,0.0,0.0,0.0,0.0,0.0,0.0,0.0,0.0,0.0,0.0,0.0,0.0,1.0,0.0,0.0,0.0,0.0,0.0,0.0,0.0,0.0,5773 software license
purchase github inc recur monthly purchase license,0.0,0.0,0.0,0.0,0.0,0.0,0.0,0.0,0.0,0.0,0.0,0.0,0.0,0.0,0.0,0.0,0.0,0.0,1.0,0.0,0.0,0.0,0.0,0.0,0.0,0.0,0.0,5773 software license
purchase github inc recur monthly purchase license,0.0,0.0,0.0,0.0,0.0,0.0,0.0,0.0,0.0,0.0,0.0,0.0,0.0,0.0,0.0,0.0,0.0,0.0,1.0,0.0,0.0,0.0,0.0,0.0,0.0,0.0,0.0,5773 software license
purchase github inc recur monthly purchase license,0.0,0.0,0.0,0.0,0.0,0.0,0.0,0.0,0.0,0.0,0.0,0.0,0.0,0.0,0.0,0.0,0.0,0.0,1.0,0.0,0.0,0.0,0.0,0.0,0.0,0.0,0.0,5773 software license
purchase github inc recur monthly purchase license,0.0,0.0,0.0,0.0,0.0,0.0,0.0,0.0,0.0,0.0,0.0,0.0,0.0,0.0,0.0,0.0,0.0,0.0,1.0,0.0,0.0,0.0,0.0,0.0,0.0,0.0,0.0,5773 software license
purchase github inc recur monthly purchase license,0.0,0.0,0.0,0.0,0.0,0.0,0.0,0.0,0.0,0.0,0.0,0.0,0.0,0.0,0.0,0.0,0.0,0.0,1.0,0.0,0.0,0.0,0.0,0.0,0.0,0.0,0.0,5773 software license
purchase github inc recur monthly purchase license,0.0,0.0,0.0,0.0,0.0,0.0,0.0,0.0,0.0,0.0,0.0,0.0,0.0,0.0,0.0,0.0,0.0,0.0,1.0,0.0,0.0,0.0,0.0,0.0,0.0,0.0,0.0,5773 software license
purchase github inc recur monthly purchase license,0.0,0.0,0.0,0.0,0.0,0.0,0.0,0.0,0.0,0.0,0.0,0.0,0.0,0.0,0.0,0.0,0.0,0.0,1.0,0.0,0.0,0.0,0.0,0.0,0.0,0.0,0.0,5773 software license
purchase github inc recur monthly purchase license,0.0,0.0,0.0,0.0,0.0,0.0,0.0,0.0,0.0,0.0,0.0,0.0,0.0,0.0,0.0,0.0,0.0,0.0,1.0,0.0,0.0,0.0,0.0,0.0,0.0,0.0,0.0,5773 software license
purchase github inc recur monthly purchase license,0.0,0.0,0.0,0.0,0.0,0.0,0.0,0.0,0.0,0.0,0.0,0.0,0.0,0.0,0.0,0.0,0.0,0.0,1.0,0.0,0.0,0.0,0.0,0.0,0.0,0.0,0.0,5773 software license
purchase github inc recur monthly purchase license,0.0,0.0,0.0,0.0,0.0,0.0,0.0,0.0,0.0,0.0,0.0,0.0,0.0,0.0,0.0,0.0,0.0,0.0,1.0,0.0,0.0,0.0,0.0,0.0,0.0,0.0,0.0,5773 software license
purchase github inc recur monthly purchase license,0.0,0.0,0.0,0.0,0.0,0.0,0.0,0.0,0.0,0.0,0.0,0.0,0.0,0.0,0.0,0.0,0.0,0.0,1.0,0.0,0.0,0.0,0.0,0.0,0.0,0.0,0.0,5773 software license
purchase github inc recur monthly purchase license,0.0,0.0,0.0,0.0,0.0,0.0,0.0,0.0,0.0,0.0,0.0,0.0,0.0,0.0,0.0,0.0,0.0,0.0,1.0,0.0,0.0,0.0,0.0,0.0,0.0,0.0,0.0,5773 software license
purchase github inc recur monthly purchase license,0.0,0.0,0.0,0.0,0.0,0.0,0.0,0.0,0.0,0.0,0.0,0.0,0.0,0.0,0.0,0.0,0.0,0.0,1.0,0.0,0.0,0.0,0.0,0.0,0.0,0.0,0.0,5773 software license
purchase github inc recur monthly purchase license,0.0,0.0,0.0,0.0,0.0,0.0,0.0,0.0,0.0,0.0,0.0,0.0,0.0,0.0,0.0,0.0,0.0,0.0,1.0,0.0,0.0,0.0,0.0,0.0,0.0,0.0,0.0,5773 software license
purchase github inc recur monthly purchase license,0.0,0.0,0.0,0.0,0.0,0.0,0.0,0.0,0.0,0.0,0.0,0.0,0.0,0.0,0.0,0.0,0.0,0.0,1.0,0.0,0.0,0.0,0.0,0.0,0.0,0.0,0.0,5773 software license
purchase github inc recur monthly purchase license,0.0,0.0,0.0,0.0,0.0,0.0,0.0,0.0,0.0,0.0,0.0,0.0,0.0,0.0,0.0,0.0,0.0,0.0,1.0,0.0,0.0,0.0,0.0,0.0,0.0,0.0,0.0,5773 software license
purchase github inc recur monthly purchase license,0.0,0.0,0.0,0.0,0.0,0.0,0.0,0.0,0.0,0.0,0.0,0.0,0.0,0.0,0.0,0.0,0.0,0.0,1.0,0.0,0.0,0.0,0.0,0.0,0.0,0.0,0.0,5773 software license
purchase github inc recur monthly purchase license,0.0,0.0,0.0,0.0,0.0,0.0,0.0,0.0,0.0,0.0,0.0,0.0,0.0,0.0,0.0,0.0,0.0,0.0,1.0,0.0,0.0,0.0,0.0,0.0,0.0,0.0,0.0,5773 software license
purchase github inc recur monthly purchase license,0.0,0.0,0.0,0.0,0.0,0.0,0.0,0.0,0.0,0.0,0.0,0.0,0.0,0.0,0.0,0.0,0.0,0.0,1.0,0.0,0.0,0.0,0.0,0.0,0.0,0.0,0.0,5773 software license
purchase github inc recur monthly purchase license,0.0,0.0,0.0,0.0,0.0,0.0,0.0,0.0,0.0,0.0,0.0,0.0,0.0,0.0,0.0,0.0,0.0,0.0,1.0,0.0,0.0,0.0,0.0,0.0,0.0,0.0,0.0,5773 software license
purchase github inc recur monthly purchase license,0.0,0.0,0.0,0.0,0.0,0.0,0.0,0.0,0.0,0.0,0.0,0.0,0.0,0.0,0.0,0.0,0.0,0.0,1.0,0.0,0.0,0.0,0.0,0.0,0.0,0.0,0.0,5773 software license
purchase github inc recur monthly purchase license,0.0,0.0,0.0,0.0,0.0,0.0,0.0,0.0,0.0,0.0,0.0,0.0,0.0,0.0,0.0,0.0,0.0,0.0,1.0,0.0,0.0,0.0,0.0,0.0,0.0,0.0,0.0,5773 software license
purchase github inc recur monthly purchase license,0.0,0.0,0.0,0.0,0.0,0.0,0.0,0.0,0.0,0.0,0.0,0.0,0.0,0.0,0.0,0.0,0.0,0.0,1.0,0.0,0.0,0.0,0.0,0.0,0.0,0.0,0.0,5773 software license
purchase github inc recur monthly purchase license,0.0,0.0,0.0,0.0,0.0,0.0,0.0,0.0,0.0,0.0,0.0,0.0,0.0,0.0,0.0,0.0,0.0,0.0,1.0,0.0,0.0,0.0,0.0,0.0,0.0,0.0,0.0,5773 software license
purchase github inc recur monthly purchase license,0.0,0.0,0.0,0.0,0.0,0.0,0.0,0.0,0.0,0.0,0.0,0.0,0.0,0.0,0.0,0.0,0.0,0.0,1.0,0.0,0.0,0.0,0.0,0.0,0.0,0.0,0.0,5773 software license
purchase github inc recur monthly purchase license,0.0,0.0,0.0,0.0,0.0,0.0,0.0,0.0,0.0,0.0,0.0,0.0,0.0,0.0,0.0,0.0,0.0,0.0,1.0,0.0,0.0,0.0,0.0,0.0,0.0,0.0,0.0,5773 software license
purchase github inc recur monthly purchase license,0.0,0.0,0.0,0.0,0.0,0.0,0.0,0.0,0.0,0.0,0.0,0.0,0.0,0.0,0.0,0.0,0.0,0.0,1.0,0.0,0.0,0.0,0.0,0.0,0.0,0.0,0.0,5773 software license
purchase github inc recur monthly purchase license,0.0,0.0,0.0,0.0,0.0,0.0,0.0,0.0,0.0,0.0,0.0,0.0,0.0,0.0,0.0,0.0,0.0,0.0,1.0,0.0,0.0,0.0,0.0,0.0,0.0,0.0,0.0,5773 software license
purchase github inc recur monthly purchase license,0.0,0.0,0.0,0.0,0.0,0.0,0.0,0.0,0.0,0.0,0.0,0.0,0.0,0.0,0.0,0.0,0.0,0.0,1.0,0.0,0.0,0.0,0.0,0.0,0.0,0.0,0.0,5773 software license
purchase github inc recur monthly purchase license,0.0,0.0,0.0,0.0,0.0,0.0,0.0,0.0,0.0,0.0,0.0,0.0,0.0,0.0,0.0,0.0,0.0,0.0,1.0,0.0,0.0,0.0,0.0,0.0,0.0,0.0,0.0,5773 software license
purchase github inc recur monthly purchase license,0.0,0.0,0.0,0.0,0.0,0.0,0.0,0.0,0.0,0.0,0.0,0.0,0.0,0.0,0.0,0.0,0.0,0.0,1.0,0.0,0.0,0.0,0.0,0.0,0.0,0.0,0.0,5773 software license
purchase github inc recur monthly purchase license,0.0,0.0,0.0,0.0,0.0,0.0,0.0,0.0,0.0,0.0,0.0,0.0,0.0,0.0,0.0,0.0,0.0,0.0,1.0,0.0,0.0,0.0,0.0,0.0,0.0,0.0,0.0,5773 software license
purchase github inc recur monthly purchase license,0.0,0.0,0.0,0.0,0.0,0.0,0.0,0.0,0.0,0.0,0.0,0.0,0.0,0.0,0.0,0.0,0.0,0.0,1.0,0.0,0.0,0.0,0.0,0.0,0.0,0.0,0.0,5773 software license
purchase github inc recur monthly purchase license,0.0,0.0,0.0,0.0,0.0,0.0,0.0,0.0,0.0,0.0,0.0,0.0,0.0,0.0,0.0,0.0,0.0,0.0,1.0,0.0,0.0,0.0,0.0,0.0,0.0,0.0,0.0,5773 software license
purchase github inc recur monthly purchase license,0.0,0.0,0.0,0.0,0.0,0.0,0.0,0.0,0.0,0.0,0.0,0.0,0.0,0.0,0.0,0.0,0.0,0.0,1.0,0.0,0.0,0.0,0.0,0.0,0.0,0.0,0.0,5773 software license
purchase github inc recur monthly purchase license,0.0,0.0,0.0,0.0,0.0,0.0,0.0,0.0,0.0,0.0,0.0,0.0,0.0,0.0,0.0,0.0,0.0,0.0,1.0,0.0,0.0,0.0,0.0,0.0,0.0,0.0,0.0,5773 software license
purchase github inc recur monthly purchase license,0.0,0.0,0.0,0.0,0.0,0.0,0.0,0.0,0.0,0.0,0.0,0.0,0.0,0.0,0.0,0.0,0.0,0.0,1.0,0.0,0.0,0.0,0.0,0.0,0.0,0.0,0.0,5773 software license
purchase github inc recur monthly purchase license,0.0,0.0,0.0,0.0,0.0,0.0,0.0,0.0,0.0,0.0,0.0,0.0,0.0,0.0,0.0,0.0,0.0,0.0,1.0,0.0,0.0,0.0,0.0,0.0,0.0,0.0,0.0,5773 software license
purchase github inc recur monthly purchase license,0.0,0.0,0.0,0.0,0.0,0.0,0.0,0.0,0.0,0.0,0.0,0.0,0.0,0.0,0.0,0.0,0.0,0.0,1.0,0.0,0.0,0.0,0.0,0.0,0.0,0.0,0.0,5773 software license
purchase github inc recur monthly purchase license,0.0,0.0,0.0,0.0,0.0,0.0,0.0,0.0,0.0,0.0,0.0,0.0,0.0,0.0,0.0,0.0,0.0,0.0,1.0,0.0,0.0,0.0,0.0,0.0,0.0,0.0,0.0,5773 software license
purchase github inc recur monthly purchase license,0.0,0.0,0.0,0.0,0.0,0.0,0.0,0.0,0.0,0.0,0.0,0.0,0.0,0.0,0.0,0.0,0.0,0.0,1.0,0.0,0.0,0.0,0.0,0.0,0.0,0.0,0.0,5773 software license
purchase github inc recur monthly purchase license,0.0,0.0,0.0,0.0,0.0,0.0,0.0,0.0,0.0,0.0,0.0,0.0,0.0,0.0,0.0,0.0,0.0,0.0,1.0,0.0,0.0,0.0,0.0,0.0,0.0,0.0,0.0,5773 software license
purchase github inc recur monthly purchase license,0.0,0.0,0.0,0.0,0.0,0.0,0.0,0.0,0.0,0.0,0.0,0.0,0.0,0.0,0.0,0.0,0.0,0.0,1.0,0.0,0.0,0.0,0.0,0.0,0.0,0.0,0.0,5773 software license
purchase github inc recur monthly purchase license,0.0,0.0,0.0,0.0,0.0,0.0,0.0,0.0,0.0,0.0,0.0,0.0,0.0,0.0,0.0,0.0,0.0,0.0,1.0,0.0,0.0,0.0,0.0,0.0,0.0,0.0,0.0,5773 software license
purchase github inc recur monthly purchase license,0.0,0.0,0.0,0.0,0.0,0.0,0.0,0.0,0.0,0.0,0.0,0.0,0.0,0.0,0.0,0.0,0.0,0.0,1.0,0.0,0.0,0.0,0.0,0.0,0.0,0.0,0.0,5773 software license
purchase github inc recur monthly purchase license,0.0,0.0,0.0,0.0,0.0,0.0,0.0,0.0,0.0,0.0,0.0,0.0,0.0,0.0,0.0,0.0,0.0,0.0,1.0,0.0,0.0,0.0,0.0,0.0,0.0,0.0,0.0,5773 software license
purchase github inc recur monthly purchase license,0.0,0.0,0.0,0.0,0.0,0.0,0.0,0.0,0.0,0.0,0.0,0.0,0.0,0.0,0.0,0.0,0.0,0.0,1.0,0.0,0.0,0.0,0.0,0.0,0.0,0.0,0.0,5773 software license
purchase github inc recur monthly purchase license,0.0,0.0,0.0,0.0,0.0,0.0,0.0,0.0,0.0,0.0,0.0,0.0,0.0,0.0,0.0,0.0,0.0,0.0,1.0,0.0,0.0,0.0,0.0,0.0,0.0,0.0,0.0,5773 software license
purchase github inc recur monthly purchase license,0.0,0.0,0.0,0.0,0.0,0.0,0.0,0.0,0.0,0.0,0.0,0.0,0.0,0.0,0.0,0.0,0.0,0.0,1.0,0.0,0.0,0.0,0.0,0.0,0.0,0.0,0.0,5773 software license
purchase github inc recur monthly purchase license,0.0,0.0,0.0,0.0,0.0,0.0,0.0,0.0,0.0,0.0,0.0,0.0,0.0,0.0,0.0,0.0,0.0,0.0,1.0,0.0,0.0,0.0,0.0,0.0,0.0,0.0,0.0,5773 software license
purchase github inc recur monthly purchase license,0.0,0.0,0.0,0.0,0.0,0.0,0.0,0.0,0.0,0.0,0.0,0.0,0.0,0.0,0.0,0.0,0.0,0.0,1.0,0.0,0.0,0.0,0.0,0.0,0.0,0.0,0.0,5773 software license
purchase github inc recur monthly purchase license,0.0,0.0,0.0,0.0,0.0,0.0,0.0,0.0,0.0,0.0,0.0,0.0,0.0,0.0,0.0,0.0,0.0,0.0,1.0,0.0,0.0,0.0,0.0,0.0,0.0,0.0,0.0,5773 software license
purchase github inc recur monthly purchase license,0.0,0.0,0.0,0.0,0.0,0.0,0.0,0.0,0.0,0.0,0.0,0.0,0.0,0.0,0.0,0.0,0.0,0.0,1.0,0.0,0.0,0.0,0.0,0.0,0.0,0.0,0.0,5773 software license
purchase github inc recur monthly purchase license,0.0,0.0,0.0,0.0,0.0,0.0,0.0,0.0,0.0,0.0,0.0,0.0,0.0,0.0,0.0,0.0,0.0,0.0,1.0,0.0,0.0,0.0,0.0,0.0,0.0,0.0,0.0,5773 software license
purchase github inc recur monthly purchase license,0.0,0.0,0.0,0.0,0.0,0.0,0.0,0.0,0.0,0.0,0.0,0.0,0.0,0.0,0.0,0.0,0.0,0.0,1.0,0.0,0.0,0.0,0.0,0.0,0.0,0.0,0.0,5773 software license
purchase github inc recur monthly purchase license,0.0,0.0,0.0,0.0,0.0,0.0,0.0,0.0,0.0,0.0,0.0,0.0,0.0,0.0,0.0,0.0,0.0,0.0,1.0,0.0,0.0,0.0,0.0,0.0,0.0,0.0,0.0,5773 software license
purchase github inc recur monthly purchase license,0.0,0.0,0.0,0.0,0.0,0.0,0.0,0.0,0.0,0.0,0.0,0.0,0.0,0.0,0.0,0.0,0.0,0.0,1.0,0.0,0.0,0.0,0.0,0.0,0.0,0.0,0.0,5773 software license
purchase github inc recur monthly purchase license,0.0,0.0,0.0,0.0,0.0,0.0,0.0,0.0,0.0,0.0,0.0,0.0,0.0,0.0,0.0,0.0,0.0,0.0,1.0,0.0,0.0,0.0,0.0,0.0,0.0,0.0,0.0,5773 software license
purchase github inc recur monthly purchase license,0.0,0.0,0.0,0.0,0.0,0.0,0.0,0.0,0.0,0.0,0.0,0.0,0.0,0.0,0.0,0.0,0.0,0.0,1.0,0.0,0.0,0.0,0.0,0.0,0.0,0.0,0.0,5773 software license
purchase github inc recur monthly purchase license,0.0,0.0,0.0,0.0,0.0,0.0,0.0,0.0,0.0,0.0,0.0,0.0,0.0,0.0,0.0,0.0,0.0,0.0,1.0,0.0,0.0,0.0,0.0,0.0,0.0,0.0,0.0,5773 software license
purchase github inc recur monthly purchase license,0.0,0.0,0.0,0.0,0.0,0.0,0.0,0.0,0.0,0.0,0.0,0.0,0.0,0.0,0.0,0.0,0.0,0.0,1.0,0.0,0.0,0.0,0.0,0.0,0.0,0.0,0.0,5773 software license
refund github inc recur monthly purchase license,0.0,0.0,0.0,0.0,0.0,0.0,0.0,0.0,0.0,0.0,0.0,0.0,0.0,0.0,0.0,0.0,0.0,0.0,1.0,0.0,0.0,0.0,0.0,0.0,0.0,0.0,0.0,5773 software license
purchase github inc recur monthly purchase license,0.0,0.0,0.0,0.0,0.0,0.0,0.0,0.0,0.0,0.0,0.0,0.0,0.0,0.0,0.0,0.0,0.0,0.0,1.0,0.0,0.0,0.0,0.0,0.0,0.0,0.0,0.0,5773 software license
purchase github inc recur monthly purchase license,0.0,0.0,0.0,0.0,0.0,0.0,0.0,0.0,0.0,0.0,0.0,0.0,0.0,0.0,0.0,0.0,0.0,0.0,1.0,0.0,0.0,0.0,0.0,0.0,0.0,0.0,0.0,5773 software license
purchase github inc recur monthly purchase license,0.0,0.0,0.0,0.0,0.0,0.0,0.0,0.0,0.0,0.0,0.0,0.0,0.0,0.0,0.0,0.0,0.0,0.0,1.0,0.0,0.0,0.0,0.0,0.0,0.0,0.0,0.0,5773 software license
purchase github inc recur monthly purchase license,0.0,0.0,0.0,0.0,0.0,0.0,0.0,0.0,0.0,0.0,0.0,0.0,0.0,0.0,0.0,0.0,0.0,0.0,1.0,0.0,0.0,0.0,0.0,0.0,0.0,0.0,0.0,5773 software license
purchase github inc recur monthly purchase license,0.0,0.0,0.0,0.0,0.0,0.0,0.0,0.0,0.0,0.0,0.0,0.0,0.0,0.0,0.0,0.0,0.0,0.0,1.0,0.0,0.0,0.0,0.0,0.0,0.0,0.0,0.0,5773 software license
purchase github inc recur monthly purchase license,0.0,0.0,0.0,0.0,0.0,0.0,0.0,0.0,0.0,0.0,0.0,0.0,0.0,0.0,0.0,0.0,0.0,0.0,1.0,0.0,0.0,0.0,0.0,0.0,0.0,0.0,0.0,5773 software license
purchase github inc recur monthly purchase license,0.0,0.0,0.0,0.0,0.0,0.0,0.0,0.0,0.0,0.0,0.0,0.0,0.0,0.0,0.0,0.0,0.0,0.0,1.0,0.0,0.0,0.0,0.0,0.0,0.0,0.0,0.0,5773 software license
purchase github inc recur monthly purchase license,0.0,0.0,0.0,0.0,0.0,0.0,0.0,0.0,0.0,0.0,0.0,0.0,0.0,0.0,0.0,0.0,0.0,0.0,1.0,0.0,0.0,0.0,0.0,0.0,0.0,0.0,0.0,5773 software license
purchase github inc recur monthly purchase license,0.0,0.0,0.0,0.0,0.0,0.0,0.0,0.0,0.0,0.0,0.0,0.0,0.0,0.0,0.0,0.0,0.0,0.0,1.0,0.0,0.0,0.0,0.0,0.0,0.0,0.0,0.0,5773 software license
purchase github inc recur monthly purchase license,0.0,0.0,0.0,0.0,0.0,0.0,0.0,0.0,0.0,0.0,0.0,0.0,0.0,0.0,0.0,0.0,0.0,0.0,1.0,0.0,0.0,0.0,0.0,0.0,0.0,0.0,0.0,5773 software license
purchase github inc recur monthly purchase license,0.0,0.0,0.0,0.0,0.0,0.0,0.0,0.0,0.0,0.0,0.0,0.0,0.0,0.0,0.0,0.0,0.0,0.0,1.0,0.0,0.0,0.0,0.0,0.0,0.0,0.0,0.0,5773 software license
purchase github inc recur monthly purchase license,0.0,0.0,0.0,0.0,0.0,0.0,0.0,0.0,0.0,0.0,0.0,0.0,0.0,0.0,0.0,0.0,0.0,0.0,1.0,0.0,0.0,0.0,0.0,0.0,0.0,0.0,0.0,5773 software license
purchase github inc recur monthly purchase license,0.0,0.0,0.0,0.0,0.0,0.0,0.0,0.0,0.0,0.0,0.0,0.0,0.0,0.0,0.0,0.0,0.0,0.0,1.0,0.0,0.0,0.0,0.0,0.0,0.0,0.0,0.0,5773 software license
purchase github inc recur monthly purchase license,0.0,0.0,0.0,0.0,0.0,0.0,0.0,0.0,0.0,0.0,0.0,0.0,0.0,0.0,0.0,0.0,0.0,0.0,1.0,0.0,0.0,0.0,0.0,0.0,0.0,0.0,0.0,5773 software license
purchase github inc recur monthly purchase license,0.0,0.0,0.0,0.0,0.0,0.0,0.0,0.0,0.0,0.0,0.0,0.0,0.0,0.0,0.0,0.0,0.0,0.0,1.0,0.0,0.0,0.0,0.0,0.0,0.0,0.0,0.0,5773 software license
purchase github inc recur monthly purchase license,0.0,0.0,0.0,0.0,0.0,0.0,0.0,0.0,0.0,0.0,0.0,0.0,0.0,0.0,0.0,0.0,0.0,0.0,1.0,0.0,0.0,0.0,0.0,0.0,0.0,0.0,0.0,5773 software license
purchase github inc recur monthly purchase license,0.0,0.0,0.0,0.0,0.0,0.0,0.0,0.0,0.0,0.0,0.0,0.0,0.0,0.0,0.0,0.0,0.0,0.0,1.0,0.0,0.0,0.0,0.0,0.0,0.0,0.0,0.0,5773 software license
purchase github inc recur monthly purchase license,0.0,0.0,0.0,0.0,0.0,0.0,0.0,0.0,0.0,0.0,0.0,0.0,0.0,0.0,0.0,0.0,0.0,0.0,1.0,0.0,0.0,0.0,0.0,0.0,0.0,0.0,0.0,5773 software license
purchase github inc recur monthly purchase license,0.0,0.0,0.0,0.0,0.0,0.0,0.0,0.0,0.0,0.0,0.0,0.0,0.0,0.0,0.0,0.0,0.0,0.0,1.0,0.0,0.0,0.0,0.0,0.0,0.0,0.0,0.0,5773 software license
purchase github inc recur monthly purchase license,0.0,0.0,0.0,0.0,0.0,0.0,0.0,0.0,0.0,0.0,0.0,0.0,0.0,0.0,0.0,0.0,0.0,0.0,1.0,0.0,0.0,0.0,0.0,0.0,0.0,0.0,0.0,5773 software license
purchase github inc recur monthly purchase license,0.0,0.0,0.0,0.0,0.0,0.0,0.0,0.0,0.0,0.0,0.0,0.0,0.0,0.0,0.0,0.0,0.0,0.0,1.0,0.0,0.0,0.0,0.0,0.0,0.0,0.0,0.0,5773 software license
purchase github inc recur monthly purchase license,0.0,0.0,0.0,0.0,0.0,0.0,0.0,0.0,0.0,0.0,0.0,0.0,0.0,0.0,0.0,0.0,0.0,0.0,1.0,0.0,0.0,0.0,0.0,0.0,0.0,0.0,0.0,5773 software license
purchase github inc recur monthly purchase license,0.0,0.0,0.0,0.0,0.0,0.0,0.0,0.0,0.0,0.0,0.0,0.0,0.0,0.0,0.0,0.0,0.0,0.0,1.0,0.0,0.0,0.0,0.0,0.0,0.0,0.0,0.0,5773 software license
purchase github inc recur monthly purchase license,0.0,0.0,0.0,0.0,0.0,0.0,0.0,0.0,0.0,0.0,0.0,0.0,0.0,0.0,0.0,0.0,0.0,0.0,1.0,0.0,0.0,0.0,0.0,0.0,0.0,0.0,0.0,5773 software license
purchase github inc recur monthly purchase license,0.0,0.0,0.0,0.0,0.0,0.0,0.0,0.0,0.0,0.0,0.0,0.0,0.0,0.0,0.0,0.0,0.0,0.0,1.0,0.0,0.0,0.0,0.0,0.0,0.0,0.0,0.0,5773 software license
purchase github inc recur monthly purchase license,0.0,0.0,0.0,0.0,0.0,0.0,0.0,0.0,0.0,0.0,0.0,0.0,0.0,0.0,0.0,0.0,0.0,0.0,1.0,0.0,0.0,0.0,0.0,0.0,0.0,0.0,0.0,5773 software license
purchase github inc,0.0,0.0,0.0,0.0,0.0,0.0,0.0,0.0,0.0,0.0,0.0,0.0,0.0,0.0,0.0,0.0,0.0,0.0,1.0,0.0,0.0,0.0,0.0,0.0,0.0,0.0,0.0,5773 software license
purchase github inc recur monthly purchase license,0.0,0.0,0.0,0.0,0.0,0.0,0.0,0.0,0.0,0.0,0.0,0.0,0.0,0.0,0.0,0.0,0.0,0.0,1.0,0.0,0.0,0.0,0.0,0.0,0.0,0.0,0.0,5773 software license
purchase github inc,0.0,0.0,0.0,0.0,0.0,0.0,0.0,0.0,0.0,0.0,0.0,0.0,0.0,0.0,0.0,0.0,0.0,0.0,1.0,0.0,0.0,0.0,0.0,0.0,0.0,0.0,0.0,5773 software license
purchase github inc recur monthly purchase license,0.0,0.0,0.0,0.0,0.0,0.0,0.0,0.0,0.0,0.0,0.0,0.0,0.0,0.0,0.0,0.0,0.0,0.0,1.0,0.0,0.0,0.0,0.0,0.0,0.0,0.0,0.0,5773 software license
purchase github inc recur monthly purchase license,0.0,0.0,0.0,0.0,0.0,0.0,0.0,0.0,0.0,0.0,0.0,0.0,0.0,0.0,0.0,0.0,0.0,0.0,1.0,0.0,0.0,0.0,0.0,0.0,0.0,0.0,0.0,5773 software license
purchase github inc,0.0,0.0,0.0,0.0,0.0,0.0,0.0,0.0,0.0,0.0,0.0,0.0,0.0,0.0,0.0,0.0,0.0,0.0,1.0,0.0,0.0,0.0,0.0,0.0,0.0,0.0,0.0,5773 software license
purchase github inc recur monthly purchase license,0.0,0.0,0.0,0.0,0.0,0.0,0.0,0.0,0.0,0.0,0.0,0.0,0.0,0.0,0.0,0.0,0.0,0.0,1.0,0.0,0.0,0.0,0.0,0.0,0.0,0.0,0.0,5773 software license
purchase github inc recur monthly purchase license,0.0,0.0,0.0,0.0,0.0,0.0,0.0,0.0,0.0,0.0,0.0,0.0,0.0,0.0,0.0,0.0,0.0,0.0,1.0,0.0,0.0,0.0,0.0,0.0,0.0,0.0,0.0,5773 software license
purchase github inc recur monthly purchase license,0.0,0.0,0.0,0.0,0.0,0.0,0.0,0.0,0.0,0.0,0.0,0.0,0.0,0.0,0.0,0.0,0.0,0.0,1.0,0.0,0.0,0.0,0.0,0.0,0.0,0.0,0.0,5773 software license
purchase github inc recur monthly purchase license,0.0,0.0,0.0,0.0,0.0,0.0,0.0,0.0,0.0,0.0,0.0,0.0,0.0,0.0,0.0,0.0,0.0,0.0,1.0,0.0,0.0,0.0,0.0,0.0,0.0,0.0,0.0,5773 software license
purchase github inc recur monthly purchase license,0.0,0.0,0.0,0.0,0.0,0.0,0.0,0.0,0.0,0.0,0.0,0.0,0.0,0.0,0.0,0.0,0.0,0.0,1.0,0.0,0.0,0.0,0.0,0.0,0.0,0.0,0.0,5773 software license
purchase github inc,0.0,0.0,0.0,0.0,0.0,0.0,0.0,0.0,0.0,0.0,0.0,0.0,0.0,0.0,0.0,0.0,0.0,0.0,1.0,0.0,0.0,0.0,0.0,0.0,0.0,0.0,0.0,5773 software license
purchase github inc recur monthly purchase license,0.0,0.0,0.0,0.0,0.0,0.0,0.0,0.0,0.0,0.0,0.0,0.0,0.0,0.0,0.0,0.0,0.0,0.0,1.0,0.0,0.0,0.0,0.0,0.0,0.0,0.0,0.0,5773 software license
purchase google cloud 3vtdwz,0.0,0.0,0.0,0.0,0.0,0.0,0.0,0.0,0.0,0.0,0.0,0.0,0.0,0.0,0.0,0.0,0.0,0.0,1.0,0.0,0.0,0.0,0.0,0.0,0.0,0.0,0.0,5773 software license
purchase google cloud dfhg7v,0.0,0.0,0.0,0.0,0.0,0.0,0.0,0.0,0.0,0.0,0.0,0.0,0.0,0.0,0.0,0.0,0.0,0.0,1.0,0.0,0.0,0.0,0.0,0.0,0.0,0.0,0.0,5773 software license
purchase google cloud kzknz7,0.0,0.0,0.0,0.0,0.0,0.0,0.0,0.0,0.0,0.0,0.0,0.0,0.0,0.0,0.0,0.0,0.0,0.0,1.0,0.0,0.0,0.0,0.0,0.0,0.0,0.0,0.0,5773 software license
purchase google cloud plqtb4,0.0,0.0,0.0,0.0,0.0,0.0,0.0,0.0,0.0,0.0,0.0,0.0,0.0,0.0,0.0,0.0,0.0,0.0,1.0,0.0,0.0,0.0,0.0,0.0,0.0,0.0,0.0,5773 software license
purchase google cloud qnx3wp,0.0,0.0,0.0,0.0,0.0,0.0,0.0,0.0,0.0,0.0,0.0,0.0,0.0,0.0,0.0,0.0,0.0,0.0,1.0,0.0,0.0,0.0,0.0,0.0,0.0,0.0,0.0,5773 software license
purchase google cloud qxzc8 g,0.0,0.0,0.0,0.0,0.0,0.0,0.0,0.0,0.0,0.0,0.0,0.0,0.0,0.0,0.0,0.0,0.0,0.0,1.0,0.0,0.0,0.0,0.0,0.0,0.0,0.0,0.0,5773 software license
purchase google cloud wd3rlb,0.0,0.0,0.0,0.0,0.0,0.0,0.0,0.0,0.0,0.0,0.0,0.0,0.0,0.0,0.0,0.0,0.0,0.0,1.0,0.0,0.0,0.0,0.0,0.0,0.0,0.0,0.0,5773 software license
purchase google cloud zlw4k6,0.0,0.0,0.0,0.0,0.0,0.0,0.0,0.0,0.0,0.0,0.0,0.0,0.0,0.0,0.0,0.0,0.0,0.0,1.0,0.0,0.0,0.0,0.0,0.0,0.0,0.0,0.0,5773 software license
purchase google gsuite_bloomap,0.0,0.0,0.0,0.0,0.0,0.0,0.0,0.0,0.0,0.0,0.0,0.0,0.0,0.0,0.0,0.0,0.0,0.0,1.0,0.0,0.0,0.0,0.0,0.0,0.0,0.0,0.0,5773 software license
purchase google gsuite_bloomap,0.0,0.0,0.0,0.0,0.0,0.0,0.0,0.0,0.0,0.0,0.0,0.0,0.0,0.0,0.0,0.0,0.0,0.0,1.0,0.0,0.0,0.0,0.0,0.0,0.0,0.0,0.0,5773 software license
purchase google gsuite_bloomap,0.0,0.0,0.0,0.0,0.0,0.0,0.0,0.0,0.0,0.0,0.0,0.0,0.0,0.0,0.0,0.0,0.0,0.0,1.0,0.0,0.0,0.0,0.0,0.0,0.0,0.0,0.0,5773 software license
purchase google gsuite_bloomap,0.0,0.0,0.0,0.0,0.0,0.0,0.0,0.0,0.0,0.0,0.0,0.0,0.0,0.0,0.0,0.0,0.0,0.0,1.0,0.0,0.0,0.0,0.0,0.0,0.0,0.0,0.0,5773 software license
purchase google gsuite_freshst google g suite recurring charge spring $ 17.47 month freshstart $ 65.52 approve victor ko,0.0,0.0,0.0,0.0,0.0,0.0,0.0,0.0,0.0,0.0,0.0,0.0,0.0,0.0,0.0,0.0,0.0,0.0,0.3767610800280548,0.0,0.9263104709416242,0.0,0.0,0.0,0.0,0.0,0.0,5773 software license
purchase google gsuite_freshst google g suite recurring charge spring $ 17.47 month freshstart $ 65.52 approve victor ko,0.0,0.0,0.0,0.0,0.0,0.0,0.0,0.0,0.0,0.0,0.0,0.0,0.0,0.0,0.0,0.0,0.0,0.0,0.3767610800280548,0.0,0.9263104709416242,0.0,0.0,0.0,0.0,0.0,0.0,5773 software license
purchase google gsuite_freshst google g suite recurring charge spring $ 17.47 month freshstart $ 65.52 approve victor ko,0.0,0.0,0.0,0.0,0.0,0.0,0.0,0.0,0.0,0.0,0.0,0.0,0.0,0.0,0.0,0.0,0.0,0.0,0.3767610800280548,0.0,0.9263104709416242,0.0,0.0,0.0,0.0,0.0,0.0,5773 software license
purchase google gsuite_springa google g suite recurring charge spring $ 17.47 month freshstart $ 65.52 approve victor ko,0.0,0.0,0.0,0.0,0.0,0.0,0.0,0.0,0.0,0.0,0.0,0.0,0.0,0.0,0.0,0.0,0.0,0.0,0.3767610800280548,0.0,0.9263104709416242,0.0,0.0,0.0,0.0,0.0,0.0,5773 software license
purchase google gsuite_springa google g suite recurring charge spring $ 17.47 month freshstart $ 65.52 approve victor ko,0.0,0.0,0.0,0.0,0.0,0.0,0.0,0.0,0.0,0.0,0.0,0.0,0.0,0.0,0.0,0.0,0.0,0.0,0.3767610800280548,0.0,0.9263104709416242,0.0,0.0,0.0,0.0,0.0,0.0,5773 software license
purchase google gsuite_springa google g suite recurring charge spring $ 17.47 month freshstart $ 65.52 approve victor ko,0.0,0.0,0.0,0.0,0.0,0.0,0.0,0.0,0.0,0.0,0.0,0.0,0.0,0.0,0.0,0.0,0.0,0.0,0.3767610800280548,0.0,0.9263104709416242,0.0,0.0,0.0,0.0,0.0,0.0,5773 software license
purchase google gsuite_springa google g suite recurring charge spring $ 17.47 month freshstart $ 65.52 approve victor ko,0.0,0.0,0.0,0.0,0.0,0.0,0.0,0.0,0.0,0.0,0.0,0.0,0.0,0.0,0.0,0.0,0.0,0.0,0.3767610800280548,0.0,0.9263104709416242,0.0,0.0,0.0,0.0,0.0,0.0,5773 software license
purchase google gsuite_springb google g suite recurring charge spring $ 17.47 month freshstart $ 65.52 approve victor ko,0.0,0.0,0.0,0.0,0.0,0.0,0.0,0.0,0.0,0.0,0.0,0.0,0.0,0.0,0.0,0.0,0.0,0.0,0.3767610800280548,0.0,0.9263104709416242,0.0,0.0,0.0,0.0,0.0,0.0,5773 software license
purchase google gsuite_springb google g suite recurring charge spring $ 17.47 month freshstart $ 65.52 approve victor ko,0.0,0.0,0.0,0.0,0.0,0.0,0.0,0.0,0.0,0.0,0.0,0.0,0.0,0.0,0.0,0.0,0.0,0.0,0.3767610800280548,0.0,0.9263104709416242,0.0,0.0,0.0,0.0,0.0,0.0,5773 software license
purchase google gsuite_springb google g suite recurring charge spring $ 17.47 month freshstart $ 65.52 approve victor ko,0.0,0.0,0.0,0.0,0.0,0.0,0.0,0.0,0.0,0.0,0.0,0.0,0.0,0.0,0.0,0.0,0.0,0.0,0.3767610800280548,0.0,0.9263104709416242,0.0,0.0,0.0,0.0,0.0,0.0,5773 software license
purchase google gsuite_springb google g suite recurring charge spring $ 17.47 month freshstart $ 65.52 approve victor ko,0.0,0.0,0.0,0.0,0.0,0.0,0.0,0.0,0.0,0.0,0.0,0.0,0.0,0.0,0.0,0.0,0.0,0.0,0.3767610800280548,0.0,0.9263104709416242,0.0,0.0,0.0,0.0,0.0,0.0,5773 software license
purchase google gsuite_springb google g suite recurring charge spring $ 17.47 month freshstart $ 65.52 approve victor ko,0.0,0.0,0.0,0.0,0.0,0.0,0.0,0.0,0.0,0.0,0.0,0.0,0.0,0.0,0.0,0.0,0.0,0.0,0.3767610800280548,0.0,0.9263104709416242,0.0,0.0,0.0,0.0,0.0,0.0,5773 software license
purchase google gsuite_springb google g suite recurring charge spring $ 17.47 month freshstart $ 65.52 approve victor ko,0.0,0.0,0.0,0.0,0.0,0.0,0.0,0.0,0.0,0.0,0.0,0.0,0.0,0.0,0.0,0.0,0.0,0.0,0.3767610800280548,0.0,0.9263104709416242,0.0,0.0,0.0,0.0,0.0,0.0,5773 software license
purchase google gsuite_springf google g suite recurring charge spring $ 17.47 month freshstart $ 65.52 approve victor ko,0.0,0.0,0.0,0.0,0.0,0.0,0.0,0.0,0.0,0.0,0.0,0.0,0.0,0.0,0.0,0.0,0.0,0.0,0.3767610800280548,0.0,0.9263104709416242,0.0,0.0,0.0,0.0,0.0,0.0,5773 software license
purchase google youtubepremium,0.0,0.0,0.0,0.0,0.0,0.0,0.0,0.0,0.0,0.0,0.0,0.0,0.0,0.0,0.0,0.0,0.0,0.0,1.0,0.0,0.0,0.0,0.0,0.0,0.0,0.0,0.0,5773 software license
purchase google youtubepremium,0.0,0.0,0.0,0.0,0.0,0.0,0.0,0.0,0.0,0.0,0.0,0.0,0.0,0.0,0.0,0.0,0.0,0.0,1.0,0.0,0.0,0.0,0.0,0.0,0.0,0.0,0.0,5773 software license
purchase google youtubepremium,0.0,0.0,0.0,0.0,0.0,0.0,0.0,0.0,0.0,0.0,0.0,0.0,0.0,0.0,0.0,0.0,0.0,0.0,1.0,0.0,0.0,0.0,0.0,0.0,0.0,0.0,0.0,5773 software license
purchase google youtubepremium,0.0,0.0,0.0,0.0,0.0,0.0,0.0,0.0,0.0,0.0,0.0,0.0,0.0,0.0,0.0,0.0,0.0,0.0,1.0,0.0,0.0,0.0,0.0,0.0,0.0,0.0,0.0,5773 software license
purchase google youtubepremium,0.0,0.0,0.0,0.0,0.0,0.0,0.0,0.0,0.0,0.0,0.0,0.0,0.0,0.0,0.0,0.0,0.0,0.0,1.0,0.0,0.0,0.0,0.0,0.0,0.0,0.0,0.0,5773 software license
purchase google youtubepremium,0.0,0.0,0.0,0.0,0.0,0.0,0.0,0.0,0.0,0.0,0.0,0.0,0.0,0.0,0.0,0.0,0.0,0.0,1.0,0.0,0.0,0.0,0.0,0.0,0.0,0.0,0.0,5773 software license
purchase google youtubepremium,0.0,0.0,0.0,0.0,0.0,0.0,0.0,0.0,0.0,0.0,0.0,0.0,0.0,0.0,0.0,0.0,0.0,0.0,1.0,0.0,0.0,0.0,0.0,0.0,0.0,0.0,0.0,5773 software license
purchase google youtubepremium,0.0,0.0,0.0,0.0,0.0,0.0,0.0,0.0,0.0,0.0,0.0,0.0,0.0,0.0,0.0,0.0,0.0,0.0,1.0,0.0,0.0,0.0,0.0,0.0,0.0,0.0,0.0,5773 software license
purchase google*cloud 3hhz62,0.0,0.0,0.0,0.0,0.0,0.0,0.0,0.0,0.0,0.0,0.0,0.0,0.0,0.0,0.0,0.0,0.0,0.0,1.0,0.0,0.0,0.0,0.0,0.0,0.0,0.0,0.0,5773 software license
purchase google*cloud 5dv3v4,0.0,0.0,0.0,0.0,0.0,0.0,0.0,0.0,0.0,0.0,0.0,0.0,0.0,0.0,0.0,0.0,0.0,0.0,1.0,0.0,0.0,0.0,0.0,0.0,0.0,0.0,0.0,5773 software license
purchase google*cloud 7s9hsw,0.0,0.0,0.0,0.0,0.0,0.0,0.0,0.0,0.0,0.0,0.0,0.0,0.0,0.0,0.0,0.0,0.0,0.0,1.0,0.0,0.0,0.0,0.0,0.0,0.0,0.0,0.0,5773 software license
purchase google*cloud fcwxst,0.0,0.0,0.0,0.0,0.0,0.0,0.0,0.0,0.0,0.0,0.0,0.0,0.0,0.0,0.0,0.0,0.0,0.0,1.0,0.0,0.0,0.0,0.0,0.0,0.0,0.0,0.0,5773 software license
purchase google*cloud fv9dj9,0.0,0.0,0.0,0.0,0.0,0.0,0.0,0.0,0.0,0.0,0.0,0.0,0.0,0.0,0.0,0.0,0.0,0.0,1.0,0.0,0.0,0.0,0.0,0.0,0.0,0.0,0.0,5773 software license
purchase google*cloud gl8xfl,0.0,0.0,0.0,0.0,0.0,0.0,0.0,0.0,0.0,0.0,0.0,0.0,0.0,0.0,0.0,0.0,0.0,0.0,1.0,0.0,0.0,0.0,0.0,0.0,0.0,0.0,0.0,5773 software license
purchase google*cloud k5rc5q,0.0,0.0,0.0,0.0,0.0,0.0,0.0,0.0,0.0,0.0,0.0,0.0,0.0,0.0,0.0,0.0,0.0,0.0,1.0,0.0,0.0,0.0,0.0,0.0,0.0,0.0,0.0,5773 software license
purchase google*cloud l6hb2v,0.0,0.0,0.0,0.0,0.0,0.0,0.0,0.0,0.0,0.0,0.0,0.0,0.0,0.0,0.0,0.0,0.0,0.0,1.0,0.0,0.0,0.0,0.0,0.0,0.0,0.0,0.0,5773 software license
purchase google*cloud mw4mjm,0.0,0.0,0.0,0.0,0.0,0.0,0.0,0.0,0.0,0.0,0.0,0.0,0.0,0.0,0.0,0.0,0.0,0.0,1.0,0.0,0.0,0.0,0.0,0.0,0.0,0.0,0.0,5773 software license
purchase google*cloud q5bzj8,0.0,0.0,0.0,0.0,0.0,0.0,0.0,0.0,0.0,0.0,0.0,0.0,0.0,0.0,0.0,0.0,0.0,0.0,1.0,0.0,0.0,0.0,0.0,0.0,0.0,0.0,0.0,5773 software license
purchase google*cloud r9vkbb,0.0,0.0,0.0,0.0,0.0,0.0,0.0,0.0,0.0,0.0,0.0,0.0,0.0,0.0,0.0,0.0,0.0,0.0,1.0,0.0,0.0,0.0,0.0,0.0,0.0,0.0,0.0,5773 software license
purchase google*cloud z9sgt6,0.0,0.0,0.0,0.0,0.0,0.0,0.0,0.0,0.0,0.0,0.0,0.0,0.0,0.0,0.0,0.0,0.0,0.0,1.0,0.0,0.0,0.0,0.0,0.0,0.0,0.0,0.0,5773 software license
purchase google*gsuite bloomapp,0.0,0.0,0.0,0.0,0.0,0.0,0.0,0.0,0.0,0.0,0.0,0.0,0.0,0.0,0.0,0.0,0.0,0.0,1.0,0.0,0.0,0.0,0.0,0.0,0.0,0.0,0.0,5773 software license
purchase google*gsuite bloomapp,0.0,0.0,0.0,0.0,0.0,0.0,0.0,0.0,0.0,0.0,0.0,0.0,0.0,0.0,0.0,0.0,0.0,0.0,1.0,0.0,0.0,0.0,0.0,0.0,0.0,0.0,0.0,5773 software license
purchase google*gsuite bloomapp,0.0,0.0,0.0,0.0,0.0,0.0,0.0,0.0,0.0,0.0,0.0,0.0,0.0,0.0,0.0,0.0,0.0,0.0,1.0,0.0,0.0,0.0,0.0,0.0,0.0,0.0,0.0,5773 software license
purchase google*gsuite bloomapp,0.0,0.0,0.0,0.0,0.0,0.0,0.0,0.0,0.0,0.0,0.0,0.0,0.0,0.0,0.0,0.0,0.0,0.0,1.0,0.0,0.0,0.0,0.0,0.0,0.0,0.0,0.0,5773 software license
purchase google*gsuite bloomapp,0.0,0.0,0.0,0.0,0.0,0.0,0.0,0.0,0.0,0.0,0.0,0.0,0.0,0.0,0.0,0.0,0.0,0.0,1.0,0.0,0.0,0.0,0.0,0.0,0.0,0.0,0.0,5773 software license
purchase google*gsuite bloomapp,0.0,0.0,0.0,0.0,0.0,0.0,0.0,0.0,0.0,0.0,0.0,0.0,0.0,0.0,0.0,0.0,0.0,0.0,1.0,0.0,0.0,0.0,0.0,0.0,0.0,0.0,0.0,5773 software license
purchase google*gsuite bloomapp,0.0,0.0,0.0,0.0,0.0,0.0,0.0,0.0,0.0,0.0,0.0,0.0,0.0,0.0,0.0,0.0,0.0,0.0,1.0,0.0,0.0,0.0,0.0,0.0,0.0,0.0,0.0,5773 software license
purchase google*gsuite bloomapp,0.0,0.0,0.0,0.0,0.0,0.0,0.0,0.0,0.0,0.0,0.0,0.0,0.0,0.0,0.0,0.0,0.0,0.0,1.0,0.0,0.0,0.0,0.0,0.0,0.0,0.0,0.0,5773 software license
purchase google*gsuite freshsta google g suite recurring charge spring $ 17.47 month freshstart $ 65.52 approve victor ko,0.0,0.0,0.0,0.0,0.0,0.0,0.0,0.0,0.0,0.0,0.0,0.0,0.0,0.0,0.0,0.0,0.0,0.0,0.3767610800280548,0.0,0.9263104709416242,0.0,0.0,0.0,0.0,0.0,0.0,5773 software license
purchase google*gsuite freshsta google g suite recurring charge spring $ 17.47 month freshstart $ 65.52 approve victor ko,0.0,0.0,0.0,0.0,0.0,0.0,0.0,0.0,0.0,0.0,0.0,0.0,0.0,0.0,0.0,0.0,0.0,0.0,0.3767610800280548,0.0,0.9263104709416242,0.0,0.0,0.0,0.0,0.0,0.0,5773 software license
purchase google*gsuite freshsta google g suite recurring charge spring $ 17.47 month freshstart $ 65.52 approve victor ko,0.0,0.0,0.0,0.0,0.0,0.0,0.0,0.0,0.0,0.0,0.0,0.0,0.0,0.0,0.0,0.0,0.0,0.0,0.3767610800280548,0.0,0.9263104709416242,0.0,0.0,0.0,0.0,0.0,0.0,5773 software license
purchase google*gsuite freshsta google g suite recurring charge spring $ 17.47 month freshstart $ 65.52 approve victor ko,0.0,0.0,0.0,0.0,0.0,0.0,0.0,0.0,0.0,0.0,0.0,0.0,0.0,0.0,0.0,0.0,0.0,0.0,0.3767610800280548,0.0,0.9263104709416242,0.0,0.0,0.0,0.0,0.0,0.0,5773 software license
purchase google*gsuite freshsta google g suite recurring charge spring $ 17.47 month freshstart $ 65.52 approve victor ko,0.0,0.0,0.0,0.0,0.0,0.0,0.0,0.0,0.0,0.0,0.0,0.0,0.0,0.0,0.0,0.0,0.0,0.0,0.3767610800280548,0.0,0.9263104709416242,0.0,0.0,0.0,0.0,0.0,0.0,5773 software license
purchase google*gsuite freshsta google g suite recurring charge spring $ 17.47 month freshstart $ 65.52 approve victor ko,0.0,0.0,0.0,0.0,0.0,0.0,0.0,0.0,0.0,0.0,0.0,0.0,0.0,0.0,0.0,0.0,0.0,0.0,0.3767610800280548,0.0,0.9263104709416242,0.0,0.0,0.0,0.0,0.0,0.0,5773 software license
purchase google*gsuite freshsta google g suite recurring charge spring $ 17.47 month freshstart $ 65.52 approve victor ko,0.0,0.0,0.0,0.0,0.0,0.0,0.0,0.0,0.0,0.0,0.0,0.0,0.0,0.0,0.0,0.0,0.0,0.0,0.3767610800280548,0.0,0.9263104709416242,0.0,0.0,0.0,0.0,0.0,0.0,5773 software license
purchase google*gsuite freshsta google g suite recurring charge spring $ 17.47 month freshstart $ 65.52 approve victor ko,0.0,0.0,0.0,0.0,0.0,0.0,0.0,0.0,0.0,0.0,0.0,0.0,0.0,0.0,0.0,0.0,0.0,0.0,0.3767610800280548,0.0,0.9263104709416242,0.0,0.0,0.0,0.0,0.0,0.0,5773 software license
purchase google*gsuite springau google g suite recurring charge spring $ 17.47 month freshstart $ 65.52 approve victor ko,0.0,0.0,0.0,0.0,0.0,0.0,0.0,0.0,0.0,0.0,0.0,0.0,0.0,0.0,0.0,0.0,0.0,0.0,0.3767610800280548,0.0,0.9263104709416242,0.0,0.0,0.0,0.0,0.0,0.0,5773 software license
purchase google*gsuite springau google g suite recurring charge spring $ 17.47 month freshstart $ 65.52 approve victor ko,0.0,0.0,0.0,0.0,0.0,0.0,0.0,0.0,0.0,0.0,0.0,0.0,0.0,0.0,0.0,0.0,0.0,0.0,0.3767610800280548,0.0,0.9263104709416242,0.0,0.0,0.0,0.0,0.0,0.0,5773 software license
purchase google*gsuite springau google g suite recurring charge spring $ 17.47 month freshstart $ 65.52 approve victor ko,0.0,0.0,0.0,0.0,0.0,0.0,0.0,0.0,0.0,0.0,0.0,0.0,0.0,0.0,0.0,0.0,0.0,0.0,0.3767610800280548,0.0,0.9263104709416242,0.0,0.0,0.0,0.0,0.0,0.0,5773 software license
purchase google*gsuite springau google g suite recurring charge spring $ 17.47 month freshstart $ 65.52 approve victor ko,0.0,0.0,0.0,0.0,0.0,0.0,0.0,0.0,0.0,0.0,0.0,0.0,0.0,0.0,0.0,0.0,0.0,0.0,0.3767610800280548,0.0,0.9263104709416242,0.0,0.0,0.0,0.0,0.0,0.0,5773 software license
purchase google*gsuite springau google g suite recurring charge spring $ 17.47 month freshstart $ 65.52 approve victor ko,0.0,0.0,0.0,0.0,0.0,0.0,0.0,0.0,0.0,0.0,0.0,0.0,0.0,0.0,0.0,0.0,0.0,0.0,0.3767610800280548,0.0,0.9263104709416242,0.0,0.0,0.0,0.0,0.0,0.0,5773 software license
purchase google*gsuite springau google g suite recurring charge spring $ 17.47 month freshstart $ 65.52 approve victor ko,0.0,0.0,0.0,0.0,0.0,0.0,0.0,0.0,0.0,0.0,0.0,0.0,0.0,0.0,0.0,0.0,0.0,0.0,0.3767610800280548,0.0,0.9263104709416242,0.0,0.0,0.0,0.0,0.0,0.0,5773 software license
purchase google*gsuite springau google g suite recurring charge spring $ 17.47 month freshstart $ 65.52 approve victor ko,0.0,0.0,0.0,0.0,0.0,0.0,0.0,0.0,0.0,0.0,0.0,0.0,0.0,0.0,0.0,0.0,0.0,0.0,0.3767610800280548,0.0,0.9263104709416242,0.0,0.0,0.0,0.0,0.0,0.0,5773 software license
purchase google*gsuite springau google g suite recurring charge spring $ 17.47 month freshstart $ 65.52 approve victor ko,0.0,0.0,0.0,0.0,0.0,0.0,0.0,0.0,0.0,0.0,0.0,0.0,0.0,0.0,0.0,0.0,0.0,0.0,0.3767610800280548,0.0,0.9263104709416242,0.0,0.0,0.0,0.0,0.0,0.0,5773 software license
purchase google*gsuite springby google g suite recurring charge spring $ 17.47 month freshstart $ 65.52 approve victor ko,0.0,0.0,0.0,0.0,0.0,0.0,0.0,0.0,0.0,0.0,0.0,0.0,0.0,0.0,0.0,0.0,0.0,0.0,0.3767610800280548,0.0,0.9263104709416242,0.0,0.0,0.0,0.0,0.0,0.0,5773 software license
purchase google*gsuite springby google g suite recurring charge spring $ 17.47 month freshstart $ 65.52 approve victor ko,0.0,0.0,0.0,0.0,0.0,0.0,0.0,0.0,0.0,0.0,0.0,0.0,0.0,0.0,0.0,0.0,0.0,0.0,0.3767610800280548,0.0,0.9263104709416242,0.0,0.0,0.0,0.0,0.0,0.0,5773 software license
purchase google*gsuite springby google g suite recurring charge spring $ 17.47 month freshstart $ 65.52 approve victor ko,0.0,0.0,0.0,0.0,0.0,0.0,0.0,0.0,0.0,0.0,0.0,0.0,0.0,0.0,0.0,0.0,0.0,0.0,0.3767610800280548,0.0,0.9263104709416242,0.0,0.0,0.0,0.0,0.0,0.0,5773 software license
purchase google*gsuite springby google g suite recurring charge spring $ 17.47 month freshstart $ 65.52 approve victor ko,0.0,0.0,0.0,0.0,0.0,0.0,0.0,0.0,0.0,0.0,0.0,0.0,0.0,0.0,0.0,0.0,0.0,0.0,0.3767610800280548,0.0,0.9263104709416242,0.0,0.0,0.0,0.0,0.0,0.0,5773 software license
purchase google*gsuite springby google g suite recurring charge spring $ 17.47 month freshstart $ 65.52 approve victor ko,0.0,0.0,0.0,0.0,0.0,0.0,0.0,0.0,0.0,0.0,0.0,0.0,0.0,0.0,0.0,0.0,0.0,0.0,0.3767610800280548,0.0,0.9263104709416242,0.0,0.0,0.0,0.0,0.0,0.0,5773 software license
purchase google*gsuite springby google g suite recurring charge spring $ 17.47 month freshstart $ 65.52 approve victor ko,0.0,0.0,0.0,0.0,0.0,0.0,0.0,0.0,0.0,0.0,0.0,0.0,0.0,0.0,0.0,0.0,0.0,0.0,0.3767610800280548,0.0,0.9263104709416242,0.0,0.0,0.0,0.0,0.0,0.0,5773 software license
purchase google*gsuite springfi google g suite recurring charge spring $ 17.47 month freshstart $ 65.52 approve victor ko,0.0,0.0,0.0,0.0,0.0,0.0,0.0,0.0,0.0,0.0,0.0,0.0,0.0,0.0,0.0,0.0,0.0,0.0,0.3767610800280548,0.0,0.9263104709416242,0.0,0.0,0.0,0.0,0.0,0.0,5773 software license
purchase google*gsuite springfi google g suite recurring charge spring $ 17.47 month freshstart $ 65.52 approve victor ko,0.0,0.0,0.0,0.0,0.0,0.0,0.0,0.0,0.0,0.0,0.0,0.0,0.0,0.0,0.0,0.0,0.0,0.0,0.3767610800280548,0.0,0.9263104709416242,0.0,0.0,0.0,0.0,0.0,0.0,5773 software license
purchase google*gsuite springfi google g suite recurring charge spring $ 17.47 month freshstart $ 65.52 approve victor ko,0.0,0.0,0.0,0.0,0.0,0.0,0.0,0.0,0.0,0.0,0.0,0.0,0.0,0.0,0.0,0.0,0.0,0.0,0.3767610800280548,0.0,0.9263104709416242,0.0,0.0,0.0,0.0,0.0,0.0,5773 software license
purchase google*gsuite springfi google g suite recurring charge spring $ 17.47 month freshstart $ 65.52 approve victor ko,0.0,0.0,0.0,0.0,0.0,0.0,0.0,0.0,0.0,0.0,0.0,0.0,0.0,0.0,0.0,0.0,0.0,0.0,0.3767610800280548,0.0,0.9263104709416242,0.0,0.0,0.0,0.0,0.0,0.0,5773 software license
purchase google*gsuite springfi google g suite recurring charge spring $ 17.47 month freshstart $ 65.52 approve victor ko,0.0,0.0,0.0,0.0,0.0,0.0,0.0,0.0,0.0,0.0,0.0,0.0,0.0,0.0,0.0,0.0,0.0,0.0,0.3767610800280548,0.0,0.9263104709416242,0.0,0.0,0.0,0.0,0.0,0.0,5773 software license
purchase google*gsuite springfi google g suite recurring charge spring $ 17.47 month freshstart $ 65.52 approve victor ko,0.0,0.0,0.0,0.0,0.0,0.0,0.0,0.0,0.0,0.0,0.0,0.0,0.0,0.0,0.0,0.0,0.0,0.0,0.3767610800280548,0.0,0.9263104709416242,0.0,0.0,0.0,0.0,0.0,0.0,5773 software license
purchase google*gsuite springfi google g suite recurring charge spring $ 17.47 month freshstart $ 65.52 approve victor ko,0.0,0.0,0.0,0.0,0.0,0.0,0.0,0.0,0.0,0.0,0.0,0.0,0.0,0.0,0.0,0.0,0.0,0.0,0.3767610800280548,0.0,0.9263104709416242,0.0,0.0,0.0,0.0,0.0,0.0,5773 software license
purchase google*gsuite springfi google g suite recurring charge spring $ 17.47 month freshstart $ 65.52 approve victor ko,0.0,0.0,0.0,0.0,0.0,0.0,0.0,0.0,0.0,0.0,0.0,0.0,0.0,0.0,0.0,0.0,0.0,0.0,0.3767610800280548,0.0,0.9263104709416242,0.0,0.0,0.0,0.0,0.0,0.0,5773 software license
purchase google*gsuite springfi google g suite recurring charge spring $ 17.47 month freshstart $ 65.52 approve victor ko,0.0,0.0,0.0,0.0,0.0,0.0,0.0,0.0,0.0,0.0,0.0,0.0,0.0,0.0,0.0,0.0,0.0,0.0,0.3767610800280548,0.0,0.9263104709416242,0.0,0.0,0.0,0.0,0.0,0.0,5773 software license
purchase google*gsuite springfi google g suite recurring charge spring $ 17.47 month freshstart $ 65.52 approve victor ko,0.0,0.0,0.0,0.0,0.0,0.0,0.0,0.0,0.0,0.0,0.0,0.0,0.0,0.0,0.0,0.0,0.0,0.0,0.3767610800280548,0.0,0.9263104709416242,0.0,0.0,0.0,0.0,0.0,0.0,5773 software license
purchase google*gsuite springfi google g suite recurring charge spring $ 17.47 month freshstart $ 65.52 approve victor ko,0.0,0.0,0.0,0.0,0.0,0.0,0.0,0.0,0.0,0.0,0.0,0.0,0.0,0.0,0.0,0.0,0.0,0.0,0.3767610800280548,0.0,0.9263104709416242,0.0,0.0,0.0,0.0,0.0,0.0,5773 software license
purchase google*workspace fresh google g suite recurring charge spring $ 17.47 month freshstart $ 65.52 approve victor ko,0.0,0.0,0.0,0.0,0.0,0.0,0.0,0.0,0.0,0.0,0.0,0.0,0.0,0.0,0.0,0.0,0.0,0.0,0.3767610800280548,0.0,0.9263104709416242,0.0,0.0,0.0,0.0,0.0,0.0,5773 software license
purchase google*youtubepremium,0.0,0.0,0.0,0.0,0.0,0.0,0.0,0.0,0.0,0.0,0.0,0.0,0.0,0.0,0.0,0.0,0.0,0.0,1.0,0.0,0.0,0.0,0.0,0.0,0.0,0.0,0.0,5773 software license
purchase grammarly co*ag5jlvs,0.0,0.0,0.0,0.0,0.0,0.0,0.0,0.0,0.0,0.0,0.0,0.0,0.0,0.0,0.0,0.0,0.0,0.0,1.0,0.0,0.0,0.0,0.0,0.0,0.0,0.0,0.0,5773 software license
purchase grammarly co*awrbp7,0.0,0.0,0.0,0.0,0.0,0.0,0.0,0.0,0.0,0.0,0.0,0.0,0.0,0.0,0.0,0.0,0.0,0.0,1.0,0.0,0.0,0.0,0.0,0.0,0.0,0.0,0.0,5773 software license
purchase grammarly co*qxxigy7,0.0,0.0,0.0,0.0,0.0,0.0,0.0,0.0,0.0,0.0,0.0,0.0,0.0,0.0,0.0,0.0,0.0,0.0,1.0,0.0,0.0,0.0,0.0,0.0,0.0,0.0,0.0,5773 software license
purchase grammarly co*v7wedtu,0.0,0.0,0.0,0.0,0.0,0.0,0.0,0.0,0.0,0.0,0.0,0.0,0.0,0.0,0.0,0.0,0.0,0.0,1.0,0.0,0.0,0.0,0.0,0.0,0.0,0.0,0.0,5773 software license
purchase hex technologies inc,0.0,0.0,0.0,0.0,0.0,0.0,0.0,0.0,0.0,0.0,0.0,0.0,0.0,0.0,0.0,0.0,0.0,0.0,1.0,0.0,0.0,0.0,0.0,0.0,0.0,0.0,0.0,5773 software license
purchase hex technologies inc,0.0,0.0,0.0,0.0,0.0,0.0,0.0,0.0,0.0,0.0,0.0,0.0,0.0,0.0,0.0,0.0,0.0,0.0,1.0,0.0,0.0,0.0,0.0,0.0,0.0,0.0,0.0,5773 software license
purchase hex technologies inc,0.0,0.0,0.0,0.0,0.0,0.0,0.0,0.0,0.0,0.0,0.0,0.0,0.0,0.0,0.0,0.0,0.0,0.0,1.0,0.0,0.0,0.0,0.0,0.0,0.0,0.0,0.0,5773 software license
purchase hex.tech,0.0,0.0,0.0,0.0,0.0,0.0,0.0,0.0,0.0,0.0,0.0,0.0,0.0,0.0,0.0,0.0,0.0,0.0,1.0,0.0,0.0,0.0,0.0,0.0,0.0,0.0,0.0,5773 software license
purchase hex.tech,0.0,0.0,0.0,0.0,0.0,0.0,0.0,0.0,0.0,0.0,0.0,0.0,0.0,0.0,0.0,0.0,0.0,0.0,1.0,0.0,0.0,0.0,0.0,0.0,0.0,0.0,0.0,5773 software license
purchase hex.tech,0.0,0.0,0.0,0.0,0.0,0.0,0.0,0.0,0.0,0.0,0.0,0.0,0.0,0.0,0.0,0.0,0.0,0.0,1.0,0.0,0.0,0.0,0.0,0.0,0.0,0.0,0.0,5773 software license
purchase hex.tech,0.0,0.0,0.0,0.0,0.0,0.0,0.0,0.0,0.0,0.0,0.0,0.0,0.0,0.0,0.0,0.0,0.0,0.0,1.0,0.0,0.0,0.0,0.0,0.0,0.0,0.0,0.0,5773 software license
purchase hex.tech,0.0,0.0,0.0,0.0,0.0,0.0,0.0,0.0,0.0,0.0,0.0,0.0,0.0,0.0,0.0,0.0,0.0,0.0,1.0,0.0,0.0,0.0,0.0,0.0,0.0,0.0,0.0,5773 software license
purchase hex.tech,0.0,0.0,0.0,0.0,0.0,0.0,0.0,0.0,0.0,0.0,0.0,0.0,0.0,0.0,0.0,0.0,0.0,0.0,1.0,0.0,0.0,0.0,0.0,0.0,0.0,0.0,0.0,5773 software license
purchase hex.tech,0.0,0.0,0.0,0.0,0.0,0.0,0.0,0.0,0.0,0.0,0.0,0.0,0.0,0.0,0.0,0.0,0.0,0.0,1.0,0.0,0.0,0.0,0.0,0.0,0.0,0.0,0.0,5773 software license
purchase https://scribe.how/b,0.0,0.0,0.0,0.0,0.0,0.0,0.0,0.0,0.0,0.0,0.0,0.0,0.0,0.0,0.0,0.0,0.0,0.0,1.0,0.0,0.0,0.0,0.0,0.0,0.0,0.0,0.0,5773 software license
purchase https://scribe.how/b,0.0,0.0,0.0,0.0,0.0,0.0,0.0,0.0,0.0,0.0,0.0,0.0,0.0,0.0,0.0,0.0,0.0,0.0,1.0,0.0,0.0,0.0,0.0,0.0,0.0,0.0,0.0,5773 software license
purchase https://scribe.how/b,0.0,0.0,0.0,0.0,0.0,0.0,0.0,0.0,0.0,0.0,0.0,0.0,0.0,0.0,0.0,0.0,0.0,0.0,1.0,0.0,0.0,0.0,0.0,0.0,0.0,0.0,0.0,5773 software license
purchase https://scribe.how/b,0.0,0.0,0.0,0.0,0.0,0.0,0.0,0.0,0.0,0.0,0.0,0.0,0.0,0.0,0.0,0.0,0.0,0.0,1.0,0.0,0.0,0.0,0.0,0.0,0.0,0.0,0.0,5773 software license
purchase https://scribe.how/b,0.0,0.0,0.0,0.0,0.0,0.0,0.0,0.0,0.0,0.0,0.0,0.0,0.0,0.0,0.0,0.0,0.0,0.0,1.0,0.0,0.0,0.0,0.0,0.0,0.0,0.0,0.0,5773 software license
purchase https://scribe.how/b,0.0,0.0,0.0,0.0,0.0,0.0,0.0,0.0,0.0,0.0,0.0,0.0,0.0,0.0,0.0,0.0,0.0,0.0,1.0,0.0,0.0,0.0,0.0,0.0,0.0,0.0,0.0,5773 software license
purchase https://scribe.how/b,0.0,0.0,0.0,0.0,0.0,0.0,0.0,0.0,0.0,0.0,0.0,0.0,0.0,0.0,0.0,0.0,0.0,0.0,1.0,0.0,0.0,0.0,0.0,0.0,0.0,0.0,0.0,5773 software license
purchase jetbrains americas inc,0.0,0.0,0.0,0.0,0.0,0.0,0.0,0.0,0.0,0.0,0.0,0.0,0.0,0.0,0.0,0.0,0.0,0.0,1.0,0.0,0.0,0.0,0.0,0.0,0.0,0.0,0.0,5773 software license
purchase jetbrains americas inc,0.0,0.0,0.0,0.0,0.0,0.0,0.0,0.0,0.0,0.0,0.0,0.0,0.0,0.0,0.0,0.0,0.0,0.0,1.0,0.0,0.0,0.0,0.0,0.0,0.0,0.0,0.0,5773 software license
purchase jetbrains americas inc,0.0,0.0,0.0,0.0,0.0,0.0,0.0,0.0,0.0,0.0,0.0,0.0,0.0,0.0,0.0,0.0,0.0,0.0,1.0,0.0,0.0,0.0,0.0,0.0,0.0,0.0,0.0,5773 software license
purchase jetbrains americas inc,0.0,0.0,0.0,0.0,0.0,0.0,0.0,0.0,0.0,0.0,0.0,0.0,0.0,0.0,0.0,0.0,0.0,0.0,1.0,0.0,0.0,0.0,0.0,0.0,0.0,0.0,0.0,5773 software license
purchase jetbrains americas inc,0.0,0.0,0.0,0.0,0.0,0.0,0.0,0.0,0.0,0.0,0.0,0.0,0.0,0.0,0.0,0.0,0.0,0.0,1.0,0.0,0.0,0.0,0.0,0.0,0.0,0.0,0.0,5773 software license
purchase jetbrains americas inc,0.0,0.0,0.0,0.0,0.0,0.0,0.0,0.0,0.0,0.0,0.0,0.0,0.0,0.0,0.0,0.0,0.0,0.0,1.0,0.0,0.0,0.0,0.0,0.0,0.0,0.0,0.0,5773 software license
purchase jetbrains americas inc,0.0,0.0,0.0,0.0,0.0,0.0,0.0,0.0,0.0,0.0,0.0,0.0,0.0,0.0,0.0,0.0,0.0,0.0,1.0,0.0,0.0,0.0,0.0,0.0,0.0,0.0,0.0,5773 software license
purchase kinsta kick 30 day money trial spsd-13014 spend shift tech future,0.0,0.0,0.0,0.0,0.0,0.0,0.0,0.0,0.0,0.0,0.0,0.0,0.0,0.0,0.0,0.0,0.0,0.0,1.0,0.0,0.0,0.0,0.0,0.0,0.0,0.0,0.0,5773 software license
purchase kinsta,0.0,0.0,0.0,0.0,0.0,0.0,0.0,0.0,0.0,0.0,0.0,0.0,0.0,0.0,0.0,0.0,0.0,0.0,1.0,0.0,0.0,0.0,0.0,0.0,0.0,0.0,0.0,5773 software license
purchase kinsta,0.0,0.0,0.0,0.0,0.0,0.0,0.0,0.0,0.0,0.0,0.0,0.0,0.0,0.0,0.0,0.0,0.0,0.0,1.0,0.0,0.0,0.0,0.0,0.0,0.0,0.0,0.0,5773 software license
purchase kinsta,0.0,0.0,0.0,0.0,0.0,0.0,0.0,0.0,0.0,0.0,0.0,0.0,0.0,0.0,0.0,0.0,0.0,0.0,1.0,0.0,0.0,0.0,0.0,0.0,0.0,0.0,0.0,5773 software license
purchase kinsta,0.0,0.0,0.0,0.0,0.0,0.0,0.0,0.0,0.0,0.0,0.0,0.0,0.0,0.0,0.0,0.0,0.0,0.0,1.0,0.0,0.0,0.0,0.0,0.0,0.0,0.0,0.0,5773 software license
purchase krisp,0.0,0.0,0.0,0.0,0.0,0.0,0.0,0.0,0.0,0.0,0.0,0.0,0.0,0.0,0.0,0.0,0.0,0.0,1.0,0.0,0.0,0.0,0.0,0.0,0.0,0.0,0.0,5773 software license
purchase krisp,0.0,0.0,0.0,0.0,0.0,0.0,0.0,0.0,0.0,0.0,0.0,0.0,0.0,0.0,0.0,0.0,0.0,0.0,1.0,0.0,0.0,0.0,0.0,0.0,0.0,0.0,0.0,5773 software license
purchase krisp,0.0,0.0,0.0,0.0,0.0,0.0,0.0,0.0,0.0,0.0,0.0,0.0,0.0,0.0,0.0,0.0,0.0,0.0,1.0,0.0,0.0,0.0,0.0,0.0,0.0,0.0,0.0,5773 software license
purchase krisp,0.0,0.0,0.0,0.0,0.0,0.0,0.0,0.0,0.0,0.0,0.0,0.0,0.0,0.0,0.0,0.0,0.0,0.0,1.0,0.0,0.0,0.0,0.0,0.0,0.0,0.0,0.0,5773 software license
purchase lucid software inc,0.0,0.0,0.0,0.0,0.0,0.0,0.0,0.0,0.0,0.0,0.0,0.0,0.0,0.0,0.0,0.0,0.0,0.0,1.0,0.0,0.0,0.0,0.0,0.0,0.0,0.0,0.0,5773 software license
purchase lucidchart.com/charge,0.0,0.0,0.0,0.0,0.0,0.0,0.0,0.0,0.0,0.0,0.0,0.0,0.0,0.0,0.0,0.0,0.0,0.0,1.0,0.0,0.0,0.0,0.0,0.0,0.0,0.0,0.0,5773 software license
refund lucidchart.com/charge,0.0,0.0,0.0,0.0,0.0,0.0,0.0,0.0,0.0,0.0,0.0,0.0,0.0,0.0,0.0,0.0,0.0,0.0,0.0,0.0,0.0,0.0,0.0,0.0,0.0,0.0,0.0,5773 software license
purchase lucidchart.com/charge,0.0,0.0,0.0,0.0,0.0,0.0,0.0,0.0,0.0,0.0,0.0,0.0,0.0,0.0,0.0,0.0,0.0,0.0,1.0,0.0,0.0,0.0,0.0,0.0,0.0,0.0,0.0,5773 software license
purchase name-cheap.com 1hvxrg,0.0,0.0,0.0,0.0,0.0,0.0,0.0,0.0,0.0,0.0,0.0,0.0,0.0,0.0,0.0,0.0,0.0,0.0,1.0,0.0,0.0,0.0,0.0,0.0,0.0,0.0,0.0,5773 software license
purchase name-cheap.com a2fqvq,0.0,0.0,0.0,0.0,0.0,0.0,0.0,0.0,0.0,0.0,0.0,0.0,0.0,0.0,0.0,0.0,0.0,0.0,1.0,0.0,0.0,0.0,0.0,0.0,0.0,0.0,0.0,5773 software license
purchase name-cheap.com a3cczy,0.0,0.0,0.0,0.0,0.0,0.0,0.0,0.0,0.0,0.0,0.0,0.0,0.0,0.0,0.0,0.0,0.0,0.0,1.0,0.0,0.0,0.0,0.0,0.0,0.0,0.0,0.0,5773 software license
purchase name-cheap.com b29u2u,0.0,0.0,0.0,0.0,0.0,0.0,0.0,0.0,0.0,0.0,0.0,0.0,0.0,0.0,0.0,0.0,0.0,0.0,1.0,0.0,0.0,0.0,0.0,0.0,0.0,0.0,0.0,5773 software license
purchase name-cheap.com czvmvt,0.0,0.0,0.0,0.0,0.0,0.0,0.0,0.0,0.0,0.0,0.0,0.0,0.0,0.0,0.0,0.0,0.0,0.0,1.0,0.0,0.0,0.0,0.0,0.0,0.0,0.0,0.0,5773 software license
purchase name-cheap.com dhljpl,0.0,0.0,0.0,0.0,0.0,0.0,0.0,0.0,0.0,0.0,0.0,0.0,0.0,0.0,0.0,0.0,0.0,0.0,1.0,0.0,0.0,0.0,0.0,0.0,0.0,0.0,0.0,5773 software license
purchase name-cheap.com fj48il,0.0,0.0,0.0,0.0,0.0,0.0,0.0,0.0,0.0,0.0,0.0,0.0,0.0,0.0,0.0,0.0,0.0,0.0,1.0,0.0,0.0,0.0,0.0,0.0,0.0,0.0,0.0,5773 software license
purchase name-cheap.com jvqkye,0.0,0.0,0.0,0.0,0.0,0.0,0.0,0.0,0.0,0.0,0.0,0.0,0.0,0.0,0.0,0.0,0.0,0.0,1.0,0.0,0.0,0.0,0.0,0.0,0.0,0.0,0.0,5773 software license
purchase name-cheap.com mlua2f,0.0,0.0,0.0,0.0,0.0,0.0,0.0,0.0,0.0,0.0,0.0,0.0,0.0,0.0,0.0,0.0,0.0,0.0,1.0,0.0,0.0,0.0,0.0,0.0,0.0,0.0,0.0,5773 software license
purchase name-cheap.com n68ccq,0.0,0.0,0.0,0.0,0.0,0.0,0.0,0.0,0.0,0.0,0.0,0.0,0.0,0.0,0.0,0.0,0.0,0.0,1.0,0.0,0.0,0.0,0.0,0.0,0.0,0.0,0.0,5773 software license
purchase name-cheap.com nbzy7 t,0.0,0.0,0.0,0.0,0.0,0.0,0.0,0.0,0.0,0.0,0.0,0.0,0.0,0.0,0.0,0.0,0.0,0.0,1.0,0.0,0.0,0.0,0.0,0.0,0.0,0.0,0.0,5773 software license
purchase name-cheap.com s6f1ea,0.0,0.0,0.0,0.0,0.0,0.0,0.0,0.0,0.0,0.0,0.0,0.0,0.0,0.0,0.0,0.0,0.0,0.0,1.0,0.0,0.0,0.0,0.0,0.0,0.0,0.0,0.0,5773 software license
purchase name-cheap.com vkguw5,0.0,0.0,0.0,0.0,0.0,0.0,0.0,0.0,0.0,0.0,0.0,0.0,0.0,0.0,0.0,0.0,0.0,0.0,1.0,0.0,0.0,0.0,0.0,0.0,0.0,0.0,0.0,5773 software license
purchase name-cheap.com vvoiis,0.0,0.0,0.0,0.0,0.0,0.0,0.0,0.0,0.0,0.0,0.0,0.0,0.0,0.0,0.0,0.0,0.0,0.0,1.0,0.0,0.0,0.0,0.0,0.0,0.0,0.0,0.0,5773 software license
purchase name-cheap.com yqtess,0.0,0.0,0.0,0.0,0.0,0.0,0.0,0.0,0.0,0.0,0.0,0.0,0.0,0.0,0.0,0.0,0.0,0.0,1.0,0.0,0.0,0.0,0.0,0.0,0.0,0.0,0.0,5773 software license
purchase name-cheap.com ywkjxm,0.0,0.0,0.0,0.0,0.0,0.0,0.0,0.0,0.0,0.0,0.0,0.0,0.0,0.0,0.0,0.0,0.0,0.0,1.0,0.0,0.0,0.0,0.0,0.0,0.0,0.0,0.0,5773 software license
refund name-cheap.com ywkjxm,0.0,0.0,0.0,0.0,0.0,0.0,0.0,0.0,0.0,0.0,0.0,0.0,0.0,0.0,0.0,0.0,0.0,0.0,0.0,0.0,0.0,0.0,0.0,0.0,0.0,0.0,0.0,5773 software license
purchase name-cheap.com zrbhfj,0.0,0.0,0.0,0.0,0.0,0.0,0.0,0.0,0.0,0.0,0.0,0.0,0.0,0.0,0.0,0.0,0.0,0.0,1.0,0.0,0.0,0.0,0.0,0.0,0.0,0.0,0.0,5773 software license
purchase name-cheap.com zuxdjp,0.0,0.0,0.0,0.0,0.0,0.0,0.0,0.0,0.0,0.0,0.0,0.0,0.0,0.0,0.0,0.0,0.0,0.0,1.0,0.0,0.0,0.0,0.0,0.0,0.0,0.0,0.0,5773 software license
purchase openai recur monthly purchase license,0.0,0.0,0.0,0.0,0.0,0.0,0.0,0.0,0.0,0.0,0.0,0.0,0.0,0.0,0.0,0.0,0.0,0.0,1.0,0.0,0.0,0.0,0.0,0.0,0.0,0.0,0.0,5773 software license
purchase openai recur monthly purchase license,0.0,0.0,0.0,0.0,0.0,0.0,0.0,0.0,0.0,0.0,0.0,0.0,0.0,0.0,0.0,0.0,0.0,0.0,1.0,0.0,0.0,0.0,0.0,0.0,0.0,0.0,0.0,5773 software license
purchase openai recur monthly purchase license,0.0,0.0,0.0,0.0,0.0,0.0,0.0,0.0,0.0,0.0,0.0,0.0,0.0,0.0,0.0,0.0,0.0,0.0,1.0,0.0,0.0,0.0,0.0,0.0,0.0,0.0,0.0,5773 software license
purchase openai recur monthly purchase license,0.0,0.0,0.0,0.0,0.0,0.0,0.0,0.0,0.0,0.0,0.0,0.0,0.0,0.0,0.0,0.0,0.0,0.0,1.0,0.0,0.0,0.0,0.0,0.0,0.0,0.0,0.0,5773 software license
purchase openai recur monthly purchase license,0.0,0.0,0.0,0.0,0.0,0.0,0.0,0.0,0.0,0.0,0.0,0.0,0.0,0.0,0.0,0.0,0.0,0.0,1.0,0.0,0.0,0.0,0.0,0.0,0.0,0.0,0.0,5773 software license
purchase openai recur monthly purchase license,0.0,0.0,0.0,0.0,0.0,0.0,0.0,0.0,0.0,0.0,0.0,0.0,0.0,0.0,0.0,0.0,0.0,0.0,1.0,0.0,0.0,0.0,0.0,0.0,0.0,0.0,0.0,5773 software license
purchase openai recur monthly purchase license,0.0,0.0,0.0,0.0,0.0,0.0,0.0,0.0,0.0,0.0,0.0,0.0,0.0,0.0,0.0,0.0,0.0,0.0,1.0,0.0,0.0,0.0,0.0,0.0,0.0,0.0,0.0,5773 software license
purchase openai recur monthly purchase license,0.0,0.0,0.0,0.0,0.0,0.0,0.0,0.0,0.0,0.0,0.0,0.0,0.0,0.0,0.0,0.0,0.0,0.0,1.0,0.0,0.0,0.0,0.0,0.0,0.0,0.0,0.0,5773 software license
purchase openai recur monthly purchase license,0.0,0.0,0.0,0.0,0.0,0.0,0.0,0.0,0.0,0.0,0.0,0.0,0.0,0.0,0.0,0.0,0.0,0.0,1.0,0.0,0.0,0.0,0.0,0.0,0.0,0.0,0.0,5773 software license
purchase openai recur monthly purchase license,0.0,0.0,0.0,0.0,0.0,0.0,0.0,0.0,0.0,0.0,0.0,0.0,0.0,0.0,0.0,0.0,0.0,0.0,1.0,0.0,0.0,0.0,0.0,0.0,0.0,0.0,0.0,5773 software license
purchase openai recur monthly purchase license,0.0,0.0,0.0,0.0,0.0,0.0,0.0,0.0,0.0,0.0,0.0,0.0,0.0,0.0,0.0,0.0,0.0,0.0,1.0,0.0,0.0,0.0,0.0,0.0,0.0,0.0,0.0,5773 software license
purchase openai recur monthly purchase license,0.0,0.0,0.0,0.0,0.0,0.0,0.0,0.0,0.0,0.0,0.0,0.0,0.0,0.0,0.0,0.0,0.0,0.0,1.0,0.0,0.0,0.0,0.0,0.0,0.0,0.0,0.0,5773 software license
purchase openai recur monthly purchase license,0.0,0.0,0.0,0.0,0.0,0.0,0.0,0.0,0.0,0.0,0.0,0.0,0.0,0.0,0.0,0.0,0.0,0.0,1.0,0.0,0.0,0.0,0.0,0.0,0.0,0.0,0.0,5773 software license
purchase openai recur monthly purchase license,0.0,0.0,0.0,0.0,0.0,0.0,0.0,0.0,0.0,0.0,0.0,0.0,0.0,0.0,0.0,0.0,0.0,0.0,1.0,0.0,0.0,0.0,0.0,0.0,0.0,0.0,0.0,5773 software license
purchase openai recur monthly purchase license,0.0,0.0,0.0,0.0,0.0,0.0,0.0,0.0,0.0,0.0,0.0,0.0,0.0,0.0,0.0,0.0,0.0,0.0,1.0,0.0,0.0,0.0,0.0,0.0,0.0,0.0,0.0,5773 software license
purchase openai recur monthly purchase license,0.0,0.0,0.0,0.0,0.0,0.0,0.0,0.0,0.0,0.0,0.0,0.0,0.0,0.0,0.0,0.0,0.0,0.0,1.0,0.0,0.0,0.0,0.0,0.0,0.0,0.0,0.0,5773 software license
purchase openai recur monthly purchase license,0.0,0.0,0.0,0.0,0.0,0.0,0.0,0.0,0.0,0.0,0.0,0.0,0.0,0.0,0.0,0.0,0.0,0.0,1.0,0.0,0.0,0.0,0.0,0.0,0.0,0.0,0.0,5773 software license
purchase openai recur monthly purchase license,0.0,0.0,0.0,0.0,0.0,0.0,0.0,0.0,0.0,0.0,0.0,0.0,0.0,0.0,0.0,0.0,0.0,0.0,1.0,0.0,0.0,0.0,0.0,0.0,0.0,0.0,0.0,5773 software license
purchase openai recur monthly purchase license,0.0,0.0,0.0,0.0,0.0,0.0,0.0,0.0,0.0,0.0,0.0,0.0,0.0,0.0,0.0,0.0,0.0,0.0,1.0,0.0,0.0,0.0,0.0,0.0,0.0,0.0,0.0,5773 software license
purchase openai recur monthly purchase license,0.0,0.0,0.0,0.0,0.0,0.0,0.0,0.0,0.0,0.0,0.0,0.0,0.0,0.0,0.0,0.0,0.0,0.0,1.0,0.0,0.0,0.0,0.0,0.0,0.0,0.0,0.0,5773 software license
purchase openai recur monthly purchase license,0.0,0.0,0.0,0.0,0.0,0.0,0.0,0.0,0.0,0.0,0.0,0.0,0.0,0.0,0.0,0.0,0.0,0.0,1.0,0.0,0.0,0.0,0.0,0.0,0.0,0.0,0.0,5773 software license
purchase openai recur monthly purchase license,0.0,0.0,0.0,0.0,0.0,0.0,0.0,0.0,0.0,0.0,0.0,0.0,0.0,0.0,0.0,0.0,0.0,0.0,1.0,0.0,0.0,0.0,0.0,0.0,0.0,0.0,0.0,5773 software license
purchase openai recur monthly purchase license,0.0,0.0,0.0,0.0,0.0,0.0,0.0,0.0,0.0,0.0,0.0,0.0,0.0,0.0,0.0,0.0,0.0,0.0,1.0,0.0,0.0,0.0,0.0,0.0,0.0,0.0,0.0,5773 software license
purchase openai recur monthly purchase license,0.0,0.0,0.0,0.0,0.0,0.0,0.0,0.0,0.0,0.0,0.0,0.0,0.0,0.0,0.0,0.0,0.0,0.0,1.0,0.0,0.0,0.0,0.0,0.0,0.0,0.0,0.0,5773 software license
purchase openai recur monthly purchase license,0.0,0.0,0.0,0.0,0.0,0.0,0.0,0.0,0.0,0.0,0.0,0.0,0.0,0.0,0.0,0.0,0.0,0.0,1.0,0.0,0.0,0.0,0.0,0.0,0.0,0.0,0.0,5773 software license
purchase openai recur monthly purchase license,0.0,0.0,0.0,0.0,0.0,0.0,0.0,0.0,0.0,0.0,0.0,0.0,0.0,0.0,0.0,0.0,0.0,0.0,1.0,0.0,0.0,0.0,0.0,0.0,0.0,0.0,0.0,5773 software license
purchase openai recur monthly purchase license,0.0,0.0,0.0,0.0,0.0,0.0,0.0,0.0,0.0,0.0,0.0,0.0,0.0,0.0,0.0,0.0,0.0,0.0,1.0,0.0,0.0,0.0,0.0,0.0,0.0,0.0,0.0,5773 software license
purchase openai recur monthly purchase license,0.0,0.0,0.0,0.0,0.0,0.0,0.0,0.0,0.0,0.0,0.0,0.0,0.0,0.0,0.0,0.0,0.0,0.0,1.0,0.0,0.0,0.0,0.0,0.0,0.0,0.0,0.0,5773 software license
purchase openai recur monthly purchase license,0.0,0.0,0.0,0.0,0.0,0.0,0.0,0.0,0.0,0.0,0.0,0.0,0.0,0.0,0.0,0.0,0.0,0.0,1.0,0.0,0.0,0.0,0.0,0.0,0.0,0.0,0.0,5773 software license
purchase openai recur monthly purchase license,0.0,0.0,0.0,0.0,0.0,0.0,0.0,0.0,0.0,0.0,0.0,0.0,0.0,0.0,0.0,0.0,0.0,0.0,1.0,0.0,0.0,0.0,0.0,0.0,0.0,0.0,0.0,5773 software license
purchase openai recur monthly purchase license,0.0,0.0,0.0,0.0,0.0,0.0,0.0,0.0,0.0,0.0,0.0,0.0,0.0,0.0,0.0,0.0,0.0,0.0,1.0,0.0,0.0,0.0,0.0,0.0,0.0,0.0,0.0,5773 software license
purchase openai recur monthly purchase license,0.0,0.0,0.0,0.0,0.0,0.0,0.0,0.0,0.0,0.0,0.0,0.0,0.0,0.0,0.0,0.0,0.0,0.0,1.0,0.0,0.0,0.0,0.0,0.0,0.0,0.0,0.0,5773 software license
purchase openai recur monthly purchase license,0.0,0.0,0.0,0.0,0.0,0.0,0.0,0.0,0.0,0.0,0.0,0.0,0.0,0.0,0.0,0.0,0.0,0.0,1.0,0.0,0.0,0.0,0.0,0.0,0.0,0.0,0.0,5773 software license
purchase openai recur monthly purchase license,0.0,0.0,0.0,0.0,0.0,0.0,0.0,0.0,0.0,0.0,0.0,0.0,0.0,0.0,0.0,0.0,0.0,0.0,1.0,0.0,0.0,0.0,0.0,0.0,0.0,0.0,0.0,5773 software license
purchase openai recur monthly purchase license,0.0,0.0,0.0,0.0,0.0,0.0,0.0,0.0,0.0,0.0,0.0,0.0,0.0,0.0,0.0,0.0,0.0,0.0,1.0,0.0,0.0,0.0,0.0,0.0,0.0,0.0,0.0,5773 software license
purchase openai recur monthly purchase license,0.0,0.0,0.0,0.0,0.0,0.0,0.0,0.0,0.0,0.0,0.0,0.0,0.0,0.0,0.0,0.0,0.0,0.0,1.0,0.0,0.0,0.0,0.0,0.0,0.0,0.0,0.0,5773 software license
purchase openai recur monthly purchase license,0.0,0.0,0.0,0.0,0.0,0.0,0.0,0.0,0.0,0.0,0.0,0.0,0.0,0.0,0.0,0.0,0.0,0.0,1.0,0.0,0.0,0.0,0.0,0.0,0.0,0.0,0.0,5773 software license
purchase openai recur monthly purchase license,0.0,0.0,0.0,0.0,0.0,0.0,0.0,0.0,0.0,0.0,0.0,0.0,0.0,0.0,0.0,0.0,0.0,0.0,1.0,0.0,0.0,0.0,0.0,0.0,0.0,0.0,0.0,5773 software license
purchase openai recur monthly purchase license,0.0,0.0,0.0,0.0,0.0,0.0,0.0,0.0,0.0,0.0,0.0,0.0,0.0,0.0,0.0,0.0,0.0,0.0,1.0,0.0,0.0,0.0,0.0,0.0,0.0,0.0,0.0,5773 software license
purchase openai recur monthly purchase license,0.0,0.0,0.0,0.0,0.0,0.0,0.0,0.0,0.0,0.0,0.0,0.0,0.0,0.0,0.0,0.0,0.0,0.0,1.0,0.0,0.0,0.0,0.0,0.0,0.0,0.0,0.0,5773 software license
purchase openai recur monthly purchase license,0.0,0.0,0.0,0.0,0.0,0.0,0.0,0.0,0.0,0.0,0.0,0.0,0.0,0.0,0.0,0.0,0.0,0.0,1.0,0.0,0.0,0.0,0.0,0.0,0.0,0.0,0.0,5773 software license
purchase openai recur monthly purchase license,0.0,0.0,0.0,0.0,0.0,0.0,0.0,0.0,0.0,0.0,0.0,0.0,0.0,0.0,0.0,0.0,0.0,0.0,1.0,0.0,0.0,0.0,0.0,0.0,0.0,0.0,0.0,5773 software license
purchase openai recur monthly purchase license,0.0,0.0,0.0,0.0,0.0,0.0,0.0,0.0,0.0,0.0,0.0,0.0,0.0,0.0,0.0,0.0,0.0,0.0,1.0,0.0,0.0,0.0,0.0,0.0,0.0,0.0,0.0,5773 software license
purchase openai recur monthly purchase license,0.0,0.0,0.0,0.0,0.0,0.0,0.0,0.0,0.0,0.0,0.0,0.0,0.0,0.0,0.0,0.0,0.0,0.0,1.0,0.0,0.0,0.0,0.0,0.0,0.0,0.0,0.0,5773 software license
purchase openai recur monthly purchase license,0.0,0.0,0.0,0.0,0.0,0.0,0.0,0.0,0.0,0.0,0.0,0.0,0.0,0.0,0.0,0.0,0.0,0.0,1.0,0.0,0.0,0.0,0.0,0.0,0.0,0.0,0.0,5773 software license
purchase openai recur monthly purchase license,0.0,0.0,0.0,0.0,0.0,0.0,0.0,0.0,0.0,0.0,0.0,0.0,0.0,0.0,0.0,0.0,0.0,0.0,1.0,0.0,0.0,0.0,0.0,0.0,0.0,0.0,0.0,5773 software license
purchase openai recur monthly purchase license,0.0,0.0,0.0,0.0,0.0,0.0,0.0,0.0,0.0,0.0,0.0,0.0,0.0,0.0,0.0,0.0,0.0,0.0,1.0,0.0,0.0,0.0,0.0,0.0,0.0,0.0,0.0,5773 software license
purchase openai recur monthly purchase license,0.0,0.0,0.0,0.0,0.0,0.0,0.0,0.0,0.0,0.0,0.0,0.0,0.0,0.0,0.0,0.0,0.0,0.0,1.0,0.0,0.0,0.0,0.0,0.0,0.0,0.0,0.0,5773 software license
purchase openai recur monthly purchase license,0.0,0.0,0.0,0.0,0.0,0.0,0.0,0.0,0.0,0.0,0.0,0.0,0.0,0.0,0.0,0.0,0.0,0.0,1.0,0.0,0.0,0.0,0.0,0.0,0.0,0.0,0.0,5773 software license
purchase openai recur monthly purchase license,0.0,0.0,0.0,0.0,0.0,0.0,0.0,0.0,0.0,0.0,0.0,0.0,0.0,0.0,0.0,0.0,0.0,0.0,1.0,0.0,0.0,0.0,0.0,0.0,0.0,0.0,0.0,5773 software license
purchase openai recur monthly purchase license,0.0,0.0,0.0,0.0,0.0,0.0,0.0,0.0,0.0,0.0,0.0,0.0,0.0,0.0,0.0,0.0,0.0,0.0,1.0,0.0,0.0,0.0,0.0,0.0,0.0,0.0,0.0,5773 software license
purchase openai recur monthly purchase license,0.0,0.0,0.0,0.0,0.0,0.0,0.0,0.0,0.0,0.0,0.0,0.0,0.0,0.0,0.0,0.0,0.0,0.0,1.0,0.0,0.0,0.0,0.0,0.0,0.0,0.0,0.0,5773 software license
purchase openai recur monthly purchase license,0.0,0.0,0.0,0.0,0.0,0.0,0.0,0.0,0.0,0.0,0.0,0.0,0.0,0.0,0.0,0.0,0.0,0.0,1.0,0.0,0.0,0.0,0.0,0.0,0.0,0.0,0.0,5773 software license
purchase openai recur monthly purchase license,0.0,0.0,0.0,0.0,0.0,0.0,0.0,0.0,0.0,0.0,0.0,0.0,0.0,0.0,0.0,0.0,0.0,0.0,1.0,0.0,0.0,0.0,0.0,0.0,0.0,0.0,0.0,5773 software license
purchase openai recur monthly purchase license,0.0,0.0,0.0,0.0,0.0,0.0,0.0,0.0,0.0,0.0,0.0,0.0,0.0,0.0,0.0,0.0,0.0,0.0,1.0,0.0,0.0,0.0,0.0,0.0,0.0,0.0,0.0,5773 software license
purchase openai recur monthly purchase license,0.0,0.0,0.0,0.0,0.0,0.0,0.0,0.0,0.0,0.0,0.0,0.0,0.0,0.0,0.0,0.0,0.0,0.0,1.0,0.0,0.0,0.0,0.0,0.0,0.0,0.0,0.0,5773 software license
purchase openai recur monthly purchase license,0.0,0.0,0.0,0.0,0.0,0.0,0.0,0.0,0.0,0.0,0.0,0.0,0.0,0.0,0.0,0.0,0.0,0.0,1.0,0.0,0.0,0.0,0.0,0.0,0.0,0.0,0.0,5773 software license
purchase openai recur monthly purchase license,0.0,0.0,0.0,0.0,0.0,0.0,0.0,0.0,0.0,0.0,0.0,0.0,0.0,0.0,0.0,0.0,0.0,0.0,1.0,0.0,0.0,0.0,0.0,0.0,0.0,0.0,0.0,5773 software license
purchase openai recur monthly purchase license,0.0,0.0,0.0,0.0,0.0,0.0,0.0,0.0,0.0,0.0,0.0,0.0,0.0,0.0,0.0,0.0,0.0,0.0,1.0,0.0,0.0,0.0,0.0,0.0,0.0,0.0,0.0,5773 software license
purchase openai recur monthly purchase license,0.0,0.0,0.0,0.0,0.0,0.0,0.0,0.0,0.0,0.0,0.0,0.0,0.0,0.0,0.0,0.0,0.0,0.0,1.0,0.0,0.0,0.0,0.0,0.0,0.0,0.0,0.0,5773 software license
purchase openai recur monthly purchase license,0.0,0.0,0.0,0.0,0.0,0.0,0.0,0.0,0.0,0.0,0.0,0.0,0.0,0.0,0.0,0.0,0.0,0.0,1.0,0.0,0.0,0.0,0.0,0.0,0.0,0.0,0.0,5773 software license
purchase openai,0.0,0.0,0.0,0.0,0.0,0.0,0.0,0.0,0.0,0.0,0.0,0.0,0.0,0.0,0.0,0.0,0.0,0.0,1.0,0.0,0.0,0.0,0.0,0.0,0.0,0.0,0.0,5773 software license
purchase openai chatgpt subscr,0.0,0.0,0.0,0.0,0.0,0.0,0.0,0.0,0.0,0.0,0.0,0.0,0.0,0.0,0.0,0.0,0.0,0.0,1.0,0.0,0.0,0.0,0.0,0.0,0.0,0.0,0.0,5773 software license
purchase openai chatgpt subscr license renewal,0.0,0.0,0.0,0.0,0.0,0.0,0.0,0.0,0.0,0.0,0.0,0.0,0.0,0.0,0.0,0.0,0.0,0.0,0.35791136410263513,0.9337555651487123,0.0,0.0,0.0,0.0,0.0,0.0,0.0,5773 software license
purchase openai chatgpt subscr recur monthly purchase license,0.0,0.0,0.0,0.0,0.0,0.0,0.0,0.0,0.0,0.0,0.0,0.0,0.0,0.0,0.0,0.0,0.0,0.0,1.0,0.0,0.0,0.0,0.0,0.0,0.0,0.0,0.0,5773 software license
purchase openai chatgpt subscr recur monthly purchase license,0.0,0.0,0.0,0.0,0.0,0.0,0.0,0.0,0.0,0.0,0.0,0.0,0.0,0.0,0.0,0.0,0.0,0.0,1.0,0.0,0.0,0.0,0.0,0.0,0.0,0.0,0.0,5773 software license
purchase openai chatgpt subscr,0.0,0.0,0.0,0.0,0.0,0.0,0.0,0.0,0.0,0.0,0.0,0.0,0.0,0.0,0.0,0.0,0.0,0.0,1.0,0.0,0.0,0.0,0.0,0.0,0.0,0.0,0.0,5773 software license
purchase openai chatgpt subscr,0.0,0.0,0.0,0.0,0.0,0.0,0.0,0.0,0.0,0.0,0.0,0.0,0.0,0.0,0.0,0.0,0.0,0.0,1.0,0.0,0.0,0.0,0.0,0.0,0.0,0.0,0.0,5773 software license
purchase openai chatgpt subscr recur monthly purchase license,0.0,0.0,0.0,0.0,0.0,0.0,0.0,0.0,0.0,0.0,0.0,0.0,0.0,0.0,0.0,0.0,0.0,0.0,1.0,0.0,0.0,0.0,0.0,0.0,0.0,0.0,0.0,5773 software license
purchase openai chatgpt subscr recur monthly purchase license,0.0,0.0,0.0,0.0,0.0,0.0,0.0,0.0,0.0,0.0,0.0,0.0,0.0,0.0,0.0,0.0,0.0,0.0,1.0,0.0,0.0,0.0,0.0,0.0,0.0,0.0,0.0,5773 software license
purchase openai chatgpt subscr license renewal,0.0,0.0,0.0,0.0,0.0,0.0,0.0,0.0,0.0,0.0,0.0,0.0,0.0,0.0,0.0,0.0,0.0,0.0,0.35791136410263513,0.9337555651487123,0.0,0.0,0.0,0.0,0.0,0.0,0.0,5773 software license
purchase openai chatgpt subscr,0.0,0.0,0.0,0.0,0.0,0.0,0.0,0.0,0.0,0.0,0.0,0.0,0.0,0.0,0.0,0.0,0.0,0.0,1.0,0.0,0.0,0.0,0.0,0.0,0.0,0.0,0.0,5773 software license
purchase openai chatgpt subscr,0.0,0.0,0.0,0.0,0.0,0.0,0.0,0.0,0.0,0.0,0.0,0.0,0.0,0.0,0.0,0.0,0.0,0.0,1.0,0.0,0.0,0.0,0.0,0.0,0.0,0.0,0.0,5773 software license
purchase openai chatgpt subscr recur monthly purchase license,0.0,0.0,0.0,0.0,0.0,0.0,0.0,0.0,0.0,0.0,0.0,0.0,0.0,0.0,0.0,0.0,0.0,0.0,1.0,0.0,0.0,0.0,0.0,0.0,0.0,0.0,0.0,5773 software license
purchase openai chatgpt subscr recur monthly purchase license,0.0,0.0,0.0,0.0,0.0,0.0,0.0,0.0,0.0,0.0,0.0,0.0,0.0,0.0,0.0,0.0,0.0,0.0,1.0,0.0,0.0,0.0,0.0,0.0,0.0,0.0,0.0,5773 software license
purchase openai chatgpt subscr license renewal,0.0,0.0,0.0,0.0,0.0,0.0,0.0,0.0,0.0,0.0,0.0,0.0,0.0,0.0,0.0,0.0,0.0,0.0,0.35791136410263513,0.9337555651487123,0.0,0.0,0.0,0.0,0.0,0.0,0.0,5773 software license
purchase openai chatgpt subscr,0.0,0.0,0.0,0.0,0.0,0.0,0.0,0.0,0.0,0.0,0.0,0.0,0.0,0.0,0.0,0.0,0.0,0.0,1.0,0.0,0.0,0.0,0.0,0.0,0.0,0.0,0.0,5773 software license
purchase openai chatgpt subscr,0.0,0.0,0.0,0.0,0.0,0.0,0.0,0.0,0.0,0.0,0.0,0.0,0.0,0.0,0.0,0.0,0.0,0.0,1.0,0.0,0.0,0.0,0.0,0.0,0.0,0.0,0.0,5773 software license
purchase openai chatgpt subscr recur monthly purchase license,0.0,0.0,0.0,0.0,0.0,0.0,0.0,0.0,0.0,0.0,0.0,0.0,0.0,0.0,0.0,0.0,0.0,0.0,1.0,0.0,0.0,0.0,0.0,0.0,0.0,0.0,0.0,5773 software license
purchase openai chatgpt subscr recur monthly purchase license,0.0,0.0,0.0,0.0,0.0,0.0,0.0,0.0,0.0,0.0,0.0,0.0,0.0,0.0,0.0,0.0,0.0,0.0,1.0,0.0,0.0,0.0,0.0,0.0,0.0,0.0,0.0,5773 software license
purchase openai chatgpt subscr,0.0,0.0,0.0,0.0,0.0,0.0,0.0,0.0,0.0,0.0,0.0,0.0,0.0,0.0,0.0,0.0,0.0,0.0,1.0,0.0,0.0,0.0,0.0,0.0,0.0,0.0,0.0,5773 software license
purchase openai chatgpt subscr license renewal,0.0,0.0,0.0,0.0,0.0,0.0,0.0,0.0,0.0,0.0,0.0,0.0,0.0,0.0,0.0,0.0,0.0,0.0,0.35791136410263513,0.9337555651487123,0.0,0.0,0.0,0.0,0.0,0.0,0.0,5773 software license
purchase openai chatgpt subscr,0.0,0.0,0.0,0.0,0.0,0.0,0.0,0.0,0.0,0.0,0.0,0.0,0.0,0.0,0.0,0.0,0.0,0.0,1.0,0.0,0.0,0.0,0.0,0.0,0.0,0.0,0.0,5773 software license
purchase openai chatgpt subscr,0.0,0.0,0.0,0.0,0.0,0.0,0.0,0.0,0.0,0.0,0.0,0.0,0.0,0.0,0.0,0.0,0.0,0.0,1.0,0.0,0.0,0.0,0.0,0.0,0.0,0.0,0.0,5773 software license
purchase openai chatgpt subscr,0.0,0.0,0.0,0.0,0.0,0.0,0.0,0.0,0.0,0.0,0.0,0.0,0.0,0.0,0.0,0.0,0.0,0.0,1.0,0.0,0.0,0.0,0.0,0.0,0.0,0.0,0.0,5773 software license
purchase openai chatgpt subscr,0.0,0.0,0.0,0.0,0.0,0.0,0.0,0.0,0.0,0.0,0.0,0.0,0.0,0.0,0.0,0.0,0.0,0.0,1.0,0.0,0.0,0.0,0.0,0.0,0.0,0.0,0.0,5773 software license
purchase openai chatgpt subscr,0.0,0.0,0.0,0.0,0.0,0.0,0.0,0.0,0.0,0.0,0.0,0.0,0.0,0.0,0.0,0.0,0.0,0.0,1.0,0.0,0.0,0.0,0.0,0.0,0.0,0.0,0.0,5773 software license
purchase openai chatgpt subscr recur monthly purchase license,0.0,0.0,0.0,0.0,0.0,0.0,0.0,0.0,0.0,0.0,0.0,0.0,0.0,0.0,0.0,0.0,0.0,0.0,1.0,0.0,0.0,0.0,0.0,0.0,0.0,0.0,0.0,5773 software license
purchase openai chatgpt subscr recur monthly purchase license,0.0,0.0,0.0,0.0,0.0,0.0,0.0,0.0,0.0,0.0,0.0,0.0,0.0,0.0,0.0,0.0,0.0,0.0,1.0,0.0,0.0,0.0,0.0,0.0,0.0,0.0,0.0,5773 software license
purchase openai chatgpt subscr license renewal,0.0,0.0,0.0,0.0,0.0,0.0,0.0,0.0,0.0,0.0,0.0,0.0,0.0,0.0,0.0,0.0,0.0,0.0,0.35791136410263513,0.9337555651487123,0.0,0.0,0.0,0.0,0.0,0.0,0.0,5773 software license
purchase openai chatgpt subscr,0.0,0.0,0.0,0.0,0.0,0.0,0.0,0.0,0.0,0.0,0.0,0.0,0.0,0.0,0.0,0.0,0.0,0.0,1.0,0.0,0.0,0.0,0.0,0.0,0.0,0.0,0.0,5773 software license
purchase openai chatgpt subscr recur monthly purchase license,0.0,0.0,0.0,0.0,0.0,0.0,0.0,0.0,0.0,0.0,0.0,0.0,0.0,0.0,0.0,0.0,0.0,0.0,1.0,0.0,0.0,0.0,0.0,0.0,0.0,0.0,0.0,5773 software license
purchase openai chatgpt subscr recur monthly purchase license,0.0,0.0,0.0,0.0,0.0,0.0,0.0,0.0,0.0,0.0,0.0,0.0,0.0,0.0,0.0,0.0,0.0,0.0,1.0,0.0,0.0,0.0,0.0,0.0,0.0,0.0,0.0,5773 software license
purchase openai chatgpt subscr license renewal,0.0,0.0,0.0,0.0,0.0,0.0,0.0,0.0,0.0,0.0,0.0,0.0,0.0,0.0,0.0,0.0,0.0,0.0,0.35791136410263513,0.9337555651487123,0.0,0.0,0.0,0.0,0.0,0.0,0.0,5773 software license
purchase openai chatgpt subscr,0.0,0.0,0.0,0.0,0.0,0.0,0.0,0.0,0.0,0.0,0.0,0.0,0.0,0.0,0.0,0.0,0.0,0.0,1.0,0.0,0.0,0.0,0.0,0.0,0.0,0.0,0.0,5773 software license
purchase openai chatgpt subscr recur monthly purchase license,0.0,0.0,0.0,0.0,0.0,0.0,0.0,0.0,0.0,0.0,0.0,0.0,0.0,0.0,0.0,0.0,0.0,0.0,1.0,0.0,0.0,0.0,0.0,0.0,0.0,0.0,0.0,5773 software license
purchase openai chatgpt subscr recur monthly purchase license,0.0,0.0,0.0,0.0,0.0,0.0,0.0,0.0,0.0,0.0,0.0,0.0,0.0,0.0,0.0,0.0,0.0,0.0,1.0,0.0,0.0,0.0,0.0,0.0,0.0,0.0,0.0,5773 software license
purchase openai chatgpt subscr license renewal,0.0,0.0,0.0,0.0,0.0,0.0,0.0,0.0,0.0,0.0,0.0,0.0,0.0,0.0,0.0,0.0,0.0,0.0,0.35791136410263513,0.9337555651487123,0.0,0.0,0.0,0.0,0.0,0.0,0.0,5773 software license
purchase openai chatgpt subscr,0.0,0.0,0.0,0.0,0.0,0.0,0.0,0.0,0.0,0.0,0.0,0.0,0.0,0.0,0.0,0.0,0.0,0.0,1.0,0.0,0.0,0.0,0.0,0.0,0.0,0.0,0.0,5773 software license
purchase openai chatgpt subscr recur monthly purchase license,0.0,0.0,0.0,0.0,0.0,0.0,0.0,0.0,0.0,0.0,0.0,0.0,0.0,0.0,0.0,0.0,0.0,0.0,1.0,0.0,0.0,0.0,0.0,0.0,0.0,0.0,0.0,5773 software license
purchase openai chatgpt subscr recur monthly purchase license,0.0,0.0,0.0,0.0,0.0,0.0,0.0,0.0,0.0,0.0,0.0,0.0,0.0,0.0,0.0,0.0,0.0,0.0,1.0,0.0,0.0,0.0,0.0,0.0,0.0,0.0,0.0,5773 software license
purchase openai chatgpt subscr license renewal,0.0,0.0,0.0,0.0,0.0,0.0,0.0,0.0,0.0,0.0,0.0,0.0,0.0,0.0,0.0,0.0,0.0,0.0,0.35791136410263513,0.9337555651487123,0.0,0.0,0.0,0.0,0.0,0.0,0.0,5773 software license
purchase openai chatgpt subscr recur monthly purchase license,0.0,0.0,0.0,0.0,0.0,0.0,0.0,0.0,0.0,0.0,0.0,0.0,0.0,0.0,0.0,0.0,0.0,0.0,1.0,0.0,0.0,0.0,0.0,0.0,0.0,0.0,0.0,5773 software license
purchase openai chatgpt subscr recur monthly purchase license,0.0,0.0,0.0,0.0,0.0,0.0,0.0,0.0,0.0,0.0,0.0,0.0,0.0,0.0,0.0,0.0,0.0,0.0,1.0,0.0,0.0,0.0,0.0,0.0,0.0,0.0,0.0,5773 software license
purchase openai chatgpt subscr license renewal,0.0,0.0,0.0,0.0,0.0,0.0,0.0,0.0,0.0,0.0,0.0,0.0,0.0,0.0,0.0,0.0,0.0,0.0,0.35791136410263513,0.9337555651487123,0.0,0.0,0.0,0.0,0.0,0.0,0.0,5773 software license
purchase openai chatgpt subscr recur monthly purchase license,0.0,0.0,0.0,0.0,0.0,0.0,0.0,0.0,0.0,0.0,0.0,0.0,0.0,0.0,0.0,0.0,0.0,0.0,1.0,0.0,0.0,0.0,0.0,0.0,0.0,0.0,0.0,5773 software license
purchase openai chatgpt subscr recur monthly purchase license,0.0,0.0,0.0,0.0,0.0,0.0,0.0,0.0,0.0,0.0,0.0,0.0,0.0,0.0,0.0,0.0,0.0,0.0,1.0,0.0,0.0,0.0,0.0,0.0,0.0,0.0,0.0,5773 software license
purchase openai chatgpt subscr license renewal,0.0,0.0,0.0,0.0,0.0,0.0,0.0,0.0,0.0,0.0,0.0,0.0,0.0,0.0,0.0,0.0,0.0,0.0,0.35791136410263513,0.9337555651487123,0.0,0.0,0.0,0.0,0.0,0.0,0.0,5773 software license
purchase openai chatgpt subscr recur monthly purchase license,0.0,0.0,0.0,0.0,0.0,0.0,0.0,0.0,0.0,0.0,0.0,0.0,0.0,0.0,0.0,0.0,0.0,0.0,1.0,0.0,0.0,0.0,0.0,0.0,0.0,0.0,0.0,5773 software license
purchase openai chatgpt subscr recur monthly purchase license,0.0,0.0,0.0,0.0,0.0,0.0,0.0,0.0,0.0,0.0,0.0,0.0,0.0,0.0,0.0,0.0,0.0,0.0,1.0,0.0,0.0,0.0,0.0,0.0,0.0,0.0,0.0,5773 software license
purchase originality.ai,0.0,0.0,0.0,0.0,0.0,0.0,0.0,0.0,0.0,0.0,0.0,0.0,0.0,0.0,0.0,0.0,0.0,0.0,1.0,0.0,0.0,0.0,0.0,0.0,0.0,0.0,0.0,5773 software license
purchase originality.ai,0.0,0.0,0.0,0.0,0.0,0.0,0.0,0.0,0.0,0.0,0.0,0.0,0.0,0.0,0.0,0.0,0.0,0.0,1.0,0.0,0.0,0.0,0.0,0.0,0.0,0.0,0.0,5773 software license
purchase originality.ai,0.0,0.0,0.0,0.0,0.0,0.0,0.0,0.0,0.0,0.0,0.0,0.0,0.0,0.0,0.0,0.0,0.0,0.0,1.0,0.0,0.0,0.0,0.0,0.0,0.0,0.0,0.0,5773 software license
purchase originality.ai,0.0,0.0,0.0,0.0,0.0,0.0,0.0,0.0,0.0,0.0,0.0,0.0,0.0,0.0,0.0,0.0,0.0,0.0,1.0,0.0,0.0,0.0,0.0,0.0,0.0,0.0,0.0,5773 software license
purchase originality.ai,0.0,0.0,0.0,0.0,0.0,0.0,0.0,0.0,0.0,0.0,0.0,0.0,0.0,0.0,0.0,0.0,0.0,0.0,1.0,0.0,0.0,0.0,0.0,0.0,0.0,0.0,0.0,5773 software license
purchase originality.ai,0.0,0.0,0.0,0.0,0.0,0.0,0.0,0.0,0.0,0.0,0.0,0.0,0.0,0.0,0.0,0.0,0.0,0.0,1.0,0.0,0.0,0.0,0.0,0.0,0.0,0.0,0.0,5773 software license
purchase pace group,0.0,0.0,0.0,0.0,0.0,0.0,0.0,0.0,0.0,0.0,0.0,0.0,0.0,0.0,0.0,0.0,0.0,0.0,1.0,0.0,0.0,0.0,0.0,0.0,0.0,0.0,0.0,5773 software license
purchase pace group,0.0,0.0,0.0,0.0,0.0,0.0,0.0,0.0,0.0,0.0,0.0,0.0,0.0,0.0,0.0,0.0,0.0,0.0,1.0,0.0,0.0,0.0,0.0,0.0,0.0,0.0,0.0,5773 software license
purchase pace group,0.0,0.0,0.0,0.0,0.0,0.0,0.0,0.0,0.0,0.0,0.0,0.0,0.0,0.0,0.0,0.0,0.0,0.0,1.0,0.0,0.0,0.0,0.0,0.0,0.0,0.0,0.0,5773 software license
purchase paddle.net bluetally,0.0,0.0,0.0,0.0,0.0,0.0,0.0,0.0,0.0,0.0,0.0,0.0,0.0,0.0,0.0,0.0,0.0,0.0,1.0,0.0,0.0,0.0,0.0,0.0,0.0,0.0,0.0,5773 software license
purchase paddle.net n8n cloud1,0.0,0.0,0.0,0.0,0.0,0.0,0.0,0.0,0.0,0.0,0.0,0.0,0.0,0.0,0.0,0.0,0.0,0.0,1.0,0.0,0.0,0.0,0.0,0.0,0.0,0.0,0.0,5773 software license
purchase paddle.net strawpoll,0.0,0.0,0.0,0.0,0.0,0.0,0.0,0.0,0.0,0.0,0.0,0.0,0.0,0.0,0.0,0.0,0.0,0.0,1.0,0.0,0.0,0.0,0.0,0.0,0.0,0.0,0.0,5773 software license
purchase paddle.net strawpoll,0.0,0.0,0.0,0.0,0.0,0.0,0.0,0.0,0.0,0.0,0.0,0.0,0.0,0.0,0.0,0.0,0.0,0.0,1.0,0.0,0.0,0.0,0.0,0.0,0.0,0.0,0.0,5773 software license
purchase paddle.net strawpoll,0.0,0.0,0.0,0.0,0.0,0.0,0.0,0.0,0.0,0.0,0.0,0.0,0.0,0.0,0.0,0.0,0.0,0.0,1.0,0.0,0.0,0.0,0.0,0.0,0.0,0.0,0.0,5773 software license
purchase paddle.net strawpoll,0.0,0.0,0.0,0.0,0.0,0.0,0.0,0.0,0.0,0.0,0.0,0.0,0.0,0.0,0.0,0.0,0.0,0.0,1.0,0.0,0.0,0.0,0.0,0.0,0.0,0.0,0.0,5773 software license
purchase paddle.net strawpoll,0.0,0.0,0.0,0.0,0.0,0.0,0.0,0.0,0.0,0.0,0.0,0.0,0.0,0.0,0.0,0.0,0.0,0.0,1.0,0.0,0.0,0.0,0.0,0.0,0.0,0.0,0.0,5773 software license
purchase paddle.net strawpoll,0.0,0.0,0.0,0.0,0.0,0.0,0.0,0.0,0.0,0.0,0.0,0.0,0.0,0.0,0.0,0.0,0.0,0.0,1.0,0.0,0.0,0.0,0.0,0.0,0.0,0.0,0.0,5773 software license
purchase paddle.net strawpoll,0.0,0.0,0.0,0.0,0.0,0.0,0.0,0.0,0.0,0.0,0.0,0.0,0.0,0.0,0.0,0.0,0.0,0.0,1.0,0.0,0.0,0.0,0.0,0.0,0.0,0.0,0.0,5773 software license
purchase paddle.net strawpoll,0.0,0.0,0.0,0.0,0.0,0.0,0.0,0.0,0.0,0.0,0.0,0.0,0.0,0.0,0.0,0.0,0.0,0.0,1.0,0.0,0.0,0.0,0.0,0.0,0.0,0.0,0.0,5773 software license
purchase paddle.net strawpoll,0.0,0.0,0.0,0.0,0.0,0.0,0.0,0.0,0.0,0.0,0.0,0.0,0.0,0.0,0.0,0.0,0.0,0.0,1.0,0.0,0.0,0.0,0.0,0.0,0.0,0.0,0.0,5773 software license
purchase paddle.net strawpoll,0.0,0.0,0.0,0.0,0.0,0.0,0.0,0.0,0.0,0.0,0.0,0.0,0.0,0.0,0.0,0.0,0.0,0.0,1.0,0.0,0.0,0.0,0.0,0.0,0.0,0.0,0.0,5773 software license
purchase paddle.net strawpoll,0.0,0.0,0.0,0.0,0.0,0.0,0.0,0.0,0.0,0.0,0.0,0.0,0.0,0.0,0.0,0.0,0.0,0.0,1.0,0.0,0.0,0.0,0.0,0.0,0.0,0.0,0.0,5773 software license
purchase paddle.net strawpoll,0.0,0.0,0.0,0.0,0.0,0.0,0.0,0.0,0.0,0.0,0.0,0.0,0.0,0.0,0.0,0.0,0.0,0.0,1.0,0.0,0.0,0.0,0.0,0.0,0.0,0.0,0.0,5773 software license
purchase postman professional,0.0,0.0,0.0,0.0,0.0,0.0,0.0,0.0,0.0,0.0,0.0,0.0,0.0,0.0,0.0,0.0,0.0,0.0,1.0,0.0,0.0,0.0,0.0,0.0,0.0,0.0,0.0,5773 software license
purchase postman professional,0.0,0.0,0.0,0.0,0.0,0.0,0.0,0.0,0.0,0.0,0.0,0.0,0.0,0.0,0.0,0.0,0.0,0.0,1.0,0.0,0.0,0.0,0.0,0.0,0.0,0.0,0.0,5773 software license
purchase postman professional,0.0,0.0,0.0,0.0,0.0,0.0,0.0,0.0,0.0,0.0,0.0,0.0,0.0,0.0,0.0,0.0,0.0,0.0,1.0,0.0,0.0,0.0,0.0,0.0,0.0,0.0,0.0,5773 software license
purchase postman professional,0.0,0.0,0.0,0.0,0.0,0.0,0.0,0.0,0.0,0.0,0.0,0.0,0.0,0.0,0.0,0.0,0.0,0.0,1.0,0.0,0.0,0.0,0.0,0.0,0.0,0.0,0.0,5773 software license
purchase postman professional,0.0,0.0,0.0,0.0,0.0,0.0,0.0,0.0,0.0,0.0,0.0,0.0,0.0,0.0,0.0,0.0,0.0,0.0,1.0,0.0,0.0,0.0,0.0,0.0,0.0,0.0,0.0,5773 software license
purchase postman professional,0.0,0.0,0.0,0.0,0.0,0.0,0.0,0.0,0.0,0.0,0.0,0.0,0.0,0.0,0.0,0.0,0.0,0.0,1.0,0.0,0.0,0.0,0.0,0.0,0.0,0.0,0.0,5773 software license
purchase postman professional,0.0,0.0,0.0,0.0,0.0,0.0,0.0,0.0,0.0,0.0,0.0,0.0,0.0,0.0,0.0,0.0,0.0,0.0,1.0,0.0,0.0,0.0,0.0,0.0,0.0,0.0,0.0,5773 software license
purchase postman professional,0.0,0.0,0.0,0.0,0.0,0.0,0.0,0.0,0.0,0.0,0.0,0.0,0.0,0.0,0.0,0.0,0.0,0.0,1.0,0.0,0.0,0.0,0.0,0.0,0.0,0.0,0.0,5773 software license
purchase pvr limited food monthly employee engagement,0.0,0.0,0.0,0.0,0.0,0.0,0.0,0.0,0.0,0.0,0.0,0.0,0.0,0.0,0.0,0.0,0.0,0.0,1.0,0.0,0.0,0.0,0.0,0.0,0.0,0.0,0.0,5773 software license
purchase qase.io qa testing tool spring tech,0.0,0.0,0.0,0.0,0.0,0.0,0.0,0.0,0.0,0.0,0.0,0.0,0.0,0.0,0.0,0.0,0.0,0.0,0.3767610800280548,0.0,0.9263104709416242,0.0,0.0,0.0,0.0,0.0,0.0,5773 software license
purchase qase.io qa testing tool spring tech,0.0,0.0,0.0,0.0,0.0,0.0,0.0,0.0,0.0,0.0,0.0,0.0,0.0,0.0,0.0,0.0,0.0,0.0,0.3767610800280548,0.0,0.9263104709416242,0.0,0.0,0.0,0.0,0.0,0.0,5773 software license
purchase qase.io qa testing tool spring tech,0.0,0.0,0.0,0.0,0.0,0.0,0.0,0.0,0.0,0.0,0.0,0.0,0.0,0.0,0.0,0.0,0.0,0.0,0.3767610800280548,0.0,0.9263104709416242,0.0,0.0,0.0,0.0,0.0,0.0,5773 software license
purchase qase.io qa testing tool spring tech,0.0,0.0,0.0,0.0,0.0,0.0,0.0,0.0,0.0,0.0,0.0,0.0,0.0,0.0,0.0,0.0,0.0,0.0,0.3767610800280548,0.0,0.9263104709416242,0.0,0.0,0.0,0.0,0.0,0.0,5773 software license
purchase qase.io qa testing tool spring tech,0.0,0.0,0.0,0.0,0.0,0.0,0.0,0.0,0.0,0.0,0.0,0.0,0.0,0.0,0.0,0.0,0.0,0.0,0.3767610800280548,0.0,0.9263104709416242,0.0,0.0,0.0,0.0,0.0,0.0,5773 software license
purchase qase.io qa testing tool spring tech,0.0,0.0,0.0,0.0,0.0,0.0,0.0,0.0,0.0,0.0,0.0,0.0,0.0,0.0,0.0,0.0,0.0,0.0,0.3767610800280548,0.0,0.9263104709416242,0.0,0.0,0.0,0.0,0.0,0.0,5773 software license
purchase qase.io qa testing tool spring tech,0.0,0.0,0.0,0.0,0.0,0.0,0.0,0.0,0.0,0.0,0.0,0.0,0.0,0.0,0.0,0.0,0.0,0.0,0.3767610800280548,0.0,0.9263104709416242,0.0,0.0,0.0,0.0,0.0,0.0,5773 software license
purchase qase.io qa testing tool spring tech,0.0,0.0,0.0,0.0,0.0,0.0,0.0,0.0,0.0,0.0,0.0,0.0,0.0,0.0,0.0,0.0,0.0,0.0,0.3767610800280548,0.0,0.9263104709416242,0.0,0.0,0.0,0.0,0.0,0.0,5773 software license
purchase qase.io qa testing tool spring tech,0.0,0.0,0.0,0.0,0.0,0.0,0.0,0.0,0.0,0.0,0.0,0.0,0.0,0.0,0.0,0.0,0.0,0.0,0.3767610800280548,0.0,0.9263104709416242,0.0,0.0,0.0,0.0,0.0,0.0,5773 software license
purchase qase.io,0.0,0.0,0.0,0.0,0.0,0.0,0.0,0.0,0.0,0.0,0.0,0.0,0.0,0.0,0.0,0.0,0.0,0.0,1.0,0.0,0.0,0.0,0.0,0.0,0.0,0.0,0.0,5773 software license
refund qase.io,0.0,0.0,0.0,0.0,0.0,0.0,0.0,0.0,0.0,0.0,0.0,0.0,0.0,0.0,0.0,0.0,0.0,0.0,0.0,0.0,0.0,0.0,0.0,0.0,0.0,0.0,0.0,5773 software license
purchase reddit inc ad,0.0,0.0,0.0,0.0,0.0,0.0,0.0,0.0,0.0,0.0,0.0,0.0,0.0,0.0,0.0,0.0,0.0,0.0,1.0,0.0,0.0,0.0,0.0,0.0,0.0,0.0,0.0,5773 software license
purchase reddit inc ad,0.0,0.0,0.0,0.0,0.0,0.0,0.0,0.0,0.0,0.0,0.0,0.0,0.0,0.0,0.0,0.0,0.0,0.0,1.0,0.0,0.0,0.0,0.0,0.0,0.0,0.0,0.0,5773 software license
purchase reddit inc ad,0.0,0.0,0.0,0.0,0.0,0.0,0.0,0.0,0.0,0.0,0.0,0.0,0.0,0.0,0.0,0.0,0.0,0.0,1.0,0.0,0.0,0.0,0.0,0.0,0.0,0.0,0.0,5773 software license
purchase reddit inc ad,0.0,0.0,0.0,0.0,0.0,0.0,0.0,0.0,0.0,0.0,0.0,0.0,0.0,0.0,0.0,0.0,0.0,0.0,1.0,0.0,0.0,0.0,0.0,0.0,0.0,0.0,0.0,5773 software license
purchase reddit inc ad,0.0,0.0,0.0,0.0,0.0,0.0,0.0,0.0,0.0,0.0,0.0,0.0,0.0,0.0,0.0,0.0,0.0,0.0,1.0,0.0,0.0,0.0,0.0,0.0,0.0,0.0,0.0,5773 software license
purchase revenuecat,0.0,0.0,0.0,0.0,0.0,0.0,0.0,0.0,0.0,0.0,0.0,0.0,0.0,0.0,0.0,0.0,0.0,0.0,1.0,0.0,0.0,0.0,0.0,0.0,0.0,0.0,0.0,5773 software license
purchase revenuecat,0.0,0.0,0.0,0.0,0.0,0.0,0.0,0.0,0.0,0.0,0.0,0.0,0.0,0.0,0.0,0.0,0.0,0.0,1.0,0.0,0.0,0.0,0.0,0.0,0.0,0.0,0.0,5773 software license
purchase revenuecat,0.0,0.0,0.0,0.0,0.0,0.0,0.0,0.0,0.0,0.0,0.0,0.0,0.0,0.0,0.0,0.0,0.0,0.0,1.0,0.0,0.0,0.0,0.0,0.0,0.0,0.0,0.0,5773 software license
purchase revenuecat,0.0,0.0,0.0,0.0,0.0,0.0,0.0,0.0,0.0,0.0,0.0,0.0,0.0,0.0,0.0,0.0,0.0,0.0,1.0,0.0,0.0,0.0,0.0,0.0,0.0,0.0,0.0,5773 software license
purchase revenuecat,0.0,0.0,0.0,0.0,0.0,0.0,0.0,0.0,0.0,0.0,0.0,0.0,0.0,0.0,0.0,0.0,0.0,0.0,1.0,0.0,0.0,0.0,0.0,0.0,0.0,0.0,0.0,5773 software license
purchase revenuecat,0.0,0.0,0.0,0.0,0.0,0.0,0.0,0.0,0.0,0.0,0.0,0.0,0.0,0.0,0.0,0.0,0.0,0.0,1.0,0.0,0.0,0.0,0.0,0.0,0.0,0.0,0.0,5773 software license
purchase revenuecat,0.0,0.0,0.0,0.0,0.0,0.0,0.0,0.0,0.0,0.0,0.0,0.0,0.0,0.0,0.0,0.0,0.0,0.0,1.0,0.0,0.0,0.0,0.0,0.0,0.0,0.0,0.0,5773 software license
purchase revenuecat,0.0,0.0,0.0,0.0,0.0,0.0,0.0,0.0,0.0,0.0,0.0,0.0,0.0,0.0,0.0,0.0,0.0,0.0,1.0,0.0,0.0,0.0,0.0,0.0,0.0,0.0,0.0,5773 software license
purchase revenuecat,0.0,0.0,0.0,0.0,0.0,0.0,0.0,0.0,0.0,0.0,0.0,0.0,0.0,0.0,0.0,0.0,0.0,0.0,1.0,0.0,0.0,0.0,0.0,0.0,0.0,0.0,0.0,5773 software license
purchase rollbar inc,0.0,0.0,0.0,0.0,0.0,0.0,0.0,0.0,0.0,0.0,0.0,0.0,0.0,0.0,0.0,0.0,0.0,0.0,1.0,0.0,0.0,0.0,0.0,0.0,0.0,0.0,0.0,5773 software license
purchase rollbar inc,0.0,0.0,0.0,0.0,0.0,0.0,0.0,0.0,0.0,0.0,0.0,0.0,0.0,0.0,0.0,0.0,0.0,0.0,1.0,0.0,0.0,0.0,0.0,0.0,0.0,0.0,0.0,5773 software license
purchase rollbar inc,0.0,0.0,0.0,0.0,0.0,0.0,0.0,0.0,0.0,0.0,0.0,0.0,0.0,0.0,0.0,0.0,0.0,0.0,1.0,0.0,0.0,0.0,0.0,0.0,0.0,0.0,0.0,5773 software license
purchase rollbar inc,0.0,0.0,0.0,0.0,0.0,0.0,0.0,0.0,0.0,0.0,0.0,0.0,0.0,0.0,0.0,0.0,0.0,0.0,1.0,0.0,0.0,0.0,0.0,0.0,0.0,0.0,0.0,5773 software license
purchase rollbar inc,0.0,0.0,0.0,0.0,0.0,0.0,0.0,0.0,0.0,0.0,0.0,0.0,0.0,0.0,0.0,0.0,0.0,0.0,1.0,0.0,0.0,0.0,0.0,0.0,0.0,0.0,0.0,5773 software license
purchase rollbar inc,0.0,0.0,0.0,0.0,0.0,0.0,0.0,0.0,0.0,0.0,0.0,0.0,0.0,0.0,0.0,0.0,0.0,0.0,1.0,0.0,0.0,0.0,0.0,0.0,0.0,0.0,0.0,5773 software license
purchase rollbar inc,0.0,0.0,0.0,0.0,0.0,0.0,0.0,0.0,0.0,0.0,0.0,0.0,0.0,0.0,0.0,0.0,0.0,0.0,1.0,0.0,0.0,0.0,0.0,0.0,0.0,0.0,0.0,5773 software license
purchase rollbar inc,0.0,0.0,0.0,0.0,0.0,0.0,0.0,0.0,0.0,0.0,0.0,0.0,0.0,0.0,0.0,0.0,0.0,0.0,1.0,0.0,0.0,0.0,0.0,0.0,0.0,0.0,0.0,5773 software license
purchase rollbar inc,0.0,0.0,0.0,0.0,0.0,0.0,0.0,0.0,0.0,0.0,0.0,0.0,0.0,0.0,0.0,0.0,0.0,0.0,1.0,0.0,0.0,0.0,0.0,0.0,0.0,0.0,0.0,5773 software license
purchase rollbar inc,0.0,0.0,0.0,0.0,0.0,0.0,0.0,0.0,0.0,0.0,0.0,0.0,0.0,0.0,0.0,0.0,0.0,0.0,1.0,0.0,0.0,0.0,0.0,0.0,0.0,0.0,0.0,5773 software license
purchase rollbar inc,0.0,0.0,0.0,0.0,0.0,0.0,0.0,0.0,0.0,0.0,0.0,0.0,0.0,0.0,0.0,0.0,0.0,0.0,1.0,0.0,0.0,0.0,0.0,0.0,0.0,0.0,0.0,5773 software license
purchase rollbar inc,0.0,0.0,0.0,0.0,0.0,0.0,0.0,0.0,0.0,0.0,0.0,0.0,0.0,0.0,0.0,0.0,0.0,0.0,1.0,0.0,0.0,0.0,0.0,0.0,0.0,0.0,0.0,5773 software license
purchase rollbar inc,0.0,0.0,0.0,0.0,0.0,0.0,0.0,0.0,0.0,0.0,0.0,0.0,0.0,0.0,0.0,0.0,0.0,0.0,1.0,0.0,0.0,0.0,0.0,0.0,0.0,0.0,0.0,5773 software license
purchase rollbar inc,0.0,0.0,0.0,0.0,0.0,0.0,0.0,0.0,0.0,0.0,0.0,0.0,0.0,0.0,0.0,0.0,0.0,0.0,1.0,0.0,0.0,0.0,0.0,0.0,0.0,0.0,0.0,5773 software license
purchase rollbar inc,0.0,0.0,0.0,0.0,0.0,0.0,0.0,0.0,0.0,0.0,0.0,0.0,0.0,0.0,0.0,0.0,0.0,0.0,1.0,0.0,0.0,0.0,0.0,0.0,0.0,0.0,0.0,5773 software license
purchase rollbar inc,0.0,0.0,0.0,0.0,0.0,0.0,0.0,0.0,0.0,0.0,0.0,0.0,0.0,0.0,0.0,0.0,0.0,0.0,1.0,0.0,0.0,0.0,0.0,0.0,0.0,0.0,0.0,5773 software license
purchase sage software canada l time credit card payment legal invoice,0.0,0.9286792022230755,0.0,0.0,0.0,0.0,0.0,0.0,0.0,0.0,0.0,0.0,0.0,0.0,0.0,0.0,0.0,0.0,0.37088399717204323,0.0,0.0,0.0,0.0,0.0,0.0,0.0,0.0,5773 software license
purchase solarwind recur monthly purchase license,0.0,0.0,0.0,0.0,0.0,0.0,0.0,0.0,0.0,0.0,0.0,0.0,0.0,0.0,0.0,0.0,0.0,0.0,1.0,0.0,0.0,0.0,0.0,0.0,0.0,0.0,0.0,5773 software license
purchase solarwind recur monthly purchase license,0.0,0.0,0.0,0.0,0.0,0.0,0.0,0.0,0.0,0.0,0.0,0.0,0.0,0.0,0.0,0.0,0.0,0.0,1.0,0.0,0.0,0.0,0.0,0.0,0.0,0.0,0.0,5773 software license
purchase solarwind recur monthly purchase license,0.0,0.0,0.0,0.0,0.0,0.0,0.0,0.0,0.0,0.0,0.0,0.0,0.0,0.0,0.0,0.0,0.0,0.0,1.0,0.0,0.0,0.0,0.0,0.0,0.0,0.0,0.0,5773 software license
purchase solarwind recur monthly purchase license,0.0,0.0,0.0,0.0,0.0,0.0,0.0,0.0,0.0,0.0,0.0,0.0,0.0,0.0,0.0,0.0,0.0,0.0,1.0,0.0,0.0,0.0,0.0,0.0,0.0,0.0,0.0,5773 software license
purchase solarwind recur monthly purchase license,0.0,0.0,0.0,0.0,0.0,0.0,0.0,0.0,0.0,0.0,0.0,0.0,0.0,0.0,0.0,0.0,0.0,0.0,1.0,0.0,0.0,0.0,0.0,0.0,0.0,0.0,0.0,5773 software license
purchase solarwind recur monthly purchase license,0.0,0.0,0.0,0.0,0.0,0.0,0.0,0.0,0.0,0.0,0.0,0.0,0.0,0.0,0.0,0.0,0.0,0.0,1.0,0.0,0.0,0.0,0.0,0.0,0.0,0.0,0.0,5773 software license
purchase solarwind recur monthly purchase license,0.0,0.0,0.0,0.0,0.0,0.0,0.0,0.0,0.0,0.0,0.0,0.0,0.0,0.0,0.0,0.0,0.0,0.0,1.0,0.0,0.0,0.0,0.0,0.0,0.0,0.0,0.0,5773 software license
purchase solarwind recur monthly purchase license,0.0,0.0,0.0,0.0,0.0,0.0,0.0,0.0,0.0,0.0,0.0,0.0,0.0,0.0,0.0,0.0,0.0,0.0,1.0,0.0,0.0,0.0,0.0,0.0,0.0,0.0,0.0,5773 software license
purchase solarwind recur monthly purchase license,0.0,0.0,0.0,0.0,0.0,0.0,0.0,0.0,0.0,0.0,0.0,0.0,0.0,0.0,0.0,0.0,0.0,0.0,1.0,0.0,0.0,0.0,0.0,0.0,0.0,0.0,0.0,5773 software license
purchase solarwind recur monthly purchase license,0.0,0.0,0.0,0.0,0.0,0.0,0.0,0.0,0.0,0.0,0.0,0.0,0.0,0.0,0.0,0.0,0.0,0.0,1.0,0.0,0.0,0.0,0.0,0.0,0.0,0.0,0.0,5773 software license
purchase solarwind recur monthly purchase license,0.0,0.0,0.0,0.0,0.0,0.0,0.0,0.0,0.0,0.0,0.0,0.0,0.0,0.0,0.0,0.0,0.0,0.0,1.0,0.0,0.0,0.0,0.0,0.0,0.0,0.0,0.0,5773 software license
purchase solarwind recur monthly purchase license,0.0,0.0,0.0,0.0,0.0,0.0,0.0,0.0,0.0,0.0,0.0,0.0,0.0,0.0,0.0,0.0,0.0,0.0,1.0,0.0,0.0,0.0,0.0,0.0,0.0,0.0,0.0,5773 software license
purchase solarwind,0.0,0.0,0.0,0.0,0.0,0.0,0.0,0.0,0.0,0.0,0.0,0.0,0.0,0.0,0.0,0.0,0.0,0.0,1.0,0.0,0.0,0.0,0.0,0.0,0.0,0.0,0.0,5773 software license
purchase solarwind,0.0,0.0,0.0,0.0,0.0,0.0,0.0,0.0,0.0,0.0,0.0,0.0,0.0,0.0,0.0,0.0,0.0,0.0,1.0,0.0,0.0,0.0,0.0,0.0,0.0,0.0,0.0,5773 software license
purchase sqsp websit#206208801,0.0,0.0,0.0,0.0,0.0,0.0,0.0,0.0,0.0,0.0,0.0,0.0,0.0,0.0,0.0,0.0,0.0,0.0,1.0,0.0,0.0,0.0,0.0,0.0,0.0,0.0,0.0,5773 software license
purchase statuscake sup yearly recur monthly purchase license,0.0,0.0,0.0,0.0,0.0,0.0,0.0,0.0,0.0,0.0,0.0,0.0,0.0,0.0,0.0,0.0,0.0,0.0,1.0,0.0,0.0,0.0,0.0,0.0,0.0,0.0,0.0,5773 software license
purchase supabase,0.0,0.0,0.0,0.0,0.0,0.0,0.0,0.0,0.0,0.0,0.0,0.0,0.0,0.0,0.0,0.0,0.0,0.0,1.0,0.0,0.0,0.0,0.0,0.0,0.0,0.0,0.0,5773 software license
purchase supabase,0.0,0.0,0.0,0.0,0.0,0.0,0.0,0.0,0.0,0.0,0.0,0.0,0.0,0.0,0.0,0.0,0.0,0.0,1.0,0.0,0.0,0.0,0.0,0.0,0.0,0.0,0.0,5773 software license
purchase teranet inc rent reporting title pull manage oscar daniels approve tyler,0.0,0.0,0.0,0.0,0.0,0.0,0.0,0.0,0.0,0.9358105191024351,0.0,0.0,0.0,0.0,0.0,0.0,0.0,0.0,0.3525034359225892,0.0,0.0,0.0,0.0,0.0,0.0,0.0,0.0,5773 software license
purchase twilio sendgrid,0.0,0.0,0.0,0.0,0.0,0.0,0.0,0.0,0.0,0.0,0.0,0.0,0.0,0.0,0.0,0.0,0.0,0.0,1.0,0.0,0.0,0.0,0.0,0.0,0.0,0.0,0.0,5773 software license
purchase twilio sendgrid,0.0,0.0,0.0,0.0,0.0,0.0,0.0,0.0,0.0,0.0,0.0,0.0,0.0,0.0,0.0,0.0,0.0,0.0,1.0,0.0,0.0,0.0,0.0,0.0,0.0,0.0,0.0,5773 software license
purchase twilio sendgrid,0.0,0.0,0.0,0.0,0.0,0.0,0.0,0.0,0.0,0.0,0.0,0.0,0.0,0.0,0.0,0.0,0.0,0.0,1.0,0.0,0.0,0.0,0.0,0.0,0.0,0.0,0.0,5773 software license
purchase unity ad unity ad,0.0,0.0,0.0,0.0,0.0,0.0,0.0,0.0,0.0,0.0,0.0,0.0,0.0,0.0,0.0,0.0,0.0,0.0,1.0,0.0,0.0,0.0,0.0,0.0,0.0,0.0,0.0,5773 software license
purchase ahrefs.com,0.0,0.0,0.0,0.0,0.0,0.0,0.0,0.0,0.0,0.0,0.0,0.0,0.0,0.0,0.0,0.0,0.0,0.0,1.0,0.0,0.0,0.0,0.0,0.0,0.0,0.0,0.0,5773 software license
purchase dropbox g8hxyhpjg696 spring dropbox account pause cancel cd dropbox account float card angela,0.0,0.6862200282738888,0.0,0.0,0.0,0.0,0.0,0.0,0.0,0.0,0.0,0.0,0.0,0.0,0.0,0.0,0.0,0.0,0.27405375980908175,0.0,0.6737927051625666,0.0,0.0,0.0,0.0,0.0,0.0,5773 software license
purchase google youtubepremium,0.0,0.0,0.0,0.0,0.0,0.0,0.0,0.0,0.0,0.0,0.0,0.0,0.0,0.0,0.0,0.0,0.0,0.0,1.0,0.0,0.0,0.0,0.0,0.0,0.0,0.0,0.0,5773 software license
purchase google youtubepremium,0.0,0.0,0.0,0.0,0.0,0.0,0.0,0.0,0.0,0.0,0.0,0.0,0.0,0.0,0.0,0.0,0.0,0.0,1.0,0.0,0.0,0.0,0.0,0.0,0.0,0.0,0.0,5773 software license
purchase google*youtubepremium,0.0,0.0,0.0,0.0,0.0,0.0,0.0,0.0,0.0,0.0,0.0,0.0,0.0,0.0,0.0,0.0,0.0,0.0,1.0,0.0,0.0,0.0,0.0,0.0,0.0,0.0,0.0,5773 software license
purchase hex.tech,0.0,0.0,0.0,0.0,0.0,0.0,0.0,0.0,0.0,0.0,0.0,0.0,0.0,0.0,0.0,0.0,0.0,0.0,1.0,0.0,0.0,0.0,0.0,0.0,0.0,0.0,0.0,5773 software license
purchase jetbrains americas inc,0.0,0.0,0.0,0.0,0.0,0.0,0.0,0.0,0.0,0.0,0.0,0.0,0.0,0.0,0.0,0.0,0.0,0.0,1.0,0.0,0.0,0.0,0.0,0.0,0.0,0.0,0.0,5773 software license
purchase jetbrains americas inc,0.0,0.0,0.0,0.0,0.0,0.0,0.0,0.0,0.0,0.0,0.0,0.0,0.0,0.0,0.0,0.0,0.0,0.0,1.0,0.0,0.0,0.0,0.0,0.0,0.0,0.0,0.0,5773 software license
purchase jetbrains americas inc,0.0,0.0,0.0,0.0,0.0,0.0,0.0,0.0,0.0,0.0,0.0,0.0,0.0,0.0,0.0,0.0,0.0,0.0,1.0,0.0,0.0,0.0,0.0,0.0,0.0,0.0,0.0,5773 software license
purchase jetbrains americas inc,0.0,0.0,0.0,0.0,0.0,0.0,0.0,0.0,0.0,0.0,0.0,0.0,0.0,0.0,0.0,0.0,0.0,0.0,1.0,0.0,0.0,0.0,0.0,0.0,0.0,0.0,0.0,5773 software license
purchase krisp,0.0,0.0,0.0,0.0,0.0,0.0,0.0,0.0,0.0,0.0,0.0,0.0,0.0,0.0,0.0,0.0,0.0,0.0,1.0,0.0,0.0,0.0,0.0,0.0,0.0,0.0,0.0,5773 software license
purchase krisp,0.0,0.0,0.0,0.0,0.0,0.0,0.0,0.0,0.0,0.0,0.0,0.0,0.0,0.0,0.0,0.0,0.0,0.0,1.0,0.0,0.0,0.0,0.0,0.0,0.0,0.0,0.0,5773 software license
purchase krisp,0.0,0.0,0.0,0.0,0.0,0.0,0.0,0.0,0.0,0.0,0.0,0.0,0.0,0.0,0.0,0.0,0.0,0.0,1.0,0.0,0.0,0.0,0.0,0.0,0.0,0.0,0.0,5773 software license
purchase krisp,0.0,0.0,0.0,0.0,0.0,0.0,0.0,0.0,0.0,0.0,0.0,0.0,0.0,0.0,0.0,0.0,0.0,0.0,1.0,0.0,0.0,0.0,0.0,0.0,0.0,0.0,0.0,5773 software license
purchase krisp,0.0,0.0,0.0,0.0,0.0,0.0,0.0,0.0,0.0,0.0,0.0,0.0,0.0,0.0,0.0,0.0,0.0,0.0,1.0,0.0,0.0,0.0,0.0,0.0,0.0,0.0,0.0,5773 software license
purchase krisp,0.0,0.0,0.0,0.0,0.0,0.0,0.0,0.0,0.0,0.0,0.0,0.0,0.0,0.0,0.0,0.0,0.0,0.0,1.0,0.0,0.0,0.0,0.0,0.0,0.0,0.0,0.0,5773 software license
purchase krisp,0.0,0.0,0.0,0.0,0.0,0.0,0.0,0.0,0.0,0.0,0.0,0.0,0.0,0.0,0.0,0.0,0.0,0.0,1.0,0.0,0.0,0.0,0.0,0.0,0.0,0.0,0.0,5773 software license
purchase name-cheap.com g71zzk,0.0,0.0,0.0,0.0,0.0,0.0,0.0,0.0,0.0,0.0,0.0,0.0,0.0,0.0,0.0,0.0,0.0,0.0,1.0,0.0,0.0,0.0,0.0,0.0,0.0,0.0,0.0,5773 software license
purchase name-cheap.com mpsjgz,0.0,0.0,0.0,0.0,0.0,0.0,0.0,0.0,0.0,0.0,0.0,0.0,0.0,0.0,0.0,0.0,0.0,0.0,1.0,0.0,0.0,0.0,0.0,0.0,0.0,0.0,0.0,5773 software license
purchase openai chatgpt subscr license renewal,0.0,0.0,0.0,0.0,0.0,0.0,0.0,0.0,0.0,0.0,0.0,0.0,0.0,0.0,0.0,0.0,0.0,0.0,0.35791136410263513,0.9337555651487123,0.0,0.0,0.0,0.0,0.0,0.0,0.0,5773 software license
purchase openai chatgpt subscr recur monthly purchase license,0.0,0.0,0.0,0.0,0.0,0.0,0.0,0.0,0.0,0.0,0.0,0.0,0.0,0.0,0.0,0.0,0.0,0.0,1.0,0.0,0.0,0.0,0.0,0.0,0.0,0.0,0.0,5773 software license
purchase openai chatgpt subscr recur monthly purchase license,0.0,0.0,0.0,0.0,0.0,0.0,0.0,0.0,0.0,0.0,0.0,0.0,0.0,0.0,0.0,0.0,0.0,0.0,1.0,0.0,0.0,0.0,0.0,0.0,0.0,0.0,0.0,5773 software license
purchase openai chatgpt subscr license renewal,0.0,0.0,0.0,0.0,0.0,0.0,0.0,0.0,0.0,0.0,0.0,0.0,0.0,0.0,0.0,0.0,0.0,0.0,0.35791136410263513,0.9337555651487123,0.0,0.0,0.0,0.0,0.0,0.0,0.0,5773 software license
purchase originality.ai,0.0,0.0,0.0,0.0,0.0,0.0,0.0,0.0,0.0,0.0,0.0,0.0,0.0,0.0,0.0,0.0,0.0,0.0,1.0,0.0,0.0,0.0,0.0,0.0,0.0,0.0,0.0,5773 software license
purchase originality.ai,0.0,0.0,0.0,0.0,0.0,0.0,0.0,0.0,0.0,0.0,0.0,0.0,0.0,0.0,0.0,0.0,0.0,0.0,1.0,0.0,0.0,0.0,0.0,0.0,0.0,0.0,0.0,5773 software license
purchase postman professional,0.0,0.0,0.0,0.0,0.0,0.0,0.0,0.0,0.0,0.0,0.0,0.0,0.0,0.0,0.0,0.0,0.0,0.0,1.0,0.0,0.0,0.0,0.0,0.0,0.0,0.0,0.0,5773 software license
purchase postman professional,0.0,0.0,0.0,0.0,0.0,0.0,0.0,0.0,0.0,0.0,0.0,0.0,0.0,0.0,0.0,0.0,0.0,0.0,1.0,0.0,0.0,0.0,0.0,0.0,0.0,0.0,0.0,5773 software license
purchase workona subscription workona,0.0,0.0,0.0,0.0,0.0,0.0,0.0,0.0,0.0,0.0,0.0,0.0,0.0,0.0,0.0,0.0,0.0,0.0,1.0,0.0,0.0,0.0,0.0,0.0,0.0,0.0,0.0,5773 software license
purchase workona subscription workona,0.0,0.0,0.0,0.0,0.0,0.0,0.0,0.0,0.0,0.0,0.0,0.0,0.0,0.0,0.0,0.0,0.0,0.0,1.0,0.0,0.0,0.0,0.0,0.0,0.0,0.0,0.0,5773 software license
purchase zomato pvt ltd hyperpure,0.0,0.0,0.0,0.0,0.0,0.0,0.0,0.0,0.0,0.0,0.0,0.0,0.0,0.0,0.0,0.0,0.0,0.0,1.0,0.0,0.0,0.0,0.0,0.0,0.0,0.0,0.0,5773 software license
purchase vercel inc,0.0,0.0,0.0,0.0,0.0,0.0,0.0,0.0,0.0,0.0,0.0,0.0,0.0,0.0,0.0,0.0,0.0,0.0,1.0,0.0,0.0,0.0,0.0,0.0,0.0,0.0,0.0,5773 software license
purchase vercel inc,0.0,0.0,0.0,0.0,0.0,0.0,0.0,0.0,0.0,0.0,0.0,0.0,0.0,0.0,0.0,0.0,0.0,0.0,1.0,0.0,0.0,0.0,0.0,0.0,0.0,0.0,0.0,5773 software license
purchase vercel inc,0.0,0.0,0.0,0.0,0.0,0.0,0.0,0.0,0.0,0.0,0.0,0.0,0.0,0.0,0.0,0.0,0.0,0.0,1.0,0.0,0.0,0.0,0.0,0.0,0.0,0.0,0.0,5773 software license
purchase vercel inc,0.0,0.0,0.0,0.0,0.0,0.0,0.0,0.0,0.0,0.0,0.0,0.0,0.0,0.0,0.0,0.0,0.0,0.0,1.0,0.0,0.0,0.0,0.0,0.0,0.0,0.0,0.0,5773 software license
purchase vercel inc,0.0,0.0,0.0,0.0,0.0,0.0,0.0,0.0,0.0,0.0,0.0,0.0,0.0,0.0,0.0,0.0,0.0,0.0,1.0,0.0,0.0,0.0,0.0,0.0,0.0,0.0,0.0,5773 software license
purchase vercel inc,0.0,0.0,0.0,0.0,0.0,0.0,0.0,0.0,0.0,0.0,0.0,0.0,0.0,0.0,0.0,0.0,0.0,0.0,1.0,0.0,0.0,0.0,0.0,0.0,0.0,0.0,0.0,5773 software license
purchase vercel inc,0.0,0.0,0.0,0.0,0.0,0.0,0.0,0.0,0.0,0.0,0.0,0.0,0.0,0.0,0.0,0.0,0.0,0.0,1.0,0.0,0.0,0.0,0.0,0.0,0.0,0.0,0.0,5773 software license
purchase vercel inc,0.0,0.0,0.0,0.0,0.0,0.0,0.0,0.0,0.0,0.0,0.0,0.0,0.0,0.0,0.0,0.0,0.0,0.0,1.0,0.0,0.0,0.0,0.0,0.0,0.0,0.0,0.0,5773 software license
purchase vercel inc,0.0,0.0,0.0,0.0,0.0,0.0,0.0,0.0,0.0,0.0,0.0,0.0,0.0,0.0,0.0,0.0,0.0,0.0,1.0,0.0,0.0,0.0,0.0,0.0,0.0,0.0,0.0,5773 software license
purchase vercel mkt supabase,0.0,0.0,0.0,0.0,0.0,0.0,0.0,0.0,0.0,0.0,0.0,0.0,0.0,0.0,0.0,0.0,0.0,0.0,1.0,0.0,0.0,0.0,0.0,0.0,0.0,0.0,0.0,5773 software license
purchase vercel mkt supabase,0.0,0.0,0.0,0.0,0.0,0.0,0.0,0.0,0.0,0.0,0.0,0.0,0.0,0.0,0.0,0.0,0.0,0.0,1.0,0.0,0.0,0.0,0.0,0.0,0.0,0.0,0.0,5773 software license
purchase vercel mkt supabase,0.0,0.0,0.0,0.0,0.0,0.0,0.0,0.0,0.0,0.0,0.0,0.0,0.0,0.0,0.0,0.0,0.0,0.0,1.0,0.0,0.0,0.0,0.0,0.0,0.0,0.0,0.0,5773 software license
purchase vercel supabase,0.0,0.0,0.0,0.0,0.0,0.0,0.0,0.0,0.0,0.0,0.0,0.0,0.0,0.0,0.0,0.0,0.0,0.0,1.0,0.0,0.0,0.0,0.0,0.0,0.0,0.0,0.0,5773 software license
purchase vercel supabase,0.0,0.0,0.0,0.0,0.0,0.0,0.0,0.0,0.0,0.0,0.0,0.0,0.0,0.0,0.0,0.0,0.0,0.0,1.0,0.0,0.0,0.0,0.0,0.0,0.0,0.0,0.0,5773 software license
purchase vesta chatr recur monthly purchase license,0.0,0.0,0.0,0.0,0.0,0.0,0.0,0.0,0.0,0.0,0.0,0.0,0.0,0.0,0.0,0.0,0.0,0.0,1.0,0.0,0.0,0.0,0.0,0.0,0.0,0.0,0.0,5773 software license
purchase vesta chatr recur monthly purchase license,0.0,0.0,0.0,0.0,0.0,0.0,0.0,0.0,0.0,0.0,0.0,0.0,0.0,0.0,0.0,0.0,0.0,0.0,1.0,0.0,0.0,0.0,0.0,0.0,0.0,0.0,0.0,5773 software license
purchase vesta chatr recur monthly purchase license,0.0,0.0,0.0,0.0,0.0,0.0,0.0,0.0,0.0,0.0,0.0,0.0,0.0,0.0,0.0,0.0,0.0,0.0,1.0,0.0,0.0,0.0,0.0,0.0,0.0,0.0,0.0,5773 software license
purchase vesta chatr recur monthly purchase license,0.0,0.0,0.0,0.0,0.0,0.0,0.0,0.0,0.0,0.0,0.0,0.0,0.0,0.0,0.0,0.0,0.0,0.0,1.0,0.0,0.0,0.0,0.0,0.0,0.0,0.0,0.0,5773 software license
purchase vesta chatr recur monthly purchase license,0.0,0.0,0.0,0.0,0.0,0.0,0.0,0.0,0.0,0.0,0.0,0.0,0.0,0.0,0.0,0.0,0.0,0.0,1.0,0.0,0.0,0.0,0.0,0.0,0.0,0.0,0.0,5773 software license
purchase vesta chatr recur monthly purchase license,0.0,0.0,0.0,0.0,0.0,0.0,0.0,0.0,0.0,0.0,0.0,0.0,0.0,0.0,0.0,0.0,0.0,0.0,1.0,0.0,0.0,0.0,0.0,0.0,0.0,0.0,0.0,5773 software license
purchase vesta chatr recur monthly purchase license,0.0,0.0,0.0,0.0,0.0,0.0,0.0,0.0,0.0,0.0,0.0,0.0,0.0,0.0,0.0,0.0,0.0,0.0,1.0,0.0,0.0,0.0,0.0,0.0,0.0,0.0,0.0,5773 software license
purchase vesta chatr recur monthly purchase license,0.0,0.0,0.0,0.0,0.0,0.0,0.0,0.0,0.0,0.0,0.0,0.0,0.0,0.0,0.0,0.0,0.0,0.0,1.0,0.0,0.0,0.0,0.0,0.0,0.0,0.0,0.0,5773 software license
purchase vesta chatr recur monthly purchase license,0.0,0.0,0.0,0.0,0.0,0.0,0.0,0.0,0.0,0.0,0.0,0.0,0.0,0.0,0.0,0.0,0.0,0.0,1.0,0.0,0.0,0.0,0.0,0.0,0.0,0.0,0.0,5773 software license
purchase vesta chatr vesta chatr mobile phone devop cancel soon erin card set move separate card tech own soon cancel,0.0,0.9732914737133692,0.0,0.0,0.0,0.0,0.0,0.0,0.0,0.0,0.0,0.0,0.0,0.0,0.0,0.0,0.0,0.0,0.22957287992456293,0.0,0.0,0.0,0.0,0.0,0.0,0.0,0.0,5773 software license
purchase vesta chatr vesta chatr mobile phone devop cancel soon erin card set move separate card tech own soon cancel,0.0,0.9732914737133692,0.0,0.0,0.0,0.0,0.0,0.0,0.0,0.0,0.0,0.0,0.0,0.0,0.0,0.0,0.0,0.0,0.22957287992456293,0.0,0.0,0.0,0.0,0.0,0.0,0.0,0.0,5773 software license
purchase vesta chatr vesta chatr mobile phone devop cancel soon erin card set move separate card tech own soon cancel,0.0,0.9732914737133692,0.0,0.0,0.0,0.0,0.0,0.0,0.0,0.0,0.0,0.0,0.0,0.0,0.0,0.0,0.0,0.0,0.22957287992456293,0.0,0.0,0.0,0.0,0.0,0.0,0.0,0.0,5773 software license
purchase vmo*vimeo.com,0.0,0.0,0.0,0.0,0.0,0.0,0.0,0.0,0.0,0.0,0.0,0.0,0.0,0.0,0.0,0.0,0.0,0.0,1.0,0.0,0.0,0.0,0.0,0.0,0.0,0.0,0.0,5773 software license
purchase workona subscription workona,0.0,0.0,0.0,0.0,0.0,0.0,0.0,0.0,0.0,0.0,0.0,0.0,0.0,0.0,0.0,0.0,0.0,0.0,1.0,0.0,0.0,0.0,0.0,0.0,0.0,0.0,0.0,5773 software license
purchase workona subscription workona,0.0,0.0,0.0,0.0,0.0,0.0,0.0,0.0,0.0,0.0,0.0,0.0,0.0,0.0,0.0,0.0,0.0,0.0,1.0,0.0,0.0,0.0,0.0,0.0,0.0,0.0,0.0,5773 software license
purchase workona subscription workona,0.0,0.0,0.0,0.0,0.0,0.0,0.0,0.0,0.0,0.0,0.0,0.0,0.0,0.0,0.0,0.0,0.0,0.0,1.0,0.0,0.0,0.0,0.0,0.0,0.0,0.0,0.0,5773 software license
purchase workona subscription workona,0.0,0.0,0.0,0.0,0.0,0.0,0.0,0.0,0.0,0.0,0.0,0.0,0.0,0.0,0.0,0.0,0.0,0.0,1.0,0.0,0.0,0.0,0.0,0.0,0.0,0.0,0.0,5773 software license
purchase workona subscription workona,0.0,0.0,0.0,0.0,0.0,0.0,0.0,0.0,0.0,0.0,0.0,0.0,0.0,0.0,0.0,0.0,0.0,0.0,1.0,0.0,0.0,0.0,0.0,0.0,0.0,0.0,0.0,5773 software license
purchase workona subscription workona,0.0,0.0,0.0,0.0,0.0,0.0,0.0,0.0,0.0,0.0,0.0,0.0,0.0,0.0,0.0,0.0,0.0,0.0,1.0,0.0,0.0,0.0,0.0,0.0,0.0,0.0,0.0,5773 software license
purchase wp medium,0.0,0.0,0.0,0.0,0.0,0.0,0.0,0.0,0.0,0.0,0.0,0.0,0.0,0.0,0.0,0.0,0.0,0.0,1.0,0.0,0.0,0.0,0.0,0.0,0.0,0.0,0.0,5773 software license
purchase wpengine db acf plugin recur monthly purchase license,0.0,0.0,0.0,0.0,0.0,0.0,0.0,0.0,0.0,0.0,0.0,0.0,0.0,0.0,0.0,0.0,0.0,0.0,1.0,0.0,0.0,0.0,0.0,0.0,0.0,0.0,0.0,5773 software license
purchase wpmu dev wpmu.com,0.0,0.0,0.0,0.0,0.0,0.0,0.0,0.0,0.0,0.0,0.0,0.0,0.0,0.0,0.0,0.0,0.0,0.0,1.0,0.0,0.0,0.0,0.0,0.0,0.0,0.0,0.0,5773 software license
purchase www awfis com,0.0,0.0,0.0,0.0,0.0,0.0,0.0,0.0,0.0,0.0,0.0,0.0,0.0,0.0,0.0,0.0,0.0,0.0,1.0,0.0,0.0,0.0,0.0,0.0,0.0,0.0,0.0,5773 software license
purchase www.collisionconf.com,0.0,0.0,0.0,0.0,0.0,0.0,0.0,0.0,0.0,0.0,0.0,0.0,0.0,0.0,0.0,0.0,0.0,0.0,1.0,0.0,0.0,0.0,0.0,0.0,0.0,0.0,0.0,5773 software license
purchase zapier.com/charge,0.0,0.0,0.0,0.0,0.0,0.0,0.0,0.0,0.0,0.0,0.0,0.0,0.0,0.0,0.0,0.0,0.0,0.0,1.0,0.0,0.0,0.0,0.0,0.0,0.0,0.0,0.0,5773 software license
purchase zapier.com/charge,0.0,0.0,0.0,0.0,0.0,0.0,0.0,0.0,0.0,0.0,0.0,0.0,0.0,0.0,0.0,0.0,0.0,0.0,1.0,0.0,0.0,0.0,0.0,0.0,0.0,0.0,0.0,5773 software license
purchase zapier.com/charge,0.0,0.0,0.0,0.0,0.0,0.0,0.0,0.0,0.0,0.0,0.0,0.0,0.0,0.0,0.0,0.0,0.0,0.0,1.0,0.0,0.0,0.0,0.0,0.0,0.0,0.0,0.0,5773 software license
purchase zapier.com/charge,0.0,0.0,0.0,0.0,0.0,0.0,0.0,0.0,0.0,0.0,0.0,0.0,0.0,0.0,0.0,0.0,0.0,0.0,1.0,0.0,0.0,0.0,0.0,0.0,0.0,0.0,0.0,5773 software license
purchase zapier.com/charge,0.0,0.0,0.0,0.0,0.0,0.0,0.0,0.0,0.0,0.0,0.0,0.0,0.0,0.0,0.0,0.0,0.0,0.0,1.0,0.0,0.0,0.0,0.0,0.0,0.0,0.0,0.0,5773 software license
purchase zapier.com/charge,0.0,0.0,0.0,0.0,0.0,0.0,0.0,0.0,0.0,0.0,0.0,0.0,0.0,0.0,0.0,0.0,0.0,0.0,1.0,0.0,0.0,0.0,0.0,0.0,0.0,0.0,0.0,5773 software license
purchase zapier.com/charge,0.0,0.0,0.0,0.0,0.0,0.0,0.0,0.0,0.0,0.0,0.0,0.0,0.0,0.0,0.0,0.0,0.0,0.0,1.0,0.0,0.0,0.0,0.0,0.0,0.0,0.0,0.0,5773 software license
purchase zapier.com/charge,0.0,0.0,0.0,0.0,0.0,0.0,0.0,0.0,0.0,0.0,0.0,0.0,0.0,0.0,0.0,0.0,0.0,0.0,1.0,0.0,0.0,0.0,0.0,0.0,0.0,0.0,0.0,5773 software license
purchase zapier.com/charge,0.0,0.0,0.0,0.0,0.0,0.0,0.0,0.0,0.0,0.0,0.0,0.0,0.0,0.0,0.0,0.0,0.0,0.0,1.0,0.0,0.0,0.0,0.0,0.0,0.0,0.0,0.0,5773 software license
purchase zapier.com/charge,0.0,0.0,0.0,0.0,0.0,0.0,0.0,0.0,0.0,0.0,0.0,0.0,0.0,0.0,0.0,0.0,0.0,0.0,1.0,0.0,0.0,0.0,0.0,0.0,0.0,0.0,0.0,5773 software license
purchase zapier.com/charge,0.0,0.0,0.0,0.0,0.0,0.0,0.0,0.0,0.0,0.0,0.0,0.0,0.0,0.0,0.0,0.0,0.0,0.0,1.0,0.0,0.0,0.0,0.0,0.0,0.0,0.0,0.0,5773 software license
purchase zoho analytic,0.0,0.0,0.0,0.0,0.0,0.0,0.0,0.0,0.0,0.0,0.0,0.0,0.0,0.0,0.0,0.0,0.0,0.0,1.0,0.0,0.0,0.0,0.0,0.0,0.0,0.0,0.0,5773 software license
purchase zoho crm,0.0,0.0,0.0,0.0,0.0,0.0,0.0,0.0,0.0,0.0,0.0,0.0,0.0,0.0,0.0,0.0,0.0,0.0,1.0,0.0,0.0,0.0,0.0,0.0,0.0,0.0,0.0,5773 software license
purchase zoho crm,0.0,0.0,0.0,0.0,0.0,0.0,0.0,0.0,0.0,0.0,0.0,0.0,0.0,0.0,0.0,0.0,0.0,0.0,1.0,0.0,0.0,0.0,0.0,0.0,0.0,0.0,0.0,5773 software license
purchase zoho flow,0.0,0.0,0.0,0.0,0.0,0.0,0.0,0.0,0.0,0.0,0.0,0.0,0.0,0.0,0.0,0.0,0.0,0.0,1.0,0.0,0.0,0.0,0.0,0.0,0.0,0.0,0.0,5773 software license
purchase zoho leadchain,0.0,0.0,0.0,0.0,0.0,0.0,0.0,0.0,0.0,0.0,0.0,0.0,0.0,0.0,0.0,0.0,0.0,0.0,1.0,0.0,0.0,0.0,0.0,0.0,0.0,0.0,0.0,5773 software license
purchase zoho leadchain,0.0,0.0,0.0,0.0,0.0,0.0,0.0,0.0,0.0,0.0,0.0,0.0,0.0,0.0,0.0,0.0,0.0,0.0,1.0,0.0,0.0,0.0,0.0,0.0,0.0,0.0,0.0,5773 software license
purchase zoho leadchain,0.0,0.0,0.0,0.0,0.0,0.0,0.0,0.0,0.0,0.0,0.0,0.0,0.0,0.0,0.0,0.0,0.0,0.0,1.0,0.0,0.0,0.0,0.0,0.0,0.0,0.0,0.0,5773 software license
purchase zoho leadchain,0.0,0.0,0.0,0.0,0.0,0.0,0.0,0.0,0.0,0.0,0.0,0.0,0.0,0.0,0.0,0.0,0.0,0.0,1.0,0.0,0.0,0.0,0.0,0.0,0.0,0.0,0.0,5773 software license
purchase zoho vault,0.0,0.0,0.0,0.0,0.0,0.0,0.0,0.0,0.0,0.0,0.0,0.0,0.0,0.0,0.0,0.0,0.0,0.0,1.0,0.0,0.0,0.0,0.0,0.0,0.0,0.0,0.0,5773 software license
purchase zoho zoho corp,0.0,0.0,0.0,0.0,0.0,0.0,0.0,0.0,0.0,0.0,0.0,0.0,0.0,0.0,0.0,0.0,0.0,0.0,1.0,0.0,0.0,0.0,0.0,0.0,0.0,0.0,0.0,5773 software license
purchase zoho zoho corp,0.0,0.0,0.0,0.0,0.0,0.0,0.0,0.0,0.0,0.0,0.0,0.0,0.0,0.0,0.0,0.0,0.0,0.0,1.0,0.0,0.0,0.0,0.0,0.0,0.0,0.0,0.0,5773 software license
purchase zoom.com 888 799 9666,0.0,0.0,0.0,0.0,0.0,0.0,0.0,0.0,0.0,0.0,0.0,0.0,0.0,0.0,0.0,0.0,0.0,0.0,1.0,0.0,0.0,0.0,0.0,0.0,0.0,0.0,0.0,5773 software license
purchase zoom.com 888 799 9666,0.0,0.0,0.0,0.0,0.0,0.0,0.0,0.0,0.0,0.0,0.0,0.0,0.0,0.0,0.0,0.0,0.0,0.0,1.0,0.0,0.0,0.0,0.0,0.0,0.0,0.0,0.0,5773 software license
purchase zoom.com 888 799 9666,0.0,0.0,0.0,0.0,0.0,0.0,0.0,0.0,0.0,0.0,0.0,0.0,0.0,0.0,0.0,0.0,0.0,0.0,1.0,0.0,0.0,0.0,0.0,0.0,0.0,0.0,0.0,5773 software license
purchase zoom.com 888 799 9666,0.0,0.0,0.0,0.0,0.0,0.0,0.0,0.0,0.0,0.0,0.0,0.0,0.0,0.0,0.0,0.0,0.0,0.0,1.0,0.0,0.0,0.0,0.0,0.0,0.0,0.0,0.0,5773 software license
purchase zoom.com 888 799 9666,0.0,0.0,0.0,0.0,0.0,0.0,0.0,0.0,0.0,0.0,0.0,0.0,0.0,0.0,0.0,0.0,0.0,0.0,1.0,0.0,0.0,0.0,0.0,0.0,0.0,0.0,0.0,5773 software license
purchase zoom.com 888 799 9666,0.0,0.0,0.0,0.0,0.0,0.0,0.0,0.0,0.0,0.0,0.0,0.0,0.0,0.0,0.0,0.0,0.0,0.0,1.0,0.0,0.0,0.0,0.0,0.0,0.0,0.0,0.0,5773 software license
purchase zoom.com 888 799 9666,0.0,0.0,0.0,0.0,0.0,0.0,0.0,0.0,0.0,0.0,0.0,0.0,0.0,0.0,0.0,0.0,0.0,0.0,1.0,0.0,0.0,0.0,0.0,0.0,0.0,0.0,0.0,5773 software license
purchase zoom.com 888 799 9666,0.0,0.0,0.0,0.0,0.0,0.0,0.0,0.0,0.0,0.0,0.0,0.0,0.0,0.0,0.0,0.0,0.0,0.0,1.0,0.0,0.0,0.0,0.0,0.0,0.0,0.0,0.0,5773 software license
purchase zoom.com 888 799 9666,0.0,0.0,0.0,0.0,0.0,0.0,0.0,0.0,0.0,0.0,0.0,0.0,0.0,0.0,0.0,0.0,0.0,0.0,1.0,0.0,0.0,0.0,0.0,0.0,0.0,0.0,0.0,5773 software license
purchase zoom.com 888 799 9666,0.0,0.0,0.0,0.0,0.0,0.0,0.0,0.0,0.0,0.0,0.0,0.0,0.0,0.0,0.0,0.0,0.0,0.0,1.0,0.0,0.0,0.0,0.0,0.0,0.0,0.0,0.0,5773 software license
purchase zoom.com 888 799 9666,0.0,0.0,0.0,0.0,0.0,0.0,0.0,0.0,0.0,0.0,0.0,0.0,0.0,0.0,0.0,0.0,0.0,0.0,1.0,0.0,0.0,0.0,0.0,0.0,0.0,0.0,0.0,5773 software license
purchase zoom.com 888 799 9666,0.0,0.0,0.0,0.0,0.0,0.0,0.0,0.0,0.0,0.0,0.0,0.0,0.0,0.0,0.0,0.0,0.0,0.0,1.0,0.0,0.0,0.0,0.0,0.0,0.0,0.0,0.0,5773 software license
purchase zoom.com 888 799 9666,0.0,0.0,0.0,0.0,0.0,0.0,0.0,0.0,0.0,0.0,0.0,0.0,0.0,0.0,0.0,0.0,0.0,0.0,1.0,0.0,0.0,0.0,0.0,0.0,0.0,0.0,0.0,5773 software license
purchase zoom.com 888 799 9666,0.0,0.0,0.0,0.0,0.0,0.0,0.0,0.0,0.0,0.0,0.0,0.0,0.0,0.0,0.0,0.0,0.0,0.0,1.0,0.0,0.0,0.0,0.0,0.0,0.0,0.0,0.0,5773 software license
purchase zoom.com 888 799 9666,0.0,0.0,0.0,0.0,0.0,0.0,0.0,0.0,0.0,0.0,0.0,0.0,0.0,0.0,0.0,0.0,0.0,0.0,1.0,0.0,0.0,0.0,0.0,0.0,0.0,0.0,0.0,5773 software license
purchase zoom.com 888 799 9666,0.0,0.0,0.0,0.0,0.0,0.0,0.0,0.0,0.0,0.0,0.0,0.0,0.0,0.0,0.0,0.0,0.0,0.0,1.0,0.0,0.0,0.0,0.0,0.0,0.0,0.0,0.0,5773 software license
purchase zoom.com 888 799 9666,0.0,0.0,0.0,0.0,0.0,0.0,0.0,0.0,0.0,0.0,0.0,0.0,0.0,0.0,0.0,0.0,0.0,0.0,1.0,0.0,0.0,0.0,0.0,0.0,0.0,0.0,0.0,5773 software license
purchase zoom.com 888 799 9666,0.0,0.0,0.0,0.0,0.0,0.0,0.0,0.0,0.0,0.0,0.0,0.0,0.0,0.0,0.0,0.0,0.0,0.0,1.0,0.0,0.0,0.0,0.0,0.0,0.0,0.0,0.0,5773 software license
purchase zoom.com 888 799 9666,0.0,0.0,0.0,0.0,0.0,0.0,0.0,0.0,0.0,0.0,0.0,0.0,0.0,0.0,0.0,0.0,0.0,0.0,1.0,0.0,0.0,0.0,0.0,0.0,0.0,0.0,0.0,5773 software license
purchase zoom.com 888 799 9666,0.0,0.0,0.0,0.0,0.0,0.0,0.0,0.0,0.0,0.0,0.0,0.0,0.0,0.0,0.0,0.0,0.0,0.0,1.0,0.0,0.0,0.0,0.0,0.0,0.0,0.0,0.0,5773 software license
purchase zoom.com 888 799 9666,0.0,0.0,0.0,0.0,0.0,0.0,0.0,0.0,0.0,0.0,0.0,0.0,0.0,0.0,0.0,0.0,0.0,0.0,1.0,0.0,0.0,0.0,0.0,0.0,0.0,0.0,0.0,5773 software license
purchase zoom.com 888 799 9666,0.0,0.0,0.0,0.0,0.0,0.0,0.0,0.0,0.0,0.0,0.0,0.0,0.0,0.0,0.0,0.0,0.0,0.0,1.0,0.0,0.0,0.0,0.0,0.0,0.0,0.0,0.0,5773 software license
purchase zoom.com 888 799 9666,0.0,0.0,0.0,0.0,0.0,0.0,0.0,0.0,0.0,0.0,0.0,0.0,0.0,0.0,0.0,0.0,0.0,0.0,1.0,0.0,0.0,0.0,0.0,0.0,0.0,0.0,0.0,5773 software license
purchase 2c2p_ph*ph airasia,0.0,0.0,0.0,0.0,0.0,0.0,0.0,0.0,0.0,0.0,0.0,0.0,0.0,0.0,0.0,0.0,0.0,0.0,1.0,0.0,0.0,0.0,0.0,0.0,0.0,0.0,0.0,5784 travel entertainment
purchase 2c2p_ph*ph airasia,0.0,0.0,0.0,0.0,0.0,0.0,0.0,0.0,0.0,0.0,0.0,0.0,0.0,0.0,0.0,0.0,0.0,0.0,1.0,0.0,0.0,0.0,0.0,0.0,0.0,0.0,0.0,5784 travel entertainment
purchase 2c2p_ph*ph airasia,0.0,0.0,0.0,0.0,0.0,0.0,0.0,0.0,0.0,0.0,0.0,0.0,0.0,0.0,0.0,0.0,0.0,0.0,1.0,0.0,0.0,0.0,0.0,0.0,0.0,0.0,0.0,5784 travel entertainment
purchase 2c2p_ph*ph airasia,0.0,0.0,0.0,0.0,0.0,0.0,0.0,0.0,0.0,0.0,0.0,0.0,0.0,0.0,0.0,0.0,0.0,0.0,1.0,0.0,0.0,0.0,0.0,0.0,0.0,0.0,0.0,5784 travel entertainment
purchase air 0142117709561,0.0,0.0,0.0,0.0,0.0,0.0,0.0,0.0,0.0,0.0,0.0,0.0,0.0,0.0,0.0,0.0,0.0,0.0,1.0,0.0,0.0,0.0,0.0,0.0,0.0,0.0,0.0,5784 travel entertainment
purchase air 0142117709620,0.0,0.0,0.0,0.0,0.0,0.0,0.0,0.0,0.0,0.0,0.0,0.0,0.0,0.0,0.0,0.0,0.0,0.0,1.0,0.0,0.0,0.0,0.0,0.0,0.0,0.0,0.0,5784 travel entertainment
purchase air 0142117709701,0.0,0.0,0.0,0.0,0.0,0.0,0.0,0.0,0.0,0.0,0.0,0.0,0.0,0.0,0.0,0.0,0.0,0.0,1.0,0.0,0.0,0.0,0.0,0.0,0.0,0.0,0.0,5784 travel entertainment
purchase air 0142117722746,0.0,0.0,0.0,0.0,0.0,0.0,0.0,0.0,0.0,0.0,0.0,0.0,0.0,0.0,0.0,0.0,0.0,0.0,1.0,0.0,0.0,0.0,0.0,0.0,0.0,0.0,0.0,5784 travel entertainment
refund air 0142117722746,0.0,0.0,0.0,0.0,0.0,0.0,0.0,0.0,0.0,0.0,0.0,0.0,0.0,0.0,0.0,0.0,0.0,0.0,0.0,0.0,0.0,0.0,0.0,0.0,0.0,0.0,0.0,5784 travel entertainment
purchase air 0142117830560,0.0,0.0,0.0,0.0,0.0,0.0,0.0,0.0,0.0,0.0,0.0,0.0,0.0,0.0,0.0,0.0,0.0,0.0,1.0,0.0,0.0,0.0,0.0,0.0,0.0,0.0,0.0,5784 travel entertainment
purchase air 0142118352611,0.0,0.0,0.0,0.0,0.0,0.0,0.0,0.0,0.0,0.0,0.0,0.0,0.0,0.0,0.0,0.0,0.0,0.0,1.0,0.0,0.0,0.0,0.0,0.0,0.0,0.0,0.0,5784 travel entertainment
purchase air 0142120669308,0.0,0.0,0.0,0.0,0.0,0.0,0.0,0.0,0.0,0.0,0.0,0.0,0.0,0.0,0.0,0.0,0.0,0.0,1.0,0.0,0.0,0.0,0.0,0.0,0.0,0.0,0.0,5784 travel entertainment
purchase air 0142120669332,0.0,0.0,0.0,0.0,0.0,0.0,0.0,0.0,0.0,0.0,0.0,0.0,0.0,0.0,0.0,0.0,0.0,0.0,1.0,0.0,0.0,0.0,0.0,0.0,0.0,0.0,0.0,5784 travel entertainment
purchase air 0142121292513,0.0,0.0,0.0,0.0,0.0,0.0,0.0,0.0,0.0,0.0,0.0,0.0,0.0,0.0,0.0,0.0,0.0,0.0,1.0,0.0,0.0,0.0,0.0,0.0,0.0,0.0,0.0,5784 travel entertainment
purchase air 0142122008057,0.0,0.0,0.0,0.0,0.0,0.0,0.0,0.0,0.0,0.0,0.0,0.0,0.0,0.0,0.0,0.0,0.0,0.0,1.0,0.0,0.0,0.0,0.0,0.0,0.0,0.0,0.0,5784 travel entertainment
purchase air 0142122391221,0.0,0.0,0.0,0.0,0.0,0.0,0.0,0.0,0.0,0.0,0.0,0.0,0.0,0.0,0.0,0.0,0.0,0.0,1.0,0.0,0.0,0.0,0.0,0.0,0.0,0.0,0.0,5784 travel entertainment
purchase air 0142302209043,0.0,0.0,0.0,0.0,0.0,0.0,0.0,0.0,0.0,0.0,0.0,0.0,0.0,0.0,0.0,0.0,0.0,0.0,1.0,0.0,0.0,0.0,0.0,0.0,0.0,0.0,0.0,5784 travel entertainment
purchase air 0142305369358,0.0,0.0,0.0,0.0,0.0,0.0,0.0,0.0,0.0,0.0,0.0,0.0,0.0,0.0,0.0,0.0,0.0,0.0,1.0,0.0,0.0,0.0,0.0,0.0,0.0,0.0,0.0,5784 travel entertainment
purchase air 0142306403334,0.0,0.0,0.0,0.0,0.0,0.0,0.0,0.0,0.0,0.0,0.0,0.0,0.0,0.0,0.0,0.0,0.0,0.0,1.0,0.0,0.0,0.0,0.0,0.0,0.0,0.0,0.0,5784 travel entertainment
purchase air 0142310369576,0.0,0.0,0.0,0.0,0.0,0.0,0.0,0.0,0.0,0.0,0.0,0.0,0.0,0.0,0.0,0.0,0.0,0.0,1.0,0.0,0.0,0.0,0.0,0.0,0.0,0.0,0.0,5784 travel entertainment
purchase air 0142310369577,0.0,0.0,0.0,0.0,0.0,0.0,0.0,0.0,0.0,0.0,0.0,0.0,0.0,0.0,0.0,0.0,0.0,0.0,1.0,0.0,0.0,0.0,0.0,0.0,0.0,0.0,0.0,5784 travel entertainment
purchase air 0142310369578,0.0,0.0,0.0,0.0,0.0,0.0,0.0,0.0,0.0,0.0,0.0,0.0,0.0,0.0,0.0,0.0,0.0,0.0,1.0,0.0,0.0,0.0,0.0,0.0,0.0,0.0,0.0,5784 travel entertainment
purchase air 0142312196914,0.0,0.0,0.0,0.0,0.0,0.0,0.0,0.0,0.0,0.0,0.0,0.0,0.0,0.0,0.0,0.0,0.0,0.0,1.0,0.0,0.0,0.0,0.0,0.0,0.0,0.0,0.0,5784 travel entertainment
purchase air 0144287203683,0.0,0.0,0.0,0.0,0.0,0.0,0.0,0.0,0.0,0.0,0.0,0.0,0.0,0.0,0.0,0.0,0.0,0.0,1.0,0.0,0.0,0.0,0.0,0.0,0.0,0.0,0.0,5784 travel entertainment
purchase air 0144287203694,0.0,0.0,0.0,0.0,0.0,0.0,0.0,0.0,0.0,0.0,0.0,0.0,0.0,0.0,0.0,0.0,0.0,0.0,1.0,0.0,0.0,0.0,0.0,0.0,0.0,0.0,0.0,5784 travel entertainment
purchase air 0144287203695,0.0,0.0,0.0,0.0,0.0,0.0,0.0,0.0,0.0,0.0,0.0,0.0,0.0,0.0,0.0,0.0,0.0,0.0,1.0,0.0,0.0,0.0,0.0,0.0,0.0,0.0,0.0,5784 travel entertainment
purchase air 0144288961852,0.0,0.0,0.0,0.0,0.0,0.0,0.0,0.0,0.0,0.0,0.0,0.0,0.0,0.0,0.0,0.0,0.0,0.0,1.0,0.0,0.0,0.0,0.0,0.0,0.0,0.0,0.0,5784 travel entertainment
purchase air 0144288961853,0.0,0.0,0.0,0.0,0.0,0.0,0.0,0.0,0.0,0.0,0.0,0.0,0.0,0.0,0.0,0.0,0.0,0.0,1.0,0.0,0.0,0.0,0.0,0.0,0.0,0.0,0.0,5784 travel entertainment
purchase airasia aaz2 fligh usd,0.0,0.0,0.0,0.0,0.0,0.0,0.0,0.0,0.0,0.0,0.0,0.0,0.0,0.0,0.0,0.0,0.0,0.0,1.0,0.0,0.0,0.0,0.0,0.0,0.0,0.0,0.0,5784 travel entertainment
purchase airasia aaz2 fligh usd,0.0,0.0,0.0,0.0,0.0,0.0,0.0,0.0,0.0,0.0,0.0,0.0,0.0,0.0,0.0,0.0,0.0,0.0,1.0,0.0,0.0,0.0,0.0,0.0,0.0,0.0,0.0,5784 travel entertainment
purchase air india,0.0,0.0,0.0,0.0,0.0,0.0,0.0,0.0,0.0,0.0,0.0,0.0,0.0,0.0,0.0,0.0,0.0,0.0,1.0,0.0,0.0,0.0,0.0,0.0,0.0,0.0,0.0,5784 travel entertainment
refund air india,0.0,0.0,0.0,0.0,0.0,0.0,0.0,0.0,0.0,0.0,0.0,0.0,0.0,0.0,0.0,0.0,0.0,0.0,0.0,0.0,0.0,0.0,0.0,0.0,0.0,0.0,0.0,5784 travel entertainment
purchase air india,0.0,0.0,0.0,0.0,0.0,0.0,0.0,0.0,0.0,0.0,0.0,0.0,0.0,0.0,0.0,0.0,0.0,0.0,1.0,0.0,0.0,0.0,0.0,0.0,0.0,0.0,0.0,5784 travel entertainment
purchase air india,0.0,0.0,0.0,0.0,0.0,0.0,0.0,0.0,0.0,0.0,0.0,0.0,0.0,0.0,0.0,0.0,0.0,0.0,1.0,0.0,0.0,0.0,0.0,0.0,0.0,0.0,0.0,5784 travel entertainment
purchase air india,0.0,0.0,0.0,0.0,0.0,0.0,0.0,0.0,0.0,0.0,0.0,0.0,0.0,0.0,0.0,0.0,0.0,0.0,1.0,0.0,0.0,0.0,0.0,0.0,0.0,0.0,0.0,5784 travel entertainment
refund air india,0.0,0.0,0.0,0.0,0.0,0.0,0.0,0.0,0.0,0.0,0.0,0.0,0.0,0.0,0.0,0.0,0.0,0.0,0.0,0.0,0.0,0.0,0.0,0.0,0.0,0.0,0.0,5784 travel entertainment
purchase good western + sand hote,0.0,0.0,0.0,0.0,0.0,0.0,0.0,0.0,0.0,0.0,0.0,0.0,0.0,0.0,0.0,0.0,0.0,0.0,1.0,0.0,0.0,0.0,0.0,0.0,0.0,0.0,0.0,5784 travel entertainment
purchase bkg*booking.com hotel,0.0,0.0,0.0,0.0,0.0,0.0,0.0,0.0,0.0,0.0,0.0,0.0,0.0,0.0,0.0,0.0,0.0,0.0,1.0,0.0,0.0,0.0,0.0,0.0,0.0,0.0,0.0,5784 travel entertainment
purchase bkg*hotel booking.c,0.0,0.0,0.0,0.0,0.0,0.0,0.0,0.0,0.0,0.0,0.0,0.0,0.0,0.0,0.0,0.0,0.0,0.0,1.0,0.0,0.0,0.0,0.0,0.0,0.0,0.0,0.0,5784 travel entertainment
purchase bkg*hotel booking.c,0.0,0.0,0.0,0.0,0.0,0.0,0.0,0.0,0.0,0.0,0.0,0.0,0.0,0.0,0.0,0.0,0.0,0.0,1.0,0.0,0.0,0.0,0.0,0.0,0.0,0.0,0.0,5784 travel entertainment
purchase bkg*hotel booking.c,0.0,0.0,0.0,0.0,0.0,0.0,0.0,0.0,0.0,0.0,0.0,0.0,0.0,0.0,0.0,0.0,0.0,0.0,1.0,0.0,0.0,0.0,0.0,0.0,0.0,0.0,0.0,5784 travel entertainment
purchase bkg*hotel booking.c,0.0,0.0,0.0,0.0,0.0,0.0,0.0,0.0,0.0,0.0,0.0,0.0,0.0,0.0,0.0,0.0,0.0,0.0,1.0,0.0,0.0,0.0,0.0,0.0,0.0,0.0,0.0,5784 travel entertainment
refund bkg*hotel booking.c,0.0,0.0,0.0,0.0,0.0,0.0,0.0,0.0,0.0,0.0,0.0,0.0,0.0,0.0,0.0,0.0,0.0,0.0,0.0,0.0,0.0,0.0,0.0,0.0,0.0,0.0,0.0,5784 travel entertainment
refund bkg*hotel booking.c,0.0,0.0,0.0,0.0,0.0,0.0,0.0,0.0,0.0,0.0,0.0,0.0,0.0,0.0,0.0,0.0,0.0,0.0,0.0,0.0,0.0,0.0,0.0,0.0,0.0,0.0,0.0,5784 travel entertainment
refund bkg*hotel booking.c,0.0,0.0,0.0,0.0,0.0,0.0,0.0,0.0,0.0,0.0,0.0,0.0,0.0,0.0,0.0,0.0,0.0,0.0,0.0,0.0,0.0,0.0,0.0,0.0,0.0,0.0,0.0,5784 travel entertainment
refund bkg*hotel booking.c,0.0,0.0,0.0,0.0,0.0,0.0,0.0,0.0,0.0,0.0,0.0,0.0,0.0,0.0,0.0,0.0,0.0,0.0,0.0,0.0,0.0,0.0,0.0,0.0,0.0,0.0,0.0,5784 travel entertainment
purchase bonny taxi b 05,0.0,0.0,0.0,0.0,0.0,0.0,0.0,0.0,0.0,0.0,0.0,0.0,0.0,0.0,0.0,0.0,0.0,0.0,1.0,0.0,0.0,0.0,0.0,0.0,0.0,0.0,0.0,5784 travel entertainment
purchase bonny taxi car 09 taxi airport trip india,0.0,0.0,0.0,0.0,0.0,0.0,0.0,0.0,0.0,0.0,0.0,0.0,0.0,0.0,0.0,0.0,0.0,0.0,1.0,0.0,0.0,0.0,0.0,0.0,0.0,0.0,0.0,5784 travel entertainment
purchase cebu air inc,0.0,0.0,0.0,0.0,0.0,0.0,0.0,0.0,0.0,0.0,0.0,0.0,0.0,0.0,0.0,0.0,0.0,0.0,1.0,0.0,0.0,0.0,0.0,0.0,0.0,0.0,0.0,5784 travel entertainment
purchase cebu air inc,0.0,0.0,0.0,0.0,0.0,0.0,0.0,0.0,0.0,0.0,0.0,0.0,0.0,0.0,0.0,0.0,0.0,0.0,1.0,0.0,0.0,0.0,0.0,0.0,0.0,0.0,0.0,5784 travel entertainment
purchase cebu air inc,0.0,0.0,0.0,0.0,0.0,0.0,0.0,0.0,0.0,0.0,0.0,0.0,0.0,0.0,0.0,0.0,0.0,0.0,1.0,0.0,0.0,0.0,0.0,0.0,0.0,0.0,0.0,5784 travel entertainment
purchase cebu air inc,0.0,0.0,0.0,0.0,0.0,0.0,0.0,0.0,0.0,0.0,0.0,0.0,0.0,0.0,0.0,0.0,0.0,0.0,1.0,0.0,0.0,0.0,0.0,0.0,0.0,0.0,0.0,5784 travel entertainment
purchase cebu air inc,0.0,0.0,0.0,0.0,0.0,0.0,0.0,0.0,0.0,0.0,0.0,0.0,0.0,0.0,0.0,0.0,0.0,0.0,1.0,0.0,0.0,0.0,0.0,0.0,0.0,0.0,0.0,5784 travel entertainment
purchase cebu air inc,0.0,0.0,0.0,0.0,0.0,0.0,0.0,0.0,0.0,0.0,0.0,0.0,0.0,0.0,0.0,0.0,0.0,0.0,1.0,0.0,0.0,0.0,0.0,0.0,0.0,0.0,0.0,5784 travel entertainment
purchase cebu air inc,0.0,0.0,0.0,0.0,0.0,0.0,0.0,0.0,0.0,0.0,0.0,0.0,0.0,0.0,0.0,0.0,0.0,0.0,1.0,0.0,0.0,0.0,0.0,0.0,0.0,0.0,0.0,5784 travel entertainment
purchase charter bus service,0.0,0.0,0.0,0.0,0.0,0.0,0.0,0.0,0.0,0.0,0.0,0.0,0.0,0.0,0.0,0.0,0.0,0.0,1.0,0.0,0.0,0.0,0.0,0.0,0.0,0.0,0.0,5784 travel entertainment
purchase city van paybyphone,0.0,0.0,0.0,0.0,0.0,0.0,0.0,0.0,0.0,0.0,0.0,0.0,0.0,0.0,0.0,0.0,0.0,0.0,1.0,0.0,0.0,0.0,0.0,0.0,0.0,0.0,0.0,5784 travel entertainment
purchase city van paybyphone,0.0,0.0,0.0,0.0,0.0,0.0,0.0,0.0,0.0,0.0,0.0,0.0,0.0,0.0,0.0,0.0,0.0,0.0,1.0,0.0,0.0,0.0,0.0,0.0,0.0,0.0,0.0,5784 travel entertainment
purchase city van paybyphone,0.0,0.0,0.0,0.0,0.0,0.0,0.0,0.0,0.0,0.0,0.0,0.0,0.0,0.0,0.0,0.0,0.0,0.0,1.0,0.0,0.0,0.0,0.0,0.0,0.0,0.0,0.0,5784 travel entertainment
purchase expedia 73072880960291,0.0,0.0,0.0,0.0,0.0,0.0,0.0,0.0,0.0,0.0,0.0,0.0,0.0,0.0,0.0,0.0,0.0,0.0,1.0,0.0,0.0,0.0,0.0,0.0,0.0,0.0,0.0,5784 travel entertainment
refund expedia 73072880960291,0.0,0.0,0.0,0.0,0.0,0.0,0.0,0.0,0.0,0.0,0.0,0.0,0.0,0.0,0.0,0.0,0.0,0.0,0.0,0.0,0.0,0.0,0.0,0.0,0.0,0.0,0.0,5784 travel entertainment
refund expedia 73072880960291,0.0,0.0,0.0,0.0,0.0,0.0,0.0,0.0,0.0,0.0,0.0,0.0,0.0,0.0,0.0,0.0,0.0,0.0,0.0,0.0,0.0,0.0,0.0,0.0,0.0,0.0,0.0,5784 travel entertainment
purchase expedia 73090054877614,0.0,0.0,0.0,0.0,0.0,0.0,0.0,0.0,0.0,0.0,0.0,0.0,0.0,0.0,0.0,0.0,0.0,0.0,1.0,0.0,0.0,0.0,0.0,0.0,0.0,0.0,0.0,5784 travel entertainment
refund expedia 73090054877614,0.0,0.0,0.0,0.0,0.0,0.0,0.0,0.0,0.0,0.0,0.0,0.0,0.0,0.0,0.0,0.0,0.0,0.0,0.0,0.0,0.0,0.0,0.0,0.0,0.0,0.0,0.0,5784 travel entertainment
refund expedia 73090054877614,0.0,0.0,0.0,0.0,0.0,0.0,0.0,0.0,0.0,0.0,0.0,0.0,0.0,0.0,0.0,0.0,0.0,0.0,0.0,0.0,0.0,0.0,0.0,0.0,0.0,0.0,0.0,5784 travel entertainment
refund expedia 73090054877614,0.0,0.0,0.0,0.0,0.0,0.0,0.0,0.0,0.0,0.0,0.0,0.0,0.0,0.0,0.0,0.0,0.0,0.0,0.0,0.0,0.0,0.0,0.0,0.0,0.0,0.0,0.0,5784 travel entertainment
refund expedia 73090054877614,0.0,0.0,0.0,0.0,0.0,0.0,0.0,0.0,0.0,0.0,0.0,0.0,0.0,0.0,0.0,0.0,0.0,0.0,0.0,0.0,0.0,0.0,0.0,0.0,0.0,0.0,0.0,5784 travel entertainment
purchase expedia 73094823680868,0.0,0.0,0.0,0.0,0.0,0.0,0.0,0.0,0.0,0.0,0.0,0.0,0.0,0.0,0.0,0.0,0.0,0.0,1.0,0.0,0.0,0.0,0.0,0.0,0.0,0.0,0.0,5784 travel entertainment
purchase expedia 73095498233459,0.0,0.0,0.0,0.0,0.0,0.0,0.0,0.0,0.0,0.0,0.0,0.0,0.0,0.0,0.0,0.0,0.0,0.0,1.0,0.0,0.0,0.0,0.0,0.0,0.0,0.0,0.0,5784 travel entertainment
purchase expedia 73128469713403,0.0,0.0,0.0,0.0,0.0,0.0,0.0,0.0,0.0,0.0,0.0,0.0,0.0,0.0,0.0,0.0,0.0,0.0,1.0,0.0,0.0,0.0,0.0,0.0,0.0,0.0,0.0,5784 travel entertainment
purchase expedia 73162240607234,0.0,0.0,0.0,0.0,0.0,0.0,0.0,0.0,0.0,0.0,0.0,0.0,0.0,0.0,0.0,0.0,0.0,0.0,1.0,0.0,0.0,0.0,0.0,0.0,0.0,0.0,0.0,5784 travel entertainment
refund expedia 73162240607234,0.0,0.0,0.0,0.0,0.0,0.0,0.0,0.0,0.0,0.0,0.0,0.0,0.0,0.0,0.0,0.0,0.0,0.0,0.0,0.0,0.0,0.0,0.0,0.0,0.0,0.0,0.0,5784 travel entertainment
refund expedia 73162240607234,0.0,0.0,0.0,0.0,0.0,0.0,0.0,0.0,0.0,0.0,0.0,0.0,0.0,0.0,0.0,0.0,0.0,0.0,0.0,0.0,0.0,0.0,0.0,0.0,0.0,0.0,0.0,5784 travel entertainment
purchase expedia 73231471020039,0.0,0.0,0.0,0.0,0.0,0.0,0.0,0.0,0.0,0.0,0.0,0.0,0.0,0.0,0.0,0.0,0.0,0.0,1.0,0.0,0.0,0.0,0.0,0.0,0.0,0.0,0.0,5784 travel entertainment
refund expedia 73231471020039,0.0,0.0,0.0,0.0,0.0,0.0,0.0,0.0,0.0,0.0,0.0,0.0,0.0,0.0,0.0,0.0,0.0,0.0,0.0,0.0,0.0,0.0,0.0,0.0,0.0,0.0,0.0,5784 travel entertainment
refund expedia 73231471020039,0.0,0.0,0.0,0.0,0.0,0.0,0.0,0.0,0.0,0.0,0.0,0.0,0.0,0.0,0.0,0.0,0.0,0.0,0.0,0.0,0.0,0.0,0.0,0.0,0.0,0.0,0.0,5784 travel entertainment
purchase fairmont pacific rim,0.0,0.0,0.0,0.0,0.0,0.0,0.0,0.0,0.0,0.0,0.0,0.0,0.0,0.0,0.0,0.0,0.0,0.0,1.0,0.0,0.0,0.0,0.0,0.0,0.0,0.0,0.0,5784 travel entertainment
purchase fairmont pacific rim,0.0,0.0,0.0,0.0,0.0,0.0,0.0,0.0,0.0,0.0,0.0,0.0,0.0,0.0,0.0,0.0,0.0,0.0,1.0,0.0,0.0,0.0,0.0,0.0,0.0,0.0,0.0,5784 travel entertainment
purchase fairmont pacific rim time credit card payment legal invoice,0.0,0.9286792022230755,0.0,0.0,0.0,0.0,0.0,0.0,0.0,0.0,0.0,0.0,0.0,0.0,0.0,0.0,0.0,0.0,0.37088399717204323,0.0,0.0,0.0,0.0,0.0,0.0,0.0,0.0,5784 travel entertainment
purchase fairmont pacific rim time credit card payment legal invoice,0.0,0.9286792022230755,0.0,0.0,0.0,0.0,0.0,0.0,0.0,0.0,0.0,0.0,0.0,0.0,0.0,0.0,0.0,0.0,0.37088399717204323,0.0,0.0,0.0,0.0,0.0,0.0,0.0,0.0,5784 travel entertainment
purchase fairmont pacific rim time credit card payment legal invoice,0.0,0.9286792022230755,0.0,0.0,0.0,0.0,0.0,0.0,0.0,0.0,0.0,0.0,0.0,0.0,0.0,0.0,0.0,0.0,0.37088399717204323,0.0,0.0,0.0,0.0,0.0,0.0,0.0,0.0,5784 travel entertainment
purchase fairmont pacific rim time credit card payment legal invoice,0.0,0.9286792022230755,0.0,0.0,0.0,0.0,0.0,0.0,0.0,0.0,0.0,0.0,0.0,0.0,0.0,0.0,0.0,0.0,0.37088399717204323,0.0,0.0,0.0,0.0,0.0,0.0,0.0,0.0,5784 travel entertainment
purchase fairmont waterfront,0.0,0.0,0.0,0.0,0.0,0.0,0.0,0.0,0.0,0.0,0.0,0.0,0.0,0.0,0.0,0.0,0.0,0.0,1.0,0.0,0.0,0.0,0.0,0.0,0.0,0.0,0.0,5784 travel entertainment
purchase harbour air reservation d,0.0,0.0,0.0,0.0,0.0,0.0,0.0,0.0,0.0,0.0,0.0,0.0,0.0,0.0,0.0,0.0,0.0,0.0,1.0,0.0,0.0,0.0,0.0,0.0,0.0,0.0,0.0,5784 travel entertainment
purchase harbour air reservation d,0.0,0.0,0.0,0.0,0.0,0.0,0.0,0.0,0.0,0.0,0.0,0.0,0.0,0.0,0.0,0.0,0.0,0.0,1.0,0.0,0.0,0.0,0.0,0.0,0.0,0.0,0.0,5784 travel entertainment
purchase intercontinental toront,0.0,0.0,0.0,0.0,0.0,0.0,0.0,0.0,0.0,0.0,0.0,0.0,0.0,0.0,0.0,0.0,0.0,0.0,1.0,0.0,0.0,0.0,0.0,0.0,0.0,0.0,0.0,5784 travel entertainment
purchase intercontinental toront,0.0,0.0,0.0,0.0,0.0,0.0,0.0,0.0,0.0,0.0,0.0,0.0,0.0,0.0,0.0,0.0,0.0,0.0,1.0,0.0,0.0,0.0,0.0,0.0,0.0,0.0,0.0,5784 travel entertainment
purchase intercontinental toront,0.0,0.0,0.0,0.0,0.0,0.0,0.0,0.0,0.0,0.0,0.0,0.0,0.0,0.0,0.0,0.0,0.0,0.0,1.0,0.0,0.0,0.0,0.0,0.0,0.0,0.0,0.0,5784 travel entertainment
purchase k r motels pvt ltd c diwali outing expense,0.0,0.0,0.0,0.0,0.0,0.0,0.0,0.0,0.0,0.0,0.0,0.0,0.0,0.0,0.0,0.0,0.0,0.0,1.0,0.0,0.0,0.0,0.0,0.0,0.0,0.0,0.0,5784 travel entertainment
purchase lyft ride sit 3,0.0,0.0,0.0,0.0,0.0,0.0,0.0,0.0,0.0,0.0,0.0,0.0,0.0,0.0,0.0,0.0,0.0,0.0,1.0,0.0,0.0,0.0,0.0,0.0,0.0,0.0,0.0,5784 travel entertainment
purchase manulife travel insurance karina travel booking,0.0,0.0,0.0,0.0,0.0,0.0,0.0,0.0,0.0,0.0,0.0,0.0,0.0,0.0,0.0,0.0,0.0,0.0,1.0,0.0,0.0,0.0,0.0,0.0,0.0,0.0,0.0,5784 travel entertainment
purchase mjc investments corp,0.0,0.0,0.0,0.0,0.0,0.0,0.0,0.0,0.0,0.0,0.0,0.0,0.0,0.0,0.0,0.0,0.0,0.0,1.0,0.0,0.0,0.0,0.0,0.0,0.0,0.0,0.0,5784 travel entertainment
purchase partner book bv,0.0,0.0,0.0,0.0,0.0,0.0,0.0,0.0,0.0,0.0,0.0,0.0,0.0,0.0,0.0,0.0,0.0,0.0,1.0,0.0,0.0,0.0,0.0,0.0,0.0,0.0,0.0,5784 travel entertainment
purchase partner book bv,0.0,0.0,0.0,0.0,0.0,0.0,0.0,0.0,0.0,0.0,0.0,0.0,0.0,0.0,0.0,0.0,0.0,0.0,1.0,0.0,0.0,0.0,0.0,0.0,0.0,0.0,0.0,5784 travel entertainment
refund partner book bv,0.0,0.0,0.0,0.0,0.0,0.0,0.0,0.0,0.0,0.0,0.0,0.0,0.0,0.0,0.0,0.0,0.0,0.0,0.0,0.0,0.0,0.0,0.0,0.0,0.0,0.0,0.0,5784 travel entertainment
purchase pinnacle vancouver harbou,0.0,0.0,0.0,0.0,0.0,0.0,0.0,0.0,0.0,0.0,0.0,0.0,0.0,0.0,0.0,0.0,0.0,0.0,1.0,0.0,0.0,0.0,0.0,0.0,0.0,0.0,0.0,5784 travel entertainment
purchase pinnacle vancouver harbou,0.0,0.0,0.0,0.0,0.0,0.0,0.0,0.0,0.0,0.0,0.0,0.0,0.0,0.0,0.0,0.0,0.0,0.0,1.0,0.0,0.0,0.0,0.0,0.0,0.0,0.0,0.0,5784 travel entertainment
purchase red fox hotel jaipur,0.0,0.0,0.0,0.0,0.0,0.0,0.0,0.0,0.0,0.0,0.0,0.0,0.0,0.0,0.0,0.0,0.0,0.0,1.0,0.0,0.0,0.0,0.0,0.0,0.0,0.0,0.0,5784 travel entertainment
purchase shoreline hotel waikiki,0.0,0.0,0.0,0.0,0.0,0.0,0.0,0.0,0.0,0.0,0.0,0.0,0.0,0.0,0.0,0.0,0.0,0.0,1.0,0.0,0.0,0.0,0.0,0.0,0.0,0.0,0.0,5784 travel entertainment
purchase shoreline hotel waikiki,0.0,0.0,0.0,0.0,0.0,0.0,0.0,0.0,0.0,0.0,0.0,0.0,0.0,0.0,0.0,0.0,0.0,0.0,1.0,0.0,0.0,0.0,0.0,0.0,0.0,0.0,0.0,5784 travel entertainment
purchase singaporeair6182462872957,0.0,0.0,0.0,0.0,0.0,0.0,0.0,0.0,0.0,0.0,0.0,0.0,0.0,0.0,0.0,0.0,0.0,0.0,1.0,0.0,0.0,0.0,0.0,0.0,0.0,0.0,0.0,5784 travel entertainment
purchase skkehlstadt rentabusph,0.0,0.0,0.0,0.0,0.0,0.0,0.0,0.0,0.0,0.0,0.0,0.0,0.0,0.0,0.0,0.0,0.0,0.0,1.0,0.0,0.0,0.0,0.0,0.0,0.0,0.0,0.0,5784 travel entertainment
purchase bayleaf,0.0,0.0,0.0,0.0,0.0,0.0,0.0,0.0,0.0,0.0,0.0,0.0,0.0,0.0,0.0,0.0,0.0,0.0,1.0,0.0,0.0,0.0,0.0,0.0,0.0,0.0,0.0,5784 travel entertainment
purchase bayleaf skydeck view,0.0,0.0,0.0,0.0,0.0,0.0,0.0,0.0,0.0,0.0,0.0,0.0,0.0,0.0,0.0,0.0,0.0,0.0,1.0,0.0,0.0,0.0,0.0,0.0,0.0,0.0,0.0,5784 travel entertainment
purchase uber trip,0.0,0.0,0.0,0.0,0.0,0.0,0.0,0.0,0.0,0.0,0.0,0.0,0.0,0.0,0.0,0.0,0.0,0.0,1.0,0.0,0.0,0.0,0.0,0.0,0.0,0.0,0.0,5784 travel entertainment
refund uber trip,0.0,0.0,0.0,0.0,0.0,0.0,0.0,0.0,0.0,0.0,0.0,0.0,0.0,0.0,0.0,0.0,0.0,0.0,0.0,0.0,0.0,0.0,0.0,0.0,0.0,0.0,0.0,5784 travel entertainment
purchase uber trip help.uber.com,0.0,0.0,0.0,0.0,0.0,0.0,0.0,0.0,0.0,0.0,0.0,0.0,0.0,0.0,0.0,0.0,0.0,0.0,1.0,0.0,0.0,0.0,0.0,0.0,0.0,0.0,0.0,5784 travel entertainment
purchase uber canada ubereats,0.0,0.0,0.0,0.0,0.0,0.0,0.0,0.0,0.0,0.0,0.0,0.0,0.0,0.0,0.0,0.0,0.0,0.0,1.0,0.0,0.0,0.0,0.0,0.0,0.0,0.0,0.0,5784 travel entertainment
purchase uber canada ubereats,0.0,0.0,0.0,0.0,0.0,0.0,0.0,0.0,0.0,0.0,0.0,0.0,0.0,0.0,0.0,0.0,0.0,0.0,1.0,0.0,0.0,0.0,0.0,0.0,0.0,0.0,0.0,5784 travel entertainment
purchase uber canada ubereats,0.0,0.0,0.0,0.0,0.0,0.0,0.0,0.0,0.0,0.0,0.0,0.0,0.0,0.0,0.0,0.0,0.0,0.0,1.0,0.0,0.0,0.0,0.0,0.0,0.0,0.0,0.0,5784 travel entertainment
purchase uber canada ubereats,0.0,0.0,0.0,0.0,0.0,0.0,0.0,0.0,0.0,0.0,0.0,0.0,0.0,0.0,0.0,0.0,0.0,0.0,1.0,0.0,0.0,0.0,0.0,0.0,0.0,0.0,0.0,5784 travel entertainment
purchase uber canada ubereats,0.0,0.0,0.0,0.0,0.0,0.0,0.0,0.0,0.0,0.0,0.0,0.0,0.0,0.0,0.0,0.0,0.0,0.0,1.0,0.0,0.0,0.0,0.0,0.0,0.0,0.0,0.0,5784 travel entertainment
purchase uber canada ubereats,0.0,0.0,0.0,0.0,0.0,0.0,0.0,0.0,0.0,0.0,0.0,0.0,0.0,0.0,0.0,0.0,0.0,0.0,1.0,0.0,0.0,0.0,0.0,0.0,0.0,0.0,0.0,5784 travel entertainment
purchase uber canada ubereats,0.0,0.0,0.0,0.0,0.0,0.0,0.0,0.0,0.0,0.0,0.0,0.0,0.0,0.0,0.0,0.0,0.0,0.0,1.0,0.0,0.0,0.0,0.0,0.0,0.0,0.0,0.0,5784 travel entertainment
purchase uber canada ubertrip,0.0,0.0,0.0,0.0,0.0,0.0,0.0,0.0,0.0,0.0,0.0,0.0,0.0,0.0,0.0,0.0,0.0,0.0,1.0,0.0,0.0,0.0,0.0,0.0,0.0,0.0,0.0,5784 travel entertainment
purchase uber canada ubertrip,0.0,0.0,0.0,0.0,0.0,0.0,0.0,0.0,0.0,0.0,0.0,0.0,0.0,0.0,0.0,0.0,0.0,0.0,1.0,0.0,0.0,0.0,0.0,0.0,0.0,0.0,0.0,5784 travel entertainment
purchase uber canada ubertrip,0.0,0.0,0.0,0.0,0.0,0.0,0.0,0.0,0.0,0.0,0.0,0.0,0.0,0.0,0.0,0.0,0.0,0.0,1.0,0.0,0.0,0.0,0.0,0.0,0.0,0.0,0.0,5784 travel entertainment
purchase uber canada ubertrip,0.0,0.0,0.0,0.0,0.0,0.0,0.0,0.0,0.0,0.0,0.0,0.0,0.0,0.0,0.0,0.0,0.0,0.0,1.0,0.0,0.0,0.0,0.0,0.0,0.0,0.0,0.0,5784 travel entertainment
purchase uber canada ubertrip,0.0,0.0,0.0,0.0,0.0,0.0,0.0,0.0,0.0,0.0,0.0,0.0,0.0,0.0,0.0,0.0,0.0,0.0,1.0,0.0,0.0,0.0,0.0,0.0,0.0,0.0,0.0,5784 travel entertainment
purchase uber canada ubertrip,0.0,0.0,0.0,0.0,0.0,0.0,0.0,0.0,0.0,0.0,0.0,0.0,0.0,0.0,0.0,0.0,0.0,0.0,1.0,0.0,0.0,0.0,0.0,0.0,0.0,0.0,0.0,5784 travel entertainment
purchase uber canada ubertrip,0.0,0.0,0.0,0.0,0.0,0.0,0.0,0.0,0.0,0.0,0.0,0.0,0.0,0.0,0.0,0.0,0.0,0.0,1.0,0.0,0.0,0.0,0.0,0.0,0.0,0.0,0.0,5784 travel entertainment
purchase uber canada ubertrip,0.0,0.0,0.0,0.0,0.0,0.0,0.0,0.0,0.0,0.0,0.0,0.0,0.0,0.0,0.0,0.0,0.0,0.0,1.0,0.0,0.0,0.0,0.0,0.0,0.0,0.0,0.0,5784 travel entertainment
purchase uber canada ubertrip,0.0,0.0,0.0,0.0,0.0,0.0,0.0,0.0,0.0,0.0,0.0,0.0,0.0,0.0,0.0,0.0,0.0,0.0,1.0,0.0,0.0,0.0,0.0,0.0,0.0,0.0,0.0,5784 travel entertainment
purchase uber canada ubertrip,0.0,0.0,0.0,0.0,0.0,0.0,0.0,0.0,0.0,0.0,0.0,0.0,0.0,0.0,0.0,0.0,0.0,0.0,1.0,0.0,0.0,0.0,0.0,0.0,0.0,0.0,0.0,5784 travel entertainment
purchase uber canada ubertrip,0.0,0.0,0.0,0.0,0.0,0.0,0.0,0.0,0.0,0.0,0.0,0.0,0.0,0.0,0.0,0.0,0.0,0.0,1.0,0.0,0.0,0.0,0.0,0.0,0.0,0.0,0.0,5784 travel entertainment
purchase uber canada ubertrip,0.0,0.0,0.0,0.0,0.0,0.0,0.0,0.0,0.0,0.0,0.0,0.0,0.0,0.0,0.0,0.0,0.0,0.0,1.0,0.0,0.0,0.0,0.0,0.0,0.0,0.0,0.0,5784 travel entertainment
purchase uber canada ubertrip,0.0,0.0,0.0,0.0,0.0,0.0,0.0,0.0,0.0,0.0,0.0,0.0,0.0,0.0,0.0,0.0,0.0,0.0,1.0,0.0,0.0,0.0,0.0,0.0,0.0,0.0,0.0,5784 travel entertainment
purchase uber canada ubertrip,0.0,0.0,0.0,0.0,0.0,0.0,0.0,0.0,0.0,0.0,0.0,0.0,0.0,0.0,0.0,0.0,0.0,0.0,1.0,0.0,0.0,0.0,0.0,0.0,0.0,0.0,0.0,5784 travel entertainment
purchase uber canada ubertrip,0.0,0.0,0.0,0.0,0.0,0.0,0.0,0.0,0.0,0.0,0.0,0.0,0.0,0.0,0.0,0.0,0.0,0.0,1.0,0.0,0.0,0.0,0.0,0.0,0.0,0.0,0.0,5784 travel entertainment
purchase uber canada ubertrip,0.0,0.0,0.0,0.0,0.0,0.0,0.0,0.0,0.0,0.0,0.0,0.0,0.0,0.0,0.0,0.0,0.0,0.0,1.0,0.0,0.0,0.0,0.0,0.0,0.0,0.0,0.0,5784 travel entertainment
purchase uber holdings canada inc,0.0,0.0,0.0,0.0,0.0,0.0,0.0,0.0,0.0,0.0,0.0,0.0,0.0,0.0,0.0,0.0,0.0,0.0,1.0,0.0,0.0,0.0,0.0,0.0,0.0,0.0,0.0,5784 travel entertainment
purchase uber holdings canada inc,0.0,0.0,0.0,0.0,0.0,0.0,0.0,0.0,0.0,0.0,0.0,0.0,0.0,0.0,0.0,0.0,0.0,0.0,1.0,0.0,0.0,0.0,0.0,0.0,0.0,0.0,0.0,5784 travel entertainment
purchase uber trip,0.0,0.0,0.0,0.0,0.0,0.0,0.0,0.0,0.0,0.0,0.0,0.0,0.0,0.0,0.0,0.0,0.0,0.0,1.0,0.0,0.0,0.0,0.0,0.0,0.0,0.0,0.0,5784 travel entertainment
purchase uber trip,0.0,0.0,0.0,0.0,0.0,0.0,0.0,0.0,0.0,0.0,0.0,0.0,0.0,0.0,0.0,0.0,0.0,0.0,1.0,0.0,0.0,0.0,0.0,0.0,0.0,0.0,0.0,5784 travel entertainment
purchase ux pilot ai amir razavi spiral_calendar_pad 2:53 pm @sergio start https://uxpilot.a yesterday project massively fast track work run credit need pay continue get use approve subscribe month test finish work,0.0,0.0,0.0,0.0,0.0,0.0,0.0,0.0,0.0,0.0,0.0,0.0,0.6859670598419012,0.0,0.0,0.0,0.0,0.0,0.2583917797332626,0.0,0.0,0.0,0.0,0.0,0.6802079689169589,0.0,0.0,5784 travel entertainment
purchase fairmont pacific rim,0.0,0.0,0.0,0.0,0.0,0.0,0.0,0.0,0.0,0.0,0.0,0.0,0.0,0.0,0.0,0.0,0.0,0.0,1.0,0.0,0.0,0.0,0.0,0.0,0.0,0.0,0.0,5784 travel entertainment
purchase uber canada ubereats christmas party rebuild,0.0,0.0,0.0,0.0,0.0,0.0,0.0,0.0,0.0,0.0,0.0,0.0,0.0,0.0,0.0,0.0,0.0,0.0,1.0,0.0,0.0,0.0,0.0,0.0,0.0,0.0,0.0,5784 travel entertainment
purchase uber canada ubereats,0.0,0.0,0.0,0.0,0.0,0.0,0.0,0.0,0.0,0.0,0.0,0.0,0.0,0.0,0.0,0.0,0.0,0.0,1.0,0.0,0.0,0.0,0.0,0.0,0.0,0.0,0.0,5784 travel entertainment
purchase winford hotel,0.0,0.0,0.0,0.0,0.0,0.0,0.0,0.0,0.0,0.0,0.0,0.0,0.0,0.0,0.0,0.0,0.0,0.0,1.0,0.0,0.0,0.0,0.0,0.0,0.0,0.0,0.0,5784 travel entertainment
purchase westjet 8382198695467,0.0,0.0,0.0,0.0,0.0,0.0,0.0,0.0,0.0,0.0,0.0,0.0,0.0,0.0,0.0,0.0,0.0,0.0,1.0,0.0,0.0,0.0,0.0,0.0,0.0,0.0,0.0,5784 travel entertainment
purchase whistler rid inc./ch,0.0,0.0,0.0,0.0,0.0,0.0,0.0,0.0,0.0,0.0,0.0,0.0,0.0,0.0,0.0,0.0,0.0,0.0,1.0,0.0,0.0,0.0,0.0,0.0,0.0,0.0,0.0,5784 travel entertainment
purchase winford hotel,0.0,0.0,0.0,0.0,0.0,0.0,0.0,0.0,0.0,0.0,0.0,0.0,0.0,0.0,0.0,0.0,0.0,0.0,1.0,0.0,0.0,0.0,0.0,0.0,0.0,0.0,0.0,5784 travel entertainment
purchase winford hotelandcasino,0.0,0.0,0.0,0.0,0.0,0.0,0.0,0.0,0.0,0.0,0.0,0.0,0.0,0.0,0.0,0.0,0.0,0.0,1.0,0.0,0.0,0.0,0.0,0.0,0.0,0.0,0.0,5784 travel entertainment
purchase winford hotelandcasino,0.0,0.0,0.0,0.0,0.0,0.0,0.0,0.0,0.0,0.0,0.0,0.0,0.0,0.0,0.0,0.0,0.0,0.0,1.0,0.0,0.0,0.0,0.0,0.0,0.0,0.0,0.0,5784 travel entertainment
refund winford hotelandcasino,0.0,0.0,0.0,0.0,0.0,0.0,0.0,0.0,0.0,0.0,0.0,0.0,0.0,0.0,0.0,0.0,0.0,0.0,0.0,0.0,0.0,0.0,0.0,0.0,0.0,0.0,0.0,5784 travel entertainment
purchase www airindia,0.0,0.0,0.0,0.0,0.0,0.0,0.0,0.0,0.0,0.0,0.0,0.0,0.0,0.0,0.0,0.0,0.0,0.0,1.0,0.0,0.0,0.0,0.0,0.0,0.0,0.0,0.0,5784 travel entertainment
refund www airindia,0.0,0.0,0.0,0.0,0.0,0.0,0.0,0.0,0.0,0.0,0.0,0.0,0.0,0.0,0.0,0.0,0.0,0.0,0.0,0.0,0.0,0.0,0.0,0.0,0.0,0.0,0.0,5784 travel entertainment
purchase anita kitchen,0.0,0.0,0.0,0.0,0.0,0.0,0.0,0.0,0.0,0.0,0.0,0.0,0.0,0.0,0.0,0.0,0.0,0.0,1.0,0.0,0.0,0.0,0.0,0.0,0.0,0.0,0.0,5785 meal entertainment
purchase ballyhoo public house,0.0,0.0,0.0,0.0,0.0,0.0,0.0,0.0,0.0,0.0,0.0,0.0,0.0,0.0,0.0,0.0,0.0,0.0,1.0,0.0,0.0,0.0,0.0,0.0,0.0,0.0,0.0,5785 meal entertainment
purchase banda volpi,0.0,0.0,0.0,0.0,0.0,0.0,0.0,0.0,0.0,0.0,0.0,0.0,0.0,0.0,0.0,0.0,0.0,0.0,1.0,0.0,0.0,0.0,0.0,0.0,0.0,0.0,0.0,5785 meal entertainment
purchase bc liquor 112,0.0,0.0,0.0,0.0,0.0,0.0,0.0,0.0,0.0,0.0,0.0,0.0,0.0,0.0,0.0,0.0,0.0,0.0,1.0,0.0,0.0,0.0,0.0,0.0,0.0,0.0,0.0,5785 meal entertainment
purchase bc liquor 129,0.0,0.0,0.0,0.0,0.0,0.0,0.0,0.0,0.0,0.0,0.0,0.0,0.0,0.0,0.0,0.0,0.0,0.0,1.0,0.0,0.0,0.0,0.0,0.0,0.0,0.0,0.0,5785 meal entertainment
purchase bc liquor 129,0.0,0.0,0.0,0.0,0.0,0.0,0.0,0.0,0.0,0.0,0.0,0.0,0.0,0.0,0.0,0.0,0.0,0.0,1.0,0.0,0.0,0.0,0.0,0.0,0.0,0.0,0.0,5785 meal entertainment
purchase bc liquor 129,0.0,0.0,0.0,0.0,0.0,0.0,0.0,0.0,0.0,0.0,0.0,0.0,0.0,0.0,0.0,0.0,0.0,0.0,1.0,0.0,0.0,0.0,0.0,0.0,0.0,0.0,0.0,5785 meal entertainment
purchase bc liquor 129,0.0,0.0,0.0,0.0,0.0,0.0,0.0,0.0,0.0,0.0,0.0,0.0,0.0,0.0,0.0,0.0,0.0,0.0,1.0,0.0,0.0,0.0,0.0,0.0,0.0,0.0,0.0,5785 meal entertainment
purchase bc liquor 129,0.0,0.0,0.0,0.0,0.0,0.0,0.0,0.0,0.0,0.0,0.0,0.0,0.0,0.0,0.0,0.0,0.0,0.0,1.0,0.0,0.0,0.0,0.0,0.0,0.0,0.0,0.0,5785 meal entertainment
purchase bc liquor 129,0.0,0.0,0.0,0.0,0.0,0.0,0.0,0.0,0.0,0.0,0.0,0.0,0.0,0.0,0.0,0.0,0.0,0.0,1.0,0.0,0.0,0.0,0.0,0.0,0.0,0.0,0.0,5785 meal entertainment
purchase bc liquor 129 beer friday,0.0,0.0,0.0,0.0,0.0,0.0,0.0,0.0,0.0,0.0,0.0,0.0,0.0,0.0,0.0,0.0,0.0,0.0,1.0,0.0,0.0,0.0,0.0,0.0,0.0,0.0,0.0,5785 meal entertainment
purchase bc liquor 129,0.0,0.0,0.0,0.0,0.0,0.0,0.0,0.0,0.0,0.0,0.0,0.0,0.0,0.0,0.0,0.0,0.0,0.0,1.0,0.0,0.0,0.0,0.0,0.0,0.0,0.0,0.0,5785 meal entertainment
purchase bc liquor 129,0.0,0.0,0.0,0.0,0.0,0.0,0.0,0.0,0.0,0.0,0.0,0.0,0.0,0.0,0.0,0.0,0.0,0.0,1.0,0.0,0.0,0.0,0.0,0.0,0.0,0.0,0.0,5785 meal entertainment
purchase bc liquor 129,0.0,0.0,0.0,0.0,0.0,0.0,0.0,0.0,0.0,0.0,0.0,0.0,0.0,0.0,0.0,0.0,0.0,0.0,1.0,0.0,0.0,0.0,0.0,0.0,0.0,0.0,0.0,5785 meal entertainment
purchase bc liquor 129,0.0,0.0,0.0,0.0,0.0,0.0,0.0,0.0,0.0,0.0,0.0,0.0,0.0,0.0,0.0,0.0,0.0,0.0,1.0,0.0,0.0,0.0,0.0,0.0,0.0,0.0,0.0,5785 meal entertainment
purchase bc liquor 129,0.0,0.0,0.0,0.0,0.0,0.0,0.0,0.0,0.0,0.0,0.0,0.0,0.0,0.0,0.0,0.0,0.0,0.0,1.0,0.0,0.0,0.0,0.0,0.0,0.0,0.0,0.0,5785 meal entertainment
purchase bc liquor 129,0.0,0.0,0.0,0.0,0.0,0.0,0.0,0.0,0.0,0.0,0.0,0.0,0.0,0.0,0.0,0.0,0.0,0.0,1.0,0.0,0.0,0.0,0.0,0.0,0.0,0.0,0.0,5785 meal entertainment
purchase bc liquor 129,0.0,0.0,0.0,0.0,0.0,0.0,0.0,0.0,0.0,0.0,0.0,0.0,0.0,0.0,0.0,0.0,0.0,0.0,1.0,0.0,0.0,0.0,0.0,0.0,0.0,0.0,0.0,5785 meal entertainment
purchase bc liquor 129,0.0,0.0,0.0,0.0,0.0,0.0,0.0,0.0,0.0,0.0,0.0,0.0,0.0,0.0,0.0,0.0,0.0,0.0,1.0,0.0,0.0,0.0,0.0,0.0,0.0,0.0,0.0,5785 meal entertainment
purchase bc liquor 129,0.0,0.0,0.0,0.0,0.0,0.0,0.0,0.0,0.0,0.0,0.0,0.0,0.0,0.0,0.0,0.0,0.0,0.0,1.0,0.0,0.0,0.0,0.0,0.0,0.0,0.0,0.0,5785 meal entertainment
purchase bc liquor 129,0.0,0.0,0.0,0.0,0.0,0.0,0.0,0.0,0.0,0.0,0.0,0.0,0.0,0.0,0.0,0.0,0.0,0.0,1.0,0.0,0.0,0.0,0.0,0.0,0.0,0.0,0.0,5785 meal entertainment
purchase bc liquor 129,0.0,0.0,0.0,0.0,0.0,0.0,0.0,0.0,0.0,0.0,0.0,0.0,0.0,0.0,0.0,0.0,0.0,0.0,1.0,0.0,0.0,0.0,0.0,0.0,0.0,0.0,0.0,5785 meal entertainment
purchase bc liquor 129,0.0,0.0,0.0,0.0,0.0,0.0,0.0,0.0,0.0,0.0,0.0,0.0,0.0,0.0,0.0,0.0,0.0,0.0,1.0,0.0,0.0,0.0,0.0,0.0,0.0,0.0,0.0,5785 meal entertainment
purchase bc liquor 129,0.0,0.0,0.0,0.0,0.0,0.0,0.0,0.0,0.0,0.0,0.0,0.0,0.0,0.0,0.0,0.0,0.0,0.0,1.0,0.0,0.0,0.0,0.0,0.0,0.0,0.0,0.0,5785 meal entertainment
purchase bc liquor 129,0.0,0.0,0.0,0.0,0.0,0.0,0.0,0.0,0.0,0.0,0.0,0.0,0.0,0.0,0.0,0.0,0.0,0.0,1.0,0.0,0.0,0.0,0.0,0.0,0.0,0.0,0.0,5785 meal entertainment
purchase bc liquor 129,0.0,0.0,0.0,0.0,0.0,0.0,0.0,0.0,0.0,0.0,0.0,0.0,0.0,0.0,0.0,0.0,0.0,0.0,1.0,0.0,0.0,0.0,0.0,0.0,0.0,0.0,0.0,5785 meal entertainment
purchase bc liquor 129,0.0,0.0,0.0,0.0,0.0,0.0,0.0,0.0,0.0,0.0,0.0,0.0,0.0,0.0,0.0,0.0,0.0,0.0,1.0,0.0,0.0,0.0,0.0,0.0,0.0,0.0,0.0,5785 meal entertainment
purchase bc liquor 152,0.0,0.0,0.0,0.0,0.0,0.0,0.0,0.0,0.0,0.0,0.0,0.0,0.0,0.0,0.0,0.0,0.0,0.0,1.0,0.0,0.0,0.0,0.0,0.0,0.0,0.0,0.0,5785 meal entertainment
purchase bc liquor 233 robson,0.0,0.0,0.0,0.0,0.0,0.0,0.0,0.0,0.0,0.0,0.0,0.0,0.0,0.0,0.0,0.0,0.0,0.0,1.0,0.0,0.0,0.0,0.0,0.0,0.0,0.0,0.0,5785 meal entertainment
purchase bc liquor 233 robson,0.0,0.0,0.0,0.0,0.0,0.0,0.0,0.0,0.0,0.0,0.0,0.0,0.0,0.0,0.0,0.0,0.0,0.0,1.0,0.0,0.0,0.0,0.0,0.0,0.0,0.0,0.0,5785 meal entertainment
purchase black + blue vancouver,0.0,0.0,0.0,0.0,0.0,0.0,0.0,0.0,0.0,0.0,0.0,0.0,0.0,0.0,0.0,0.0,0.0,0.0,1.0,0.0,0.0,0.0,0.0,0.0,0.0,0.0,0.0,5785 meal entertainment
purchase breka bakery cafe,0.0,0.0,0.0,0.0,0.0,0.0,0.0,0.0,0.0,0.0,0.0,0.0,0.0,0.0,0.0,0.0,0.0,0.0,1.0,0.0,0.0,0.0,0.0,0.0,0.0,0.0,0.0,5785 meal entertainment
purchase breka bakery cafe,0.0,0.0,0.0,0.0,0.0,0.0,0.0,0.0,0.0,0.0,0.0,0.0,0.0,0.0,0.0,0.0,0.0,0.0,1.0,0.0,0.0,0.0,0.0,0.0,0.0,0.0,0.0,5785 meal entertainment
purchase browns restaurant group food beverage event prize award etc,0.0,0.0,0.0,0.0,0.0,0.0,0.0,0.0,0.0,0.0,0.0,0.0,0.0,0.0,0.0,0.0,0.0,0.0,1.0,0.0,0.0,0.0,0.0,0.0,0.0,0.0,0.0,5785 meal entertainment
purchase bueno tapas wine re,0.0,0.0,0.0,0.0,0.0,0.0,0.0,0.0,0.0,0.0,0.0,0.0,0.0,0.0,0.0,0.0,0.0,0.0,1.0,0.0,0.0,0.0,0.0,0.0,0.0,0.0,0.0,5785 meal entertainment
purchase cactus club bentall,0.0,0.0,0.0,0.0,0.0,0.0,0.0,0.0,0.0,0.0,0.0,0.0,0.0,0.0,0.0,0.0,0.0,0.0,1.0,0.0,0.0,0.0,0.0,0.0,0.0,0.0,0.0,5785 meal entertainment
purchase cactus club bentall executive coaching lunch,0.0,0.0,0.0,0.0,0.0,0.0,0.0,0.0,0.0,0.0,0.0,0.0,0.0,0.0,0.0,0.0,0.0,0.0,1.0,0.0,0.0,0.0,0.0,0.0,0.0,0.0,0.0,5785 meal entertainment
purchase cactus club bentall,0.0,0.0,0.0,0.0,0.0,0.0,0.0,0.0,0.0,0.0,0.0,0.0,0.0,0.0,0.0,0.0,0.0,0.0,1.0,0.0,0.0,0.0,0.0,0.0,0.0,0.0,0.0,5785 meal entertainment
purchase cactus club bentall,0.0,0.0,0.0,0.0,0.0,0.0,0.0,0.0,0.0,0.0,0.0,0.0,0.0,0.0,0.0,0.0,0.0,0.0,1.0,0.0,0.0,0.0,0.0,0.0,0.0,0.0,0.0,5785 meal entertainment
purchase cactus club bentall,0.0,0.0,0.0,0.0,0.0,0.0,0.0,0.0,0.0,0.0,0.0,0.0,0.0,0.0,0.0,0.0,0.0,0.0,1.0,0.0,0.0,0.0,0.0,0.0,0.0,0.0,0.0,5785 meal entertainment
purchase cactus club bentall,0.0,0.0,0.0,0.0,0.0,0.0,0.0,0.0,0.0,0.0,0.0,0.0,0.0,0.0,0.0,0.0,0.0,0.0,1.0,0.0,0.0,0.0,0.0,0.0,0.0,0.0,0.0,5785 meal entertainment
purchase cactus club bentall,0.0,0.0,0.0,0.0,0.0,0.0,0.0,0.0,0.0,0.0,0.0,0.0,0.0,0.0,0.0,0.0,0.0,0.0,1.0,0.0,0.0,0.0,0.0,0.0,0.0,0.0,0.0,5785 meal entertainment
purchase cactus club bentall,0.0,0.0,0.0,0.0,0.0,0.0,0.0,0.0,0.0,0.0,0.0,0.0,0.0,0.0,0.0,0.0,0.0,0.0,1.0,0.0,0.0,0.0,0.0,0.0,0.0,0.0,0.0,5785 meal entertainment
purchase cactus club bentall,0.0,0.0,0.0,0.0,0.0,0.0,0.0,0.0,0.0,0.0,0.0,0.0,0.0,0.0,0.0,0.0,0.0,0.0,1.0,0.0,0.0,0.0,0.0,0.0,0.0,0.0,0.0,5785 meal entertainment
purchase cactus club coal harbo,0.0,0.0,0.0,0.0,0.0,0.0,0.0,0.0,0.0,0.0,0.0,0.0,0.0,0.0,0.0,0.0,0.0,0.0,1.0,0.0,0.0,0.0,0.0,0.0,0.0,0.0,0.0,5785 meal entertainment
purchase cafe delhi height cyb,0.0,0.0,0.0,0.0,0.0,0.0,0.0,0.0,0.0,0.0,0.0,0.0,0.0,0.0,0.0,0.0,0.0,0.0,1.0,0.0,0.0,0.0,0.0,0.0,0.0,0.0,0.0,5785 meal entertainment
purchase coast restaurant,0.0,0.0,0.0,0.0,0.0,0.0,0.0,0.0,0.0,0.0,0.0,0.0,0.0,0.0,0.0,0.0,0.0,0.0,1.0,0.0,0.0,0.0,0.0,0.0,0.0,0.0,0.0,5785 meal entertainment
purchase coast restaurant,0.0,0.0,0.0,0.0,0.0,0.0,0.0,0.0,0.0,0.0,0.0,0.0,0.0,0.0,0.0,0.0,0.0,0.0,1.0,0.0,0.0,0.0,0.0,0.0,0.0,0.0,0.0,5785 meal entertainment
purchase connaught plaza restaur food travel campus hiring,0.0,0.0,0.0,0.0,0.0,0.0,0.0,0.0,0.0,0.0,0.0,0.0,0.0,0.0,0.0,0.0,0.0,0.0,1.0,0.0,0.0,0.0,0.0,0.0,0.0,0.0,0.0,5785 meal entertainment
purchase connaught plaza restaur food travel campus hiring,0.0,0.0,0.0,0.0,0.0,0.0,0.0,0.0,0.0,0.0,0.0,0.0,0.0,0.0,0.0,0.0,0.0,0.0,1.0,0.0,0.0,0.0,0.0,0.0,0.0,0.0,0.0,5785 meal entertainment
purchase connaught plaza restaur,0.0,0.0,0.0,0.0,0.0,0.0,0.0,0.0,0.0,0.0,0.0,0.0,0.0,0.0,0.0,0.0,0.0,0.0,1.0,0.0,0.0,0.0,0.0,0.0,0.0,0.0,0.0,5785 meal entertainment
purchase covah,0.0,0.0,0.0,0.0,0.0,0.0,0.0,0.0,0.0,0.0,0.0,0.0,0.0,0.0,0.0,0.0,0.0,0.0,1.0,0.0,0.0,0.0,0.0,0.0,0.0,0.0,0.0,5785 meal entertainment
purchase covah annual team party india,0.0,0.0,0.0,0.0,0.0,0.0,0.0,0.0,0.0,0.0,0.0,0.0,0.0,0.0,0.0,0.0,0.0,0.0,1.0,0.0,0.0,0.0,0.0,0.0,0.0,0.0,0.0,5785 meal entertainment
purchase crema artisan ice cream,0.0,0.0,0.0,0.0,0.0,0.0,0.0,0.0,0.0,0.0,0.0,0.0,0.0,0.0,0.0,0.0,0.0,0.0,1.0,0.0,0.0,0.0,0.0,0.0,0.0,0.0,0.0,5785 meal entertainment
purchase cs joey gc food beverage event prize award etc,0.0,0.0,0.0,0.0,0.0,0.0,0.0,0.0,0.0,0.0,0.0,0.0,0.0,0.0,0.0,0.0,0.0,0.0,1.0,0.0,0.0,0.0,0.0,0.0,0.0,0.0,0.0,5785 meal entertainment
purchase cs starbucks gc food beverage event prize award etc,0.0,0.0,0.0,0.0,0.0,0.0,0.0,0.0,0.0,0.0,0.0,0.0,0.0,0.0,0.0,0.0,0.0,0.0,1.0,0.0,0.0,0.0,0.0,0.0,0.0,0.0,0.0,5785 meal entertainment
purchase cs starbucks gc,0.0,0.0,0.0,0.0,0.0,0.0,0.0,0.0,0.0,0.0,0.0,0.0,0.0,0.0,0.0,0.0,0.0,0.0,1.0,0.0,0.0,0.0,0.0,0.0,0.0,0.0,0.0,5785 meal entertainment
purchase cs timhorton gc,0.0,0.0,0.0,0.0,0.0,0.0,0.0,0.0,0.0,0.0,0.0,0.0,0.0,0.0,0.0,0.0,0.0,0.0,1.0,0.0,0.0,0.0,0.0,0.0,0.0,0.0,0.0,5785 meal entertainment
purchase cs timhorton gc,0.0,0.0,0.0,0.0,0.0,0.0,0.0,0.0,0.0,0.0,0.0,0.0,0.0,0.0,0.0,0.0,0.0,0.0,1.0,0.0,0.0,0.0,0.0,0.0,0.0,0.0,0.0,5785 meal entertainment
purchase cs timhorton gc,0.0,0.0,0.0,0.0,0.0,0.0,0.0,0.0,0.0,0.0,0.0,0.0,0.0,0.0,0.0,0.0,0.0,0.0,1.0,0.0,0.0,0.0,0.0,0.0,0.0,0.0,0.0,5785 meal entertainment
purchase cs timhorton gc,0.0,0.0,0.0,0.0,0.0,0.0,0.0,0.0,0.0,0.0,0.0,0.0,0.0,0.0,0.0,0.0,0.0,0.0,1.0,0.0,0.0,0.0,0.0,0.0,0.0,0.0,0.0,5785 meal entertainment
purchase cs timhorton gc food beverage event prize award etc,0.0,0.0,0.0,0.0,0.0,0.0,0.0,0.0,0.0,0.0,0.0,0.0,0.0,0.0,0.0,0.0,0.0,0.0,1.0,0.0,0.0,0.0,0.0,0.0,0.0,0.0,0.0,5785 meal entertainment
purchase cs timhorton gc food beverage event prize award etc,0.0,0.0,0.0,0.0,0.0,0.0,0.0,0.0,0.0,0.0,0.0,0.0,0.0,0.0,0.0,0.0,0.0,0.0,1.0,0.0,0.0,0.0,0.0,0.0,0.0,0.0,0.0,5785 meal entertainment
purchase cs timhorton gc,0.0,0.0,0.0,0.0,0.0,0.0,0.0,0.0,0.0,0.0,0.0,0.0,0.0,0.0,0.0,0.0,0.0,0.0,1.0,0.0,0.0,0.0,0.0,0.0,0.0,0.0,0.0,5785 meal entertainment
purchase cs timhorton gc,0.0,0.0,0.0,0.0,0.0,0.0,0.0,0.0,0.0,0.0,0.0,0.0,0.0,0.0,0.0,0.0,0.0,0.0,1.0,0.0,0.0,0.0,0.0,0.0,0.0,0.0,0.0,5785 meal entertainment
purchase cs timhorton gc,0.0,0.0,0.0,0.0,0.0,0.0,0.0,0.0,0.0,0.0,0.0,0.0,0.0,0.0,0.0,0.0,0.0,0.0,1.0,0.0,0.0,0.0,0.0,0.0,0.0,0.0,0.0,5785 meal entertainment
purchase cs timhorton gc,0.0,0.0,0.0,0.0,0.0,0.0,0.0,0.0,0.0,0.0,0.0,0.0,0.0,0.0,0.0,0.0,0.0,0.0,1.0,0.0,0.0,0.0,0.0,0.0,0.0,0.0,0.0,5785 meal entertainment
purchase cs timhorton gc,0.0,0.0,0.0,0.0,0.0,0.0,0.0,0.0,0.0,0.0,0.0,0.0,0.0,0.0,0.0,0.0,0.0,0.0,1.0,0.0,0.0,0.0,0.0,0.0,0.0,0.0,0.0,5785 meal entertainment
purchase cs timhorton gc,0.0,0.0,0.0,0.0,0.0,0.0,0.0,0.0,0.0,0.0,0.0,0.0,0.0,0.0,0.0,0.0,0.0,0.0,1.0,0.0,0.0,0.0,0.0,0.0,0.0,0.0,0.0,5785 meal entertainment
purchase cs timhorton gc,0.0,0.0,0.0,0.0,0.0,0.0,0.0,0.0,0.0,0.0,0.0,0.0,0.0,0.0,0.0,0.0,0.0,0.0,1.0,0.0,0.0,0.0,0.0,0.0,0.0,0.0,0.0,5785 meal entertainment
purchase cs timhorton gc,0.0,0.0,0.0,0.0,0.0,0.0,0.0,0.0,0.0,0.0,0.0,0.0,0.0,0.0,0.0,0.0,0.0,0.0,1.0,0.0,0.0,0.0,0.0,0.0,0.0,0.0,0.0,5785 meal entertainment
purchase cs timhorton gc,0.0,0.0,0.0,0.0,0.0,0.0,0.0,0.0,0.0,0.0,0.0,0.0,0.0,0.0,0.0,0.0,0.0,0.0,1.0,0.0,0.0,0.0,0.0,0.0,0.0,0.0,0.0,5785 meal entertainment
purchase cs timhorton gc,0.0,0.0,0.0,0.0,0.0,0.0,0.0,0.0,0.0,0.0,0.0,0.0,0.0,0.0,0.0,0.0,0.0,0.0,1.0,0.0,0.0,0.0,0.0,0.0,0.0,0.0,0.0,5785 meal entertainment
purchase cs timhorton gc,0.0,0.0,0.0,0.0,0.0,0.0,0.0,0.0,0.0,0.0,0.0,0.0,0.0,0.0,0.0,0.0,0.0,0.0,1.0,0.0,0.0,0.0,0.0,0.0,0.0,0.0,0.0,5785 meal entertainment
purchase cs timhorton gc,0.0,0.0,0.0,0.0,0.0,0.0,0.0,0.0,0.0,0.0,0.0,0.0,0.0,0.0,0.0,0.0,0.0,0.0,1.0,0.0,0.0,0.0,0.0,0.0,0.0,0.0,0.0,5785 meal entertainment
purchase cs timhorton gc,0.0,0.0,0.0,0.0,0.0,0.0,0.0,0.0,0.0,0.0,0.0,0.0,0.0,0.0,0.0,0.0,0.0,0.0,1.0,0.0,0.0,0.0,0.0,0.0,0.0,0.0,0.0,5785 meal entertainment
purchase cs timhorton gc,0.0,0.0,0.0,0.0,0.0,0.0,0.0,0.0,0.0,0.0,0.0,0.0,0.0,0.0,0.0,0.0,0.0,0.0,1.0,0.0,0.0,0.0,0.0,0.0,0.0,0.0,0.0,5785 meal entertainment
purchase cs timhorton gc,0.0,0.0,0.0,0.0,0.0,0.0,0.0,0.0,0.0,0.0,0.0,0.0,0.0,0.0,0.0,0.0,0.0,0.0,1.0,0.0,0.0,0.0,0.0,0.0,0.0,0.0,0.0,5785 meal entertainment
purchase cs timhorton gc,0.0,0.0,0.0,0.0,0.0,0.0,0.0,0.0,0.0,0.0,0.0,0.0,0.0,0.0,0.0,0.0,0.0,0.0,1.0,0.0,0.0,0.0,0.0,0.0,0.0,0.0,0.0,5785 meal entertainment
purchase cs timhorton gc,0.0,0.0,0.0,0.0,0.0,0.0,0.0,0.0,0.0,0.0,0.0,0.0,0.0,0.0,0.0,0.0,0.0,0.0,1.0,0.0,0.0,0.0,0.0,0.0,0.0,0.0,0.0,5785 meal entertainment
purchase cs timhorton gc,0.0,0.0,0.0,0.0,0.0,0.0,0.0,0.0,0.0,0.0,0.0,0.0,0.0,0.0,0.0,0.0,0.0,0.0,1.0,0.0,0.0,0.0,0.0,0.0,0.0,0.0,0.0,5785 meal entertainment
purchase cs timhorton gc,0.0,0.0,0.0,0.0,0.0,0.0,0.0,0.0,0.0,0.0,0.0,0.0,0.0,0.0,0.0,0.0,0.0,0.0,1.0,0.0,0.0,0.0,0.0,0.0,0.0,0.0,0.0,5785 meal entertainment
purchase cs timhorton gc,0.0,0.0,0.0,0.0,0.0,0.0,0.0,0.0,0.0,0.0,0.0,0.0,0.0,0.0,0.0,0.0,0.0,0.0,1.0,0.0,0.0,0.0,0.0,0.0,0.0,0.0,0.0,5785 meal entertainment
purchase cs timhorton gc,0.0,0.0,0.0,0.0,0.0,0.0,0.0,0.0,0.0,0.0,0.0,0.0,0.0,0.0,0.0,0.0,0.0,0.0,1.0,0.0,0.0,0.0,0.0,0.0,0.0,0.0,0.0,5785 meal entertainment
purchase cs timhorton gc,0.0,0.0,0.0,0.0,0.0,0.0,0.0,0.0,0.0,0.0,0.0,0.0,0.0,0.0,0.0,0.0,0.0,0.0,1.0,0.0,0.0,0.0,0.0,0.0,0.0,0.0,0.0,5785 meal entertainment
purchase cs timhorton gc,0.0,0.0,0.0,0.0,0.0,0.0,0.0,0.0,0.0,0.0,0.0,0.0,0.0,0.0,0.0,0.0,0.0,0.0,1.0,0.0,0.0,0.0,0.0,0.0,0.0,0.0,0.0,5785 meal entertainment
purchase cs timhorton gc,0.0,0.0,0.0,0.0,0.0,0.0,0.0,0.0,0.0,0.0,0.0,0.0,0.0,0.0,0.0,0.0,0.0,0.0,1.0,0.0,0.0,0.0,0.0,0.0,0.0,0.0,0.0,5785 meal entertainment
purchase cs timhorton gc,0.0,0.0,0.0,0.0,0.0,0.0,0.0,0.0,0.0,0.0,0.0,0.0,0.0,0.0,0.0,0.0,0.0,0.0,1.0,0.0,0.0,0.0,0.0,0.0,0.0,0.0,0.0,5785 meal entertainment
purchase cs timhorton gc,0.0,0.0,0.0,0.0,0.0,0.0,0.0,0.0,0.0,0.0,0.0,0.0,0.0,0.0,0.0,0.0,0.0,0.0,1.0,0.0,0.0,0.0,0.0,0.0,0.0,0.0,0.0,5785 meal entertainment
purchase cs timhorton gc,0.0,0.0,0.0,0.0,0.0,0.0,0.0,0.0,0.0,0.0,0.0,0.0,0.0,0.0,0.0,0.0,0.0,0.0,1.0,0.0,0.0,0.0,0.0,0.0,0.0,0.0,0.0,5785 meal entertainment
purchase cs timhorton gc,0.0,0.0,0.0,0.0,0.0,0.0,0.0,0.0,0.0,0.0,0.0,0.0,0.0,0.0,0.0,0.0,0.0,0.0,1.0,0.0,0.0,0.0,0.0,0.0,0.0,0.0,0.0,5785 meal entertainment
purchase cs timhorton gc,0.0,0.0,0.0,0.0,0.0,0.0,0.0,0.0,0.0,0.0,0.0,0.0,0.0,0.0,0.0,0.0,0.0,0.0,1.0,0.0,0.0,0.0,0.0,0.0,0.0,0.0,0.0,5785 meal entertainment
purchase cs timhorton gc,0.0,0.0,0.0,0.0,0.0,0.0,0.0,0.0,0.0,0.0,0.0,0.0,0.0,0.0,0.0,0.0,0.0,0.0,1.0,0.0,0.0,0.0,0.0,0.0,0.0,0.0,0.0,5785 meal entertainment
purchase cs timhorton gc,0.0,0.0,0.0,0.0,0.0,0.0,0.0,0.0,0.0,0.0,0.0,0.0,0.0,0.0,0.0,0.0,0.0,0.0,1.0,0.0,0.0,0.0,0.0,0.0,0.0,0.0,0.0,5785 meal entertainment
purchase cs timhorton gc,0.0,0.0,0.0,0.0,0.0,0.0,0.0,0.0,0.0,0.0,0.0,0.0,0.0,0.0,0.0,0.0,0.0,0.0,1.0,0.0,0.0,0.0,0.0,0.0,0.0,0.0,0.0,5785 meal entertainment
purchase cs timhorton gc,0.0,0.0,0.0,0.0,0.0,0.0,0.0,0.0,0.0,0.0,0.0,0.0,0.0,0.0,0.0,0.0,0.0,0.0,1.0,0.0,0.0,0.0,0.0,0.0,0.0,0.0,0.0,5785 meal entertainment
purchase cs timhorton gc,0.0,0.0,0.0,0.0,0.0,0.0,0.0,0.0,0.0,0.0,0.0,0.0,0.0,0.0,0.0,0.0,0.0,0.0,1.0,0.0,0.0,0.0,0.0,0.0,0.0,0.0,0.0,5785 meal entertainment
purchase cs timhorton gc,0.0,0.0,0.0,0.0,0.0,0.0,0.0,0.0,0.0,0.0,0.0,0.0,0.0,0.0,0.0,0.0,0.0,0.0,1.0,0.0,0.0,0.0,0.0,0.0,0.0,0.0,0.0,5785 meal entertainment
purchase cs timhorton gc,0.0,0.0,0.0,0.0,0.0,0.0,0.0,0.0,0.0,0.0,0.0,0.0,0.0,0.0,0.0,0.0,0.0,0.0,1.0,0.0,0.0,0.0,0.0,0.0,0.0,0.0,0.0,5785 meal entertainment
purchase cs timhorton gc,0.0,0.0,0.0,0.0,0.0,0.0,0.0,0.0,0.0,0.0,0.0,0.0,0.0,0.0,0.0,0.0,0.0,0.0,1.0,0.0,0.0,0.0,0.0,0.0,0.0,0.0,0.0,5785 meal entertainment
purchase cs timhorton gc,0.0,0.0,0.0,0.0,0.0,0.0,0.0,0.0,0.0,0.0,0.0,0.0,0.0,0.0,0.0,0.0,0.0,0.0,1.0,0.0,0.0,0.0,0.0,0.0,0.0,0.0,0.0,5785 meal entertainment
purchase cs timhorton gc,0.0,0.0,0.0,0.0,0.0,0.0,0.0,0.0,0.0,0.0,0.0,0.0,0.0,0.0,0.0,0.0,0.0,0.0,1.0,0.0,0.0,0.0,0.0,0.0,0.0,0.0,0.0,5785 meal entertainment
purchase cs timhorton gc,0.0,0.0,0.0,0.0,0.0,0.0,0.0,0.0,0.0,0.0,0.0,0.0,0.0,0.0,0.0,0.0,0.0,0.0,1.0,0.0,0.0,0.0,0.0,0.0,0.0,0.0,0.0,5785 meal entertainment
purchase cs timhorton gc,0.0,0.0,0.0,0.0,0.0,0.0,0.0,0.0,0.0,0.0,0.0,0.0,0.0,0.0,0.0,0.0,0.0,0.0,1.0,0.0,0.0,0.0,0.0,0.0,0.0,0.0,0.0,5785 meal entertainment
purchase cs timhorton gc,0.0,0.0,0.0,0.0,0.0,0.0,0.0,0.0,0.0,0.0,0.0,0.0,0.0,0.0,0.0,0.0,0.0,0.0,1.0,0.0,0.0,0.0,0.0,0.0,0.0,0.0,0.0,5785 meal entertainment
purchase cs timhorton gc,0.0,0.0,0.0,0.0,0.0,0.0,0.0,0.0,0.0,0.0,0.0,0.0,0.0,0.0,0.0,0.0,0.0,0.0,1.0,0.0,0.0,0.0,0.0,0.0,0.0,0.0,0.0,5785 meal entertainment
purchase cs timhorton gc,0.0,0.0,0.0,0.0,0.0,0.0,0.0,0.0,0.0,0.0,0.0,0.0,0.0,0.0,0.0,0.0,0.0,0.0,1.0,0.0,0.0,0.0,0.0,0.0,0.0,0.0,0.0,5785 meal entertainment
purchase cs timhorton gc,0.0,0.0,0.0,0.0,0.0,0.0,0.0,0.0,0.0,0.0,0.0,0.0,0.0,0.0,0.0,0.0,0.0,0.0,1.0,0.0,0.0,0.0,0.0,0.0,0.0,0.0,0.0,5785 meal entertainment
purchase cs timhorton gc,0.0,0.0,0.0,0.0,0.0,0.0,0.0,0.0,0.0,0.0,0.0,0.0,0.0,0.0,0.0,0.0,0.0,0.0,1.0,0.0,0.0,0.0,0.0,0.0,0.0,0.0,0.0,5785 meal entertainment
purchase cs timhorton gc food beverage event prize award etc,0.0,0.0,0.0,0.0,0.0,0.0,0.0,0.0,0.0,0.0,0.0,0.0,0.0,0.0,0.0,0.0,0.0,0.0,1.0,0.0,0.0,0.0,0.0,0.0,0.0,0.0,0.0,5785 meal entertainment
purchase cs timhorton gc food beverage event prize award etc,0.0,0.0,0.0,0.0,0.0,0.0,0.0,0.0,0.0,0.0,0.0,0.0,0.0,0.0,0.0,0.0,0.0,0.0,1.0,0.0,0.0,0.0,0.0,0.0,0.0,0.0,0.0,5785 meal entertainment
purchase cs timhorton gc,0.0,0.0,0.0,0.0,0.0,0.0,0.0,0.0,0.0,0.0,0.0,0.0,0.0,0.0,0.0,0.0,0.0,0.0,1.0,0.0,0.0,0.0,0.0,0.0,0.0,0.0,0.0,5785 meal entertainment
purchase cs timhorton gc,0.0,0.0,0.0,0.0,0.0,0.0,0.0,0.0,0.0,0.0,0.0,0.0,0.0,0.0,0.0,0.0,0.0,0.0,1.0,0.0,0.0,0.0,0.0,0.0,0.0,0.0,0.0,5785 meal entertainment
purchase cs timhorton gc,0.0,0.0,0.0,0.0,0.0,0.0,0.0,0.0,0.0,0.0,0.0,0.0,0.0,0.0,0.0,0.0,0.0,0.0,1.0,0.0,0.0,0.0,0.0,0.0,0.0,0.0,0.0,5785 meal entertainment
purchase cs timhorton gc,0.0,0.0,0.0,0.0,0.0,0.0,0.0,0.0,0.0,0.0,0.0,0.0,0.0,0.0,0.0,0.0,0.0,0.0,1.0,0.0,0.0,0.0,0.0,0.0,0.0,0.0,0.0,5785 meal entertainment
purchase cs timhorton gc,0.0,0.0,0.0,0.0,0.0,0.0,0.0,0.0,0.0,0.0,0.0,0.0,0.0,0.0,0.0,0.0,0.0,0.0,1.0,0.0,0.0,0.0,0.0,0.0,0.0,0.0,0.0,5785 meal entertainment
purchase cs timhorton gc,0.0,0.0,0.0,0.0,0.0,0.0,0.0,0.0,0.0,0.0,0.0,0.0,0.0,0.0,0.0,0.0,0.0,0.0,1.0,0.0,0.0,0.0,0.0,0.0,0.0,0.0,0.0,5785 meal entertainment
purchase cs timhorton gc,0.0,0.0,0.0,0.0,0.0,0.0,0.0,0.0,0.0,0.0,0.0,0.0,0.0,0.0,0.0,0.0,0.0,0.0,1.0,0.0,0.0,0.0,0.0,0.0,0.0,0.0,0.0,5785 meal entertainment
purchase cs timhorton gc,0.0,0.0,0.0,0.0,0.0,0.0,0.0,0.0,0.0,0.0,0.0,0.0,0.0,0.0,0.0,0.0,0.0,0.0,1.0,0.0,0.0,0.0,0.0,0.0,0.0,0.0,0.0,5785 meal entertainment
purchase cs timhorton gc food beverage event prize award etc,0.0,0.0,0.0,0.0,0.0,0.0,0.0,0.0,0.0,0.0,0.0,0.0,0.0,0.0,0.0,0.0,0.0,0.0,1.0,0.0,0.0,0.0,0.0,0.0,0.0,0.0,0.0,5785 meal entertainment
purchase cs timhorton gc,0.0,0.0,0.0,0.0,0.0,0.0,0.0,0.0,0.0,0.0,0.0,0.0,0.0,0.0,0.0,0.0,0.0,0.0,1.0,0.0,0.0,0.0,0.0,0.0,0.0,0.0,0.0,5785 meal entertainment
purchase cs timhorton gc,0.0,0.0,0.0,0.0,0.0,0.0,0.0,0.0,0.0,0.0,0.0,0.0,0.0,0.0,0.0,0.0,0.0,0.0,1.0,0.0,0.0,0.0,0.0,0.0,0.0,0.0,0.0,5785 meal entertainment
purchase cs timhorton gc,0.0,0.0,0.0,0.0,0.0,0.0,0.0,0.0,0.0,0.0,0.0,0.0,0.0,0.0,0.0,0.0,0.0,0.0,1.0,0.0,0.0,0.0,0.0,0.0,0.0,0.0,0.0,5785 meal entertainment
purchase cs timhorton gc,0.0,0.0,0.0,0.0,0.0,0.0,0.0,0.0,0.0,0.0,0.0,0.0,0.0,0.0,0.0,0.0,0.0,0.0,1.0,0.0,0.0,0.0,0.0,0.0,0.0,0.0,0.0,5785 meal entertainment
purchase cs timhorton gc,0.0,0.0,0.0,0.0,0.0,0.0,0.0,0.0,0.0,0.0,0.0,0.0,0.0,0.0,0.0,0.0,0.0,0.0,1.0,0.0,0.0,0.0,0.0,0.0,0.0,0.0,0.0,5785 meal entertainment
purchase cs timhorton gc,0.0,0.0,0.0,0.0,0.0,0.0,0.0,0.0,0.0,0.0,0.0,0.0,0.0,0.0,0.0,0.0,0.0,0.0,1.0,0.0,0.0,0.0,0.0,0.0,0.0,0.0,0.0,5785 meal entertainment
purchase cs timhorton gc,0.0,0.0,0.0,0.0,0.0,0.0,0.0,0.0,0.0,0.0,0.0,0.0,0.0,0.0,0.0,0.0,0.0,0.0,1.0,0.0,0.0,0.0,0.0,0.0,0.0,0.0,0.0,5785 meal entertainment
purchase cs timhorton gc,0.0,0.0,0.0,0.0,0.0,0.0,0.0,0.0,0.0,0.0,0.0,0.0,0.0,0.0,0.0,0.0,0.0,0.0,1.0,0.0,0.0,0.0,0.0,0.0,0.0,0.0,0.0,5785 meal entertainment
purchase cs timhorton gc,0.0,0.0,0.0,0.0,0.0,0.0,0.0,0.0,0.0,0.0,0.0,0.0,0.0,0.0,0.0,0.0,0.0,0.0,1.0,0.0,0.0,0.0,0.0,0.0,0.0,0.0,0.0,5785 meal entertainment
purchase cs timhorton gc,0.0,0.0,0.0,0.0,0.0,0.0,0.0,0.0,0.0,0.0,0.0,0.0,0.0,0.0,0.0,0.0,0.0,0.0,1.0,0.0,0.0,0.0,0.0,0.0,0.0,0.0,0.0,5785 meal entertainment
purchase cs timhorton gc,0.0,0.0,0.0,0.0,0.0,0.0,0.0,0.0,0.0,0.0,0.0,0.0,0.0,0.0,0.0,0.0,0.0,0.0,1.0,0.0,0.0,0.0,0.0,0.0,0.0,0.0,0.0,5785 meal entertainment
purchase cs timhorton gc,0.0,0.0,0.0,0.0,0.0,0.0,0.0,0.0,0.0,0.0,0.0,0.0,0.0,0.0,0.0,0.0,0.0,0.0,1.0,0.0,0.0,0.0,0.0,0.0,0.0,0.0,0.0,5785 meal entertainment
purchase cs timhorton gc,0.0,0.0,0.0,0.0,0.0,0.0,0.0,0.0,0.0,0.0,0.0,0.0,0.0,0.0,0.0,0.0,0.0,0.0,1.0,0.0,0.0,0.0,0.0,0.0,0.0,0.0,0.0,5785 meal entertainment
purchase cs timhorton gc,0.0,0.0,0.0,0.0,0.0,0.0,0.0,0.0,0.0,0.0,0.0,0.0,0.0,0.0,0.0,0.0,0.0,0.0,1.0,0.0,0.0,0.0,0.0,0.0,0.0,0.0,0.0,5785 meal entertainment
purchase cs timhorton gc,0.0,0.0,0.0,0.0,0.0,0.0,0.0,0.0,0.0,0.0,0.0,0.0,0.0,0.0,0.0,0.0,0.0,0.0,1.0,0.0,0.0,0.0,0.0,0.0,0.0,0.0,0.0,5785 meal entertainment
purchase cs timhorton gc,0.0,0.0,0.0,0.0,0.0,0.0,0.0,0.0,0.0,0.0,0.0,0.0,0.0,0.0,0.0,0.0,0.0,0.0,1.0,0.0,0.0,0.0,0.0,0.0,0.0,0.0,0.0,5785 meal entertainment
purchase cs timhorton gc,0.0,0.0,0.0,0.0,0.0,0.0,0.0,0.0,0.0,0.0,0.0,0.0,0.0,0.0,0.0,0.0,0.0,0.0,1.0,0.0,0.0,0.0,0.0,0.0,0.0,0.0,0.0,5785 meal entertainment
purchase cs timhorton gc,0.0,0.0,0.0,0.0,0.0,0.0,0.0,0.0,0.0,0.0,0.0,0.0,0.0,0.0,0.0,0.0,0.0,0.0,1.0,0.0,0.0,0.0,0.0,0.0,0.0,0.0,0.0,5785 meal entertainment
purchase cs timhorton gc,0.0,0.0,0.0,0.0,0.0,0.0,0.0,0.0,0.0,0.0,0.0,0.0,0.0,0.0,0.0,0.0,0.0,0.0,1.0,0.0,0.0,0.0,0.0,0.0,0.0,0.0,0.0,5785 meal entertainment
purchase cs timhorton gc,0.0,0.0,0.0,0.0,0.0,0.0,0.0,0.0,0.0,0.0,0.0,0.0,0.0,0.0,0.0,0.0,0.0,0.0,1.0,0.0,0.0,0.0,0.0,0.0,0.0,0.0,0.0,5785 meal entertainment
purchase cs timhorton gc,0.0,0.0,0.0,0.0,0.0,0.0,0.0,0.0,0.0,0.0,0.0,0.0,0.0,0.0,0.0,0.0,0.0,0.0,1.0,0.0,0.0,0.0,0.0,0.0,0.0,0.0,0.0,5785 meal entertainment
purchase cs timhorton gc,0.0,0.0,0.0,0.0,0.0,0.0,0.0,0.0,0.0,0.0,0.0,0.0,0.0,0.0,0.0,0.0,0.0,0.0,1.0,0.0,0.0,0.0,0.0,0.0,0.0,0.0,0.0,5785 meal entertainment
purchase cs timhorton gc,0.0,0.0,0.0,0.0,0.0,0.0,0.0,0.0,0.0,0.0,0.0,0.0,0.0,0.0,0.0,0.0,0.0,0.0,1.0,0.0,0.0,0.0,0.0,0.0,0.0,0.0,0.0,5785 meal entertainment
purchase cs timhorton gc food beverage event prize award etc,0.0,0.0,0.0,0.0,0.0,0.0,0.0,0.0,0.0,0.0,0.0,0.0,0.0,0.0,0.0,0.0,0.0,0.0,1.0,0.0,0.0,0.0,0.0,0.0,0.0,0.0,0.0,5785 meal entertainment
purchase cs timhorton gc,0.0,0.0,0.0,0.0,0.0,0.0,0.0,0.0,0.0,0.0,0.0,0.0,0.0,0.0,0.0,0.0,0.0,0.0,1.0,0.0,0.0,0.0,0.0,0.0,0.0,0.0,0.0,5785 meal entertainment
purchase cs timhorton gc,0.0,0.0,0.0,0.0,0.0,0.0,0.0,0.0,0.0,0.0,0.0,0.0,0.0,0.0,0.0,0.0,0.0,0.0,1.0,0.0,0.0,0.0,0.0,0.0,0.0,0.0,0.0,5785 meal entertainment
purchase cs timhorton gc food beverage event prize award etc,0.0,0.0,0.0,0.0,0.0,0.0,0.0,0.0,0.0,0.0,0.0,0.0,0.0,0.0,0.0,0.0,0.0,0.0,1.0,0.0,0.0,0.0,0.0,0.0,0.0,0.0,0.0,5785 meal entertainment
purchase cs timhorton gc,0.0,0.0,0.0,0.0,0.0,0.0,0.0,0.0,0.0,0.0,0.0,0.0,0.0,0.0,0.0,0.0,0.0,0.0,1.0,0.0,0.0,0.0,0.0,0.0,0.0,0.0,0.0,5785 meal entertainment
purchase cs timhorton gc,0.0,0.0,0.0,0.0,0.0,0.0,0.0,0.0,0.0,0.0,0.0,0.0,0.0,0.0,0.0,0.0,0.0,0.0,1.0,0.0,0.0,0.0,0.0,0.0,0.0,0.0,0.0,5785 meal entertainment
purchase cs timhorton gc,0.0,0.0,0.0,0.0,0.0,0.0,0.0,0.0,0.0,0.0,0.0,0.0,0.0,0.0,0.0,0.0,0.0,0.0,1.0,0.0,0.0,0.0,0.0,0.0,0.0,0.0,0.0,5785 meal entertainment
purchase cs timhorton gc,0.0,0.0,0.0,0.0,0.0,0.0,0.0,0.0,0.0,0.0,0.0,0.0,0.0,0.0,0.0,0.0,0.0,0.0,1.0,0.0,0.0,0.0,0.0,0.0,0.0,0.0,0.0,5785 meal entertainment
purchase cs timhorton gc,0.0,0.0,0.0,0.0,0.0,0.0,0.0,0.0,0.0,0.0,0.0,0.0,0.0,0.0,0.0,0.0,0.0,0.0,1.0,0.0,0.0,0.0,0.0,0.0,0.0,0.0,0.0,5785 meal entertainment
purchase cs timhorton gc,0.0,0.0,0.0,0.0,0.0,0.0,0.0,0.0,0.0,0.0,0.0,0.0,0.0,0.0,0.0,0.0,0.0,0.0,1.0,0.0,0.0,0.0,0.0,0.0,0.0,0.0,0.0,5785 meal entertainment
purchase cs timhorton gc,0.0,0.0,0.0,0.0,0.0,0.0,0.0,0.0,0.0,0.0,0.0,0.0,0.0,0.0,0.0,0.0,0.0,0.0,1.0,0.0,0.0,0.0,0.0,0.0,0.0,0.0,0.0,5785 meal entertainment
purchase cs timhorton gc,0.0,0.0,0.0,0.0,0.0,0.0,0.0,0.0,0.0,0.0,0.0,0.0,0.0,0.0,0.0,0.0,0.0,0.0,1.0,0.0,0.0,0.0,0.0,0.0,0.0,0.0,0.0,5785 meal entertainment
purchase cs timhorton gc,0.0,0.0,0.0,0.0,0.0,0.0,0.0,0.0,0.0,0.0,0.0,0.0,0.0,0.0,0.0,0.0,0.0,0.0,1.0,0.0,0.0,0.0,0.0,0.0,0.0,0.0,0.0,5785 meal entertainment
purchase cs timhorton gc,0.0,0.0,0.0,0.0,0.0,0.0,0.0,0.0,0.0,0.0,0.0,0.0,0.0,0.0,0.0,0.0,0.0,0.0,1.0,0.0,0.0,0.0,0.0,0.0,0.0,0.0,0.0,5785 meal entertainment
purchase cs timhorton gc,0.0,0.0,0.0,0.0,0.0,0.0,0.0,0.0,0.0,0.0,0.0,0.0,0.0,0.0,0.0,0.0,0.0,0.0,1.0,0.0,0.0,0.0,0.0,0.0,0.0,0.0,0.0,5785 meal entertainment
purchase cs timhorton gc,0.0,0.0,0.0,0.0,0.0,0.0,0.0,0.0,0.0,0.0,0.0,0.0,0.0,0.0,0.0,0.0,0.0,0.0,1.0,0.0,0.0,0.0,0.0,0.0,0.0,0.0,0.0,5785 meal entertainment
purchase cs timhorton gc,0.0,0.0,0.0,0.0,0.0,0.0,0.0,0.0,0.0,0.0,0.0,0.0,0.0,0.0,0.0,0.0,0.0,0.0,1.0,0.0,0.0,0.0,0.0,0.0,0.0,0.0,0.0,5785 meal entertainment
purchase cs timhorton gc,0.0,0.0,0.0,0.0,0.0,0.0,0.0,0.0,0.0,0.0,0.0,0.0,0.0,0.0,0.0,0.0,0.0,0.0,1.0,0.0,0.0,0.0,0.0,0.0,0.0,0.0,0.0,5785 meal entertainment
purchase cs timhorton gc,0.0,0.0,0.0,0.0,0.0,0.0,0.0,0.0,0.0,0.0,0.0,0.0,0.0,0.0,0.0,0.0,0.0,0.0,1.0,0.0,0.0,0.0,0.0,0.0,0.0,0.0,0.0,5785 meal entertainment
purchase cs timhorton gc,0.0,0.0,0.0,0.0,0.0,0.0,0.0,0.0,0.0,0.0,0.0,0.0,0.0,0.0,0.0,0.0,0.0,0.0,1.0,0.0,0.0,0.0,0.0,0.0,0.0,0.0,0.0,5785 meal entertainment
purchase cs timhorton gc,0.0,0.0,0.0,0.0,0.0,0.0,0.0,0.0,0.0,0.0,0.0,0.0,0.0,0.0,0.0,0.0,0.0,0.0,1.0,0.0,0.0,0.0,0.0,0.0,0.0,0.0,0.0,5785 meal entertainment
purchase cs timhorton gc,0.0,0.0,0.0,0.0,0.0,0.0,0.0,0.0,0.0,0.0,0.0,0.0,0.0,0.0,0.0,0.0,0.0,0.0,1.0,0.0,0.0,0.0,0.0,0.0,0.0,0.0,0.0,5785 meal entertainment
purchase cs timhorton gc,0.0,0.0,0.0,0.0,0.0,0.0,0.0,0.0,0.0,0.0,0.0,0.0,0.0,0.0,0.0,0.0,0.0,0.0,1.0,0.0,0.0,0.0,0.0,0.0,0.0,0.0,0.0,5785 meal entertainment
purchase cs toysrusca gc food beverage event prize award etc,0.0,0.0,0.0,0.0,0.0,0.0,0.0,0.0,0.0,0.0,0.0,0.0,0.0,0.0,0.0,0.0,0.0,0.0,1.0,0.0,0.0,0.0,0.0,0.0,0.0,0.0,0.0,5785 meal entertainment
purchase dd doordashnoodlebox,0.0,0.0,0.0,0.0,0.0,0.0,0.0,0.0,0.0,0.0,0.0,0.0,0.0,0.0,0.0,0.0,0.0,0.0,1.0,0.0,0.0,0.0,0.0,0.0,0.0,0.0,0.0,5785 meal entertainment
purchase ddcactusclubcafe,0.0,0.0,0.0,0.0,0.0,0.0,0.0,0.0,0.0,0.0,0.0,0.0,0.0,0.0,0.0,0.0,0.0,0.0,1.0,0.0,0.0,0.0,0.0,0.0,0.0,0.0,0.0,5785 meal entertainment
purchase ddcactusclubcafe,0.0,0.0,0.0,0.0,0.0,0.0,0.0,0.0,0.0,0.0,0.0,0.0,0.0,0.0,0.0,0.0,0.0,0.0,1.0,0.0,0.0,0.0,0.0,0.0,0.0,0.0,0.0,5785 meal entertainment
purchase ddcactusclubcafe,0.0,0.0,0.0,0.0,0.0,0.0,0.0,0.0,0.0,0.0,0.0,0.0,0.0,0.0,0.0,0.0,0.0,0.0,1.0,0.0,0.0,0.0,0.0,0.0,0.0,0.0,0.0,5785 meal entertainment
purchase ddcactusclubcafe,0.0,0.0,0.0,0.0,0.0,0.0,0.0,0.0,0.0,0.0,0.0,0.0,0.0,0.0,0.0,0.0,0.0,0.0,1.0,0.0,0.0,0.0,0.0,0.0,0.0,0.0,0.0,5785 meal entertainment
purchase ddjoeyrestaurant,0.0,0.0,0.0,0.0,0.0,0.0,0.0,0.0,0.0,0.0,0.0,0.0,0.0,0.0,0.0,0.0,0.0,0.0,1.0,0.0,0.0,0.0,0.0,0.0,0.0,0.0,0.0,5785 meal entertainment
purchase dineen coffee co,0.0,0.0,0.0,0.0,0.0,0.0,0.0,0.0,0.0,0.0,0.0,0.0,0.0,0.0,0.0,0.0,0.0,0.0,1.0,0.0,0.0,0.0,0.0,0.0,0.0,0.0,0.0,5785 meal entertainment
purchase dominion bar + kitchen,0.0,0.0,0.0,0.0,0.0,0.0,0.0,0.0,0.0,0.0,0.0,0.0,0.0,0.0,0.0,0.0,0.0,0.0,1.0,0.0,0.0,0.0,0.0,0.0,0.0,0.0,0.0,5785 meal entertainment
purchase dominos pizza 10017,0.0,0.0,0.0,0.0,0.0,0.0,0.0,0.0,0.0,0.0,0.0,0.0,0.0,0.0,0.0,0.0,0.0,0.0,1.0,0.0,0.0,0.0,0.0,0.0,0.0,0.0,0.0,5785 meal entertainment
purchase town platform engineering team dinner manoj,0.0,0.0,0.0,0.0,0.0,0.0,0.0,0.0,0.0,0.0,0.0,0.0,0.0,0.0,0.9338376523999702,0.0,0.0,0.0,0.357697133005162,0.0,0.0,0.0,0.0,0.0,0.0,0.0,0.0,5785 meal entertainment
purchase fresh counter cateri,0.0,0.0,0.0,0.0,0.0,0.0,0.0,0.0,0.0,0.0,0.0,0.0,0.0,0.0,0.0,0.0,0.0,0.0,1.0,0.0,0.0,0.0,0.0,0.0,0.0,0.0,0.0,5785 meal entertainment
purchase gallery chele taguig,0.0,0.0,0.0,0.0,0.0,0.0,0.0,0.0,0.0,0.0,0.0,0.0,0.0,0.0,0.0,0.0,0.0,0.0,1.0,0.0,0.0,0.0,0.0,0.0,0.0,0.0,0.0,5785 meal entertainment
purchase glowbal giftcard,0.0,0.0,0.0,0.0,0.0,0.0,0.0,0.0,0.0,0.0,0.0,0.0,0.0,0.0,0.0,0.0,0.0,0.0,1.0,0.0,0.0,0.0,0.0,0.0,0.0,0.0,0.0,5785 meal entertainment
purchase haldiram snack employee engagement activity,0.0,0.0,0.0,0.0,0.0,0.0,0.0,0.0,0.0,0.0,0.0,0.0,0.0,0.0,0.0,0.0,0.0,0.0,1.0,0.0,0.0,0.0,0.0,0.0,0.0,0.0,0.0,5785 meal entertainment
purchase haldiram snack monthly employee engagement activity,0.0,0.0,0.0,0.0,0.0,0.0,0.0,0.0,0.0,0.0,0.0,0.0,0.0,0.0,0.0,0.0,0.0,0.0,1.0,0.0,0.0,0.0,0.0,0.0,0.0,0.0,0.0,5785 meal entertainment
purchase humble donkey,0.0,0.0,0.0,0.0,0.0,0.0,0.0,0.0,0.0,0.0,0.0,0.0,0.0,0.0,0.0,0.0,0.0,0.0,1.0,0.0,0.0,0.0,0.0,0.0,0.0,0.0,0.0,5785 meal entertainment
purchase ilka comptoir eat mc burger coffee paris airport flight delay,0.0,0.0,0.0,0.0,0.0,0.0,0.0,0.0,0.0,0.0,0.0,0.0,0.0,0.0,0.0,0.0,0.0,0.0,1.0,0.0,0.0,0.0,0.0,0.0,0.0,0.0,0.0,5785 meal entertainment
purchase joe fortes seafood c,0.0,0.0,0.0,0.0,0.0,0.0,0.0,0.0,0.0,0.0,0.0,0.0,0.0,0.0,0.0,0.0,0.0,0.0,1.0,0.0,0.0,0.0,0.0,0.0,0.0,0.0,0.0,5785 meal entertainment
purchase joe fortes seafood c,0.0,0.0,0.0,0.0,0.0,0.0,0.0,0.0,0.0,0.0,0.0,0.0,0.0,0.0,0.0,0.0,0.0,0.0,1.0,0.0,0.0,0.0,0.0,0.0,0.0,0.0,0.0,5785 meal entertainment
purchase joe fortes seafood c,0.0,0.0,0.0,0.0,0.0,0.0,0.0,0.0,0.0,0.0,0.0,0.0,0.0,0.0,0.0,0.0,0.0,0.0,1.0,0.0,0.0,0.0,0.0,0.0,0.0,0.0,0.0,5785 meal entertainment
purchase kelly land 6415,0.0,0.0,0.0,0.0,0.0,0.0,0.0,0.0,0.0,0.0,0.0,0.0,0.0,0.0,0.0,0.0,0.0,0.0,1.0,0.0,0.0,0.0,0.0,0.0,0.0,0.0,0.0,5785 meal entertainment
purchase kiran welpack private l lunch,0.0,0.0,0.0,0.0,0.0,0.0,0.0,0.0,0.0,0.0,0.0,0.0,0.0,0.0,0.0,0.0,0.0,0.0,1.0,0.0,0.0,0.0,0.0,0.0,0.0,0.0,0.0,5785 meal entertainment
purchase leela ggn office 4,0.0,0.0,0.0,0.0,0.0,0.0,0.0,0.0,0.0,0.0,0.0,0.0,0.0,0.0,0.0,0.0,0.0,0.0,1.0,0.0,0.0,0.0,0.0,0.0,0.0,0.0,0.0,5785 meal entertainment
purchase leela ggn office 4,0.0,0.0,0.0,0.0,0.0,0.0,0.0,0.0,0.0,0.0,0.0,0.0,0.0,0.0,0.0,0.0,0.0,0.0,1.0,0.0,0.0,0.0,0.0,0.0,0.0,0.0,0.0,5785 meal entertainment
purchase leela ggn zanotta 1,0.0,0.0,0.0,0.0,0.0,0.0,0.0,0.0,0.0,0.0,0.0,0.0,0.0,0.0,0.0,0.0,0.0,0.0,1.0,0.0,0.0,0.0,0.0,0.0,0.0,0.0,0.0,5785 meal entertainment
purchase liuyishou hotpot,0.0,0.0,0.0,0.0,0.0,0.0,0.0,0.0,0.0,0.0,0.0,0.0,0.0,0.0,0.0,0.0,0.0,0.0,1.0,0.0,0.0,0.0,0.0,0.0,0.0,0.0,0.0,5785 meal entertainment
purchase ls chocho hot pot rest,0.0,0.0,0.0,0.0,0.0,0.0,0.0,0.0,0.0,0.0,0.0,0.0,0.0,0.0,0.0,0.0,0.0,0.0,1.0,0.0,0.0,0.0,0.0,0.0,0.0,0.0,0.0,5785 meal entertainment
purchase mahony tavern,0.0,0.0,0.0,0.0,0.0,0.0,0.0,0.0,0.0,0.0,0.0,0.0,0.0,0.0,0.0,0.0,0.0,0.0,1.0,0.0,0.0,0.0,0.0,0.0,0.0,0.0,0.0,5785 meal entertainment
purchase makati shangri la,0.0,0.0,0.0,0.0,0.0,0.0,0.0,0.0,0.0,0.0,0.0,0.0,0.0,0.0,0.0,0.0,0.0,0.0,1.0,0.0,0.0,0.0,0.0,0.0,0.0,0.0,0.0,5785 meal entertainment
purchase makati shangri la,0.0,0.0,0.0,0.0,0.0,0.0,0.0,0.0,0.0,0.0,0.0,0.0,0.0,0.0,0.0,0.0,0.0,0.0,1.0,0.0,0.0,0.0,0.0,0.0,0.0,0.0,0.0,5785 meal entertainment
purchase mcdonald 29003,0.0,0.0,0.0,0.0,0.0,0.0,0.0,0.0,0.0,0.0,0.0,0.0,0.0,0.0,0.0,0.0,0.0,0.0,1.0,0.0,0.0,0.0,0.0,0.0,0.0,0.0,0.0,5785 meal entertainment
purchase mill street pub,0.0,0.0,0.0,0.0,0.0,0.0,0.0,0.0,0.0,0.0,0.0,0.0,0.0,0.0,0.0,0.0,0.0,0.0,1.0,0.0,0.0,0.0,0.0,0.0,0.0,0.0,0.0,5785 meal entertainment
purchase nightingale restaurant,0.0,0.0,0.0,0.0,0.0,0.0,0.0,0.0,0.0,0.0,0.0,0.0,0.0,0.0,0.0,0.0,0.0,0.0,1.0,0.0,0.0,0.0,0.0,0.0,0.0,0.0,0.0,5785 meal entertainment
purchase nightingale restaurant,0.0,0.0,0.0,0.0,0.0,0.0,0.0,0.0,0.0,0.0,0.0,0.0,0.0,0.0,0.0,0.0,0.0,0.0,1.0,0.0,0.0,0.0,0.0,0.0,0.0,0.0,0.0,5785 meal entertainment
purchase urban golf clu,0.0,0.0,0.0,0.0,0.0,0.0,0.0,0.0,0.0,0.0,0.0,0.0,0.0,0.0,0.0,0.0,0.0,0.0,1.0,0.0,0.0,0.0,0.0,0.0,0.0,0.0,0.0,5785 meal entertainment
purchase pay*jubilant foodwork pizza monthly employee engagement,0.0,0.0,0.0,0.0,0.0,0.0,0.0,0.0,0.0,0.0,0.0,0.0,0.0,0.0,0.0,0.0,0.0,0.0,1.0,0.0,0.0,0.0,0.0,0.0,0.0,0.0,0.0,5785 meal entertainment
purchase pizzagarden,0.0,0.0,0.0,0.0,0.0,0.0,0.0,0.0,0.0,0.0,0.0,0.0,0.0,0.0,0.0,0.0,0.0,0.0,1.0,0.0,0.0,0.0,0.0,0.0,0.0,0.0,0.0,5785 meal entertainment
purchase purdys chocolati,0.0,0.0,0.0,0.0,0.0,0.0,0.0,0.0,0.0,0.0,0.0,0.0,0.0,0.0,0.0,0.0,0.0,0.0,1.0,0.0,0.0,0.0,0.0,0.0,0.0,0.0,0.0,5785 meal entertainment
purchase r r wealth investme hr team lunch,0.0,0.0,0.0,0.0,0.0,0.0,0.0,0.0,0.0,0.0,0.0,0.0,0.0,0.0,0.0,0.0,0.0,0.0,1.0,0.0,0.0,0.0,0.0,0.0,0.0,0.0,0.0,5785 meal entertainment
purchase ramen gojiro,0.0,0.0,0.0,0.0,0.0,0.0,0.0,0.0,0.0,0.0,0.0,0.0,0.0,0.0,0.0,0.0,0.0,0.0,1.0,0.0,0.0,0.0,0.0,0.0,0.0,0.0,0.0,5785 meal entertainment
purchase rileys restaurant,0.0,0.0,0.0,0.0,0.0,0.0,0.0,0.0,0.0,0.0,0.0,0.0,0.0,0.0,0.0,0.0,0.0,0.0,1.0,0.0,0.0,0.0,0.0,0.0,0.0,0.0,0.0,5785 meal entertainment
purchase rileys restaurant,0.0,0.0,0.0,0.0,0.0,0.0,0.0,0.0,0.0,0.0,0.0,0.0,0.0,0.0,0.0,0.0,0.0,0.0,1.0,0.0,0.0,0.0,0.0,0.0,0.0,0.0,0.0,5785 meal entertainment
purchase rileys restaurant,0.0,0.0,0.0,0.0,0.0,0.0,0.0,0.0,0.0,0.0,0.0,0.0,0.0,0.0,0.0,0.0,0.0,0.0,1.0,0.0,0.0,0.0,0.0,0.0,0.0,0.0,0.0,5785 meal entertainment
purchase rileys restaurant,0.0,0.0,0.0,0.0,0.0,0.0,0.0,0.0,0.0,0.0,0.0,0.0,0.0,0.0,0.0,0.0,0.0,0.0,1.0,0.0,0.0,0.0,0.0,0.0,0.0,0.0,0.0,5785 meal entertainment
purchase rileysrestaurant.ca,0.0,0.0,0.0,0.0,0.0,0.0,0.0,0.0,0.0,0.0,0.0,0.0,0.0,0.0,0.0,0.0,0.0,0.0,1.0,0.0,0.0,0.0,0.0,0.0,0.0,0.0,0.0,5785 meal entertainment
purchase saaj restaurant priva,0.0,0.0,0.0,0.0,0.0,0.0,0.0,0.0,0.0,0.0,0.0,0.0,0.0,0.0,0.0,0.0,0.0,0.0,1.0,0.0,0.0,0.0,0.0,0.0,0.0,0.0,0.0,5785 meal entertainment
purchase sagar ratna,0.0,0.0,0.0,0.0,0.0,0.0,0.0,0.0,0.0,0.0,0.0,0.0,0.0,0.0,0.0,0.0,0.0,0.0,1.0,0.0,0.0,0.0,0.0,0.0,0.0,0.0,0.0,5785 meal entertainment
purchase sagar ratna monthly employee engagement event,0.0,0.0,0.0,0.0,0.0,0.0,0.0,0.0,0.0,0.0,0.0,0.0,0.0,0.0,0.0,0.0,0.0,0.0,1.0,0.0,0.0,0.0,0.0,0.0,0.0,0.0,0.0,5785 meal entertainment
purchase smart bazaar snack office fir 1 month,0.0,0.0,0.0,0.0,0.0,0.0,0.0,0.0,0.0,0.0,0.0,0.0,0.0,0.0,0.0,0.0,0.0,0.0,1.0,0.0,0.0,0.0,0.0,0.0,0.0,0.0,0.0,5785 meal entertainment
purchase smart bazaar office snack 2 month,0.0,0.0,0.0,0.0,0.0,0.0,0.0,0.0,0.0,0.0,0.0,0.0,0.0,0.0,0.0,0.0,0.0,0.0,1.0,0.0,0.0,0.0,0.0,0.0,0.0,0.0,0.0,5785 meal entertainment
purchase smart bazaar stationary office,0.0,0.0,0.0,0.0,0.0,0.0,0.0,0.0,0.0,0.0,0.0,0.0,0.0,0.0,0.0,0.0,0.0,0.0,1.0,0.0,0.0,0.0,0.0,0.0,0.0,0.0,0.0,5785 meal entertainment
purchase smart bazaar gift employee engagement activity,0.0,0.0,0.0,0.0,0.0,0.0,0.0,0.0,0.0,0.0,0.0,0.0,0.0,0.0,0.0,0.0,0.0,0.0,1.0,0.0,0.0,0.0,0.0,0.0,0.0,0.0,0.0,5785 meal entertainment
purchase sq beaucoup bakery st,0.0,0.0,0.0,0.0,0.0,0.0,0.0,0.0,0.0,0.0,0.0,0.0,0.0,0.0,0.0,0.0,0.0,0.0,1.0,0.0,0.0,0.0,0.0,0.0,0.0,0.0,0.0,5785 meal entertainment
purchase sq deville coffee b5 executive coach coffee,0.0,0.0,0.0,0.0,0.0,0.0,0.0,0.0,0.0,0.0,0.0,0.0,0.0,0.0,0.0,0.0,0.0,0.0,1.0,0.0,0.0,0.0,0.0,0.0,0.0,0.0,0.0,5785 meal entertainment
purchase sq geo cider inc,0.0,0.0,0.0,0.0,0.0,0.0,0.0,0.0,0.0,0.0,0.0,0.0,0.0,0.0,0.0,0.0,0.0,0.0,1.0,0.0,0.0,0.0,0.0,0.0,0.0,0.0,0.0,5785 meal entertainment
purchase sq joey bentall,0.0,0.0,0.0,0.0,0.0,0.0,0.0,0.0,0.0,0.0,0.0,0.0,0.0,0.0,0.0,0.0,0.0,0.0,1.0,0.0,0.0,0.0,0.0,0.0,0.0,0.0,0.0,5785 meal entertainment
purchase sq joey bentall,0.0,0.0,0.0,0.0,0.0,0.0,0.0,0.0,0.0,0.0,0.0,0.0,0.0,0.0,0.0,0.0,0.0,0.0,1.0,0.0,0.0,0.0,0.0,0.0,0.0,0.0,0.0,5785 meal entertainment
purchase sq joey bentall,0.0,0.0,0.0,0.0,0.0,0.0,0.0,0.0,0.0,0.0,0.0,0.0,0.0,0.0,0.0,0.0,0.0,0.0,1.0,0.0,0.0,0.0,0.0,0.0,0.0,0.0,0.0,5785 meal entertainment
purchase sq joey bentall,0.0,0.0,0.0,0.0,0.0,0.0,0.0,0.0,0.0,0.0,0.0,0.0,0.0,0.0,0.0,0.0,0.0,0.0,1.0,0.0,0.0,0.0,0.0,0.0,0.0,0.0,0.0,5785 meal entertainment
purchase sq joey bentall,0.0,0.0,0.0,0.0,0.0,0.0,0.0,0.0,0.0,0.0,0.0,0.0,0.0,0.0,0.0,0.0,0.0,0.0,1.0,0.0,0.0,0.0,0.0,0.0,0.0,0.0,0.0,5785 meal entertainment
purchase sq joey bentall,0.0,0.0,0.0,0.0,0.0,0.0,0.0,0.0,0.0,0.0,0.0,0.0,0.0,0.0,0.0,0.0,0.0,0.0,1.0,0.0,0.0,0.0,0.0,0.0,0.0,0.0,0.0,5785 meal entertainment
purchase sq joey bentall,0.0,0.0,0.0,0.0,0.0,0.0,0.0,0.0,0.0,0.0,0.0,0.0,0.0,0.0,0.0,0.0,0.0,0.0,1.0,0.0,0.0,0.0,0.0,0.0,0.0,0.0,0.0,5785 meal entertainment
purchase sq kook korean bbq,0.0,0.0,0.0,0.0,0.0,0.0,0.0,0.0,0.0,0.0,0.0,0.0,0.0,0.0,0.0,0.0,0.0,0.0,1.0,0.0,0.0,0.0,0.0,0.0,0.0,0.0,0.0,5785 meal entertainment
purchase sq lee donut bentall,0.0,0.0,0.0,0.0,0.0,0.0,0.0,0.0,0.0,0.0,0.0,0.0,0.0,0.0,0.0,0.0,0.0,0.0,1.0,0.0,0.0,0.0,0.0,0.0,0.0,0.0,0.0,5785 meal entertainment
purchase sq steve smoked meat,0.0,0.0,0.0,0.0,0.0,0.0,0.0,0.0,0.0,0.0,0.0,0.0,0.0,0.0,0.0,0.0,0.0,0.0,1.0,0.0,0.0,0.0,0.0,0.0,0.0,0.0,0.0,5785 meal entertainment
purchase sq steve smoked meat,0.0,0.0,0.0,0.0,0.0,0.0,0.0,0.0,0.0,0.0,0.0,0.0,0.0,0.0,0.0,0.0,0.0,0.0,1.0,0.0,0.0,0.0,0.0,0.0,0.0,0.0,0.0,5785 meal entertainment
purchase sqsp inv181195613,0.0,0.0,0.0,0.0,0.0,0.0,0.0,0.0,0.0,0.0,0.0,0.0,0.0,0.0,0.0,0.0,0.0,0.0,1.0,0.0,0.0,0.0,0.0,0.0,0.0,0.0,0.0,5785 meal entertainment
purchase starbuck 04391,0.0,0.0,0.0,0.0,0.0,0.0,0.0,0.0,0.0,0.0,0.0,0.0,0.0,0.0,0.0,0.0,0.0,0.0,1.0,0.0,0.0,0.0,0.0,0.0,0.0,0.0,0.0,5785 meal entertainment
purchase starbuck 04391,0.0,0.0,0.0,0.0,0.0,0.0,0.0,0.0,0.0,0.0,0.0,0.0,0.0,0.0,0.0,0.0,0.0,0.0,1.0,0.0,0.0,0.0,0.0,0.0,0.0,0.0,0.0,5785 meal entertainment
purchase starbuck 04890 executive coaching meeting coffee,0.0,0.0,0.0,0.0,0.0,0.0,0.0,0.0,0.0,0.0,0.0,0.0,0.0,0.0,0.0,0.0,0.0,0.0,1.0,0.0,0.0,0.0,0.0,0.0,0.0,0.0,0.0,5785 meal entertainment
purchase starbuck 04890,0.0,0.0,0.0,0.0,0.0,0.0,0.0,0.0,0.0,0.0,0.0,0.0,0.0,0.0,0.0,0.0,0.0,0.0,1.0,0.0,0.0,0.0,0.0,0.0,0.0,0.0,0.0,5785 meal entertainment
purchase starbuck 04890,0.0,0.0,0.0,0.0,0.0,0.0,0.0,0.0,0.0,0.0,0.0,0.0,0.0,0.0,0.0,0.0,0.0,0.0,1.0,0.0,0.0,0.0,0.0,0.0,0.0,0.0,0.0,5785 meal entertainment
purchase sushi california,0.0,0.0,0.0,0.0,0.0,0.0,0.0,0.0,0.0,0.0,0.0,0.0,0.0,0.0,0.0,0.0,0.0,0.0,1.0,0.0,0.0,0.0,0.0,0.0,0.0,0.0,0.0,5785 meal entertainment
purchase swiggy stationary office,0.0,0.0,0.0,0.0,0.0,0.0,0.0,0.0,0.0,0.0,0.0,0.0,0.0,0.0,0.0,0.0,0.0,0.0,1.0,0.0,0.0,0.0,0.0,0.0,0.0,0.0,0.0,5785 meal entertainment
purchase taqueria playa tropical,0.0,0.0,0.0,0.0,0.0,0.0,0.0,0.0,0.0,0.0,0.0,0.0,0.0,0.0,0.0,0.0,0.0,0.0,1.0,0.0,0.0,0.0,0.0,0.0,0.0,0.0,0.0,5785 meal entertainment
purchase tata starbuck private manoj coffee india team,0.0,0.0,0.0,0.0,0.0,0.0,0.0,0.0,0.0,0.0,0.0,0.0,0.0,0.0,0.0,0.0,0.0,0.0,1.0,0.0,0.0,0.0,0.0,0.0,0.0,0.0,0.0,5785 meal entertainment
purchase keg alberni,0.0,0.0,0.0,0.0,0.0,0.0,0.0,0.0,0.0,0.0,0.0,0.0,0.0,0.0,0.0,0.0,0.0,0.0,1.0,0.0,0.0,0.0,0.0,0.0,0.0,0.0,0.0,5785 meal entertainment
purchase keg alberni,0.0,0.0,0.0,0.0,0.0,0.0,0.0,0.0,0.0,0.0,0.0,0.0,0.0,0.0,0.0,0.0,0.0,0.0,1.0,0.0,0.0,0.0,0.0,0.0,0.0,0.0,0.0,5785 meal entertainment
purchase loose moose tap gri,0.0,0.0,0.0,0.0,0.0,0.0,0.0,0.0,0.0,0.0,0.0,0.0,0.0,0.0,0.0,0.0,0.0,0.0,1.0,0.0,0.0,0.0,0.0,0.0,0.0,0.0,0.0,5785 meal entertainment
purchase loose moose tap gri,0.0,0.0,0.0,0.0,0.0,0.0,0.0,0.0,0.0,0.0,0.0,0.0,0.0,0.0,0.0,0.0,0.0,0.0,1.0,0.0,0.0,0.0,0.0,0.0,0.0,0.0,0.0,5785 meal entertainment
purchase tim horton 2807,0.0,0.0,0.0,0.0,0.0,0.0,0.0,0.0,0.0,0.0,0.0,0.0,0.0,0.0,0.0,0.0,0.0,0.0,1.0,0.0,0.0,0.0,0.0,0.0,0.0,0.0,0.0,5785 meal entertainment
purchase tim horton 3351,0.0,0.0,0.0,0.0,0.0,0.0,0.0,0.0,0.0,0.0,0.0,0.0,0.0,0.0,0.0,0.0,0.0,0.0,1.0,0.0,0.0,0.0,0.0,0.0,0.0,0.0,0.0,5785 meal entertainment
bill payment torus talent consultant torus talent consultant,0.0,0.0,0.0,0.0,0.0,0.0,0.0,0.0,0.0,0.0,0.0,0.0,0.0,0.0,0.0,0.0,0.0,0.0,0.0,0.0,0.0,0.0,0.0,0.0,0.0,0.0,0.0,5785 meal entertainment
purchase tst autostrada vanco,0.0,0.0,0.0,0.0,0.0,0.0,0.0,0.0,0.0,0.0,0.0,0.0,0.0,0.0,0.0,0.0,0.0,0.0,1.0,0.0,0.0,0.0,0.0,0.0,0.0,0.0,0.0,5785 meal entertainment
purchase tst central tap foo,0.0,0.0,0.0,0.0,0.0,0.0,0.0,0.0,0.0,0.0,0.0,0.0,0.0,0.0,0.0,0.0,0.0,0.0,1.0,0.0,0.0,0.0,0.0,0.0,0.0,0.0,0.0,5785 meal entertainment
purchase tst central tap foo,0.0,0.0,0.0,0.0,0.0,0.0,0.0,0.0,0.0,0.0,0.0,0.0,0.0,0.0,0.0,0.0,0.0,0.0,1.0,0.0,0.0,0.0,0.0,0.0,0.0,0.0,0.0,5785 meal entertainment
purchase tst central tap foo,0.0,0.0,0.0,0.0,0.0,0.0,0.0,0.0,0.0,0.0,0.0,0.0,0.0,0.0,0.0,0.0,0.0,0.0,1.0,0.0,0.0,0.0,0.0,0.0,0.0,0.0,0.0,5785 meal entertainment
purchase tst central tap foo,0.0,0.0,0.0,0.0,0.0,0.0,0.0,0.0,0.0,0.0,0.0,0.0,0.0,0.0,0.0,0.0,0.0,0.0,1.0,0.0,0.0,0.0,0.0,0.0,0.0,0.0,0.0,5785 meal entertainment
purchase tst central tap foo,0.0,0.0,0.0,0.0,0.0,0.0,0.0,0.0,0.0,0.0,0.0,0.0,0.0,0.0,0.0,0.0,0.0,0.0,1.0,0.0,0.0,0.0,0.0,0.0,0.0,0.0,0.0,5785 meal entertainment
purchase tst central tap foo,0.0,0.0,0.0,0.0,0.0,0.0,0.0,0.0,0.0,0.0,0.0,0.0,0.0,0.0,0.0,0.0,0.0,0.0,1.0,0.0,0.0,0.0,0.0,0.0,0.0,0.0,0.0,5785 meal entertainment
purchase tst central tap foo,0.0,0.0,0.0,0.0,0.0,0.0,0.0,0.0,0.0,0.0,0.0,0.0,0.0,0.0,0.0,0.0,0.0,0.0,1.0,0.0,0.0,0.0,0.0,0.0,0.0,0.0,0.0,5785 meal entertainment
purchase tst central tap foo,0.0,0.0,0.0,0.0,0.0,0.0,0.0,0.0,0.0,0.0,0.0,0.0,0.0,0.0,0.0,0.0,0.0,0.0,1.0,0.0,0.0,0.0,0.0,0.0,0.0,0.0,0.0,5785 meal entertainment
purchase tst folke,0.0,0.0,0.0,0.0,0.0,0.0,0.0,0.0,0.0,0.0,0.0,0.0,0.0,0.0,0.0,0.0,0.0,0.0,1.0,0.0,0.0,0.0,0.0,0.0,0.0,0.0,0.0,5785 meal entertainment
purchase tst raku toronto,0.0,0.0,0.0,0.0,0.0,0.0,0.0,0.0,0.0,0.0,0.0,0.0,0.0,0.0,0.0,0.0,0.0,0.0,1.0,0.0,0.0,0.0,0.0,0.0,0.0,0.0,0.0,5785 meal entertainment
purchase uber canada ubertrip,0.0,0.0,0.0,0.0,0.0,0.0,0.0,0.0,0.0,0.0,0.0,0.0,0.0,0.0,0.0,0.0,0.0,0.0,1.0,0.0,0.0,0.0,0.0,0.0,0.0,0.0,0.0,5785 meal entertainment
purchase virtuous pie,0.0,0.0,0.0,0.0,0.0,0.0,0.0,0.0,0.0,0.0,0.0,0.0,0.0,0.0,0.0,0.0,0.0,0.0,1.0,0.0,0.0,0.0,0.0,0.0,0.0,0.0,0.0,5785 meal entertainment
purchase wild flour qc,0.0,0.0,0.0,0.0,0.0,0.0,0.0,0.0,0.0,0.0,0.0,0.0,0.0,0.0,0.0,0.0,0.0,0.0,1.0,0.0,0.0,0.0,0.0,0.0,0.0,0.0,0.0,5785 meal entertainment
purchase 5408 youmee ambi ggn lunch cory erin,0.0,0.0,0.0,0.0,0.0,0.0,0.0,0.0,0.0,0.0,0.0,0.0,0.0,0.0,0.0,0.0,0.0,0.0,1.0,0.0,0.0,0.0,0.0,0.0,0.0,0.0,0.0,5785 meal entertainment
purchase winford hotelandcasino,0.0,0.0,0.0,0.0,0.0,0.0,0.0,0.0,0.0,0.0,0.0,0.0,0.0,0.0,0.0,0.0,0.0,0.0,1.0,0.0,0.0,0.0,0.0,0.0,0.0,0.0,0.0,5785 meal entertainment
purchase grab,0.0,0.0,0.0,0.0,0.0,0.0,0.0,0.0,0.0,0.0,0.0,0.0,0.0,0.0,0.0,0.0,0.0,0.0,1.0,0.0,0.0,0.0,0.0,0.0,0.0,0.0,0.0,5785 meal entertainment
purchase haldiram hamper win team,0.0,0.0,0.0,0.0,0.0,0.0,0.0,0.0,0.0,0.0,0.0,0.0,0.0,0.0,0.0,0.0,0.0,0.0,1.0,0.0,0.0,0.0,0.0,0.0,0.0,0.0,0.0,5785 meal entertainment
purchase www.breka.ca breka,0.0,0.0,0.0,0.0,0.0,0.0,0.0,0.0,0.0,0.0,0.0,0.0,0.0,0.0,0.0,0.0,0.0,0.0,1.0,0.0,0.0,0.0,0.0,0.0,0.0,0.0,0.0,5785 meal entertainment
purchase xdt*koenig cuisine cor,0.0,0.0,0.0,0.0,0.0,0.0,0.0,0.0,0.0,0.0,0.0,0.0,0.0,0.0,0.0,0.0,0.0,0.0,1.0,0.0,0.0,0.0,0.0,0.0,0.0,0.0,0.0,5785 meal entertainment
purchase yaletown keg,0.0,0.0,0.0,0.0,0.0,0.0,0.0,0.0,0.0,0.0,0.0,0.0,0.0,0.0,0.0,0.0,0.0,0.0,1.0,0.0,0.0,0.0,0.0,0.0,0.0,0.0,0.0,5785 meal entertainment
purchase haldiram food aug employee engagement,0.0,0.0,0.0,0.0,0.0,0.0,0.0,0.0,0.0,0.0,0.0,0.0,0.0,0.0,0.0,0.0,0.0,0.0,1.0,0.0,0.0,0.0,0.0,0.0,0.0,0.0,0.0,5785 meal entertainment
purchase sq ibubble soccer ltd,0.0,0.0,0.0,0.0,0.0,0.0,0.0,0.0,0.0,0.0,0.0,0.0,0.0,0.0,0.0,0.0,0.0,0.0,1.0,0.0,0.0,0.0,0.0,0.0,0.0,0.0,0.0,5785 meal entertainment
purchase sq ibubble soccer ltd,0.0,0.0,0.0,0.0,0.0,0.0,0.0,0.0,0.0,0.0,0.0,0.0,0.0,0.0,0.0,0.0,0.0,0.0,1.0,0.0,0.0,0.0,0.0,0.0,0.0,0.0,0.0,5785 meal entertainment
purchase starbuck 04890,0.0,0.0,0.0,0.0,0.0,0.0,0.0,0.0,0.0,0.0,0.0,0.0,0.0,0.0,0.0,0.0,0.0,0.0,1.0,0.0,0.0,0.0,0.0,0.0,0.0,0.0,0.0,5785 meal entertainment
purchase starbuck pier c,0.0,0.0,0.0,0.0,0.0,0.0,0.0,0.0,0.0,0.0,0.0,0.0,0.0,0.0,0.0,0.0,0.0,0.0,1.0,0.0,0.0,0.0,0.0,0.0,0.0,0.0,0.0,5785 meal entertainment
purchase tst tacofino oasis,0.0,0.0,0.0,0.0,0.0,0.0,0.0,0.0,0.0,0.0,0.0,0.0,0.0,0.0,0.0,0.0,0.0,0.0,1.0,0.0,0.0,0.0,0.0,0.0,0.0,0.0,0.0,5785 meal entertainment
bill payment 1558881 b.c ltd 1558881 b.c ltd,0.0,0.0,0.0,0.0,0.0,0.0,0.0,0.0,0.0,0.0,0.0,0.0,0.0,0.0,0.0,0.0,0.0,0.0,0.0,0.0,0.0,0.0,0.0,0.0,0.0,0.0,0.0,account payable sage
bill payment 1909344 alberta ltd 1909344 alberta ltd,0.0,0.0,0.0,0.0,0.0,0.0,0.0,0.0,0.0,0.0,0.0,0.0,0.0,0.0,0.0,0.0,0.0,0.0,0.0,0.0,0.0,0.0,0.0,0.0,0.0,0.0,0.0,account payable sage
bill payment 1909344 alberta ltd lead monk 1909344 alberta ltd lead monk,0.0,0.0,0.0,0.0,0.0,0.0,0.0,0.0,0.0,0.0,0.0,0.0,0.0,0.0,0.0,0.0,0.0,0.0,0.0,0.0,0.0,0.0,0.0,0.0,0.0,0.0,0.0,account payable sage
bill payment 1909344 alberta ltd lead monk 1909344 alberta ltd lead monk,0.0,0.0,0.0,0.0,0.0,0.0,0.0,0.0,0.0,0.0,0.0,0.0,0.0,0.0,0.0,0.0,0.0,0.0,0.0,0.0,0.0,0.0,0.0,0.0,0.0,0.0,0.0,account payable sage
bill payment 1909344 alberta ltd lead monk 1909344 alberta ltd lead monk,0.0,0.0,0.0,0.0,0.0,0.0,0.0,0.0,0.0,0.0,0.0,0.0,0.0,0.0,0.0,0.0,0.0,0.0,0.0,0.0,0.0,0.0,0.0,0.0,0.0,0.0,0.0,account payable sage
bill payment 6069321 canada inc 6069321 canada inc,0.0,0.0,0.0,0.0,0.0,0.0,0.0,0.0,0.0,0.0,0.0,0.0,0.0,0.0,0.0,0.0,0.0,0.0,0.0,0.0,0.0,0.0,0.0,0.0,0.0,0.0,0.0,account payable sage
bill payment 6069321 canada inc 6069321 canada inc,0.0,0.0,0.0,0.0,0.0,0.0,0.0,0.0,0.0,0.0,0.0,0.0,0.0,0.0,0.0,0.0,0.0,0.0,0.0,0.0,0.0,0.0,0.0,0.0,0.0,0.0,0.0,account payable sage
bill payment 6069321 canada inc 6069321 canada inc,0.0,0.0,0.0,0.0,0.0,0.0,0.0,0.0,0.0,0.0,0.0,0.0,0.0,0.0,0.0,0.0,0.0,0.0,0.0,0.0,0.0,0.0,0.0,0.0,0.0,0.0,0.0,account payable sage
bill payment 6069321 canada inc 6069321 canada inc,0.0,0.0,0.0,0.0,0.0,0.0,0.0,0.0,0.0,0.0,0.0,0.0,0.0,0.0,0.0,0.0,0.0,0.0,0.0,0.0,0.0,0.0,0.0,0.0,0.0,0.0,0.0,account payable sage
bill payment 6069321 canada inc 6069321 canada inc,0.0,0.0,0.0,0.0,0.0,0.0,0.0,0.0,0.0,0.0,0.0,0.0,0.0,0.0,0.0,0.0,0.0,0.0,0.0,0.0,0.0,0.0,0.0,0.0,0.0,0.0,0.0,account payable sage
bill payment 9480 6353 quebec inc leadscout 9480 6353 quebec inc leadscout,0.0,0.0,0.0,0.0,0.0,0.0,0.0,0.0,0.0,0.0,0.0,0.0,0.0,0.0,0.0,0.0,0.0,0.0,0.0,0.0,0.0,0.0,0.0,0.0,0.0,0.0,0.0,account payable sage
bill payment 9480 6353 quebec inc leadscout 9480 6353 quebec inc leadscout,0.0,0.0,0.0,0.0,0.0,0.0,0.0,0.0,0.0,0.0,0.0,0.0,0.0,0.0,0.0,0.0,0.0,0.0,0.0,0.0,0.0,0.0,0.0,0.0,0.0,0.0,0.0,account payable sage
purchase adobe 800 833 6687,0.0,0.0,0.0,0.0,0.0,0.0,0.0,0.0,0.0,0.0,0.0,0.0,0.0,0.0,0.0,0.0,0.0,0.0,1.0,0.0,0.0,0.0,0.0,0.0,0.0,0.0,0.0,account payable sage
purchase adobe 800 833 6687,0.0,0.0,0.0,0.0,0.0,0.0,0.0,0.0,0.0,0.0,0.0,0.0,0.0,0.0,0.0,0.0,0.0,0.0,1.0,0.0,0.0,0.0,0.0,0.0,0.0,0.0,0.0,account payable sage
purchase adobe 800 833 6687,0.0,0.0,0.0,0.0,0.0,0.0,0.0,0.0,0.0,0.0,0.0,0.0,0.0,0.0,0.0,0.0,0.0,0.0,1.0,0.0,0.0,0.0,0.0,0.0,0.0,0.0,0.0,account payable sage
purchase adobe 800 833 6687,0.0,0.0,0.0,0.0,0.0,0.0,0.0,0.0,0.0,0.0,0.0,0.0,0.0,0.0,0.0,0.0,0.0,0.0,1.0,0.0,0.0,0.0,0.0,0.0,0.0,0.0,0.0,account payable sage
purchase adobe 800 833 6687,0.0,0.0,0.0,0.0,0.0,0.0,0.0,0.0,0.0,0.0,0.0,0.0,0.0,0.0,0.0,0.0,0.0,0.0,1.0,0.0,0.0,0.0,0.0,0.0,0.0,0.0,0.0,account payable sage
purchase adobe 800 833 6687,0.0,0.0,0.0,0.0,0.0,0.0,0.0,0.0,0.0,0.0,0.0,0.0,0.0,0.0,0.0,0.0,0.0,0.0,1.0,0.0,0.0,0.0,0.0,0.0,0.0,0.0,0.0,account payable sage
purchase adobe 800 833 6687,0.0,0.0,0.0,0.0,0.0,0.0,0.0,0.0,0.0,0.0,0.0,0.0,0.0,0.0,0.0,0.0,0.0,0.0,1.0,0.0,0.0,0.0,0.0,0.0,0.0,0.0,0.0,account payable sage
purchase adobe 800 833 6687,0.0,0.0,0.0,0.0,0.0,0.0,0.0,0.0,0.0,0.0,0.0,0.0,0.0,0.0,0.0,0.0,0.0,0.0,1.0,0.0,0.0,0.0,0.0,0.0,0.0,0.0,0.0,account payable sage
purchase adobe 800 833 6687,0.0,0.0,0.0,0.0,0.0,0.0,0.0,0.0,0.0,0.0,0.0,0.0,0.0,0.0,0.0,0.0,0.0,0.0,1.0,0.0,0.0,0.0,0.0,0.0,0.0,0.0,0.0,account payable sage
bill payment amazon web service amazon web service,0.0,0.0,0.0,0.0,0.0,0.0,0.0,0.0,0.0,0.0,0.0,0.0,0.0,0.0,0.0,0.0,0.0,0.0,0.0,0.0,0.0,0.0,0.0,0.0,0.0,0.0,0.0,account payable sage
bill payment amazon web service amazon web service,0.0,0.0,0.0,0.0,0.0,0.0,0.0,0.0,0.0,0.0,0.0,0.0,0.0,0.0,0.0,0.0,0.0,0.0,0.0,0.0,0.0,0.0,0.0,0.0,0.0,0.0,0.0,account payable sage
bill payment andrew piemonte andrew piemonte,0.0,0.0,0.0,0.0,0.0,0.0,0.0,0.0,0.0,0.0,0.0,0.0,0.0,0.0,0.0,0.0,0.0,0.0,0.0,0.0,0.0,0.0,0.0,0.0,0.0,0.0,0.0,account payable sage
bill payment andrew piemonte andrew piemonte,0.0,0.0,0.0,0.0,0.0,0.0,0.0,0.0,0.0,0.0,0.0,0.0,0.0,0.0,0.0,0.0,0.0,0.0,0.0,0.0,0.0,0.0,0.0,0.0,0.0,0.0,0.0,account payable sage
bill payment andrew piemonte andrew piemonte,0.0,0.0,0.0,0.0,0.0,0.0,0.0,0.0,0.0,0.0,0.0,0.0,0.0,0.0,0.0,0.0,0.0,0.0,0.0,0.0,0.0,0.0,0.0,0.0,0.0,0.0,0.0,account payable sage
bill payment asset direct canada inc asset direct canada inc,0.0,0.0,0.0,0.0,0.0,0.0,0.0,0.0,0.0,0.0,0.0,0.0,0.0,0.0,0.0,0.0,0.0,0.0,0.0,0.0,0.0,0.0,0.0,0.0,0.0,0.0,0.0,account payable sage
bill payment asset direct canada inc asset direct canada inc,0.0,0.0,0.0,0.0,0.0,0.0,0.0,0.0,0.0,0.0,0.0,0.0,0.0,0.0,0.0,0.0,0.0,0.0,0.0,0.0,0.0,0.0,0.0,0.0,0.0,0.0,0.0,account payable sage
bill payment asset direct canada inc asset direct canada inc,0.0,0.0,0.0,0.0,0.0,0.0,0.0,0.0,0.0,0.0,0.0,0.0,0.0,0.0,0.0,0.0,0.0,0.0,0.0,0.0,0.0,0.0,0.0,0.0,0.0,0.0,0.0,account payable sage
bill payment asset direct canada inc asset direct canada inc,0.0,0.0,0.0,0.0,0.0,0.0,0.0,0.0,0.0,0.0,0.0,0.0,0.0,0.0,0.0,0.0,0.0,0.0,0.0,0.0,0.0,0.0,0.0,0.0,0.0,0.0,0.0,account payable sage
bill payment asset direct canada inc asset direct canada inc,0.0,0.0,0.0,0.0,0.0,0.0,0.0,0.0,0.0,0.0,0.0,0.0,0.0,0.0,0.0,0.0,0.0,0.0,0.0,0.0,0.0,0.0,0.0,0.0,0.0,0.0,0.0,account payable sage
bill payment asset direct canada inc asset direct canada inc,0.0,0.0,0.0,0.0,0.0,0.0,0.0,0.0,0.0,0.0,0.0,0.0,0.0,0.0,0.0,0.0,0.0,0.0,0.0,0.0,0.0,0.0,0.0,0.0,0.0,0.0,0.0,account payable sage
bill payment asset direct canada inc asset direct canada inc,0.0,0.0,0.0,0.0,0.0,0.0,0.0,0.0,0.0,0.0,0.0,0.0,0.0,0.0,0.0,0.0,0.0,0.0,0.0,0.0,0.0,0.0,0.0,0.0,0.0,0.0,0.0,account payable sage
bill payment beautifi solutions inc beautifi solutions inc,0.0,0.0,0.0,0.0,0.0,0.0,0.0,0.0,0.0,0.0,0.0,0.0,0.0,0.0,0.0,0.0,0.0,0.0,0.0,0.0,0.0,0.0,0.0,0.0,0.0,0.0,0.0,account payable sage
bill payment beautifi solutions inc beautifi solutions inc,0.0,0.0,0.0,0.0,0.0,0.0,0.0,0.0,0.0,0.0,0.0,0.0,0.0,0.0,0.0,0.0,0.0,0.0,0.0,0.0,0.0,0.0,0.0,0.0,0.0,0.0,0.0,account payable sage
bill payment borrowell borrowell,0.0,0.0,0.0,0.0,0.0,0.0,0.0,0.0,0.0,0.0,0.0,0.0,0.0,0.0,0.0,0.0,0.0,0.0,0.0,0.0,0.0,0.0,0.0,0.0,0.0,0.0,0.0,account payable sage
bill payment borrowell borrowell,0.0,0.0,0.0,0.0,0.0,0.0,0.0,0.0,0.0,0.0,0.0,0.0,0.0,0.0,0.0,0.0,0.0,0.0,0.0,0.0,0.0,0.0,0.0,0.0,0.0,0.0,0.0,account payable sage
bill payment borrowell borrowell,0.0,0.0,0.0,0.0,0.0,0.0,0.0,0.0,0.0,0.0,0.0,0.0,0.0,0.0,0.0,0.0,0.0,0.0,0.0,0.0,0.0,0.0,0.0,0.0,0.0,0.0,0.0,account payable sage
bill payment bree technologies ltd bree technologies ltd,0.0,0.0,0.0,0.0,0.0,0.0,0.0,0.0,0.0,0.0,0.0,0.0,0.0,0.0,0.0,0.0,0.0,0.0,0.0,0.0,0.0,0.0,0.0,0.0,0.0,0.0,0.0,account payable sage
bill payment bree technologies ltd bree technologies ltd,0.0,0.0,0.0,0.0,0.0,0.0,0.0,0.0,0.0,0.0,0.0,0.0,0.0,0.0,0.0,0.0,0.0,0.0,0.0,0.0,0.0,0.0,0.0,0.0,0.0,0.0,0.0,account payable sage
purchase canem systems ltd time credit card payment legal invoice,0.0,0.9286792022230755,0.0,0.0,0.0,0.0,0.0,0.0,0.0,0.0,0.0,0.0,0.0,0.0,0.0,0.0,0.0,0.0,0.37088399717204323,0.0,0.0,0.0,0.0,0.0,0.0,0.0,0.0,account payable sage
bill payment clearscore canada ltd clearscore canada ltd,0.0,0.0,0.0,0.0,0.0,0.0,0.0,0.0,0.0,0.0,0.0,0.0,0.0,0.0,0.0,0.0,0.0,0.0,0.0,0.0,0.0,0.0,0.0,0.0,0.0,0.0,0.0,account payable sage
bill payment clearscore canada ltd clearscore canada ltd,0.0,0.0,0.0,0.0,0.0,0.0,0.0,0.0,0.0,0.0,0.0,0.0,0.0,0.0,0.0,0.0,0.0,0.0,0.0,0.0,0.0,0.0,0.0,0.0,0.0,0.0,0.0,account payable sage
bill payment cogent canada inc cogent canada inc,0.0,0.0,0.0,0.0,0.0,0.0,0.0,0.0,0.0,0.0,0.0,0.0,0.0,0.0,0.0,0.0,0.0,0.0,0.0,0.0,0.0,0.0,0.0,0.0,0.0,0.0,0.0,account payable sage
bill payment cogent canada inc cogent canada inc,0.0,0.0,0.0,0.0,0.0,0.0,0.0,0.0,0.0,0.0,0.0,0.0,0.0,0.0,0.0,0.0,0.0,0.0,0.0,0.0,0.0,0.0,0.0,0.0,0.0,0.0,0.0,account payable sage
bill payment credit karma credit karma,0.0,0.0,0.0,0.0,0.0,0.0,0.0,0.0,0.0,0.0,0.0,0.0,0.0,0.0,0.0,0.0,0.0,0.0,0.0,0.0,0.0,0.0,0.0,0.0,0.0,0.0,0.0,account payable sage
bill payment credit karma credit karma,0.0,0.0,0.0,0.0,0.0,0.0,0.0,0.0,0.0,0.0,0.0,0.0,0.0,0.0,0.0,0.0,0.0,0.0,0.0,0.0,0.0,0.0,0.0,0.0,0.0,0.0,0.0,account payable sage
bill payment credit karma credit karma,0.0,0.0,0.0,0.0,0.0,0.0,0.0,0.0,0.0,0.0,0.0,0.0,0.0,0.0,0.0,0.0,0.0,0.0,0.0,0.0,0.0,0.0,0.0,0.0,0.0,0.0,0.0,account payable sage
bill payment dropbox dropbox,0.0,0.0,0.0,0.0,0.0,0.0,0.0,0.0,0.0,0.0,0.0,0.0,0.0,0.0,0.0,0.0,0.0,0.0,0.0,0.0,0.0,0.0,0.0,0.0,0.0,0.0,0.0,account payable sage
purchase easyhome golf,0.0,0.0,0.0,0.0,0.0,0.0,0.0,0.0,0.0,0.0,0.0,0.0,0.0,0.0,0.0,0.0,0.0,0.0,1.0,0.0,0.0,0.0,0.0,0.0,0.0,0.0,0.0,account payable sage
bill payment equifax canada co equifax canada co,0.0,0.0,0.0,0.0,0.0,0.0,0.0,0.0,0.0,0.0,0.0,0.0,0.0,0.0,0.0,0.0,0.0,0.0,0.0,0.0,0.0,0.0,0.0,0.0,0.0,0.0,0.0,account payable sage
bill payment esc corporate services ltd esc corporate services ltd,0.0,0.0,0.0,0.0,0.0,0.0,0.0,0.0,0.0,0.0,0.0,0.0,0.0,0.0,0.0,0.0,0.0,0.0,0.0,0.0,0.0,0.0,0.0,0.0,0.0,0.0,0.0,account payable sage
bill payment esc corporate services ltd esc corporate services ltd,0.0,0.0,0.0,0.0,0.0,0.0,0.0,0.0,0.0,0.0,0.0,0.0,0.0,0.0,0.0,0.0,0.0,0.0,0.0,0.0,0.0,0.0,0.0,0.0,0.0,0.0,0.0,account payable sage
bill payment esc corporate services ltd esc corporate services ltd,0.0,0.0,0.0,0.0,0.0,0.0,0.0,0.0,0.0,0.0,0.0,0.0,0.0,0.0,0.0,0.0,0.0,0.0,0.0,0.0,0.0,0.0,0.0,0.0,0.0,0.0,0.0,account payable sage
purchase feefo holdings ltd,0.0,0.0,0.0,0.0,0.0,0.0,0.0,0.0,0.0,0.0,0.0,0.0,0.0,0.0,0.0,0.0,0.0,0.0,1.0,0.0,0.0,0.0,0.0,0.0,0.0,0.0,0.0,account payable sage
purchase feefo holdings ltd,0.0,0.0,0.0,0.0,0.0,0.0,0.0,0.0,0.0,0.0,0.0,0.0,0.0,0.0,0.0,0.0,0.0,0.0,1.0,0.0,0.0,0.0,0.0,0.0,0.0,0.0,0.0,account payable sage
purchase feefo holdings ltd,0.0,0.0,0.0,0.0,0.0,0.0,0.0,0.0,0.0,0.0,0.0,0.0,0.0,0.0,0.0,0.0,0.0,0.0,1.0,0.0,0.0,0.0,0.0,0.0,0.0,0.0,0.0,account payable sage
purchase feefo holdings ltd,0.0,0.0,0.0,0.0,0.0,0.0,0.0,0.0,0.0,0.0,0.0,0.0,0.0,0.0,0.0,0.0,0.0,0.0,1.0,0.0,0.0,0.0,0.0,0.0,0.0,0.0,0.0,account payable sage
purchase feefo holdings ltd,0.0,0.0,0.0,0.0,0.0,0.0,0.0,0.0,0.0,0.0,0.0,0.0,0.0,0.0,0.0,0.0,0.0,0.0,1.0,0.0,0.0,0.0,0.0,0.0,0.0,0.0,0.0,account payable sage
purchase feefo holdings ltd,0.0,0.0,0.0,0.0,0.0,0.0,0.0,0.0,0.0,0.0,0.0,0.0,0.0,0.0,0.0,0.0,0.0,0.0,1.0,0.0,0.0,0.0,0.0,0.0,0.0,0.0,0.0,account payable sage
purchase feefo holdings ltd,0.0,0.0,0.0,0.0,0.0,0.0,0.0,0.0,0.0,0.0,0.0,0.0,0.0,0.0,0.0,0.0,0.0,0.0,1.0,0.0,0.0,0.0,0.0,0.0,0.0,0.0,0.0,account payable sage
purchase feefo holdings ltd,0.0,0.0,0.0,0.0,0.0,0.0,0.0,0.0,0.0,0.0,0.0,0.0,0.0,0.0,0.0,0.0,0.0,0.0,1.0,0.0,0.0,0.0,0.0,0.0,0.0,0.0,0.0,account payable sage
purchase feefo holdings ltd,0.0,0.0,0.0,0.0,0.0,0.0,0.0,0.0,0.0,0.0,0.0,0.0,0.0,0.0,0.0,0.0,0.0,0.0,1.0,0.0,0.0,0.0,0.0,0.0,0.0,0.0,0.0,account payable sage
purchase feefo holdings ltd,0.0,0.0,0.0,0.0,0.0,0.0,0.0,0.0,0.0,0.0,0.0,0.0,0.0,0.0,0.0,0.0,0.0,0.0,1.0,0.0,0.0,0.0,0.0,0.0,0.0,0.0,0.0,account payable sage
purchase feefo holdings ltd,0.0,0.0,0.0,0.0,0.0,0.0,0.0,0.0,0.0,0.0,0.0,0.0,0.0,0.0,0.0,0.0,0.0,0.0,1.0,0.0,0.0,0.0,0.0,0.0,0.0,0.0,0.0,account payable sage
purchase feefo holdings ltd,0.0,0.0,0.0,0.0,0.0,0.0,0.0,0.0,0.0,0.0,0.0,0.0,0.0,0.0,0.0,0.0,0.0,0.0,1.0,0.0,0.0,0.0,0.0,0.0,0.0,0.0,0.0,account payable sage
bill payment finder.com finder.com,0.0,0.0,0.0,0.0,0.0,0.0,0.0,0.0,0.0,0.0,0.0,0.0,0.0,0.0,0.0,0.0,0.0,0.0,0.0,0.0,0.0,0.0,0.0,0.0,0.0,0.0,0.0,account payable sage
bill payment finder.com finder.com,0.0,0.0,0.0,0.0,0.0,0.0,0.0,0.0,0.0,0.0,0.0,0.0,0.0,0.0,0.0,0.0,0.0,0.0,0.0,0.0,0.0,0.0,0.0,0.0,0.0,0.0,0.0,account payable sage
bill payment finder.com finder.com,0.0,0.0,0.0,0.0,0.0,0.0,0.0,0.0,0.0,0.0,0.0,0.0,0.0,0.0,0.0,0.0,0.0,0.0,0.0,0.0,0.0,0.0,0.0,0.0,0.0,0.0,0.0,account payable sage
bill payment fintelconnect fintelconnect,0.0,0.0,0.0,0.0,0.0,0.0,0.0,0.0,0.0,0.0,0.0,0.0,0.0,0.0,0.0,0.0,0.0,0.0,0.0,0.0,0.0,0.0,0.0,0.0,0.0,0.0,0.0,account payable sage
bill payment fintelconnect fintelconnect,0.0,0.0,0.0,0.0,0.0,0.0,0.0,0.0,0.0,0.0,0.0,0.0,0.0,0.0,0.0,0.0,0.0,0.0,0.0,0.0,0.0,0.0,0.0,0.0,0.0,0.0,0.0,account payable sage
bill payment five9 inc five9 inc,0.0,0.0,0.0,0.0,0.0,0.0,0.0,0.0,0.0,0.0,0.0,0.0,0.0,0.0,0.0,0.0,0.0,0.0,0.0,0.0,0.0,0.0,0.0,0.0,0.0,0.0,0.0,account payable sage
bill payment five9 inc five9 inc,0.0,0.0,0.0,0.0,0.0,0.0,0.0,0.0,0.0,0.0,0.0,0.0,0.0,0.0,0.0,0.0,0.0,0.0,0.0,0.0,0.0,0.0,0.0,0.0,0.0,0.0,0.0,account payable sage
bill payment five9 inc five9 inc,0.0,0.0,0.0,0.0,0.0,0.0,0.0,0.0,0.0,0.0,0.0,0.0,0.0,0.0,0.0,0.0,0.0,0.0,0.0,0.0,0.0,0.0,0.0,0.0,0.0,0.0,0.0,account payable sage
bill payment flinks technology inc flink technology inc,0.0,0.0,0.0,0.0,0.0,0.0,0.0,0.0,0.0,0.0,0.0,0.0,0.0,0.0,0.0,0.0,0.0,0.0,0.0,0.0,0.0,0.0,0.0,0.0,0.0,0.0,0.0,account payable sage
bill payment flinks technology inc flink technology inc,0.0,0.0,0.0,0.0,0.0,0.0,0.0,0.0,0.0,0.0,0.0,0.0,0.0,0.0,0.0,0.0,0.0,0.0,0.0,0.0,0.0,0.0,0.0,0.0,0.0,0.0,0.0,account payable sage
bill payment flinks technology inc flink technology inc,0.0,0.0,0.0,0.0,0.0,0.0,0.0,0.0,0.0,0.0,0.0,0.0,0.0,0.0,0.0,0.0,0.0,0.0,0.0,0.0,0.0,0.0,0.0,0.0,0.0,0.0,0.0,account payable sage
bill payment loan loan,0.0,0.0,0.0,0.0,0.0,0.0,0.0,0.0,0.0,0.0,0.0,0.0,0.0,0.0,0.0,0.0,0.0,0.0,0.0,0.0,0.0,0.0,0.0,0.0,0.0,0.0,0.0,account payable sage
bill payment loan loan,0.0,0.0,0.0,0.0,0.0,0.0,0.0,0.0,0.0,0.0,0.0,0.0,0.0,0.0,0.0,0.0,0.0,0.0,0.0,0.0,0.0,0.0,0.0,0.0,0.0,0.0,0.0,account payable sage
bill payment google llc google llc,0.0,0.0,0.0,0.0,0.0,0.0,0.0,0.0,0.0,0.0,0.0,0.0,0.0,0.0,0.0,0.0,0.0,0.0,0.0,0.0,0.0,0.0,0.0,0.0,0.0,0.0,0.0,account payable sage
bill payment google llc google llc,0.0,0.0,0.0,0.0,0.0,0.0,0.0,0.0,0.0,0.0,0.0,0.0,0.0,0.0,0.0,0.0,0.0,0.0,0.0,0.0,0.0,0.0,0.0,0.0,0.0,0.0,0.0,account payable sage
bill payment google llc google llc,0.0,0.0,0.0,0.0,0.0,0.0,0.0,0.0,0.0,0.0,0.0,0.0,0.0,0.0,0.0,0.0,0.0,0.0,0.0,0.0,0.0,0.0,0.0,0.0,0.0,0.0,0.0,account payable sage
bill payment google llc google llc,0.0,0.0,0.0,0.0,0.0,0.0,0.0,0.0,0.0,0.0,0.0,0.0,0.0,0.0,0.0,0.0,0.0,0.0,0.0,0.0,0.0,0.0,0.0,0.0,0.0,0.0,0.0,account payable sage
bill payment google llc google llc,0.0,0.0,0.0,0.0,0.0,0.0,0.0,0.0,0.0,0.0,0.0,0.0,0.0,0.0,0.0,0.0,0.0,0.0,0.0,0.0,0.0,0.0,0.0,0.0,0.0,0.0,0.0,account payable sage
bill payment google llc google llc,0.0,0.0,0.0,0.0,0.0,0.0,0.0,0.0,0.0,0.0,0.0,0.0,0.0,0.0,0.0,0.0,0.0,0.0,0.0,0.0,0.0,0.0,0.0,0.0,0.0,0.0,0.0,account payable sage
bill payment grant thornton grant thornton,0.0,0.0,0.0,0.0,0.0,0.0,0.0,0.0,0.0,0.0,0.0,0.0,0.0,0.0,0.0,0.0,0.0,0.0,0.0,0.0,0.0,0.0,0.0,0.0,0.0,0.0,0.0,account payable sage
bill payment hub insurance hub insurance,0.0,0.0,0.0,0.0,0.0,0.0,0.0,0.0,0.0,0.0,0.0,0.0,0.0,0.0,0.0,0.0,0.0,0.0,0.0,0.0,0.0,0.0,0.0,0.0,0.0,0.0,0.0,account payable sage
bill payment hub insurance hub insurance,0.0,0.0,0.0,0.0,0.0,0.0,0.0,0.0,0.0,0.0,0.0,0.0,0.0,0.0,0.0,0.0,0.0,0.0,0.0,0.0,0.0,0.0,0.0,0.0,0.0,0.0,0.0,account payable sage
bill payment hub insurance hub insurance,0.0,0.0,0.0,0.0,0.0,0.0,0.0,0.0,0.0,0.0,0.0,0.0,0.0,0.0,0.0,0.0,0.0,0.0,0.0,0.0,0.0,0.0,0.0,0.0,0.0,0.0,0.0,account payable sage
bill payment kingstar medium kingstar medium,0.0,0.0,0.0,0.0,0.0,0.0,0.0,0.0,0.0,0.0,0.0,0.0,0.0,0.0,0.0,0.0,0.0,0.0,0.0,0.0,0.0,0.0,0.0,0.0,0.0,0.0,0.0,account payable sage
bill payment kingstar medium kingstar medium,0.0,0.0,0.0,0.0,0.0,0.0,0.0,0.0,0.0,0.0,0.0,0.0,0.0,0.0,0.0,0.0,0.0,0.0,0.0,0.0,0.0,0.0,0.0,0.0,0.0,0.0,0.0,account payable sage
bill payment kingstar medium kingstar medium,0.0,0.0,0.0,0.0,0.0,0.0,0.0,0.0,0.0,0.0,0.0,0.0,0.0,0.0,0.0,0.0,0.0,0.0,0.0,0.0,0.0,0.0,0.0,0.0,0.0,0.0,0.0,account payable sage
bill payment long view system corporation long view system corporation,0.0,0.0,0.0,0.0,0.0,0.0,0.0,0.0,0.0,0.0,0.0,0.0,0.0,0.0,0.0,0.0,0.0,0.0,0.0,0.0,0.0,0.0,0.0,0.0,0.0,0.0,0.0,account payable sage
bill payment long view system corporation long view system corporation,0.0,0.0,0.0,0.0,0.0,0.0,0.0,0.0,0.0,0.0,0.0,0.0,0.0,0.0,0.0,0.0,0.0,0.0,0.0,0.0,0.0,0.0,0.0,0.0,0.0,0.0,0.0,account payable sage
bill payment long view system corporation long view system corporation,0.0,0.0,0.0,0.0,0.0,0.0,0.0,0.0,0.0,0.0,0.0,0.0,0.0,0.0,0.0,0.0,0.0,0.0,0.0,0.0,0.0,0.0,0.0,0.0,0.0,0.0,0.0,account payable sage
bill payment long view system corporation long view system corporation,0.0,0.0,0.0,0.0,0.0,0.0,0.0,0.0,0.0,0.0,0.0,0.0,0.0,0.0,0.0,0.0,0.0,0.0,0.0,0.0,0.0,0.0,0.0,0.0,0.0,0.0,0.0,account payable sage
bill payment long view system corporation long view system corporation,0.0,0.0,0.0,0.0,0.0,0.0,0.0,0.0,0.0,0.0,0.0,0.0,0.0,0.0,0.0,0.0,0.0,0.0,0.0,0.0,0.0,0.0,0.0,0.0,0.0,0.0,0.0,account payable sage
bill payment long view system corporation long view system corporation,0.0,0.0,0.0,0.0,0.0,0.0,0.0,0.0,0.0,0.0,0.0,0.0,0.0,0.0,0.0,0.0,0.0,0.0,0.0,0.0,0.0,0.0,0.0,0.0,0.0,0.0,0.0,account payable sage
bill payment long view system corporation long view system corporation,0.0,0.0,0.0,0.0,0.0,0.0,0.0,0.0,0.0,0.0,0.0,0.0,0.0,0.0,0.0,0.0,0.0,0.0,0.0,0.0,0.0,0.0,0.0,0.0,0.0,0.0,0.0,account payable sage
bill payment long view system corporation long view system corporation,0.0,0.0,0.0,0.0,0.0,0.0,0.0,0.0,0.0,0.0,0.0,0.0,0.0,0.0,0.0,0.0,0.0,0.0,0.0,0.0,0.0,0.0,0.0,0.0,0.0,0.0,0.0,account payable sage
bill payment long view system corporation long view system corporation,0.0,0.0,0.0,0.0,0.0,0.0,0.0,0.0,0.0,0.0,0.0,0.0,0.0,0.0,0.0,0.0,0.0,0.0,0.0,0.0,0.0,0.0,0.0,0.0,0.0,0.0,0.0,account payable sage
purchase mantle time credit card payment legal invoice,0.0,0.9286792022230755,0.0,0.0,0.0,0.0,0.0,0.0,0.0,0.0,0.0,0.0,0.0,0.0,0.0,0.0,0.0,0.0,0.37088399717204323,0.0,0.0,0.0,0.0,0.0,0.0,0.0,0.0,account payable sage
purchase middlewarehq pmo card initially middleware additional license payment,0.0,0.9286792022230755,0.0,0.0,0.0,0.0,0.0,0.0,0.0,0.0,0.0,0.0,0.0,0.0,0.0,0.0,0.0,0.0,0.37088399717204323,0.0,0.0,0.0,0.0,0.0,0.0,0.0,0.0,account payable sage
purchase middlewarehq pmo card initially middleware additional license payment,0.0,0.9286792022230755,0.0,0.0,0.0,0.0,0.0,0.0,0.0,0.0,0.0,0.0,0.0,0.0,0.0,0.0,0.0,0.0,0.37088399717204323,0.0,0.0,0.0,0.0,0.0,0.0,0.0,0.0,account payable sage
purchase middlewarehq pmo card initially middleware additional license payment,0.0,0.9286792022230755,0.0,0.0,0.0,0.0,0.0,0.0,0.0,0.0,0.0,0.0,0.0,0.0,0.0,0.0,0.0,0.0,0.37088399717204323,0.0,0.0,0.0,0.0,0.0,0.0,0.0,0.0,account payable sage
purchase middlewarehq pmo card initially middleware additional license payment,0.0,0.9286792022230755,0.0,0.0,0.0,0.0,0.0,0.0,0.0,0.0,0.0,0.0,0.0,0.0,0.0,0.0,0.0,0.0,0.37088399717204323,0.0,0.0,0.0,0.0,0.0,0.0,0.0,0.0,account payable sage
purchase middlewarehq pmo card initially middleware additional license payment,0.0,0.9286792022230755,0.0,0.0,0.0,0.0,0.0,0.0,0.0,0.0,0.0,0.0,0.0,0.0,0.0,0.0,0.0,0.0,0.37088399717204323,0.0,0.0,0.0,0.0,0.0,0.0,0.0,0.0,account payable sage
purchase nectar hr time credit card payment legal invoice,0.0,0.9286792022230755,0.0,0.0,0.0,0.0,0.0,0.0,0.0,0.0,0.0,0.0,0.0,0.0,0.0,0.0,0.0,0.0,0.37088399717204323,0.0,0.0,0.0,0.0,0.0,0.0,0.0,0.0,account payable sage
purchase nectar hr time credit card payment legal invoice,0.0,0.9286792022230755,0.0,0.0,0.0,0.0,0.0,0.0,0.0,0.0,0.0,0.0,0.0,0.0,0.0,0.0,0.0,0.0,0.37088399717204323,0.0,0.0,0.0,0.0,0.0,0.0,0.0,0.0,account payable sage
purchase nectar hr time credit card payment legal invoice,0.0,0.9286792022230755,0.0,0.0,0.0,0.0,0.0,0.0,0.0,0.0,0.0,0.0,0.0,0.0,0.0,0.0,0.0,0.0,0.37088399717204323,0.0,0.0,0.0,0.0,0.0,0.0,0.0,0.0,account payable sage
purchase nectar hr time credit card payment legal invoice,0.0,0.9286792022230755,0.0,0.0,0.0,0.0,0.0,0.0,0.0,0.0,0.0,0.0,0.0,0.0,0.0,0.0,0.0,0.0,0.37088399717204323,0.0,0.0,0.0,0.0,0.0,0.0,0.0,0.0,account payable sage
purchase nectar hr time credit card payment legal invoice,0.0,0.9286792022230755,0.0,0.0,0.0,0.0,0.0,0.0,0.0,0.0,0.0,0.0,0.0,0.0,0.0,0.0,0.0,0.0,0.37088399717204323,0.0,0.0,0.0,0.0,0.0,0.0,0.0,0.0,account payable sage
purchase nectar hr time credit card payment legal invoice,0.0,0.9286792022230755,0.0,0.0,0.0,0.0,0.0,0.0,0.0,0.0,0.0,0.0,0.0,0.0,0.0,0.0,0.0,0.0,0.37088399717204323,0.0,0.0,0.0,0.0,0.0,0.0,0.0,0.0,account payable sage
purchase nectar hr time credit card payment legal invoice,0.0,0.9286792022230755,0.0,0.0,0.0,0.0,0.0,0.0,0.0,0.0,0.0,0.0,0.0,0.0,0.0,0.0,0.0,0.0,0.37088399717204323,0.0,0.0,0.0,0.0,0.0,0.0,0.0,0.0,account payable sage
purchase nectar hr time credit card payment legal invoice,0.0,0.9286792022230755,0.0,0.0,0.0,0.0,0.0,0.0,0.0,0.0,0.0,0.0,0.0,0.0,0.0,0.0,0.0,0.0,0.37088399717204323,0.0,0.0,0.0,0.0,0.0,0.0,0.0,0.0,account payable sage
purchase nectar hr colombia payout,0.0,0.0,0.0,0.0,0.0,0.0,0.0,0.0,0.0,0.0,0.0,0.0,0.0,0.0,0.0,0.0,0.0,0.0,1.0,0.0,0.0,0.0,0.0,0.0,0.0,0.0,0.0,account payable sage
purchase nectar hr colombia payout,0.0,0.0,0.0,0.0,0.0,0.0,0.0,0.0,0.0,0.0,0.0,0.0,0.0,0.0,0.0,0.0,0.0,0.0,1.0,0.0,0.0,0.0,0.0,0.0,0.0,0.0,0.0,account payable sage
purchase nectar hr colombia payout,0.0,0.0,0.0,0.0,0.0,0.0,0.0,0.0,0.0,0.0,0.0,0.0,0.0,0.0,0.0,0.0,0.0,0.0,1.0,0.0,0.0,0.0,0.0,0.0,0.0,0.0,0.0,account payable sage
purchase nectar hr colombia payout,0.0,0.0,0.0,0.0,0.0,0.0,0.0,0.0,0.0,0.0,0.0,0.0,0.0,0.0,0.0,0.0,0.0,0.0,1.0,0.0,0.0,0.0,0.0,0.0,0.0,0.0,0.0,account payable sage
purchase nectar hr colombia payout,0.0,0.0,0.0,0.0,0.0,0.0,0.0,0.0,0.0,0.0,0.0,0.0,0.0,0.0,0.0,0.0,0.0,0.0,1.0,0.0,0.0,0.0,0.0,0.0,0.0,0.0,0.0,account payable sage
purchase nectar hr colombia payout,0.0,0.0,0.0,0.0,0.0,0.0,0.0,0.0,0.0,0.0,0.0,0.0,0.0,0.0,0.0,0.0,0.0,0.0,1.0,0.0,0.0,0.0,0.0,0.0,0.0,0.0,0.0,account payable sage
purchase nectar hr colombia payout,0.0,0.0,0.0,0.0,0.0,0.0,0.0,0.0,0.0,0.0,0.0,0.0,0.0,0.0,0.0,0.0,0.0,0.0,1.0,0.0,0.0,0.0,0.0,0.0,0.0,0.0,0.0,account payable sage
purchase nectar hr colombia payout,0.0,0.0,0.0,0.0,0.0,0.0,0.0,0.0,0.0,0.0,0.0,0.0,0.0,0.0,0.0,0.0,0.0,0.0,1.0,0.0,0.0,0.0,0.0,0.0,0.0,0.0,0.0,account payable sage
purchase nectar hr colombia payout,0.0,0.0,0.0,0.0,0.0,0.0,0.0,0.0,0.0,0.0,0.0,0.0,0.0,0.0,0.0,0.0,0.0,0.0,1.0,0.0,0.0,0.0,0.0,0.0,0.0,0.0,0.0,account payable sage
purchase nectar hr colombia payout,0.0,0.0,0.0,0.0,0.0,0.0,0.0,0.0,0.0,0.0,0.0,0.0,0.0,0.0,0.0,0.0,0.0,0.0,1.0,0.0,0.0,0.0,0.0,0.0,0.0,0.0,0.0,account payable sage
purchase nectar hr colombia payout,0.0,0.0,0.0,0.0,0.0,0.0,0.0,0.0,0.0,0.0,0.0,0.0,0.0,0.0,0.0,0.0,0.0,0.0,1.0,0.0,0.0,0.0,0.0,0.0,0.0,0.0,0.0,account payable sage
purchase nectar hr colombia payout,0.0,0.0,0.0,0.0,0.0,0.0,0.0,0.0,0.0,0.0,0.0,0.0,0.0,0.0,0.0,0.0,0.0,0.0,1.0,0.0,0.0,0.0,0.0,0.0,0.0,0.0,0.0,account payable sage
purchase nectar hr colombia payout,0.0,0.0,0.0,0.0,0.0,0.0,0.0,0.0,0.0,0.0,0.0,0.0,0.0,0.0,0.0,0.0,0.0,0.0,1.0,0.0,0.0,0.0,0.0,0.0,0.0,0.0,0.0,account payable sage
purchase nectar hr colombia payout,0.0,0.0,0.0,0.0,0.0,0.0,0.0,0.0,0.0,0.0,0.0,0.0,0.0,0.0,0.0,0.0,0.0,0.0,1.0,0.0,0.0,0.0,0.0,0.0,0.0,0.0,0.0,account payable sage
purchase nectar hr colombia payout,0.0,0.0,0.0,0.0,0.0,0.0,0.0,0.0,0.0,0.0,0.0,0.0,0.0,0.0,0.0,0.0,0.0,0.0,1.0,0.0,0.0,0.0,0.0,0.0,0.0,0.0,0.0,account payable sage
purchase nectar hr colombia payout,0.0,0.0,0.0,0.0,0.0,0.0,0.0,0.0,0.0,0.0,0.0,0.0,0.0,0.0,0.0,0.0,0.0,0.0,1.0,0.0,0.0,0.0,0.0,0.0,0.0,0.0,0.0,account payable sage
purchase nectar hr colombia payout,0.0,0.0,0.0,0.0,0.0,0.0,0.0,0.0,0.0,0.0,0.0,0.0,0.0,0.0,0.0,0.0,0.0,0.0,1.0,0.0,0.0,0.0,0.0,0.0,0.0,0.0,0.0,account payable sage
bill payment neo financial neo financial,0.0,0.0,0.0,0.0,0.0,0.0,0.0,1.0,0.0,0.0,0.0,0.0,0.0,0.0,0.0,0.0,0.0,0.0,0.0,0.0,0.0,0.0,0.0,0.0,0.0,0.0,0.0,account payable sage
bill payment neo financial neo financial,0.0,0.0,0.0,0.0,0.0,0.0,0.0,1.0,0.0,0.0,0.0,0.0,0.0,0.0,0.0,0.0,0.0,0.0,0.0,0.0,0.0,0.0,0.0,0.0,0.0,0.0,0.0,account payable sage
bill payment nfp medium llc lendforall nfp medium llc lendforall,0.0,0.0,0.0,0.0,0.0,0.0,0.0,0.0,0.0,0.0,0.0,0.0,0.0,0.0,0.0,0.0,0.0,0.0,0.0,0.0,0.0,0.0,0.0,0.0,0.0,0.0,0.0,account payable sage
bill payment nfp medium llc lendforall nfp medium llc lendforall,0.0,0.0,0.0,0.0,0.0,0.0,0.0,0.0,0.0,0.0,0.0,0.0,0.0,0.0,0.0,0.0,0.0,0.0,0.0,0.0,0.0,0.0,0.0,0.0,0.0,0.0,0.0,account payable sage
bill payment osler hoskin harcourt llp osler hoskin harcourt llp,0.0,0.0,0.0,0.0,0.0,0.0,0.0,0.0,0.0,0.0,0.0,0.0,0.0,0.0,0.0,0.0,0.0,0.0,0.0,0.0,0.0,0.0,0.0,0.0,0.0,0.0,0.0,account payable sage
bill payment osler hoskin harcourt llp osler hoskin harcourt llp,0.0,0.0,0.0,0.0,0.0,0.0,0.0,0.0,0.0,0.0,0.0,0.0,0.0,0.0,0.0,0.0,0.0,0.0,0.0,0.0,0.0,0.0,0.0,0.0,0.0,0.0,0.0,account payable sage
bill payment osler hoskin harcourt llp osler hoskin harcourt llp,0.0,0.0,0.0,0.0,0.0,0.0,0.0,0.0,0.0,0.0,0.0,0.0,0.0,0.0,0.0,0.0,0.0,0.0,0.0,0.0,0.0,0.0,0.0,0.0,0.0,0.0,0.0,account payable sage
bill payment osler hoskin harcourt llp osler hoskin harcourt llp,0.0,0.0,0.0,0.0,0.0,0.0,0.0,0.0,0.0,0.0,0.0,0.0,0.0,0.0,0.0,0.0,0.0,0.0,0.0,0.0,0.0,0.0,0.0,0.0,0.0,0.0,0.0,account payable sage
bill payment osler hoskin harcourt llp osler hoskin harcourt llp,0.0,0.0,0.0,0.0,0.0,0.0,0.0,0.0,0.0,0.0,0.0,0.0,0.0,0.0,0.0,0.0,0.0,0.0,0.0,0.0,0.0,0.0,0.0,0.0,0.0,0.0,0.0,account payable sage
bill payment osler hoskin harcourt llp osler hoskin harcourt llp,0.0,0.0,0.0,0.0,0.0,0.0,0.0,0.0,0.0,0.0,0.0,0.0,0.0,0.0,0.0,0.0,0.0,0.0,0.0,0.0,0.0,0.0,0.0,0.0,0.0,0.0,0.0,account payable sage
bill payment osler hoskin harcourt llp osler hoskin harcourt llp,0.0,0.0,0.0,0.0,0.0,0.0,0.0,0.0,0.0,0.0,0.0,0.0,0.0,0.0,0.0,0.0,0.0,0.0,0.0,0.0,0.0,0.0,0.0,0.0,0.0,0.0,0.0,account payable sage
bill payment osler hoskin harcourt llp osler hoskin harcourt llp,0.0,0.0,0.0,0.0,0.0,0.0,0.0,0.0,0.0,0.0,0.0,0.0,0.0,0.0,0.0,0.0,0.0,0.0,0.0,0.0,0.0,0.0,0.0,0.0,0.0,0.0,0.0,account payable sage
bill payment osler hoskin harcourt llp osler hoskin harcourt llp,0.0,0.0,0.0,0.0,0.0,0.0,0.0,0.0,0.0,0.0,0.0,0.0,0.0,0.0,0.0,0.0,0.0,0.0,0.0,0.0,0.0,0.0,0.0,0.0,0.0,0.0,0.0,account payable sage
bill payment osler hoskin harcourt llp osler hoskin harcourt llp,0.0,0.0,0.0,0.0,0.0,0.0,0.0,0.0,0.0,0.0,0.0,0.0,0.0,0.0,0.0,0.0,0.0,0.0,0.0,0.0,0.0,0.0,0.0,0.0,0.0,0.0,0.0,account payable sage
bill payment osler hoskin harcourt llp osler hoskin harcourt llp,0.0,0.0,0.0,0.0,0.0,0.0,0.0,0.0,0.0,0.0,0.0,0.0,0.0,0.0,0.0,0.0,0.0,0.0,0.0,0.0,0.0,0.0,0.0,0.0,0.0,0.0,0.0,account payable sage
bill payment osler hoskin harcourt llp osler hoskin harcourt llp,0.0,0.0,0.0,0.0,0.0,0.0,0.0,0.0,0.0,0.0,0.0,0.0,0.0,0.0,0.0,0.0,0.0,0.0,0.0,0.0,0.0,0.0,0.0,0.0,0.0,0.0,0.0,account payable sage
bill payment plaid cad plaid cad,0.0,0.0,0.0,0.0,0.0,0.0,0.0,0.0,0.0,0.0,0.0,0.0,0.0,0.0,0.0,0.0,0.0,0.0,0.0,0.0,0.0,0.0,0.0,0.0,0.0,0.0,0.0,account payable sage
bill payment quench canada quench canada,0.0,0.0,0.0,0.0,0.0,0.0,0.0,0.0,0.0,0.0,0.0,0.0,0.0,0.0,0.0,0.0,0.0,0.0,0.0,0.0,0.0,0.0,0.0,0.0,0.0,0.0,0.0,account payable sage
bill payment quench canada quench canada,0.0,0.0,0.0,0.0,0.0,0.0,0.0,0.0,0.0,0.0,0.0,0.0,0.0,0.0,0.0,0.0,0.0,0.0,0.0,0.0,0.0,0.0,0.0,0.0,0.0,0.0,0.0,account payable sage
bill payment quench canada quench canada,0.0,0.0,0.0,0.0,0.0,0.0,0.0,0.0,0.0,0.0,0.0,0.0,0.0,0.0,0.0,0.0,0.0,0.0,0.0,0.0,0.0,0.0,0.0,0.0,0.0,0.0,0.0,account payable sage
bill payment ratehub ratehub,0.0,0.0,0.0,0.0,0.0,0.0,0.0,0.0,0.0,0.0,0.0,0.0,0.0,0.0,0.0,0.0,0.0,0.0,0.0,0.0,0.0,0.0,0.0,0.0,0.0,0.0,0.0,account payable sage
bill payment ratehub ratehub,0.0,0.0,0.0,0.0,0.0,0.0,0.0,0.0,0.0,0.0,0.0,0.0,0.0,0.0,0.0,0.0,0.0,0.0,0.0,0.0,0.0,0.0,0.0,0.0,0.0,0.0,0.0,account payable sage
bill payment ratehub ratehub,0.0,0.0,0.0,0.0,0.0,0.0,0.0,0.0,0.0,0.0,0.0,0.0,0.0,0.0,0.0,0.0,0.0,0.0,0.0,0.0,0.0,0.0,0.0,0.0,0.0,0.0,0.0,account payable sage
bill payment sinch communication sinch communication,0.0,0.0,0.0,0.0,0.0,0.0,0.0,0.0,0.0,0.0,0.0,0.0,0.0,0.0,0.0,0.0,0.0,0.0,0.0,0.0,0.0,0.0,0.0,0.0,0.0,0.0,0.0,account payable sage
bill payment sinch communication sinch communication,0.0,0.0,0.0,0.0,0.0,0.0,0.0,0.0,0.0,0.0,0.0,0.0,0.0,0.0,0.0,0.0,0.0,0.0,0.0,0.0,0.0,0.0,0.0,0.0,0.0,0.0,0.0,account payable sage
bill payment smarter loans inc smarter loans inc,0.0,0.0,0.0,0.0,0.0,0.0,0.0,0.0,0.0,0.0,0.0,0.0,0.0,0.0,0.0,0.0,0.0,0.0,0.0,0.0,0.0,0.0,0.0,0.0,0.0,0.0,0.0,account payable sage
bill payment smarter loans inc smarter loans inc,0.0,0.0,0.0,0.0,0.0,0.0,0.0,0.0,0.0,0.0,0.0,0.0,0.0,0.0,0.0,0.0,0.0,0.0,0.0,0.0,0.0,0.0,0.0,0.0,0.0,0.0,0.0,account payable sage
bill payment snowflake snowflake,0.0,0.0,0.0,0.0,0.0,0.0,0.0,0.0,0.0,0.0,0.0,0.0,0.0,0.0,0.0,0.0,0.0,0.0,0.0,0.0,0.0,0.0,0.0,0.0,0.0,0.0,0.0,account payable sage
bill payment south coast bc transportation authority translink south coast bc transportation authority translink,0.0,0.0,0.0,0.0,0.0,0.0,0.0,0.0,0.0,0.0,0.0,0.0,0.0,0.0,0.0,0.0,0.0,0.0,0.0,0.0,0.0,0.0,0.0,0.0,0.0,0.0,0.0,account payable sage
bill payment south coast bc transportation authority translink south coast bc transportation authority translink,0.0,0.0,0.0,0.0,0.0,0.0,0.0,0.0,0.0,0.0,0.0,0.0,0.0,0.0,0.0,0.0,0.0,0.0,0.0,0.0,0.0,0.0,0.0,0.0,0.0,0.0,0.0,account payable sage
bill payment south coast bc transportation authority translink south coast bc transportation authority translink,0.0,0.0,0.0,0.0,0.0,0.0,0.0,0.0,0.0,0.0,0.0,0.0,0.0,0.0,0.0,0.0,0.0,0.0,0.0,0.0,0.0,0.0,0.0,0.0,0.0,0.0,0.0,account payable sage
bill payment sun life financial sun life financial,0.0,0.0,0.0,0.0,0.0,0.0,0.0,1.0,0.0,0.0,0.0,0.0,0.0,0.0,0.0,0.0,0.0,0.0,0.0,0.0,0.0,0.0,0.0,0.0,0.0,0.0,0.0,account payable sage
bill payment sun life financial sun life financial,0.0,0.0,0.0,0.0,0.0,0.0,0.0,1.0,0.0,0.0,0.0,0.0,0.0,0.0,0.0,0.0,0.0,0.0,0.0,0.0,0.0,0.0,0.0,0.0,0.0,0.0,0.0,account payable sage
bill payment sun life financial sun life financial,0.0,0.0,0.0,0.0,0.0,0.0,0.0,1.0,0.0,0.0,0.0,0.0,0.0,0.0,0.0,0.0,0.0,0.0,0.0,0.0,0.0,0.0,0.0,0.0,0.0,0.0,0.0,account payable sage
bill payment tekrek ltd tekrek ltd,0.0,0.0,0.0,0.0,0.0,0.0,0.0,0.0,0.0,0.0,0.0,0.0,0.0,0.0,0.0,0.0,0.0,0.0,0.0,0.0,0.0,0.0,0.0,0.0,0.0,0.0,0.0,account payable sage
bill payment tekrek ltd tekrek ltd,0.0,0.0,0.0,0.0,0.0,0.0,0.0,0.0,0.0,0.0,0.0,0.0,0.0,0.0,0.0,0.0,0.0,0.0,0.0,0.0,0.0,0.0,0.0,0.0,0.0,0.0,0.0,account payable sage
bill payment mexican mexican,0.0,0.0,0.0,0.0,0.0,0.0,0.0,0.0,0.0,0.0,0.0,0.0,0.0,0.0,0.0,0.0,0.0,0.0,0.0,0.0,0.0,0.0,0.0,0.0,0.0,0.0,0.0,account payable sage
bill payment trans union canada inc trans union canada inc,0.0,0.0,0.0,0.0,0.0,0.0,0.0,0.0,0.0,0.0,0.0,0.0,0.0,0.0,0.0,0.0,0.0,0.0,0.0,0.0,0.0,0.0,0.0,0.0,0.0,0.0,0.0,account payable sage
bill payment trans union canada inc trans union canada inc,0.0,0.0,0.0,0.0,0.0,0.0,0.0,0.0,0.0,0.0,0.0,0.0,0.0,0.0,0.0,0.0,0.0,0.0,0.0,0.0,0.0,0.0,0.0,0.0,0.0,0.0,0.0,account payable sage
bill payment trans union canada inc trans union canada inc,0.0,0.0,0.0,0.0,0.0,0.0,0.0,0.0,0.0,0.0,0.0,0.0,0.0,0.0,0.0,0.0,0.0,0.0,0.0,0.0,0.0,0.0,0.0,0.0,0.0,0.0,0.0,account payable sage
purchase trulioo.com,0.0,0.0,0.0,0.0,0.0,0.0,0.0,0.0,0.0,0.0,0.0,0.0,0.0,0.0,0.0,0.0,0.0,0.0,1.0,0.0,0.0,0.0,0.0,0.0,0.0,0.0,0.0,account payable sage
